
/home/oggy/.cache/arduino/sketches/CDE5F01A1734F0153CE49C9533B085D5/padright_v1.5.1.ino.elf:     file format elf32-avr


Disassembly of section .text:

00000000 <__vectors>:
__vectors():
       0:	0c 94 67 00 	jmp	0xce	; 0xce <__ctors_end>
       4:	0c 94 fe 10 	jmp	0x21fc	; 0x21fc <__vector_1>
       8:	0c 94 d7 10 	jmp	0x21ae	; 0x21ae <__vector_2>
       c:	0c 94 8f 00 	jmp	0x11e	; 0x11e <__bad_interrupt>
      10:	0c 94 8f 00 	jmp	0x11e	; 0x11e <__bad_interrupt>
      14:	0c 94 8f 00 	jmp	0x11e	; 0x11e <__bad_interrupt>
      18:	0c 94 8f 00 	jmp	0x11e	; 0x11e <__bad_interrupt>
      1c:	0c 94 8f 00 	jmp	0x11e	; 0x11e <__bad_interrupt>
      20:	0c 94 8f 00 	jmp	0x11e	; 0x11e <__bad_interrupt>
      24:	0c 94 8f 00 	jmp	0x11e	; 0x11e <__bad_interrupt>
      28:	0c 94 8f 00 	jmp	0x11e	; 0x11e <__bad_interrupt>
      2c:	0c 94 8f 00 	jmp	0x11e	; 0x11e <__bad_interrupt>
      30:	0c 94 8f 00 	jmp	0x11e	; 0x11e <__bad_interrupt>
      34:	0c 94 8f 00 	jmp	0x11e	; 0x11e <__bad_interrupt>
      38:	0c 94 8f 00 	jmp	0x11e	; 0x11e <__bad_interrupt>
      3c:	0c 94 8f 00 	jmp	0x11e	; 0x11e <__bad_interrupt>
      40:	0c 94 8d 10 	jmp	0x211a	; 0x211a <__vector_16>
      44:	0c 94 8f 00 	jmp	0x11e	; 0x11e <__bad_interrupt>
      48:	0c 94 4b 11 	jmp	0x2296	; 0x2296 <__vector_18>
      4c:	0c 94 25 11 	jmp	0x224a	; 0x224a <__vector_19>
      50:	0c 94 8f 00 	jmp	0x11e	; 0x11e <__bad_interrupt>
      54:	0c 94 8f 00 	jmp	0x11e	; 0x11e <__bad_interrupt>
      58:	0c 94 8f 00 	jmp	0x11e	; 0x11e <__bad_interrupt>
      5c:	0c 94 8f 00 	jmp	0x11e	; 0x11e <__bad_interrupt>
      60:	0c 94 8f 00 	jmp	0x11e	; 0x11e <__bad_interrupt>
      64:	0c 94 8f 00 	jmp	0x11e	; 0x11e <__bad_interrupt>

00000068 <__trampolines_end>:
__trampolines_start():
      68:	00 00       	nop
      6a:	00 00       	nop
      6c:	24 00       	.word	0x0024	; ????
      6e:	27 00       	.word	0x0027	; ????
      70:	2a 00       	.word	0x002a	; ????

00000072 <port_to_output_PGM>:
      72:	00 00 00 00 25 00 28 00 2b 00                       ....%.(.+.

0000007c <port_to_input_PGM>:
      7c:	00 00 00 00 23 00 26 00 29 00                       ....#.&.).

00000086 <digital_pin_to_port_PGM>:
      86:	04 04 04 04 04 04 04 04 02 02 02 02 02 02 03 03     ................
      96:	03 03 03 03 02 02 03                                .......

0000009d <digital_pin_to_bit_mask_PGM>:
      9d:	01 02 04 08 10 20 40 80 01 02 04 08 10 20 01 02     ..... @...... ..
      ad:	04 08 10 20 40 80 40                                ... @.@

000000b4 <digital_pin_to_timer_PGM>:
      b4:	00 00 00 09 00 03 02 00 00 04 05 08 00 00 00 00     ................
	...

000000cc <__ctors_start>:
__ctors_start():
      cc:	7d 11       	cpse	r23, r13

000000ce <__ctors_end>:
__dtors_end():
      ce:	11 24       	eor	r1, r1
      d0:	1f be       	out	0x3f, r1	; 63
      d2:	cf ef       	ldi	r28, 0xFF	; 255
      d4:	d8 e0       	ldi	r29, 0x08	; 8
      d6:	de bf       	out	0x3e, r29	; 62
      d8:	cd bf       	out	0x3d, r28	; 61

000000da <__do_clear_bss>:
__do_clear_bss():
/home/jenkins/workspace/avr-gcc-staging/label/debian7-x86_64/gcc-build/avr/avr5/libgcc/../../../../gcc/libgcc/config/avr/lib1funcs.S:2441
      da:	27 e0       	ldi	r18, 0x07	; 7
/home/jenkins/workspace/avr-gcc-staging/label/debian7-x86_64/gcc-build/avr/avr5/libgcc/../../../../gcc/libgcc/config/avr/lib1funcs.S:2442
      dc:	a4 ef       	ldi	r26, 0xF4	; 244
/home/jenkins/workspace/avr-gcc-staging/label/debian7-x86_64/gcc-build/avr/avr5/libgcc/../../../../gcc/libgcc/config/avr/lib1funcs.S:2443
      de:	b5 e0       	ldi	r27, 0x05	; 5
/home/jenkins/workspace/avr-gcc-staging/label/debian7-x86_64/gcc-build/avr/avr5/libgcc/../../../../gcc/libgcc/config/avr/lib1funcs.S:2444
      e0:	01 c0       	rjmp	.+2      	; 0xe4 <.do_clear_bss_start>

000000e2 <.do_clear_bss_loop>:
/home/jenkins/workspace/avr-gcc-staging/label/debian7-x86_64/gcc-build/avr/avr5/libgcc/../../../../gcc/libgcc/config/avr/lib1funcs.S:2446
      e2:	1d 92       	st	X+, r1

000000e4 <.do_clear_bss_start>:
/home/jenkins/workspace/avr-gcc-staging/label/debian7-x86_64/gcc-build/avr/avr5/libgcc/../../../../gcc/libgcc/config/avr/lib1funcs.S:2448
      e4:	a2 32       	cpi	r26, 0x22	; 34
/home/jenkins/workspace/avr-gcc-staging/label/debian7-x86_64/gcc-build/avr/avr5/libgcc/../../../../gcc/libgcc/config/avr/lib1funcs.S:2449
      e6:	b2 07       	cpc	r27, r18
/home/jenkins/workspace/avr-gcc-staging/label/debian7-x86_64/gcc-build/avr/avr5/libgcc/../../../../gcc/libgcc/config/avr/lib1funcs.S:2450
      e8:	e1 f7       	brne	.-8      	; 0xe2 <.do_clear_bss_loop>

000000ea <__do_copy_data>:
__do_copy_data():
/home/jenkins/workspace/avr-gcc-staging/label/debian7-x86_64/gcc-build/avr/avr5/libgcc/../../../../gcc/libgcc/config/avr/lib1funcs.S:2409
      ea:	15 e0       	ldi	r17, 0x05	; 5
/home/jenkins/workspace/avr-gcc-staging/label/debian7-x86_64/gcc-build/avr/avr5/libgcc/../../../../gcc/libgcc/config/avr/lib1funcs.S:2410
      ec:	a0 e0       	ldi	r26, 0x00	; 0
/home/jenkins/workspace/avr-gcc-staging/label/debian7-x86_64/gcc-build/avr/avr5/libgcc/../../../../gcc/libgcc/config/avr/lib1funcs.S:2411
      ee:	b1 e0       	ldi	r27, 0x01	; 1
/home/jenkins/workspace/avr-gcc-staging/label/debian7-x86_64/gcc-build/avr/avr5/libgcc/../../../../gcc/libgcc/config/avr/lib1funcs.S:2412
      f0:	e6 e4       	ldi	r30, 0x46	; 70
/home/jenkins/workspace/avr-gcc-staging/label/debian7-x86_64/gcc-build/avr/avr5/libgcc/../../../../gcc/libgcc/config/avr/lib1funcs.S:2413
      f2:	f5 e4       	ldi	r31, 0x45	; 69
/home/jenkins/workspace/avr-gcc-staging/label/debian7-x86_64/gcc-build/avr/avr5/libgcc/../../../../gcc/libgcc/config/avr/lib1funcs.S:2414
      f4:	02 c0       	rjmp	.+4      	; 0xfa <__do_copy_data+0x10>
/home/jenkins/workspace/avr-gcc-staging/label/debian7-x86_64/gcc-build/avr/avr5/libgcc/../../../../gcc/libgcc/config/avr/lib1funcs.S:2417
      f6:	05 90       	lpm	r0, Z+
/home/jenkins/workspace/avr-gcc-staging/label/debian7-x86_64/gcc-build/avr/avr5/libgcc/../../../../gcc/libgcc/config/avr/lib1funcs.S:2422
      f8:	0d 92       	st	X+, r0
/home/jenkins/workspace/avr-gcc-staging/label/debian7-x86_64/gcc-build/avr/avr5/libgcc/../../../../gcc/libgcc/config/avr/lib1funcs.S:2424
      fa:	a4 3f       	cpi	r26, 0xF4	; 244
/home/jenkins/workspace/avr-gcc-staging/label/debian7-x86_64/gcc-build/avr/avr5/libgcc/../../../../gcc/libgcc/config/avr/lib1funcs.S:2425
      fc:	b1 07       	cpc	r27, r17
/home/jenkins/workspace/avr-gcc-staging/label/debian7-x86_64/gcc-build/avr/avr5/libgcc/../../../../gcc/libgcc/config/avr/lib1funcs.S:2426
      fe:	d9 f7       	brne	.-10     	; 0xf6 <__do_copy_data+0xc>

00000100 <__do_global_ctors>:
__do_global_ctors():
/home/jenkins/workspace/avr-gcc-staging/label/debian7-x86_64/gcc-build/avr/avr5/libgcc/../../../../gcc/libgcc/config/avr/lib1funcs.S:2466
     100:	10 e0       	ldi	r17, 0x00	; 0
/home/jenkins/workspace/avr-gcc-staging/label/debian7-x86_64/gcc-build/avr/avr5/libgcc/../../../../gcc/libgcc/config/avr/lib1funcs.S:2467
     102:	c7 e6       	ldi	r28, 0x67	; 103
/home/jenkins/workspace/avr-gcc-staging/label/debian7-x86_64/gcc-build/avr/avr5/libgcc/../../../../gcc/libgcc/config/avr/lib1funcs.S:2468
     104:	d0 e0       	ldi	r29, 0x00	; 0
/home/jenkins/workspace/avr-gcc-staging/label/debian7-x86_64/gcc-build/avr/avr5/libgcc/../../../../gcc/libgcc/config/avr/lib1funcs.S:2472
     106:	04 c0       	rjmp	.+8      	; 0x110 <__do_global_ctors+0x10>
/home/jenkins/workspace/avr-gcc-staging/label/debian7-x86_64/gcc-build/avr/avr5/libgcc/../../../../gcc/libgcc/config/avr/lib1funcs.S:2474
     108:	21 97       	sbiw	r28, 0x01	; 1
/home/jenkins/workspace/avr-gcc-staging/label/debian7-x86_64/gcc-build/avr/avr5/libgcc/../../../../gcc/libgcc/config/avr/lib1funcs.S:2480
     10a:	fe 01       	movw	r30, r28
/home/jenkins/workspace/avr-gcc-staging/label/debian7-x86_64/gcc-build/avr/avr5/libgcc/../../../../gcc/libgcc/config/avr/lib1funcs.S:2481
     10c:	0e 94 95 20 	call	0x412a	; 0x412a <__tablejump2__>
/home/jenkins/workspace/avr-gcc-staging/label/debian7-x86_64/gcc-build/avr/avr5/libgcc/../../../../gcc/libgcc/config/avr/lib1funcs.S:2483
     110:	c6 36       	cpi	r28, 0x66	; 102
/home/jenkins/workspace/avr-gcc-staging/label/debian7-x86_64/gcc-build/avr/avr5/libgcc/../../../../gcc/libgcc/config/avr/lib1funcs.S:2484
     112:	d1 07       	cpc	r29, r17
/home/jenkins/workspace/avr-gcc-staging/label/debian7-x86_64/gcc-build/avr/avr5/libgcc/../../../../gcc/libgcc/config/avr/lib1funcs.S:2489
     114:	c9 f7       	brne	.-14     	; 0x108 <__do_global_ctors+0x8>
     116:	0e 94 fa 11 	call	0x23f4	; 0x23f4 <main>
     11a:	0c 94 a1 22 	jmp	0x4542	; 0x4542 <_exit>

0000011e <__bad_interrupt>:
__vector_22():
     11e:	0c 94 00 00 	jmp	0	; 0x0 <__vectors>

00000122 <SPIClass::beginTransaction(SPISettings) [clone .constprop.40]>:
beginTransaction():
/home/oggy/.arduino15/packages/MiniCore/hardware/avr/3.1.1/libraries/SPI/src/SPI.h:206
      digitalWrite(SPI_TRANSACTION_MISMATCH_LED, HIGH);
    }
    inTransactionFlag = 1;
    #endif

    SPCR = settings.spcr;
     122:	8c bd       	out	0x2c, r24	; 44
/home/oggy/.arduino15/packages/MiniCore/hardware/avr/3.1.1/libraries/SPI/src/SPI.h:207
    SPSR = settings.spsr;
     124:	9d bd       	out	0x2d, r25	; 45
/home/oggy/.arduino15/packages/MiniCore/hardware/avr/3.1.1/libraries/SPI/src/SPI.h:208
  }
     126:	08 95       	ret

00000128 <turnOffPWM>:
turnOffPWM():
/home/oggy/.arduino15/packages/MiniCore/hardware/avr/3.1.1/cores/MCUdude_corefiles/wiring_digital.c:77
//
//static inline void turnOffPWM(uint8_t timer) __attribute__ ((always_inline));
//static inline void turnOffPWM(uint8_t timer)
static void turnOffPWM(uint8_t timer)
{
  switch (timer)
     128:	84 30       	cpi	r24, 0x04	; 4
     12a:	81 f0       	breq	.+32     	; 0x14c <turnOffPWM+0x24>
     12c:	28 f4       	brcc	.+10     	; 0x138 <turnOffPWM+0x10>
     12e:	82 30       	cpi	r24, 0x02	; 2
     130:	e9 f0       	breq	.+58     	; 0x16c <turnOffPWM+0x44>
     132:	83 30       	cpi	r24, 0x03	; 3
     134:	f9 f0       	breq	.+62     	; 0x174 <turnOffPWM+0x4c>
     136:	08 95       	ret
     138:	88 30       	cpi	r24, 0x08	; 8
     13a:	71 f0       	breq	.+28     	; 0x158 <turnOffPWM+0x30>
     13c:	89 30       	cpi	r24, 0x09	; 9
     13e:	91 f0       	breq	.+36     	; 0x164 <turnOffPWM+0x3c>
     140:	85 30       	cpi	r24, 0x05	; 5
     142:	b9 f4       	brne	.+46     	; 0x172 <turnOffPWM+0x4a>
/home/oggy/.arduino15/packages/MiniCore/hardware/avr/3.1.1/cores/MCUdude_corefiles/wiring_digital.c:87
        TCCR1A &= ~_BV(COM1A1);
        break;
    #endif
    #if defined(TCCR1A) && defined(COM1B1)
      case TIMER1B:
        TCCR1A &= ~_BV(COM1B1);
     144:	80 91 80 00 	lds	r24, 0x0080	; 0x800080 <__DATA_REGION_ORIGIN__+0x20>
     148:	8f 7d       	andi	r24, 0xDF	; 223
     14a:	03 c0       	rjmp	.+6      	; 0x152 <turnOffPWM+0x2a>
/home/oggy/.arduino15/packages/MiniCore/hardware/avr/3.1.1/cores/MCUdude_corefiles/wiring_digital.c:82
  switch (timer)
  {
    // Timer1
    #if defined(TCCR1A) && defined(COM1A1)
      case TIMER1A:
        TCCR1A &= ~_BV(COM1A1);
     14c:	80 91 80 00 	lds	r24, 0x0080	; 0x800080 <__DATA_REGION_ORIGIN__+0x20>
     150:	8f 77       	andi	r24, 0x7F	; 127
/home/oggy/.arduino15/packages/MiniCore/hardware/avr/3.1.1/cores/MCUdude_corefiles/wiring_digital.c:87
        break;
    #endif
    #if defined(TCCR1A) && defined(COM1B1)
      case TIMER1B:
        TCCR1A &= ~_BV(COM1B1);
     152:	80 93 80 00 	sts	0x0080, r24	; 0x800080 <__DATA_REGION_ORIGIN__+0x20>
     156:	08 95       	ret
/home/oggy/.arduino15/packages/MiniCore/hardware/avr/3.1.1/cores/MCUdude_corefiles/wiring_digital.c:104
        TCCR2 &= ~_BV(COM21);
        break;
    #endif
    #if defined(TCCR2A) && defined(COM2A1)
      case TIMER2A:
        TCCR2A &= ~_BV(COM2A1);
     158:	80 91 b0 00 	lds	r24, 0x00B0	; 0x8000b0 <__DATA_REGION_ORIGIN__+0x50>
     15c:	8f 77       	andi	r24, 0x7F	; 127
/home/oggy/.arduino15/packages/MiniCore/hardware/avr/3.1.1/cores/MCUdude_corefiles/wiring_digital.c:109
        break;
    #endif
    #if defined(TCCR2A) && defined(COM2B1)
      case TIMER2B:
        TCCR2A &= ~_BV(COM2B1);
     15e:	80 93 b0 00 	sts	0x00B0, r24	; 0x8000b0 <__DATA_REGION_ORIGIN__+0x50>
     162:	08 95       	ret
     164:	80 91 b0 00 	lds	r24, 0x00B0	; 0x8000b0 <__DATA_REGION_ORIGIN__+0x50>
     168:	8f 7d       	andi	r24, 0xDF	; 223
     16a:	f9 cf       	rjmp	.-14     	; 0x15e <turnOffPWM+0x36>
/home/oggy/.arduino15/packages/MiniCore/hardware/avr/3.1.1/cores/MCUdude_corefiles/wiring_digital.c:176
        TCCR0 &= ~_BV(COM01);
        break;
    #endif
    #if defined(TCCR0A) && defined(COM0A1)
      case TIMER0A:
        TCCR0A &= ~_BV(COM0A1);
     16c:	84 b5       	in	r24, 0x24	; 36
     16e:	8f 77       	andi	r24, 0x7F	; 127
/home/oggy/.arduino15/packages/MiniCore/hardware/avr/3.1.1/cores/MCUdude_corefiles/wiring_digital.c:181
        break;
    #endif
    #if defined(TCCR0A) && defined(COM0B1)
      case TIMER0B:
        TCCR0A &= ~_BV(COM0B1);
     170:	84 bd       	out	0x24, r24	; 36
/home/oggy/.arduino15/packages/MiniCore/hardware/avr/3.1.1/cores/MCUdude_corefiles/wiring_digital.c:185
        break;
    #endif
  }
}
     172:	08 95       	ret
/home/oggy/.arduino15/packages/MiniCore/hardware/avr/3.1.1/cores/MCUdude_corefiles/wiring_digital.c:181
        TCCR0A &= ~_BV(COM0A1);
        break;
    #endif
    #if defined(TCCR0A) && defined(COM0B1)
      case TIMER0B:
        TCCR0A &= ~_BV(COM0B1);
     174:	84 b5       	in	r24, 0x24	; 36
     176:	8f 7d       	andi	r24, 0xDF	; 223
     178:	fb cf       	rjmp	.-10     	; 0x170 <turnOffPWM+0x48>

0000017a <digitalRead>:
digitalRead():
/home/oggy/.arduino15/packages/MiniCore/hardware/avr/3.1.1/cores/MCUdude_corefiles/wiring_digital.c:215

  SREG = oldSREG;
}

int digitalRead(uint8_t pin)
{
     17a:	cf 93       	push	r28
     17c:	df 93       	push	r29
/home/oggy/.arduino15/packages/MiniCore/hardware/avr/3.1.1/cores/MCUdude_corefiles/wiring_digital.c:216
  uint8_t timer = digitalPinToTimer(pin);
     17e:	28 2f       	mov	r18, r24
     180:	30 e0       	ldi	r19, 0x00	; 0
     182:	f9 01       	movw	r30, r18
     184:	ec 54       	subi	r30, 0x4C	; 76
     186:	ff 4f       	sbci	r31, 0xFF	; 255
     188:	84 91       	lpm	r24, Z
/home/oggy/.arduino15/packages/MiniCore/hardware/avr/3.1.1/cores/MCUdude_corefiles/wiring_digital.c:217
  uint8_t bit = digitalPinToBitMask(pin);
     18a:	f9 01       	movw	r30, r18
     18c:	e3 56       	subi	r30, 0x63	; 99
     18e:	ff 4f       	sbci	r31, 0xFF	; 255
     190:	d4 91       	lpm	r29, Z
/home/oggy/.arduino15/packages/MiniCore/hardware/avr/3.1.1/cores/MCUdude_corefiles/wiring_digital.c:218
  uint8_t port = digitalPinToPort(pin);
     192:	f9 01       	movw	r30, r18
     194:	ea 57       	subi	r30, 0x7A	; 122
     196:	ff 4f       	sbci	r31, 0xFF	; 255
     198:	c4 91       	lpm	r28, Z
/home/oggy/.arduino15/packages/MiniCore/hardware/avr/3.1.1/cores/MCUdude_corefiles/wiring_digital.c:220

  if (port == NOT_A_PIN) return LOW;
     19a:	cc 23       	and	r28, r28
     19c:	a1 f0       	breq	.+40     	; 0x1c6 <digitalRead+0x4c>
/home/oggy/.arduino15/packages/MiniCore/hardware/avr/3.1.1/cores/MCUdude_corefiles/wiring_digital.c:224

  // If the pin that support PWM output, we need to turn it off
  // before getting a digital reading.
  if (timer != NOT_ON_TIMER) turnOffPWM(timer);
     19e:	81 11       	cpse	r24, r1
     1a0:	0e 94 94 00 	call	0x128	; 0x128 <turnOffPWM>
/home/oggy/.arduino15/packages/MiniCore/hardware/avr/3.1.1/cores/MCUdude_corefiles/wiring_digital.c:226

  if (*portInputRegister(port) & bit) return HIGH;
     1a4:	ec 2f       	mov	r30, r28
     1a6:	f0 e0       	ldi	r31, 0x00	; 0
     1a8:	ee 0f       	add	r30, r30
     1aa:	ff 1f       	adc	r31, r31
     1ac:	e4 58       	subi	r30, 0x84	; 132
     1ae:	ff 4f       	sbci	r31, 0xFF	; 255
     1b0:	a5 91       	lpm	r26, Z+
     1b2:	b4 91       	lpm	r27, Z
     1b4:	ec 91       	ld	r30, X
     1b6:	ed 23       	and	r30, r29
     1b8:	81 e0       	ldi	r24, 0x01	; 1
     1ba:	90 e0       	ldi	r25, 0x00	; 0
     1bc:	09 f4       	brne	.+2      	; 0x1c0 <digitalRead+0x46>
     1be:	80 e0       	ldi	r24, 0x00	; 0
/home/oggy/.arduino15/packages/MiniCore/hardware/avr/3.1.1/cores/MCUdude_corefiles/wiring_digital.c:228
  return LOW;
}
     1c0:	df 91       	pop	r29
     1c2:	cf 91       	pop	r28
     1c4:	08 95       	ret
/home/oggy/.arduino15/packages/MiniCore/hardware/avr/3.1.1/cores/MCUdude_corefiles/wiring_digital.c:220
{
  uint8_t timer = digitalPinToTimer(pin);
  uint8_t bit = digitalPinToBitMask(pin);
  uint8_t port = digitalPinToPort(pin);

  if (port == NOT_A_PIN) return LOW;
     1c6:	80 e0       	ldi	r24, 0x00	; 0
     1c8:	90 e0       	ldi	r25, 0x00	; 0
     1ca:	fa cf       	rjmp	.-12     	; 0x1c0 <digitalRead+0x46>

000001cc <digitalWrite>:
digitalWrite():
/home/oggy/.arduino15/packages/MiniCore/hardware/avr/3.1.1/cores/MCUdude_corefiles/wiring_digital.c:188
    #endif
  }
}

void digitalWrite(uint8_t pin, uint8_t val)
{
     1cc:	1f 93       	push	r17
     1ce:	cf 93       	push	r28
     1d0:	df 93       	push	r29
/home/oggy/.arduino15/packages/MiniCore/hardware/avr/3.1.1/cores/MCUdude_corefiles/wiring_digital.c:189
  uint8_t timer = digitalPinToTimer(pin);
     1d2:	28 2f       	mov	r18, r24
     1d4:	30 e0       	ldi	r19, 0x00	; 0
     1d6:	f9 01       	movw	r30, r18
     1d8:	ec 54       	subi	r30, 0x4C	; 76
     1da:	ff 4f       	sbci	r31, 0xFF	; 255
     1dc:	84 91       	lpm	r24, Z
/home/oggy/.arduino15/packages/MiniCore/hardware/avr/3.1.1/cores/MCUdude_corefiles/wiring_digital.c:190
  uint8_t bit = digitalPinToBitMask(pin);
     1de:	f9 01       	movw	r30, r18
     1e0:	e3 56       	subi	r30, 0x63	; 99
     1e2:	ff 4f       	sbci	r31, 0xFF	; 255
     1e4:	d4 91       	lpm	r29, Z
/home/oggy/.arduino15/packages/MiniCore/hardware/avr/3.1.1/cores/MCUdude_corefiles/wiring_digital.c:191
  uint8_t port = digitalPinToPort(pin);
     1e6:	f9 01       	movw	r30, r18
     1e8:	ea 57       	subi	r30, 0x7A	; 122
     1ea:	ff 4f       	sbci	r31, 0xFF	; 255
     1ec:	c4 91       	lpm	r28, Z
/home/oggy/.arduino15/packages/MiniCore/hardware/avr/3.1.1/cores/MCUdude_corefiles/wiring_digital.c:194
  volatile uint8_t *out;

  if (port == NOT_A_PIN) return;
     1ee:	cc 23       	and	r28, r28
     1f0:	a9 f0       	breq	.+42     	; 0x21c <digitalWrite+0x50>
     1f2:	16 2f       	mov	r17, r22
/home/oggy/.arduino15/packages/MiniCore/hardware/avr/3.1.1/cores/MCUdude_corefiles/wiring_digital.c:198

  // If the pin that support PWM output, we need to turn it off
  // before doing a digital write.
  if (timer != NOT_ON_TIMER) turnOffPWM(timer);
     1f4:	81 11       	cpse	r24, r1
     1f6:	0e 94 94 00 	call	0x128	; 0x128 <turnOffPWM>
/home/oggy/.arduino15/packages/MiniCore/hardware/avr/3.1.1/cores/MCUdude_corefiles/wiring_digital.c:200

  out = portOutputRegister(port);
     1fa:	ec 2f       	mov	r30, r28
     1fc:	f0 e0       	ldi	r31, 0x00	; 0
     1fe:	ee 0f       	add	r30, r30
     200:	ff 1f       	adc	r31, r31
     202:	ee 58       	subi	r30, 0x8E	; 142
     204:	ff 4f       	sbci	r31, 0xFF	; 255
     206:	a5 91       	lpm	r26, Z+
     208:	b4 91       	lpm	r27, Z
/home/oggy/.arduino15/packages/MiniCore/hardware/avr/3.1.1/cores/MCUdude_corefiles/wiring_digital.c:202

  uint8_t oldSREG = SREG;
     20a:	8f b7       	in	r24, 0x3f	; 63
/home/oggy/.arduino15/packages/MiniCore/hardware/avr/3.1.1/cores/MCUdude_corefiles/wiring_digital.c:203
  cli();
     20c:	f8 94       	cli
/home/oggy/.arduino15/packages/MiniCore/hardware/avr/3.1.1/cores/MCUdude_corefiles/wiring_digital.c:206

  if (val == LOW) {
    *out &= ~bit;
     20e:	ec 91       	ld	r30, X
/home/oggy/.arduino15/packages/MiniCore/hardware/avr/3.1.1/cores/MCUdude_corefiles/wiring_digital.c:205
  out = portOutputRegister(port);

  uint8_t oldSREG = SREG;
  cli();

  if (val == LOW) {
     210:	11 11       	cpse	r17, r1
     212:	08 c0       	rjmp	.+16     	; 0x224 <digitalWrite+0x58>
/home/oggy/.arduino15/packages/MiniCore/hardware/avr/3.1.1/cores/MCUdude_corefiles/wiring_digital.c:206
    *out &= ~bit;
     214:	d0 95       	com	r29
     216:	de 23       	and	r29, r30
/home/oggy/.arduino15/packages/MiniCore/hardware/avr/3.1.1/cores/MCUdude_corefiles/wiring_digital.c:208
  } else {
    *out |= bit;
     218:	dc 93       	st	X, r29
/home/oggy/.arduino15/packages/MiniCore/hardware/avr/3.1.1/cores/MCUdude_corefiles/wiring_digital.c:211
  }

  SREG = oldSREG;
     21a:	8f bf       	out	0x3f, r24	; 63
/home/oggy/.arduino15/packages/MiniCore/hardware/avr/3.1.1/cores/MCUdude_corefiles/wiring_digital.c:212
}
     21c:	df 91       	pop	r29
     21e:	cf 91       	pop	r28
     220:	1f 91       	pop	r17
     222:	08 95       	ret
/home/oggy/.arduino15/packages/MiniCore/hardware/avr/3.1.1/cores/MCUdude_corefiles/wiring_digital.c:208
  cli();

  if (val == LOW) {
    *out &= ~bit;
  } else {
    *out |= bit;
     224:	de 2b       	or	r29, r30
     226:	f8 cf       	rjmp	.-16     	; 0x218 <digitalWrite+0x4c>

00000228 <pinMode>:
pinMode():
/home/oggy/.arduino15/packages/MiniCore/hardware/avr/3.1.1/cores/MCUdude_corefiles/wiring_digital.c:30
#define ARDUINO_MAIN
#include "wiring_private.h"
#include "pins_arduino.h"

void pinMode(uint8_t pin, uint8_t mode)
{
     228:	cf 93       	push	r28
     22a:	df 93       	push	r29
/home/oggy/.arduino15/packages/MiniCore/hardware/avr/3.1.1/cores/MCUdude_corefiles/wiring_digital.c:31
  uint8_t bit = digitalPinToBitMask(pin);
     22c:	90 e0       	ldi	r25, 0x00	; 0
     22e:	fc 01       	movw	r30, r24
     230:	e3 56       	subi	r30, 0x63	; 99
     232:	ff 4f       	sbci	r31, 0xFF	; 255
     234:	24 91       	lpm	r18, Z
/home/oggy/.arduino15/packages/MiniCore/hardware/avr/3.1.1/cores/MCUdude_corefiles/wiring_digital.c:32
  uint8_t port = digitalPinToPort(pin);
     236:	8a 57       	subi	r24, 0x7A	; 122
     238:	9f 4f       	sbci	r25, 0xFF	; 255
     23a:	fc 01       	movw	r30, r24
     23c:	84 91       	lpm	r24, Z
/home/oggy/.arduino15/packages/MiniCore/hardware/avr/3.1.1/cores/MCUdude_corefiles/wiring_digital.c:35
  volatile uint8_t *reg, *out;

  if (port == NOT_A_PIN) return;
     23e:	88 23       	and	r24, r24
     240:	c9 f0       	breq	.+50     	; 0x274 <pinMode+0x4c>
/home/oggy/.arduino15/packages/MiniCore/hardware/avr/3.1.1/cores/MCUdude_corefiles/wiring_digital.c:38

  // JWS: can I let the optimizer do this?
  reg = portModeRegister(port);
     242:	90 e0       	ldi	r25, 0x00	; 0
     244:	88 0f       	add	r24, r24
     246:	99 1f       	adc	r25, r25
     248:	fc 01       	movw	r30, r24
     24a:	e8 59       	subi	r30, 0x98	; 152
     24c:	ff 4f       	sbci	r31, 0xFF	; 255
     24e:	a5 91       	lpm	r26, Z+
     250:	b4 91       	lpm	r27, Z
/home/oggy/.arduino15/packages/MiniCore/hardware/avr/3.1.1/cores/MCUdude_corefiles/wiring_digital.c:39
  out = portOutputRegister(port);
     252:	fc 01       	movw	r30, r24
     254:	ee 58       	subi	r30, 0x8E	; 142
     256:	ff 4f       	sbci	r31, 0xFF	; 255
     258:	c5 91       	lpm	r28, Z+
     25a:	d4 91       	lpm	r29, Z
/home/oggy/.arduino15/packages/MiniCore/hardware/avr/3.1.1/cores/MCUdude_corefiles/wiring_digital.c:41

  if (mode == INPUT) { 
     25c:	61 11       	cpse	r22, r1
     25e:	0d c0       	rjmp	.+26     	; 0x27a <pinMode+0x52>
/home/oggy/.arduino15/packages/MiniCore/hardware/avr/3.1.1/cores/MCUdude_corefiles/wiring_digital.c:42
    uint8_t oldSREG = SREG;
     260:	9f b7       	in	r25, 0x3f	; 63
/home/oggy/.arduino15/packages/MiniCore/hardware/avr/3.1.1/cores/MCUdude_corefiles/wiring_digital.c:43
    cli();
     262:	f8 94       	cli
/home/oggy/.arduino15/packages/MiniCore/hardware/avr/3.1.1/cores/MCUdude_corefiles/wiring_digital.c:44
    *reg &= ~bit;
     264:	8c 91       	ld	r24, X
     266:	20 95       	com	r18
     268:	82 23       	and	r24, r18
     26a:	8c 93       	st	X, r24
/home/oggy/.arduino15/packages/MiniCore/hardware/avr/3.1.1/cores/MCUdude_corefiles/wiring_digital.c:45
    *out &= ~bit;
     26c:	88 81       	ld	r24, Y
     26e:	28 23       	and	r18, r24
/home/oggy/.arduino15/packages/MiniCore/hardware/avr/3.1.1/cores/MCUdude_corefiles/wiring_digital.c:51
    SREG = oldSREG;
  } else if (mode == INPUT_PULLUP) {
    uint8_t oldSREG = SREG;
    cli();
    *reg &= ~bit;
    *out |= bit;
     270:	28 83       	st	Y, r18
/home/oggy/.arduino15/packages/MiniCore/hardware/avr/3.1.1/cores/MCUdude_corefiles/wiring_digital.c:52
    SREG = oldSREG;
     272:	9f bf       	out	0x3f, r25	; 63
/home/oggy/.arduino15/packages/MiniCore/hardware/avr/3.1.1/cores/MCUdude_corefiles/wiring_digital.c:59
    uint8_t oldSREG = SREG;
    cli();
    *reg |= bit;
    SREG = oldSREG;
  }
}
     274:	df 91       	pop	r29
     276:	cf 91       	pop	r28
     278:	08 95       	ret
/home/oggy/.arduino15/packages/MiniCore/hardware/avr/3.1.1/cores/MCUdude_corefiles/wiring_digital.c:47
    uint8_t oldSREG = SREG;
    cli();
    *reg &= ~bit;
    *out &= ~bit;
    SREG = oldSREG;
  } else if (mode == INPUT_PULLUP) {
     27a:	62 30       	cpi	r22, 0x02	; 2
     27c:	51 f4       	brne	.+20     	; 0x292 <pinMode+0x6a>
/home/oggy/.arduino15/packages/MiniCore/hardware/avr/3.1.1/cores/MCUdude_corefiles/wiring_digital.c:48
    uint8_t oldSREG = SREG;
     27e:	9f b7       	in	r25, 0x3f	; 63
/home/oggy/.arduino15/packages/MiniCore/hardware/avr/3.1.1/cores/MCUdude_corefiles/wiring_digital.c:49
    cli();
     280:	f8 94       	cli
/home/oggy/.arduino15/packages/MiniCore/hardware/avr/3.1.1/cores/MCUdude_corefiles/wiring_digital.c:50
    *reg &= ~bit;
     282:	3c 91       	ld	r19, X
     284:	82 2f       	mov	r24, r18
     286:	80 95       	com	r24
     288:	83 23       	and	r24, r19
     28a:	8c 93       	st	X, r24
/home/oggy/.arduino15/packages/MiniCore/hardware/avr/3.1.1/cores/MCUdude_corefiles/wiring_digital.c:51
    *out |= bit;
     28c:	e8 81       	ld	r30, Y
     28e:	2e 2b       	or	r18, r30
     290:	ef cf       	rjmp	.-34     	; 0x270 <pinMode+0x48>
/home/oggy/.arduino15/packages/MiniCore/hardware/avr/3.1.1/cores/MCUdude_corefiles/wiring_digital.c:54
    SREG = oldSREG;
  } else {
    uint8_t oldSREG = SREG;
     292:	8f b7       	in	r24, 0x3f	; 63
/home/oggy/.arduino15/packages/MiniCore/hardware/avr/3.1.1/cores/MCUdude_corefiles/wiring_digital.c:55
    cli();
     294:	f8 94       	cli
/home/oggy/.arduino15/packages/MiniCore/hardware/avr/3.1.1/cores/MCUdude_corefiles/wiring_digital.c:56
    *reg |= bit;
     296:	ec 91       	ld	r30, X
     298:	2e 2b       	or	r18, r30
     29a:	2c 93       	st	X, r18
/home/oggy/.arduino15/packages/MiniCore/hardware/avr/3.1.1/cores/MCUdude_corefiles/wiring_digital.c:57
    SREG = oldSREG;
     29c:	8f bf       	out	0x3f, r24	; 63
     29e:	ea cf       	rjmp	.-44     	; 0x274 <pinMode+0x4c>

000002a0 <delayMicroseconds>:
delayMicroseconds():
/home/oggy/.arduino15/packages/MiniCore/hardware/avr/3.1.1/cores/MCUdude_corefiles/wiring.c:619
  us -= 7; // = 2 cycles

#elif F_CPU >= 16000000L
  // for a one-microsecond delay, simply return.  the overhead
  // of the function call takes 14 (16) cycles, which is 1 us
  if (us <= 1) return; //  = 3 cycles, (4 when true)
     2a0:	81 30       	cpi	r24, 0x01	; 1
     2a2:	91 05       	cpc	r25, r1
     2a4:	39 f0       	breq	.+14     	; 0x2b4 <delayMicroseconds+0x14>
/home/oggy/.arduino15/packages/MiniCore/hardware/avr/3.1.1/cores/MCUdude_corefiles/wiring.c:624

  // the following loop takes 1/4 of a microsecond (4 cycles)
  // per iteration, so execute it four times for each microsecond of
  // delay requested.
  us <<= 2; // x4 us, = 4 cycles
     2a6:	88 0f       	add	r24, r24
     2a8:	99 1f       	adc	r25, r25
     2aa:	88 0f       	add	r24, r24
     2ac:	99 1f       	adc	r25, r25
/home/oggy/.arduino15/packages/MiniCore/hardware/avr/3.1.1/cores/MCUdude_corefiles/wiring.c:629

  // account for the time taken in the preceeding commands.
  // we just burned 19 (21) cycles above, remove 5, (5*4=20)
  // to 2nd us is at least 8 so we can substract 5
  us -= 5; // = 2 cycles,
     2ae:	05 97       	sbiw	r24, 0x05	; 5
/home/oggy/.arduino15/packages/MiniCore/hardware/avr/3.1.1/cores/MCUdude_corefiles/wiring.c:929
  us >>= 2; // us div 4, = 4 cycles

#endif

  // busy wait
  __asm__ __volatile__ (
     2b0:	01 97       	sbiw	r24, 0x01	; 1
     2b2:	f1 f7       	brne	.-4      	; 0x2b0 <delayMicroseconds+0x10>
/home/oggy/.arduino15/packages/MiniCore/hardware/avr/3.1.1/cores/MCUdude_corefiles/wiring.c:939
    "   brne 1b"                     // 2 cycles
    : /* no outputs */
    : "w" (us)
  );
  // return = 4 cycles
}
     2b4:	08 95       	ret

000002b6 <micros>:
micros():
/home/oggy/.arduino15/packages/MiniCore/hardware/avr/3.1.1/cores/MCUdude_corefiles/wiring.c:237
  unsigned char f; // temporary storage for millis fraction counter
  unsigned char q = 0; // record whether an overflow is flagged
#endif
  // t will be the number where the timer0 counter stopped
  uint8_t t;
  uint8_t oldSREG = SREG;
     2b6:	3f b7       	in	r19, 0x3f	; 63
/home/oggy/.arduino15/packages/MiniCore/hardware/avr/3.1.1/cores/MCUdude_corefiles/wiring.c:240

  // Stop all interrupts
  cli();
     2b8:	f8 94       	cli
/home/oggy/.arduino15/packages/MiniCore/hardware/avr/3.1.1/cores/MCUdude_corefiles/wiring.c:247
#ifdef CORRECT_EXACT_MICROS
  // combine exact millisec and 8usec counters
  m = timer0_millis;
  f = timer0_fract;
#else
  m = timer0_overflow_count;
     2ba:	80 91 23 06 	lds	r24, 0x0623	; 0x800623 <timer0_overflow_count>
     2be:	90 91 24 06 	lds	r25, 0x0624	; 0x800624 <timer0_overflow_count+0x1>
     2c2:	a0 91 25 06 	lds	r26, 0x0625	; 0x800625 <timer0_overflow_count+0x2>
     2c6:	b0 91 26 06 	lds	r27, 0x0626	; 0x800626 <timer0_overflow_count+0x3>
/home/oggy/.arduino15/packages/MiniCore/hardware/avr/3.1.1/cores/MCUdude_corefiles/wiring.c:252
#endif

  // TCNT0 : The Timer Counter Register
#if defined(TCNT0)
  t = TCNT0;
     2ca:	26 b5       	in	r18, 0x26	; 38
/home/oggy/.arduino15/packages/MiniCore/hardware/avr/3.1.1/cores/MCUdude_corefiles/wiring.c:261
  #error TIMER 0 not defined
#endif

  // Timer0 Interrupt Flag Register
#ifdef TIFR0
  if ((TIFR0 & _BV(TOV0)) && (t < 255))
     2cc:	a8 9b       	sbis	0x15, 0	; 21
     2ce:	05 c0       	rjmp	.+10     	; 0x2da <micros+0x24>
     2d0:	2f 3f       	cpi	r18, 0xFF	; 255
     2d2:	19 f0       	breq	.+6      	; 0x2da <micros+0x24>
/home/oggy/.arduino15/packages/MiniCore/hardware/avr/3.1.1/cores/MCUdude_corefiles/wiring.c:263
#ifndef CORRECT_EXACT_MICROS
    m++;
     2d4:	01 96       	adiw	r24, 0x01	; 1
     2d6:	a1 1d       	adc	r26, r1
     2d8:	b1 1d       	adc	r27, r1
/home/oggy/.arduino15/packages/MiniCore/hardware/avr/3.1.1/cores/MCUdude_corefiles/wiring.c:276
#else
    q = 1;
#endif
#endif
  // Restore SREG
  SREG = oldSREG;
     2da:	3f bf       	out	0x3f, r19	; 63
/home/oggy/.arduino15/packages/MiniCore/hardware/avr/3.1.1/cores/MCUdude_corefiles/wiring.c:292
      ((t * MICROSECONDS_PER_TIMER0_OVERFLOW) >> 8);
  return q ? m + MICROSECONDS_PER_TIMER0_OVERFLOW : m;
#elif 1
  /* All power-of-two Megahertz frequencies enter here, as well as 12.8 MHz.
     We only end up here if right shift before multiplication is exact. */
  return ((m << 8) + t) * (MICROSECONDS_PER_TIMER0_OVERFLOW >> 8);
     2dc:	ba 2f       	mov	r27, r26
     2de:	a9 2f       	mov	r26, r25
     2e0:	98 2f       	mov	r25, r24
     2e2:	88 27       	eor	r24, r24
     2e4:	bc 01       	movw	r22, r24
     2e6:	cd 01       	movw	r24, r26
     2e8:	62 0f       	add	r22, r18
     2ea:	71 1d       	adc	r23, r1
     2ec:	81 1d       	adc	r24, r1
     2ee:	91 1d       	adc	r25, r1
     2f0:	42 e0       	ldi	r20, 0x02	; 2
     2f2:	66 0f       	add	r22, r22
     2f4:	77 1f       	adc	r23, r23
     2f6:	88 1f       	adc	r24, r24
     2f8:	99 1f       	adc	r25, r25
     2fa:	4a 95       	dec	r20
     2fc:	d1 f7       	brne	.-12     	; 0x2f2 <micros+0x3c>
/home/oggy/.arduino15/packages/MiniCore/hardware/avr/3.1.1/cores/MCUdude_corefiles/wiring.c:393
  // m & t are multiplied by 4 (since it was already multiplied by 256)
  // t is multiplied by 4
  return ((m << 8) + t) * (64 / clockCyclesPerMicrosecond());
#endif
#endif // 0
}
     2fe:	08 95       	ret

00000300 <delay>:
delay():
/home/oggy/.arduino15/packages/MiniCore/hardware/avr/3.1.1/cores/MCUdude_corefiles/wiring.c:396

void delay(unsigned long ms)
{
     300:	8f 92       	push	r8
     302:	9f 92       	push	r9
     304:	af 92       	push	r10
     306:	bf 92       	push	r11
     308:	cf 92       	push	r12
     30a:	df 92       	push	r13
     30c:	ef 92       	push	r14
     30e:	ff 92       	push	r15
     310:	6b 01       	movw	r12, r22
     312:	7c 01       	movw	r14, r24
/home/oggy/.arduino15/packages/MiniCore/hardware/avr/3.1.1/cores/MCUdude_corefiles/wiring.c:397
  unsigned long start = micros();
     314:	0e 94 5b 01 	call	0x2b6	; 0x2b6 <micros>
     318:	4b 01       	movw	r8, r22
     31a:	5c 01       	movw	r10, r24
/home/oggy/.arduino15/packages/MiniCore/hardware/avr/3.1.1/cores/MCUdude_corefiles/wiring.c:401

  while (ms > 0UL) {
    yield();
    while (ms > 0UL && (micros() - start) >= 1000UL) {
     31c:	c1 14       	cp	r12, r1
     31e:	d1 04       	cpc	r13, r1
     320:	e1 04       	cpc	r14, r1
     322:	f1 04       	cpc	r15, r1
     324:	b9 f0       	breq	.+46     	; 0x354 <delay+0x54>
     326:	0e 94 5b 01 	call	0x2b6	; 0x2b6 <micros>
     32a:	68 19       	sub	r22, r8
     32c:	79 09       	sbc	r23, r9
     32e:	8a 09       	sbc	r24, r10
     330:	9b 09       	sbc	r25, r11
     332:	68 3e       	cpi	r22, 0xE8	; 232
     334:	73 40       	sbci	r23, 0x03	; 3
     336:	81 05       	cpc	r24, r1
     338:	91 05       	cpc	r25, r1
     33a:	80 f3       	brcs	.-32     	; 0x31c <delay+0x1c>
/home/oggy/.arduino15/packages/MiniCore/hardware/avr/3.1.1/cores/MCUdude_corefiles/wiring.c:402
      ms--;
     33c:	21 e0       	ldi	r18, 0x01	; 1
     33e:	c2 1a       	sub	r12, r18
     340:	d1 08       	sbc	r13, r1
     342:	e1 08       	sbc	r14, r1
     344:	f1 08       	sbc	r15, r1
/home/oggy/.arduino15/packages/MiniCore/hardware/avr/3.1.1/cores/MCUdude_corefiles/wiring.c:403
      start += 1000UL;
     346:	88 ee       	ldi	r24, 0xE8	; 232
     348:	88 0e       	add	r8, r24
     34a:	83 e0       	ldi	r24, 0x03	; 3
     34c:	98 1e       	adc	r9, r24
     34e:	a1 1c       	adc	r10, r1
     350:	b1 1c       	adc	r11, r1
     352:	e4 cf       	rjmp	.-56     	; 0x31c <delay+0x1c>
/home/oggy/.arduino15/packages/MiniCore/hardware/avr/3.1.1/cores/MCUdude_corefiles/wiring.c:406
    }
  }
}
     354:	ff 90       	pop	r15
     356:	ef 90       	pop	r14
     358:	df 90       	pop	r13
     35a:	cf 90       	pop	r12
     35c:	bf 90       	pop	r11
     35e:	af 90       	pop	r10
     360:	9f 90       	pop	r9
     362:	8f 90       	pop	r8
     364:	08 95       	ret

00000366 <millis>:
millis():
/home/oggy/.arduino15/packages/MiniCore/hardware/avr/3.1.1/cores/MCUdude_corefiles/wiring.c:218
}

unsigned long millis()
{
  unsigned long m;
  uint8_t oldSREG = SREG;
     366:	2f b7       	in	r18, 0x3f	; 63
/home/oggy/.arduino15/packages/MiniCore/hardware/avr/3.1.1/cores/MCUdude_corefiles/wiring.c:222

  // disable interrupts while we read timer0_millis or we might get an
  // inconsistent value (e.g. in the middle of a write to timer0_millis)
  cli();
     368:	f8 94       	cli
/home/oggy/.arduino15/packages/MiniCore/hardware/avr/3.1.1/cores/MCUdude_corefiles/wiring.c:223
  m = timer0_millis;
     36a:	60 91 1f 06 	lds	r22, 0x061F	; 0x80061f <timer0_millis>
     36e:	70 91 20 06 	lds	r23, 0x0620	; 0x800620 <timer0_millis+0x1>
     372:	80 91 21 06 	lds	r24, 0x0621	; 0x800621 <timer0_millis+0x2>
     376:	90 91 22 06 	lds	r25, 0x0622	; 0x800622 <timer0_millis+0x3>
/home/oggy/.arduino15/packages/MiniCore/hardware/avr/3.1.1/cores/MCUdude_corefiles/wiring.c:224
  SREG = oldSREG;
     37a:	2f bf       	out	0x3f, r18	; 63
/home/oggy/.arduino15/packages/MiniCore/hardware/avr/3.1.1/cores/MCUdude_corefiles/wiring.c:227

  return m;
}
     37c:	08 95       	ret

0000037e <nothing>:
nothing():
/home/oggy/.arduino15/packages/MiniCore/hardware/avr/3.1.1/cores/MCUdude_corefiles/WInterrupts.c:36

#include "wiring_private.h"

static void nothing(void)
{
}
     37e:	08 95       	ret

00000380 <Print::print(String const&)>:
write():
/home/oggy/.arduino15/packages/MiniCore/hardware/avr/3.1.1/cores/MCUdude_corefiles/Print.h:58
      if (str == NULL) return 0;
      return write((const uint8_t *)str, strlen(str));
    }
    virtual size_t write(const uint8_t *buffer, size_t size);
    size_t write(const char *buffer, size_t size) {
      return write((const uint8_t *)buffer, size);
     380:	db 01       	movw	r26, r22
     382:	14 96       	adiw	r26, 0x04	; 4
     384:	4d 91       	ld	r20, X+
     386:	5c 91       	ld	r21, X
     388:	15 97       	sbiw	r26, 0x05	; 5
     38a:	6d 91       	ld	r22, X+
     38c:	7c 91       	ld	r23, X
     38e:	dc 01       	movw	r26, r24
     390:	ed 91       	ld	r30, X+
     392:	fc 91       	ld	r31, X
     394:	02 80       	ldd	r0, Z+2	; 0x02
     396:	f3 81       	ldd	r31, Z+3	; 0x03
     398:	e0 2d       	mov	r30, r0
     39a:	09 94       	ijmp

0000039c <Print::write(unsigned char const*, unsigned int)>:
/home/oggy/.arduino15/packages/MiniCore/hardware/avr/3.1.1/cores/MCUdude_corefiles/Print.cpp:35

// Public Methods //////////////////////////////////////////////////////////////

/* default implementation: may be overridden */
size_t Print::write(const uint8_t *buffer, size_t size)
{
     39c:	af 92       	push	r10
     39e:	bf 92       	push	r11
     3a0:	cf 92       	push	r12
     3a2:	df 92       	push	r13
     3a4:	ef 92       	push	r14
     3a6:	ff 92       	push	r15
     3a8:	0f 93       	push	r16
     3aa:	1f 93       	push	r17
     3ac:	cf 93       	push	r28
     3ae:	df 93       	push	r29
     3b0:	6c 01       	movw	r12, r24
     3b2:	7b 01       	movw	r14, r22
     3b4:	8b 01       	movw	r16, r22
     3b6:	04 0f       	add	r16, r20
     3b8:	15 1f       	adc	r17, r21
     3ba:	eb 01       	movw	r28, r22
     3bc:	5e 01       	movw	r10, r28
     3be:	ae 18       	sub	r10, r14
     3c0:	bf 08       	sbc	r11, r15
/home/oggy/.arduino15/packages/MiniCore/hardware/avr/3.1.1/cores/MCUdude_corefiles/Print.cpp:37
  size_t n = 0;
  while (size--) {
     3c2:	c0 17       	cp	r28, r16
     3c4:	d1 07       	cpc	r29, r17
     3c6:	59 f0       	breq	.+22     	; 0x3de <Print::write(unsigned char const*, unsigned int)+0x42>
/home/oggy/.arduino15/packages/MiniCore/hardware/avr/3.1.1/cores/MCUdude_corefiles/Print.cpp:38
    if (write(*buffer++)) n++;
     3c8:	69 91       	ld	r22, Y+
     3ca:	d6 01       	movw	r26, r12
     3cc:	ed 91       	ld	r30, X+
     3ce:	fc 91       	ld	r31, X
     3d0:	01 90       	ld	r0, Z+
     3d2:	f0 81       	ld	r31, Z
     3d4:	e0 2d       	mov	r30, r0
     3d6:	c6 01       	movw	r24, r12
     3d8:	09 95       	icall
     3da:	89 2b       	or	r24, r25
     3dc:	79 f7       	brne	.-34     	; 0x3bc <Print::write(unsigned char const*, unsigned int)+0x20>
/home/oggy/.arduino15/packages/MiniCore/hardware/avr/3.1.1/cores/MCUdude_corefiles/Print.cpp:42
    else break;
  }
  return n;
}
     3de:	c5 01       	movw	r24, r10
     3e0:	df 91       	pop	r29
     3e2:	cf 91       	pop	r28
     3e4:	1f 91       	pop	r17
     3e6:	0f 91       	pop	r16
     3e8:	ff 90       	pop	r15
     3ea:	ef 90       	pop	r14
     3ec:	df 90       	pop	r13
     3ee:	cf 90       	pop	r12
     3f0:	bf 90       	pop	r11
     3f2:	af 90       	pop	r10
     3f4:	08 95       	ret

000003f6 <HardwareSerial::availableForWrite()>:
availableForWrite():
/home/oggy/.arduino15/packages/MiniCore/hardware/avr/3.1.1/cores/MCUdude_corefiles/HardwareSerial.cpp:195
{
  tx_buffer_index_t head;
  tx_buffer_index_t tail;

  TX_BUFFER_ATOMIC {
    head = _tx_buffer_head;
     3f6:	fc 01       	movw	r30, r24
     3f8:	53 8d       	ldd	r21, Z+27	; 0x1b
/home/oggy/.arduino15/packages/MiniCore/hardware/avr/3.1.1/cores/MCUdude_corefiles/HardwareSerial.cpp:196
    tail = _tx_buffer_tail;
     3fa:	44 8d       	ldd	r20, Z+28	; 0x1c
     3fc:	25 2f       	mov	r18, r21
     3fe:	30 e0       	ldi	r19, 0x00	; 0
     400:	84 2f       	mov	r24, r20
     402:	90 e0       	ldi	r25, 0x00	; 0
/home/oggy/.arduino15/packages/MiniCore/hardware/avr/3.1.1/cores/MCUdude_corefiles/HardwareSerial.cpp:198
  }
  if (head >= tail) return SERIAL_TX_BUFFER_SIZE - 1 - head + tail;
     404:	82 1b       	sub	r24, r18
     406:	93 0b       	sbc	r25, r19
     408:	54 17       	cp	r21, r20
     40a:	10 f0       	brcs	.+4      	; 0x410 <__LOCK_REGION_LENGTH__+0x10>
     40c:	cf 96       	adiw	r24, 0x3f	; 63
     40e:	08 95       	ret
/home/oggy/.arduino15/packages/MiniCore/hardware/avr/3.1.1/cores/MCUdude_corefiles/HardwareSerial.cpp:199
  return tail - head - 1;
     410:	01 97       	sbiw	r24, 0x01	; 1
/home/oggy/.arduino15/packages/MiniCore/hardware/avr/3.1.1/cores/MCUdude_corefiles/HardwareSerial.cpp:200
}
     412:	08 95       	ret

00000414 <HardwareSerial::read()>:
read():
/home/oggy/.arduino15/packages/MiniCore/hardware/avr/3.1.1/cores/MCUdude_corefiles/HardwareSerial.cpp:178
    return _rx_buffer[_rx_buffer_tail];
  }
}

int HardwareSerial::read(void)
{
     414:	fc 01       	movw	r30, r24
/home/oggy/.arduino15/packages/MiniCore/hardware/avr/3.1.1/cores/MCUdude_corefiles/HardwareSerial.cpp:180
  // if the head isn't ahead of the tail, we don't have any characters
  if (_rx_buffer_head == _rx_buffer_tail) {
     416:	91 8d       	ldd	r25, Z+25	; 0x19
     418:	82 8d       	ldd	r24, Z+26	; 0x1a
     41a:	98 17       	cp	r25, r24
     41c:	61 f0       	breq	.+24     	; 0x436 <HardwareSerial::read()+0x22>
/home/oggy/.arduino15/packages/MiniCore/hardware/avr/3.1.1/cores/MCUdude_corefiles/HardwareSerial.cpp:183
    return -1;
  } else {
    unsigned char c = _rx_buffer[_rx_buffer_tail];
     41e:	a2 8d       	ldd	r26, Z+26	; 0x1a
     420:	ae 0f       	add	r26, r30
     422:	bf 2f       	mov	r27, r31
     424:	b1 1d       	adc	r27, r1
     426:	5d 96       	adiw	r26, 0x1d	; 29
     428:	8c 91       	ld	r24, X
/home/oggy/.arduino15/packages/MiniCore/hardware/avr/3.1.1/cores/MCUdude_corefiles/HardwareSerial.cpp:184
    _rx_buffer_tail = (rx_buffer_index_t)(_rx_buffer_tail + 1) % SERIAL_RX_BUFFER_SIZE;
     42a:	92 8d       	ldd	r25, Z+26	; 0x1a
     42c:	9f 5f       	subi	r25, 0xFF	; 255
     42e:	9f 73       	andi	r25, 0x3F	; 63
     430:	92 8f       	std	Z+26, r25	; 0x1a
/home/oggy/.arduino15/packages/MiniCore/hardware/avr/3.1.1/cores/MCUdude_corefiles/HardwareSerial.cpp:185
    return c;
     432:	90 e0       	ldi	r25, 0x00	; 0
     434:	08 95       	ret
/home/oggy/.arduino15/packages/MiniCore/hardware/avr/3.1.1/cores/MCUdude_corefiles/HardwareSerial.cpp:181

int HardwareSerial::read(void)
{
  // if the head isn't ahead of the tail, we don't have any characters
  if (_rx_buffer_head == _rx_buffer_tail) {
    return -1;
     436:	8f ef       	ldi	r24, 0xFF	; 255
     438:	9f ef       	ldi	r25, 0xFF	; 255
/home/oggy/.arduino15/packages/MiniCore/hardware/avr/3.1.1/cores/MCUdude_corefiles/HardwareSerial.cpp:187
  } else {
    unsigned char c = _rx_buffer[_rx_buffer_tail];
    _rx_buffer_tail = (rx_buffer_index_t)(_rx_buffer_tail + 1) % SERIAL_RX_BUFFER_SIZE;
    return c;
  }
}
     43a:	08 95       	ret

0000043c <HardwareSerial::peek()>:
peek():
/home/oggy/.arduino15/packages/MiniCore/hardware/avr/3.1.1/cores/MCUdude_corefiles/HardwareSerial.cpp:169
{
  return ((unsigned int)(SERIAL_RX_BUFFER_SIZE + _rx_buffer_head - _rx_buffer_tail)) % SERIAL_RX_BUFFER_SIZE;
}

int HardwareSerial::peek(void)
{
     43c:	fc 01       	movw	r30, r24
/home/oggy/.arduino15/packages/MiniCore/hardware/avr/3.1.1/cores/MCUdude_corefiles/HardwareSerial.cpp:170
  if (_rx_buffer_head == _rx_buffer_tail) {
     43e:	91 8d       	ldd	r25, Z+25	; 0x19
     440:	82 8d       	ldd	r24, Z+26	; 0x1a
     442:	98 17       	cp	r25, r24
     444:	31 f0       	breq	.+12     	; 0x452 <HardwareSerial::peek()+0x16>
/home/oggy/.arduino15/packages/MiniCore/hardware/avr/3.1.1/cores/MCUdude_corefiles/HardwareSerial.cpp:173
    return -1;
  } else {
    return _rx_buffer[_rx_buffer_tail];
     446:	82 8d       	ldd	r24, Z+26	; 0x1a
     448:	e8 0f       	add	r30, r24
     44a:	f1 1d       	adc	r31, r1
     44c:	85 8d       	ldd	r24, Z+29	; 0x1d
     44e:	90 e0       	ldi	r25, 0x00	; 0
     450:	08 95       	ret
/home/oggy/.arduino15/packages/MiniCore/hardware/avr/3.1.1/cores/MCUdude_corefiles/HardwareSerial.cpp:171
}

int HardwareSerial::peek(void)
{
  if (_rx_buffer_head == _rx_buffer_tail) {
    return -1;
     452:	8f ef       	ldi	r24, 0xFF	; 255
     454:	9f ef       	ldi	r25, 0xFF	; 255
/home/oggy/.arduino15/packages/MiniCore/hardware/avr/3.1.1/cores/MCUdude_corefiles/HardwareSerial.cpp:175
  } else {
    return _rx_buffer[_rx_buffer_tail];
  }
}
     456:	08 95       	ret

00000458 <HardwareSerial::available()>:
available():
/home/oggy/.arduino15/packages/MiniCore/hardware/avr/3.1.1/cores/MCUdude_corefiles/HardwareSerial.cpp:164
  // clear any received data
  _rx_buffer_head = _rx_buffer_tail;
}

int HardwareSerial::available(void)
{
     458:	fc 01       	movw	r30, r24
/home/oggy/.arduino15/packages/MiniCore/hardware/avr/3.1.1/cores/MCUdude_corefiles/HardwareSerial.cpp:165
  return ((unsigned int)(SERIAL_RX_BUFFER_SIZE + _rx_buffer_head - _rx_buffer_tail)) % SERIAL_RX_BUFFER_SIZE;
     45a:	91 8d       	ldd	r25, Z+25	; 0x19
     45c:	22 8d       	ldd	r18, Z+26	; 0x1a
     45e:	89 2f       	mov	r24, r25
     460:	90 e0       	ldi	r25, 0x00	; 0
     462:	80 5c       	subi	r24, 0xC0	; 192
     464:	9f 4f       	sbci	r25, 0xFF	; 255
     466:	82 1b       	sub	r24, r18
     468:	91 09       	sbc	r25, r1
/home/oggy/.arduino15/packages/MiniCore/hardware/avr/3.1.1/cores/MCUdude_corefiles/HardwareSerial.cpp:166
}
     46a:	8f 73       	andi	r24, 0x3F	; 63
     46c:	99 27       	eor	r25, r25
     46e:	08 95       	ret

00000470 <Serial0_available()>:
Serial0_available():
/home/oggy/.arduino15/packages/MiniCore/hardware/avr/3.1.1/cores/MCUdude_corefiles/HardwareSerial0.cpp:76
#endif

// Function that can be weakly referenced by serialEventRun to prevent
// pulling in this file if it's not otherwise used.
bool Serial0_available() {
  return Serial.available();
     470:	8d e3       	ldi	r24, 0x3D	; 61
     472:	96 e0       	ldi	r25, 0x06	; 6
     474:	0e 94 2c 02 	call	0x458	; 0x458 <HardwareSerial::available()>
     478:	21 e0       	ldi	r18, 0x01	; 1
     47a:	89 2b       	or	r24, r25
     47c:	09 f4       	brne	.+2      	; 0x480 <Serial0_available()+0x10>
     47e:	20 e0       	ldi	r18, 0x00	; 0
/home/oggy/.arduino15/packages/MiniCore/hardware/avr/3.1.1/cores/MCUdude_corefiles/HardwareSerial0.cpp:77
}
     480:	82 2f       	mov	r24, r18
     482:	08 95       	ret

00000484 <serialEventRun()>:
serialEventRun():
/home/oggy/.arduino15/packages/MiniCore/hardware/avr/3.1.1/cores/MCUdude_corefiles/HardwareSerial.cpp:67
#endif

void serialEventRun(void)
{
#if defined(HAVE_HWSERIAL0)
  if (Serial0_available && serialEvent && Serial0_available()) serialEvent();
     484:	80 e0       	ldi	r24, 0x00	; 0
     486:	90 e0       	ldi	r25, 0x00	; 0
     488:	89 2b       	or	r24, r25
     48a:	29 f0       	breq	.+10     	; 0x496 <serialEventRun()+0x12>
     48c:	0e 94 38 02 	call	0x470	; 0x470 <Serial0_available()>
     490:	81 11       	cpse	r24, r1
     492:	0c 94 00 00 	jmp	0	; 0x0 <__vectors>
/home/oggy/.arduino15/packages/MiniCore/hardware/avr/3.1.1/cores/MCUdude_corefiles/HardwareSerial.cpp:78
  if (Serial2_available && serialEvent2 && Serial2_available()) serialEvent2();
#endif
#if defined(HAVE_HWSERIAL3)
  if (Serial3_available && serialEvent3 && Serial3_available()) serialEvent3();
#endif
}
     496:	08 95       	ret

00000498 <HardwareSerial::_tx_udr_empty_irq()>:
_tx_udr_empty_irq():
/home/oggy/.arduino15/packages/MiniCore/hardware/avr/3.1.1/cores/MCUdude_corefiles/HardwareSerial.cpp:90
#endif

// Actual interrupt handlers //////////////////////////////////////////////////////////////

void HardwareSerial::_tx_udr_empty_irq(void)
{
     498:	fc 01       	movw	r30, r24
/home/oggy/.arduino15/packages/MiniCore/hardware/avr/3.1.1/cores/MCUdude_corefiles/HardwareSerial.cpp:93
  // If interrupts are enabled, there must be more data in the output
  // buffer. Send the next byte
  unsigned char c = _tx_buffer[_tx_buffer_tail];
     49a:	a4 8d       	ldd	r26, Z+28	; 0x1c
     49c:	a8 0f       	add	r26, r24
     49e:	b9 2f       	mov	r27, r25
     4a0:	b1 1d       	adc	r27, r1
     4a2:	a3 5a       	subi	r26, 0xA3	; 163
     4a4:	bf 4f       	sbci	r27, 0xFF	; 255
     4a6:	2c 91       	ld	r18, X
/home/oggy/.arduino15/packages/MiniCore/hardware/avr/3.1.1/cores/MCUdude_corefiles/HardwareSerial.cpp:94
  _tx_buffer_tail = (_tx_buffer_tail + 1) % SERIAL_TX_BUFFER_SIZE;
     4a8:	84 8d       	ldd	r24, Z+28	; 0x1c
     4aa:	90 e0       	ldi	r25, 0x00	; 0
     4ac:	01 96       	adiw	r24, 0x01	; 1
     4ae:	8f 73       	andi	r24, 0x3F	; 63
     4b0:	99 27       	eor	r25, r25
     4b2:	84 8f       	std	Z+28, r24	; 0x1c
/home/oggy/.arduino15/packages/MiniCore/hardware/avr/3.1.1/cores/MCUdude_corefiles/HardwareSerial.cpp:96

  *_udr = c;
     4b4:	a6 89       	ldd	r26, Z+22	; 0x16
     4b6:	b7 89       	ldd	r27, Z+23	; 0x17
     4b8:	2c 93       	st	X, r18
/home/oggy/.arduino15/packages/MiniCore/hardware/avr/3.1.1/cores/MCUdude_corefiles/HardwareSerial.cpp:104
  // location". This makes sure flush() won't return until the bytes
  // actually got written. Other r/w bits are preserved, and zeroes
  // written to the rest.

  #ifdef MPCM0
    *_ucsra = ((*_ucsra) & ((1 << U2X0) | (1 << MPCM0))) | (1 << TXC0);
     4ba:	a0 89       	ldd	r26, Z+16	; 0x10
     4bc:	b1 89       	ldd	r27, Z+17	; 0x11
     4be:	8c 91       	ld	r24, X
     4c0:	83 70       	andi	r24, 0x03	; 3
     4c2:	80 64       	ori	r24, 0x40	; 64
     4c4:	8c 93       	st	X, r24
/home/oggy/.arduino15/packages/MiniCore/hardware/avr/3.1.1/cores/MCUdude_corefiles/HardwareSerial.cpp:109
  #else
    *_ucsra = ((*_ucsra) & ((1 << U2X0) | (1 << TXC0)));
  #endif

  if (_tx_buffer_head == _tx_buffer_tail) {
     4c6:	93 8d       	ldd	r25, Z+27	; 0x1b
     4c8:	84 8d       	ldd	r24, Z+28	; 0x1c
     4ca:	98 13       	cpse	r25, r24
     4cc:	06 c0       	rjmp	.+12     	; 0x4da <HardwareSerial::_tx_udr_empty_irq()+0x42>
/home/oggy/.arduino15/packages/MiniCore/hardware/avr/3.1.1/cores/MCUdude_corefiles/HardwareSerial.cpp:111
    // Buffer empty, so disable interrupts
    *_ucsrb &= ~_BV(UDRIE0);
     4ce:	02 88       	ldd	r0, Z+18	; 0x12
     4d0:	f3 89       	ldd	r31, Z+19	; 0x13
     4d2:	e0 2d       	mov	r30, r0
     4d4:	80 81       	ld	r24, Z
     4d6:	8f 7d       	andi	r24, 0xDF	; 223
     4d8:	80 83       	st	Z, r24
/home/oggy/.arduino15/packages/MiniCore/hardware/avr/3.1.1/cores/MCUdude_corefiles/HardwareSerial.cpp:113
  }
}
     4da:	08 95       	ret

000004dc <HardwareSerial::write(unsigned char)>:
write():
/home/oggy/.arduino15/packages/MiniCore/hardware/avr/3.1.1/cores/MCUdude_corefiles/HardwareSerial.cpp:223
  // If we get here, nothing is queued anymore (DRIE is disabled) and
  // the hardware finished tranmission (TXC is set).
}

size_t HardwareSerial::write(uint8_t c)
{
     4dc:	ef 92       	push	r14
     4de:	ff 92       	push	r15
     4e0:	0f 93       	push	r16
     4e2:	1f 93       	push	r17
     4e4:	cf 93       	push	r28
     4e6:	df 93       	push	r29
     4e8:	ec 01       	movw	r28, r24
/home/oggy/.arduino15/packages/MiniCore/hardware/avr/3.1.1/cores/MCUdude_corefiles/HardwareSerial.cpp:224
  _written = true;
     4ea:	81 e0       	ldi	r24, 0x01	; 1
     4ec:	88 8f       	std	Y+24, r24	; 0x18
/home/oggy/.arduino15/packages/MiniCore/hardware/avr/3.1.1/cores/MCUdude_corefiles/HardwareSerial.cpp:229
  // If the buffer and the data register is empty, just write the byte
  // to the data register and be done. This shortcut helps
  // significantly improve the effective datarate at high (>
  // 500kbit/s) bitrates, where interrupt overhead becomes a slowdown.
  if (_tx_buffer_head == _tx_buffer_tail && bit_is_set(*_ucsra, UDRE0)) {
     4ee:	9b 8d       	ldd	r25, Y+27	; 0x1b
     4f0:	8c 8d       	ldd	r24, Y+28	; 0x1c
     4f2:	98 13       	cpse	r25, r24
     4f4:	1a c0       	rjmp	.+52     	; 0x52a <HardwareSerial::write(unsigned char)+0x4e>
     4f6:	e8 89       	ldd	r30, Y+16	; 0x10
     4f8:	f9 89       	ldd	r31, Y+17	; 0x11
     4fa:	80 81       	ld	r24, Z
     4fc:	85 ff       	sbrs	r24, 5
     4fe:	15 c0       	rjmp	.+42     	; 0x52a <HardwareSerial::write(unsigned char)+0x4e>
/home/oggy/.arduino15/packages/MiniCore/hardware/avr/3.1.1/cores/MCUdude_corefiles/HardwareSerial.cpp:238
    // So writing UDR must happen first.
    // Writing UDR and clearing TC must be done atomically, otherwise
    // interrupts might delay the TXC clear so the byte written to UDR
    // is transmitted (setting TXC) before clearing TXC. Then TXC will
    // be cleared when no bytes are left, causing flush() to hang
    ATOMIC_BLOCK(ATOMIC_RESTORESTATE) {
     500:	9f b7       	in	r25, 0x3f	; 63
__iCliRetVal():
/home/oggy/.arduino15/packages/arduino/tools/avr-gcc/7.3.0-atmel3.6.1-arduino7/avr/include/util/atomic.h:50
    return 1;
}

static __inline__ uint8_t __iCliRetVal(void)
{
    cli();
     502:	f8 94       	cli
write():
/home/oggy/.arduino15/packages/MiniCore/hardware/avr/3.1.1/cores/MCUdude_corefiles/HardwareSerial.cpp:239
      *_udr = c;
     504:	ee 89       	ldd	r30, Y+22	; 0x16
     506:	ff 89       	ldd	r31, Y+23	; 0x17
     508:	60 83       	st	Z, r22
/home/oggy/.arduino15/packages/MiniCore/hardware/avr/3.1.1/cores/MCUdude_corefiles/HardwareSerial.cpp:241
      #ifdef MPCM0
        *_ucsra = ((*_ucsra) & ((1 << U2X0) | (1 << MPCM0))) | (1 << TXC0);
     50a:	e8 89       	ldd	r30, Y+16	; 0x10
     50c:	f9 89       	ldd	r31, Y+17	; 0x11
     50e:	80 81       	ld	r24, Z
     510:	83 70       	andi	r24, 0x03	; 3
     512:	80 64       	ori	r24, 0x40	; 64
/home/oggy/.arduino15/packages/MiniCore/hardware/avr/3.1.1/cores/MCUdude_corefiles/HardwareSerial.cpp:271
  // make atomic to prevent execution of ISR between setting the
  // head pointer and setting the interrupt flag resulting in buffer
  // retransmission
  ATOMIC_BLOCK(ATOMIC_RESTORESTATE) {
    _tx_buffer_head = i;
    *_ucsrb |= _BV(UDRIE0);
     514:	80 83       	st	Z, r24
__iRestore():
/home/oggy/.arduino15/packages/arduino/tools/avr-gcc/7.3.0-atmel3.6.1-arduino7/avr/include/util/atomic.h:70
    (void)__s;
}

static __inline__ void __iRestore(const  uint8_t *__s)
{
    SREG = *__s;
     516:	9f bf       	out	0x3f, r25	; 63
write():
/home/oggy/.arduino15/packages/MiniCore/hardware/avr/3.1.1/cores/MCUdude_corefiles/HardwareSerial.cpp:275
  }
  
  return 1;
}
     518:	81 e0       	ldi	r24, 0x01	; 1
     51a:	90 e0       	ldi	r25, 0x00	; 0
     51c:	df 91       	pop	r29
     51e:	cf 91       	pop	r28
     520:	1f 91       	pop	r17
     522:	0f 91       	pop	r16
     524:	ff 90       	pop	r15
     526:	ef 90       	pop	r14
     528:	08 95       	ret
     52a:	f6 2e       	mov	r15, r22
/home/oggy/.arduino15/packages/MiniCore/hardware/avr/3.1.1/cores/MCUdude_corefiles/HardwareSerial.cpp:248
        *_ucsra = ((*_ucsra) & ((1 << U2X0) | (1 << TXC0)));
      #endif
    }
    return 1;
  }
  tx_buffer_index_t i = (_tx_buffer_head + 1) % SERIAL_TX_BUFFER_SIZE;
     52c:	0b 8d       	ldd	r16, Y+27	; 0x1b
     52e:	10 e0       	ldi	r17, 0x00	; 0
     530:	0f 5f       	subi	r16, 0xFF	; 255
     532:	1f 4f       	sbci	r17, 0xFF	; 255
     534:	0f 73       	andi	r16, 0x3F	; 63
     536:	11 27       	eor	r17, r17
     538:	e0 2e       	mov	r14, r16
/home/oggy/.arduino15/packages/MiniCore/hardware/avr/3.1.1/cores/MCUdude_corefiles/HardwareSerial.cpp:252

  // If the output buffer is full, there's nothing for it other than to 
  // wait for the interrupt handler to empty it a bit
  while (i == _tx_buffer_tail) {
     53a:	8c 8d       	ldd	r24, Y+28	; 0x1c
     53c:	8e 11       	cpse	r24, r14
     53e:	0c c0       	rjmp	.+24     	; 0x558 <HardwareSerial::write(unsigned char)+0x7c>
/home/oggy/.arduino15/packages/MiniCore/hardware/avr/3.1.1/cores/MCUdude_corefiles/HardwareSerial.cpp:253
    if (bit_is_clear(SREG, SREG_I)) {
     540:	0f b6       	in	r0, 0x3f	; 63
     542:	07 fc       	sbrc	r0, 7
     544:	fa cf       	rjmp	.-12     	; 0x53a <HardwareSerial::write(unsigned char)+0x5e>
/home/oggy/.arduino15/packages/MiniCore/hardware/avr/3.1.1/cores/MCUdude_corefiles/HardwareSerial.cpp:258
      // Interrupts are disabled, so we'll have to poll the data
      // register empty flag ourselves. If it is set, pretend an
      // interrupt has happened and call the handler to free up
      // space for us.
      if(bit_is_set(*_ucsra, UDRE0))
     546:	e8 89       	ldd	r30, Y+16	; 0x10
     548:	f9 89       	ldd	r31, Y+17	; 0x11
     54a:	80 81       	ld	r24, Z
     54c:	85 ff       	sbrs	r24, 5
     54e:	f5 cf       	rjmp	.-22     	; 0x53a <HardwareSerial::write(unsigned char)+0x5e>
/home/oggy/.arduino15/packages/MiniCore/hardware/avr/3.1.1/cores/MCUdude_corefiles/HardwareSerial.cpp:259
        _tx_udr_empty_irq();
     550:	ce 01       	movw	r24, r28
     552:	0e 94 4c 02 	call	0x498	; 0x498 <HardwareSerial::_tx_udr_empty_irq()>
     556:	f1 cf       	rjmp	.-30     	; 0x53a <HardwareSerial::write(unsigned char)+0x5e>
/home/oggy/.arduino15/packages/MiniCore/hardware/avr/3.1.1/cores/MCUdude_corefiles/HardwareSerial.cpp:265
    } else {
      // nop, the interrupt handler will free up space for us
    }
  }

  _tx_buffer[_tx_buffer_head] = c;
     558:	eb 8d       	ldd	r30, Y+27	; 0x1b
     55a:	ec 0f       	add	r30, r28
     55c:	fd 2f       	mov	r31, r29
     55e:	f1 1d       	adc	r31, r1
     560:	e3 5a       	subi	r30, 0xA3	; 163
     562:	ff 4f       	sbci	r31, 0xFF	; 255
     564:	f0 82       	st	Z, r15
/home/oggy/.arduino15/packages/MiniCore/hardware/avr/3.1.1/cores/MCUdude_corefiles/HardwareSerial.cpp:269
  // make atomic to prevent execution of ISR between setting the
  // head pointer and setting the interrupt flag resulting in buffer
  // retransmission
  ATOMIC_BLOCK(ATOMIC_RESTORESTATE) {
     566:	9f b7       	in	r25, 0x3f	; 63
__iCliRetVal():
/home/oggy/.arduino15/packages/arduino/tools/avr-gcc/7.3.0-atmel3.6.1-arduino7/avr/include/util/atomic.h:50
    return 1;
}

static __inline__ uint8_t __iCliRetVal(void)
{
    cli();
     568:	f8 94       	cli
write():
/home/oggy/.arduino15/packages/MiniCore/hardware/avr/3.1.1/cores/MCUdude_corefiles/HardwareSerial.cpp:270
    _tx_buffer_head = i;
     56a:	0b 8f       	std	Y+27, r16	; 0x1b
/home/oggy/.arduino15/packages/MiniCore/hardware/avr/3.1.1/cores/MCUdude_corefiles/HardwareSerial.cpp:271
    *_ucsrb |= _BV(UDRIE0);
     56c:	ea 89       	ldd	r30, Y+18	; 0x12
     56e:	fb 89       	ldd	r31, Y+19	; 0x13
     570:	80 81       	ld	r24, Z
     572:	80 62       	ori	r24, 0x20	; 32
     574:	cf cf       	rjmp	.-98     	; 0x514 <HardwareSerial::write(unsigned char)+0x38>

00000576 <HardwareSerial::flush()>:
flush():
/home/oggy/.arduino15/packages/MiniCore/hardware/avr/3.1.1/cores/MCUdude_corefiles/HardwareSerial.cpp:203
  if (head >= tail) return SERIAL_TX_BUFFER_SIZE - 1 - head + tail;
  return tail - head - 1;
}

void HardwareSerial::flush()
{
     576:	cf 93       	push	r28
     578:	df 93       	push	r29
     57a:	ec 01       	movw	r28, r24
/home/oggy/.arduino15/packages/MiniCore/hardware/avr/3.1.1/cores/MCUdude_corefiles/HardwareSerial.cpp:207
  // If we have never written a byte, no need to flush. This special
  // case is needed since there is no way to force the TXC (transmit
  // complete) bit to 1 during initialization
  if (!_written)
     57c:	88 8d       	ldd	r24, Y+24	; 0x18
     57e:	88 23       	and	r24, r24
     580:	b9 f0       	breq	.+46     	; 0x5b0 <HardwareSerial::flush()+0x3a>
/home/oggy/.arduino15/packages/MiniCore/hardware/avr/3.1.1/cores/MCUdude_corefiles/HardwareSerial.cpp:210
    return;

  while (bit_is_set(*_ucsrb, UDRIE0) || bit_is_clear(*_ucsra, TXC0)) {
     582:	aa 89       	ldd	r26, Y+18	; 0x12
     584:	bb 89       	ldd	r27, Y+19	; 0x13
     586:	e8 89       	ldd	r30, Y+16	; 0x10
     588:	f9 89       	ldd	r31, Y+17	; 0x11
     58a:	8c 91       	ld	r24, X
     58c:	85 fd       	sbrc	r24, 5
     58e:	03 c0       	rjmp	.+6      	; 0x596 <HardwareSerial::flush()+0x20>
     590:	80 81       	ld	r24, Z
     592:	86 fd       	sbrc	r24, 6
     594:	0d c0       	rjmp	.+26     	; 0x5b0 <HardwareSerial::flush()+0x3a>
/home/oggy/.arduino15/packages/MiniCore/hardware/avr/3.1.1/cores/MCUdude_corefiles/HardwareSerial.cpp:211
    if (bit_is_clear(SREG, SREG_I) && bit_is_set(*_ucsrb, UDRIE0))
     596:	0f b6       	in	r0, 0x3f	; 63
     598:	07 fc       	sbrc	r0, 7
     59a:	f7 cf       	rjmp	.-18     	; 0x58a <HardwareSerial::flush()+0x14>
     59c:	8c 91       	ld	r24, X
     59e:	85 ff       	sbrs	r24, 5
     5a0:	f2 cf       	rjmp	.-28     	; 0x586 <HardwareSerial::flush()+0x10>
/home/oggy/.arduino15/packages/MiniCore/hardware/avr/3.1.1/cores/MCUdude_corefiles/HardwareSerial.cpp:215
      // Interrupts are globally disabled, but the DR empty
      // interrupt should be enabled, so poll the DR empty flag to
      // prevent deadlock
      if (bit_is_set(*_ucsra, UDRE0))
     5a2:	80 81       	ld	r24, Z
     5a4:	85 ff       	sbrs	r24, 5
     5a6:	ed cf       	rjmp	.-38     	; 0x582 <HardwareSerial::flush()+0xc>
/home/oggy/.arduino15/packages/MiniCore/hardware/avr/3.1.1/cores/MCUdude_corefiles/HardwareSerial.cpp:216
        _tx_udr_empty_irq();
     5a8:	ce 01       	movw	r24, r28
     5aa:	0e 94 4c 02 	call	0x498	; 0x498 <HardwareSerial::_tx_udr_empty_irq()>
     5ae:	e9 cf       	rjmp	.-46     	; 0x582 <HardwareSerial::flush()+0xc>
/home/oggy/.arduino15/packages/MiniCore/hardware/avr/3.1.1/cores/MCUdude_corefiles/HardwareSerial.cpp:220
  }
  // If we get here, nothing is queued anymore (DRIE is disabled) and
  // the hardware finished tranmission (TXC is set).
}
     5b0:	df 91       	pop	r29
     5b2:	cf 91       	pop	r28
     5b4:	08 95       	ret

000005b6 <LiquidCrystal::pulseEnable()>:
pulseEnable():
/home/oggy/Arduino/libraries/LiquidCrystal/src/LiquidCrystal.cpp:303
    write4bits(value>>4);
    write4bits(value);
  }
}

void LiquidCrystal::pulseEnable(void) {
     5b6:	cf 93       	push	r28
     5b8:	df 93       	push	r29
     5ba:	ec 01       	movw	r28, r24
/home/oggy/Arduino/libraries/LiquidCrystal/src/LiquidCrystal.cpp:304
  digitalWrite(_enable_pin, LOW);
     5bc:	60 e0       	ldi	r22, 0x00	; 0
     5be:	8e 81       	ldd	r24, Y+6	; 0x06
     5c0:	0e 94 e6 00 	call	0x1cc	; 0x1cc <digitalWrite>
/home/oggy/Arduino/libraries/LiquidCrystal/src/LiquidCrystal.cpp:305
  delayMicroseconds(1);    
     5c4:	81 e0       	ldi	r24, 0x01	; 1
     5c6:	90 e0       	ldi	r25, 0x00	; 0
     5c8:	0e 94 50 01 	call	0x2a0	; 0x2a0 <delayMicroseconds>
/home/oggy/Arduino/libraries/LiquidCrystal/src/LiquidCrystal.cpp:306
  digitalWrite(_enable_pin, HIGH);
     5cc:	61 e0       	ldi	r22, 0x01	; 1
     5ce:	8e 81       	ldd	r24, Y+6	; 0x06
     5d0:	0e 94 e6 00 	call	0x1cc	; 0x1cc <digitalWrite>
/home/oggy/Arduino/libraries/LiquidCrystal/src/LiquidCrystal.cpp:307
  delayMicroseconds(1);    // enable pulse must be >450ns
     5d4:	81 e0       	ldi	r24, 0x01	; 1
     5d6:	90 e0       	ldi	r25, 0x00	; 0
     5d8:	0e 94 50 01 	call	0x2a0	; 0x2a0 <delayMicroseconds>
/home/oggy/Arduino/libraries/LiquidCrystal/src/LiquidCrystal.cpp:308
  digitalWrite(_enable_pin, LOW);
     5dc:	60 e0       	ldi	r22, 0x00	; 0
     5de:	8e 81       	ldd	r24, Y+6	; 0x06
     5e0:	0e 94 e6 00 	call	0x1cc	; 0x1cc <digitalWrite>
/home/oggy/Arduino/libraries/LiquidCrystal/src/LiquidCrystal.cpp:309
  delayMicroseconds(100);   // commands need > 37us to settle
     5e4:	84 e6       	ldi	r24, 0x64	; 100
     5e6:	90 e0       	ldi	r25, 0x00	; 0
/home/oggy/Arduino/libraries/LiquidCrystal/src/LiquidCrystal.cpp:310
}
     5e8:	df 91       	pop	r29
     5ea:	cf 91       	pop	r28
/home/oggy/Arduino/libraries/LiquidCrystal/src/LiquidCrystal.cpp:309
  digitalWrite(_enable_pin, LOW);
  delayMicroseconds(1);    
  digitalWrite(_enable_pin, HIGH);
  delayMicroseconds(1);    // enable pulse must be >450ns
  digitalWrite(_enable_pin, LOW);
  delayMicroseconds(100);   // commands need > 37us to settle
     5ec:	0c 94 50 01 	jmp	0x2a0	; 0x2a0 <delayMicroseconds>

000005f0 <LiquidCrystal::write4bits(unsigned char)>:
write4bits():
/home/oggy/Arduino/libraries/LiquidCrystal/src/LiquidCrystal.cpp:312
}

void LiquidCrystal::write4bits(uint8_t value) {
     5f0:	cf 92       	push	r12
     5f2:	df 92       	push	r13
     5f4:	ef 92       	push	r14
     5f6:	ff 92       	push	r15
     5f8:	0f 93       	push	r16
     5fa:	1f 93       	push	r17
     5fc:	cf 93       	push	r28
     5fe:	df 93       	push	r29
     600:	6c 01       	movw	r12, r24
     602:	7c 01       	movw	r14, r24
     604:	87 e0       	ldi	r24, 0x07	; 7
     606:	e8 0e       	add	r14, r24
     608:	f1 1c       	adc	r15, r1
/home/oggy/Arduino/libraries/LiquidCrystal/src/LiquidCrystal.cpp:313
  for (int i = 0; i < 4; i++) {
     60a:	d0 e0       	ldi	r29, 0x00	; 0
     60c:	c0 e0       	ldi	r28, 0x00	; 0
/home/oggy/Arduino/libraries/LiquidCrystal/src/LiquidCrystal.cpp:314
    digitalWrite(_data_pins[i], (value >> i) & 0x01);
     60e:	06 2f       	mov	r16, r22
     610:	10 e0       	ldi	r17, 0x00	; 0
     612:	b8 01       	movw	r22, r16
     614:	0c 2e       	mov	r0, r28
     616:	02 c0       	rjmp	.+4      	; 0x61c <LiquidCrystal::write4bits(unsigned char)+0x2c>
     618:	75 95       	asr	r23
     61a:	67 95       	ror	r22
     61c:	0a 94       	dec	r0
     61e:	e2 f7       	brpl	.-8      	; 0x618 <LiquidCrystal::write4bits(unsigned char)+0x28>
     620:	61 70       	andi	r22, 0x01	; 1
     622:	f7 01       	movw	r30, r14
     624:	81 91       	ld	r24, Z+
     626:	7f 01       	movw	r14, r30
     628:	0e 94 e6 00 	call	0x1cc	; 0x1cc <digitalWrite>
/home/oggy/Arduino/libraries/LiquidCrystal/src/LiquidCrystal.cpp:313
  digitalWrite(_enable_pin, LOW);
  delayMicroseconds(100);   // commands need > 37us to settle
}

void LiquidCrystal::write4bits(uint8_t value) {
  for (int i = 0; i < 4; i++) {
     62c:	21 96       	adiw	r28, 0x01	; 1
     62e:	c4 30       	cpi	r28, 0x04	; 4
     630:	d1 05       	cpc	r29, r1
     632:	79 f7       	brne	.-34     	; 0x612 <LiquidCrystal::write4bits(unsigned char)+0x22>
/home/oggy/Arduino/libraries/LiquidCrystal/src/LiquidCrystal.cpp:317
    digitalWrite(_data_pins[i], (value >> i) & 0x01);
  }

  pulseEnable();
     634:	c6 01       	movw	r24, r12
/home/oggy/Arduino/libraries/LiquidCrystal/src/LiquidCrystal.cpp:318
}
     636:	df 91       	pop	r29
     638:	cf 91       	pop	r28
     63a:	1f 91       	pop	r17
     63c:	0f 91       	pop	r16
     63e:	ff 90       	pop	r15
     640:	ef 90       	pop	r14
     642:	df 90       	pop	r13
     644:	cf 90       	pop	r12
/home/oggy/Arduino/libraries/LiquidCrystal/src/LiquidCrystal.cpp:317
void LiquidCrystal::write4bits(uint8_t value) {
  for (int i = 0; i < 4; i++) {
    digitalWrite(_data_pins[i], (value >> i) & 0x01);
  }

  pulseEnable();
     646:	0c 94 db 02 	jmp	0x5b6	; 0x5b6 <LiquidCrystal::pulseEnable()>

0000064a <LiquidCrystal::send(unsigned char, unsigned char)>:
send():
/home/oggy/Arduino/libraries/LiquidCrystal/src/LiquidCrystal.cpp:287
}

/************ low level data pushing commands **********/

// write either command or data, with automatic 4/8-bit selection
void LiquidCrystal::send(uint8_t value, uint8_t mode) {
     64a:	cf 92       	push	r12
     64c:	df 92       	push	r13
     64e:	ef 92       	push	r14
     650:	ff 92       	push	r15
     652:	0f 93       	push	r16
     654:	1f 93       	push	r17
     656:	cf 93       	push	r28
     658:	df 93       	push	r29
     65a:	ec 01       	movw	r28, r24
     65c:	f6 2e       	mov	r15, r22
/home/oggy/Arduino/libraries/LiquidCrystal/src/LiquidCrystal.cpp:288
  digitalWrite(_rs_pin, mode);
     65e:	64 2f       	mov	r22, r20
     660:	8c 81       	ldd	r24, Y+4	; 0x04
     662:	0e 94 e6 00 	call	0x1cc	; 0x1cc <digitalWrite>
/home/oggy/Arduino/libraries/LiquidCrystal/src/LiquidCrystal.cpp:291

  // if there is a RW pin indicated, set it low to Write
  if (_rw_pin != 255) { 
     666:	8d 81       	ldd	r24, Y+5	; 0x05
     668:	8f 3f       	cpi	r24, 0xFF	; 255
     66a:	19 f0       	breq	.+6      	; 0x672 <LiquidCrystal::send(unsigned char, unsigned char)+0x28>
/home/oggy/Arduino/libraries/LiquidCrystal/src/LiquidCrystal.cpp:292
    digitalWrite(_rw_pin, LOW);
     66c:	60 e0       	ldi	r22, 0x00	; 0
     66e:	0e 94 e6 00 	call	0x1cc	; 0x1cc <digitalWrite>
     672:	0f 2d       	mov	r16, r15
     674:	10 e0       	ldi	r17, 0x00	; 0
/home/oggy/Arduino/libraries/LiquidCrystal/src/LiquidCrystal.cpp:295
  }
  
  if (_displayfunction & LCD_8BITMODE) {
     676:	8f 85       	ldd	r24, Y+15	; 0x0f
     678:	84 ff       	sbrs	r24, 4
     67a:	25 c0       	rjmp	.+74     	; 0x6c6 <LiquidCrystal::send(unsigned char, unsigned char)+0x7c>
     67c:	6e 01       	movw	r12, r28
     67e:	87 e0       	ldi	r24, 0x07	; 7
     680:	c8 0e       	add	r12, r24
     682:	d1 1c       	adc	r13, r1
/home/oggy/Arduino/libraries/LiquidCrystal/src/LiquidCrystal.cpp:321

  pulseEnable();
}

void LiquidCrystal::write8bits(uint8_t value) {
  for (int i = 0; i < 8; i++) {
     684:	f1 2c       	mov	r15, r1
     686:	e1 2c       	mov	r14, r1
write8bits():
/home/oggy/Arduino/libraries/LiquidCrystal/src/LiquidCrystal.cpp:322
    digitalWrite(_data_pins[i], (value >> i) & 0x01);
     688:	b8 01       	movw	r22, r16
     68a:	0e 2c       	mov	r0, r14
     68c:	02 c0       	rjmp	.+4      	; 0x692 <LiquidCrystal::send(unsigned char, unsigned char)+0x48>
     68e:	75 95       	asr	r23
     690:	67 95       	ror	r22
     692:	0a 94       	dec	r0
     694:	e2 f7       	brpl	.-8      	; 0x68e <LiquidCrystal::send(unsigned char, unsigned char)+0x44>
     696:	61 70       	andi	r22, 0x01	; 1
     698:	f6 01       	movw	r30, r12
     69a:	81 91       	ld	r24, Z+
     69c:	6f 01       	movw	r12, r30
     69e:	0e 94 e6 00 	call	0x1cc	; 0x1cc <digitalWrite>
/home/oggy/Arduino/libraries/LiquidCrystal/src/LiquidCrystal.cpp:321

  pulseEnable();
}

void LiquidCrystal::write8bits(uint8_t value) {
  for (int i = 0; i < 8; i++) {
     6a2:	ff ef       	ldi	r31, 0xFF	; 255
     6a4:	ef 1a       	sub	r14, r31
     6a6:	ff 0a       	sbc	r15, r31
     6a8:	88 e0       	ldi	r24, 0x08	; 8
     6aa:	e8 16       	cp	r14, r24
     6ac:	f1 04       	cpc	r15, r1
     6ae:	61 f7       	brne	.-40     	; 0x688 <LiquidCrystal::send(unsigned char, unsigned char)+0x3e>
/home/oggy/Arduino/libraries/LiquidCrystal/src/LiquidCrystal.cpp:325
    digitalWrite(_data_pins[i], (value >> i) & 0x01);
  }
  
  pulseEnable();
     6b0:	ce 01       	movw	r24, r28
send():
/home/oggy/Arduino/libraries/LiquidCrystal/src/LiquidCrystal.cpp:301
    write8bits(value); 
  } else {
    write4bits(value>>4);
    write4bits(value);
  }
}
     6b2:	df 91       	pop	r29
     6b4:	cf 91       	pop	r28
     6b6:	1f 91       	pop	r17
     6b8:	0f 91       	pop	r16
     6ba:	ff 90       	pop	r15
     6bc:	ef 90       	pop	r14
     6be:	df 90       	pop	r13
     6c0:	cf 90       	pop	r12
write8bits():
/home/oggy/Arduino/libraries/LiquidCrystal/src/LiquidCrystal.cpp:325
void LiquidCrystal::write8bits(uint8_t value) {
  for (int i = 0; i < 8; i++) {
    digitalWrite(_data_pins[i], (value >> i) & 0x01);
  }
  
  pulseEnable();
     6c2:	0c 94 db 02 	jmp	0x5b6	; 0x5b6 <LiquidCrystal::pulseEnable()>
send():
/home/oggy/Arduino/libraries/LiquidCrystal/src/LiquidCrystal.cpp:298
  }
  
  if (_displayfunction & LCD_8BITMODE) {
    write8bits(value); 
  } else {
    write4bits(value>>4);
     6c6:	b8 01       	movw	r22, r16
     6c8:	84 e0       	ldi	r24, 0x04	; 4
     6ca:	75 95       	asr	r23
     6cc:	67 95       	ror	r22
     6ce:	8a 95       	dec	r24
     6d0:	e1 f7       	brne	.-8      	; 0x6ca <LiquidCrystal::send(unsigned char, unsigned char)+0x80>
     6d2:	ce 01       	movw	r24, r28
     6d4:	0e 94 f8 02 	call	0x5f0	; 0x5f0 <LiquidCrystal::write4bits(unsigned char)>
/home/oggy/Arduino/libraries/LiquidCrystal/src/LiquidCrystal.cpp:299
    write4bits(value);
     6d8:	6f 2d       	mov	r22, r15
     6da:	ce 01       	movw	r24, r28
/home/oggy/Arduino/libraries/LiquidCrystal/src/LiquidCrystal.cpp:301
  }
}
     6dc:	df 91       	pop	r29
     6de:	cf 91       	pop	r28
     6e0:	1f 91       	pop	r17
     6e2:	0f 91       	pop	r16
     6e4:	ff 90       	pop	r15
     6e6:	ef 90       	pop	r14
     6e8:	df 90       	pop	r13
     6ea:	cf 90       	pop	r12
/home/oggy/Arduino/libraries/LiquidCrystal/src/LiquidCrystal.cpp:299
  
  if (_displayfunction & LCD_8BITMODE) {
    write8bits(value); 
  } else {
    write4bits(value>>4);
    write4bits(value);
     6ec:	0c 94 f8 02 	jmp	0x5f0	; 0x5f0 <LiquidCrystal::write4bits(unsigned char)>

000006f0 <LiquidCrystal::command(unsigned char) [clone .constprop.48]>:
command():
/home/oggy/Arduino/libraries/LiquidCrystal/src/LiquidCrystal.cpp:276
}

/*********** mid level commands, for sending data/cmds */

inline void LiquidCrystal::command(uint8_t value) {
  send(value, LOW);
     6f0:	40 e0       	ldi	r20, 0x00	; 0
     6f2:	68 2f       	mov	r22, r24
     6f4:	82 ef       	ldi	r24, 0xF2	; 242
     6f6:	96 e0       	ldi	r25, 0x06	; 6
     6f8:	0c 94 25 03 	jmp	0x64a	; 0x64a <LiquidCrystal::send(unsigned char, unsigned char)>

000006fc <LiquidCrystal::clear() [clone .constprop.47]>:
clear():
/home/oggy/Arduino/libraries/LiquidCrystal/src/LiquidCrystal.cpp:178
}

/********** high level commands, for the user! */
void LiquidCrystal::clear()
{
  command(LCD_CLEARDISPLAY);  // clear display, set cursor position to zero
     6fc:	81 e0       	ldi	r24, 0x01	; 1
     6fe:	0e 94 78 03 	call	0x6f0	; 0x6f0 <LiquidCrystal::command(unsigned char) [clone .constprop.48]>
/home/oggy/Arduino/libraries/LiquidCrystal/src/LiquidCrystal.cpp:179
  delayMicroseconds(2000);  // this command takes a long time!
     702:	80 ed       	ldi	r24, 0xD0	; 208
     704:	97 e0       	ldi	r25, 0x07	; 7
     706:	0c 94 50 01 	jmp	0x2a0	; 0x2a0 <delayMicroseconds>

0000070a <LiquidCrystal::begin(unsigned char, unsigned char, unsigned char) [clone .constprop.45]>:
begin():
/home/oggy/Arduino/libraries/LiquidCrystal/src/LiquidCrystal.cpp:78
    _displayfunction = LCD_8BITMODE | LCD_1LINE | LCD_5x8DOTS;
  
  begin(16, 1);  
}

void LiquidCrystal::begin(uint8_t cols, uint8_t lines, uint8_t dotsize) {
     70a:	cf 93       	push	r28
     70c:	df 93       	push	r29
/home/oggy/Arduino/libraries/LiquidCrystal/src/LiquidCrystal.cpp:79
  if (lines > 1) {
     70e:	82 30       	cpi	r24, 0x02	; 2
     710:	29 f4       	brne	.+10     	; 0x71c <LiquidCrystal::begin(unsigned char, unsigned char, unsigned char) [clone .constprop.45]+0x12>
/home/oggy/Arduino/libraries/LiquidCrystal/src/LiquidCrystal.cpp:80
    _displayfunction |= LCD_2LINE;
     712:	90 91 01 07 	lds	r25, 0x0701	; 0x800701 <lcd+0xf>
     716:	98 60       	ori	r25, 0x08	; 8
     718:	90 93 01 07 	sts	0x0701, r25	; 0x800701 <lcd+0xf>
/home/oggy/Arduino/libraries/LiquidCrystal/src/LiquidCrystal.cpp:82
  }
  _numlines = lines;
     71c:	80 93 05 07 	sts	0x0705, r24	; 0x800705 <lcd+0x13>
setRowOffsets():
/home/oggy/Arduino/libraries/LiquidCrystal/src/LiquidCrystal.cpp:169

}

void LiquidCrystal::setRowOffsets(int row0, int row1, int row2, int row3)
{
  _row_offsets[0] = row0;
     720:	10 92 06 07 	sts	0x0706, r1	; 0x800706 <lcd+0x14>
/home/oggy/Arduino/libraries/LiquidCrystal/src/LiquidCrystal.cpp:170
  _row_offsets[1] = row1;
     724:	80 e4       	ldi	r24, 0x40	; 64
     726:	80 93 07 07 	sts	0x0707, r24	; 0x800707 <lcd+0x15>
/home/oggy/Arduino/libraries/LiquidCrystal/src/LiquidCrystal.cpp:171
  _row_offsets[2] = row2;
     72a:	80 e1       	ldi	r24, 0x10	; 16
     72c:	80 93 08 07 	sts	0x0708, r24	; 0x800708 <lcd+0x16>
/home/oggy/Arduino/libraries/LiquidCrystal/src/LiquidCrystal.cpp:172
  _row_offsets[3] = row3;
     730:	80 e5       	ldi	r24, 0x50	; 80
     732:	80 93 09 07 	sts	0x0709, r24	; 0x800709 <lcd+0x17>
begin():
/home/oggy/Arduino/libraries/LiquidCrystal/src/LiquidCrystal.cpp:91
  // for some 1 line displays you can select a 10 pixel high font
  if ((dotsize != LCD_5x8DOTS) && (lines == 1)) {
    _displayfunction |= LCD_5x10DOTS;
  }

  pinMode(_rs_pin, OUTPUT);
     736:	61 e0       	ldi	r22, 0x01	; 1
     738:	80 91 f6 06 	lds	r24, 0x06F6	; 0x8006f6 <lcd+0x4>
     73c:	0e 94 14 01 	call	0x228	; 0x228 <pinMode>
/home/oggy/Arduino/libraries/LiquidCrystal/src/LiquidCrystal.cpp:93
  // we can save 1 pin by not using RW. Indicate by passing 255 instead of pin#
  if (_rw_pin != 255) { 
     740:	80 91 f7 06 	lds	r24, 0x06F7	; 0x8006f7 <lcd+0x5>
     744:	8f 3f       	cpi	r24, 0xFF	; 255
     746:	19 f0       	breq	.+6      	; 0x74e <LiquidCrystal::begin(unsigned char, unsigned char, unsigned char) [clone .constprop.45]+0x44>
/home/oggy/Arduino/libraries/LiquidCrystal/src/LiquidCrystal.cpp:94
    pinMode(_rw_pin, OUTPUT);
     748:	61 e0       	ldi	r22, 0x01	; 1
     74a:	0e 94 14 01 	call	0x228	; 0x228 <pinMode>
/home/oggy/Arduino/libraries/LiquidCrystal/src/LiquidCrystal.cpp:96
  }
  pinMode(_enable_pin, OUTPUT);
     74e:	61 e0       	ldi	r22, 0x01	; 1
     750:	80 91 f8 06 	lds	r24, 0x06F8	; 0x8006f8 <lcd+0x6>
     754:	0e 94 14 01 	call	0x228	; 0x228 <pinMode>
     758:	c2 ef       	ldi	r28, 0xF2	; 242
     75a:	d6 e0       	ldi	r29, 0x06	; 6
     75c:	9e 01       	movw	r18, r28
     75e:	22 5f       	subi	r18, 0xF2	; 242
     760:	36 40       	sbci	r19, 0x06	; 6
/home/oggy/Arduino/libraries/LiquidCrystal/src/LiquidCrystal.cpp:99
  
  // Do these once, instead of every time a character is drawn for speed reasons.
  for (int i=0; i<((_displayfunction & LCD_8BITMODE) ? 8 : 4); ++i)
     762:	80 91 01 07 	lds	r24, 0x0701	; 0x800701 <lcd+0xf>
     766:	84 fd       	sbrc	r24, 4
     768:	0b c0       	rjmp	.+22     	; 0x780 <LiquidCrystal::begin(unsigned char, unsigned char, unsigned char) [clone .constprop.45]+0x76>
     76a:	84 e0       	ldi	r24, 0x04	; 4
     76c:	90 e0       	ldi	r25, 0x00	; 0
     76e:	21 96       	adiw	r28, 0x01	; 1
     770:	28 17       	cp	r18, r24
     772:	39 07       	cpc	r19, r25
     774:	44 f4       	brge	.+16     	; 0x786 <LiquidCrystal::begin(unsigned char, unsigned char, unsigned char) [clone .constprop.45]+0x7c>
/home/oggy/Arduino/libraries/LiquidCrystal/src/LiquidCrystal.cpp:101
  {
    pinMode(_data_pins[i], OUTPUT);
     776:	61 e0       	ldi	r22, 0x01	; 1
     778:	8e 81       	ldd	r24, Y+6	; 0x06
     77a:	0e 94 14 01 	call	0x228	; 0x228 <pinMode>
     77e:	ee cf       	rjmp	.-36     	; 0x75c <LiquidCrystal::begin(unsigned char, unsigned char, unsigned char) [clone .constprop.45]+0x52>
/home/oggy/Arduino/libraries/LiquidCrystal/src/LiquidCrystal.cpp:99
    pinMode(_rw_pin, OUTPUT);
  }
  pinMode(_enable_pin, OUTPUT);
  
  // Do these once, instead of every time a character is drawn for speed reasons.
  for (int i=0; i<((_displayfunction & LCD_8BITMODE) ? 8 : 4); ++i)
     780:	88 e0       	ldi	r24, 0x08	; 8
     782:	90 e0       	ldi	r25, 0x00	; 0
     784:	f4 cf       	rjmp	.-24     	; 0x76e <LiquidCrystal::begin(unsigned char, unsigned char, unsigned char) [clone .constprop.45]+0x64>
/home/oggy/Arduino/libraries/LiquidCrystal/src/LiquidCrystal.cpp:107
   } 

  // SEE PAGE 45/46 FOR INITIALIZATION SPECIFICATION!
  // according to datasheet, we need at least 40ms after power rises above 2.7V
  // before sending commands. Arduino can turn on way before 4.5V so we'll wait 50
  delayMicroseconds(50000); 
     786:	80 e5       	ldi	r24, 0x50	; 80
     788:	93 ec       	ldi	r25, 0xC3	; 195
     78a:	0e 94 50 01 	call	0x2a0	; 0x2a0 <delayMicroseconds>
/home/oggy/Arduino/libraries/LiquidCrystal/src/LiquidCrystal.cpp:109
  // Now we pull both RS and R/W low to begin commands
  digitalWrite(_rs_pin, LOW);
     78e:	60 e0       	ldi	r22, 0x00	; 0
     790:	80 91 f6 06 	lds	r24, 0x06F6	; 0x8006f6 <lcd+0x4>
     794:	0e 94 e6 00 	call	0x1cc	; 0x1cc <digitalWrite>
/home/oggy/Arduino/libraries/LiquidCrystal/src/LiquidCrystal.cpp:110
  digitalWrite(_enable_pin, LOW);
     798:	60 e0       	ldi	r22, 0x00	; 0
     79a:	80 91 f8 06 	lds	r24, 0x06F8	; 0x8006f8 <lcd+0x6>
     79e:	0e 94 e6 00 	call	0x1cc	; 0x1cc <digitalWrite>
/home/oggy/Arduino/libraries/LiquidCrystal/src/LiquidCrystal.cpp:111
  if (_rw_pin != 255) { 
     7a2:	80 91 f7 06 	lds	r24, 0x06F7	; 0x8006f7 <lcd+0x5>
     7a6:	8f 3f       	cpi	r24, 0xFF	; 255
     7a8:	19 f0       	breq	.+6      	; 0x7b0 <LiquidCrystal::begin(unsigned char, unsigned char, unsigned char) [clone .constprop.45]+0xa6>
/home/oggy/Arduino/libraries/LiquidCrystal/src/LiquidCrystal.cpp:112
    digitalWrite(_rw_pin, LOW);
     7aa:	60 e0       	ldi	r22, 0x00	; 0
     7ac:	0e 94 e6 00 	call	0x1cc	; 0x1cc <digitalWrite>
/home/oggy/Arduino/libraries/LiquidCrystal/src/LiquidCrystal.cpp:116
  }
  
  //put the LCD into 4 bit or 8 bit mode
  if (! (_displayfunction & LCD_8BITMODE)) {
     7b0:	80 91 01 07 	lds	r24, 0x0701	; 0x800701 <lcd+0xf>
     7b4:	84 fd       	sbrc	r24, 4
     7b6:	35 c0       	rjmp	.+106    	; 0x822 <LiquidCrystal::begin(unsigned char, unsigned char, unsigned char) [clone .constprop.45]+0x118>
/home/oggy/Arduino/libraries/LiquidCrystal/src/LiquidCrystal.cpp:121
    // this is according to the hitachi HD44780 datasheet
    // figure 24, pg 46

    // we start in 8bit mode, try to set 4 bit mode
    write4bits(0x03);
     7b8:	63 e0       	ldi	r22, 0x03	; 3
     7ba:	82 ef       	ldi	r24, 0xF2	; 242
     7bc:	96 e0       	ldi	r25, 0x06	; 6
     7be:	0e 94 f8 02 	call	0x5f0	; 0x5f0 <LiquidCrystal::write4bits(unsigned char)>
/home/oggy/Arduino/libraries/LiquidCrystal/src/LiquidCrystal.cpp:122
    delayMicroseconds(4500); // wait min 4.1ms
     7c2:	84 e9       	ldi	r24, 0x94	; 148
     7c4:	91 e1       	ldi	r25, 0x11	; 17
     7c6:	0e 94 50 01 	call	0x2a0	; 0x2a0 <delayMicroseconds>
/home/oggy/Arduino/libraries/LiquidCrystal/src/LiquidCrystal.cpp:125

    // second try
    write4bits(0x03);
     7ca:	63 e0       	ldi	r22, 0x03	; 3
     7cc:	82 ef       	ldi	r24, 0xF2	; 242
     7ce:	96 e0       	ldi	r25, 0x06	; 6
     7d0:	0e 94 f8 02 	call	0x5f0	; 0x5f0 <LiquidCrystal::write4bits(unsigned char)>
/home/oggy/Arduino/libraries/LiquidCrystal/src/LiquidCrystal.cpp:126
    delayMicroseconds(4500); // wait min 4.1ms
     7d4:	84 e9       	ldi	r24, 0x94	; 148
     7d6:	91 e1       	ldi	r25, 0x11	; 17
     7d8:	0e 94 50 01 	call	0x2a0	; 0x2a0 <delayMicroseconds>
/home/oggy/Arduino/libraries/LiquidCrystal/src/LiquidCrystal.cpp:129
    
    // third go!
    write4bits(0x03); 
     7dc:	63 e0       	ldi	r22, 0x03	; 3
     7de:	82 ef       	ldi	r24, 0xF2	; 242
     7e0:	96 e0       	ldi	r25, 0x06	; 6
     7e2:	0e 94 f8 02 	call	0x5f0	; 0x5f0 <LiquidCrystal::write4bits(unsigned char)>
/home/oggy/Arduino/libraries/LiquidCrystal/src/LiquidCrystal.cpp:130
    delayMicroseconds(150);
     7e6:	86 e9       	ldi	r24, 0x96	; 150
     7e8:	90 e0       	ldi	r25, 0x00	; 0
     7ea:	0e 94 50 01 	call	0x2a0	; 0x2a0 <delayMicroseconds>
/home/oggy/Arduino/libraries/LiquidCrystal/src/LiquidCrystal.cpp:133

    // finally, set to 4-bit interface
    write4bits(0x02); 
     7ee:	62 e0       	ldi	r22, 0x02	; 2
     7f0:	82 ef       	ldi	r24, 0xF2	; 242
     7f2:	96 e0       	ldi	r25, 0x06	; 6
     7f4:	0e 94 f8 02 	call	0x5f0	; 0x5f0 <LiquidCrystal::write4bits(unsigned char)>
/home/oggy/Arduino/libraries/LiquidCrystal/src/LiquidCrystal.cpp:151
    // third go
    command(LCD_FUNCTIONSET | _displayfunction);
  }

  // finally, set # lines, font size, etc.
  command(LCD_FUNCTIONSET | _displayfunction);  
     7f8:	80 91 01 07 	lds	r24, 0x0701	; 0x800701 <lcd+0xf>
     7fc:	80 62       	ori	r24, 0x20	; 32
     7fe:	0e 94 78 03 	call	0x6f0	; 0x6f0 <LiquidCrystal::command(unsigned char) [clone .constprop.48]>
/home/oggy/Arduino/libraries/LiquidCrystal/src/LiquidCrystal.cpp:154

  // turn the display on with no cursor or blinking default
  _displaycontrol = LCD_DISPLAYON | LCD_CURSOROFF | LCD_BLINKOFF;  
     802:	84 e0       	ldi	r24, 0x04	; 4
     804:	80 93 02 07 	sts	0x0702, r24	; 0x800702 <lcd+0x10>
display():
/home/oggy/Arduino/libraries/LiquidCrystal/src/LiquidCrystal.cpp:208
  _displaycontrol &= ~LCD_DISPLAYON;
  command(LCD_DISPLAYCONTROL | _displaycontrol);
}
void LiquidCrystal::display() {
  _displaycontrol |= LCD_DISPLAYON;
  command(LCD_DISPLAYCONTROL | _displaycontrol);
     808:	8c e0       	ldi	r24, 0x0C	; 12
     80a:	0e 94 78 03 	call	0x6f0	; 0x6f0 <LiquidCrystal::command(unsigned char) [clone .constprop.48]>
begin():
/home/oggy/Arduino/libraries/LiquidCrystal/src/LiquidCrystal.cpp:158
  // turn the display on with no cursor or blinking default
  _displaycontrol = LCD_DISPLAYON | LCD_CURSOROFF | LCD_BLINKOFF;  
  display();

  // clear it off
  clear();
     80e:	0e 94 7e 03 	call	0x6fc	; 0x6fc <LiquidCrystal::clear() [clone .constprop.47]>
/home/oggy/Arduino/libraries/LiquidCrystal/src/LiquidCrystal.cpp:161

  // Initialize to default text direction (for romance languages)
  _displaymode = LCD_ENTRYLEFT | LCD_ENTRYSHIFTDECREMENT;
     812:	82 e0       	ldi	r24, 0x02	; 2
     814:	80 93 03 07 	sts	0x0703, r24	; 0x800703 <lcd+0x11>
/home/oggy/Arduino/libraries/LiquidCrystal/src/LiquidCrystal.cpp:163
  // set the entry mode
  command(LCD_ENTRYMODESET | _displaymode);
     818:	86 e0       	ldi	r24, 0x06	; 6
/home/oggy/Arduino/libraries/LiquidCrystal/src/LiquidCrystal.cpp:165

}
     81a:	df 91       	pop	r29
     81c:	cf 91       	pop	r28
/home/oggy/Arduino/libraries/LiquidCrystal/src/LiquidCrystal.cpp:163
  clear();

  // Initialize to default text direction (for romance languages)
  _displaymode = LCD_ENTRYLEFT | LCD_ENTRYSHIFTDECREMENT;
  // set the entry mode
  command(LCD_ENTRYMODESET | _displaymode);
     81e:	0c 94 78 03 	jmp	0x6f0	; 0x6f0 <LiquidCrystal::command(unsigned char) [clone .constprop.48]>
/home/oggy/Arduino/libraries/LiquidCrystal/src/LiquidCrystal.cpp:139
  } else {
    // this is according to the hitachi HD44780 datasheet
    // page 45 figure 23

    // Send function set command sequence
    command(LCD_FUNCTIONSET | _displayfunction);
     822:	80 62       	ori	r24, 0x20	; 32
     824:	0e 94 78 03 	call	0x6f0	; 0x6f0 <LiquidCrystal::command(unsigned char) [clone .constprop.48]>
/home/oggy/Arduino/libraries/LiquidCrystal/src/LiquidCrystal.cpp:140
    delayMicroseconds(4500);  // wait more than 4.1ms
     828:	84 e9       	ldi	r24, 0x94	; 148
     82a:	91 e1       	ldi	r25, 0x11	; 17
     82c:	0e 94 50 01 	call	0x2a0	; 0x2a0 <delayMicroseconds>
/home/oggy/Arduino/libraries/LiquidCrystal/src/LiquidCrystal.cpp:143

    // second try
    command(LCD_FUNCTIONSET | _displayfunction);
     830:	80 91 01 07 	lds	r24, 0x0701	; 0x800701 <lcd+0xf>
     834:	80 62       	ori	r24, 0x20	; 32
     836:	0e 94 78 03 	call	0x6f0	; 0x6f0 <LiquidCrystal::command(unsigned char) [clone .constprop.48]>
/home/oggy/Arduino/libraries/LiquidCrystal/src/LiquidCrystal.cpp:144
    delayMicroseconds(150);
     83a:	86 e9       	ldi	r24, 0x96	; 150
     83c:	90 e0       	ldi	r25, 0x00	; 0
     83e:	0e 94 50 01 	call	0x2a0	; 0x2a0 <delayMicroseconds>
/home/oggy/Arduino/libraries/LiquidCrystal/src/LiquidCrystal.cpp:147

    // third go
    command(LCD_FUNCTIONSET | _displayfunction);
     842:	80 91 01 07 	lds	r24, 0x0701	; 0x800701 <lcd+0xf>
     846:	80 62       	ori	r24, 0x20	; 32
     848:	0e 94 78 03 	call	0x6f0	; 0x6f0 <LiquidCrystal::command(unsigned char) [clone .constprop.48]>
     84c:	d5 cf       	rjmp	.-86     	; 0x7f8 <LiquidCrystal::begin(unsigned char, unsigned char, unsigned char) [clone .constprop.45]+0xee>

0000084e <LiquidCrystal::setCursor(unsigned char, unsigned char) [clone .constprop.24]>:
setCursor():
/home/oggy/Arduino/libraries/LiquidCrystal/src/LiquidCrystal.cpp:194
{
  const size_t max_lines = sizeof(_row_offsets) / sizeof(*_row_offsets);
  if ( row >= max_lines ) {
    row = max_lines - 1;    // we count rows starting w/0
  }
  if ( row >= _numlines ) {
     84e:	90 91 05 07 	lds	r25, 0x0705	; 0x800705 <lcd+0x13>
     852:	69 17       	cp	r22, r25
     854:	10 f0       	brcs	.+4      	; 0x85a <LiquidCrystal::setCursor(unsigned char, unsigned char) [clone .constprop.24]+0xc>
/home/oggy/Arduino/libraries/LiquidCrystal/src/LiquidCrystal.cpp:195
    row = _numlines - 1;    // we count rows starting w/0
     856:	6f ef       	ldi	r22, 0xFF	; 255
     858:	69 0f       	add	r22, r25
/home/oggy/Arduino/libraries/LiquidCrystal/src/LiquidCrystal.cpp:198
  }
  
  command(LCD_SETDDRAMADDR | (col + _row_offsets[row]));
     85a:	e6 2f       	mov	r30, r22
     85c:	f0 e0       	ldi	r31, 0x00	; 0
     85e:	ee 50       	subi	r30, 0x0E	; 14
     860:	f9 4f       	sbci	r31, 0xF9	; 249
     862:	94 89       	ldd	r25, Z+20	; 0x14
     864:	89 0f       	add	r24, r25
     866:	80 68       	ori	r24, 0x80	; 128
     868:	0c 94 78 03 	jmp	0x6f0	; 0x6f0 <LiquidCrystal::command(unsigned char) [clone .constprop.48]>

0000086c <LiquidCrystal::write(unsigned char)>:
write():
/home/oggy/Arduino/libraries/LiquidCrystal/src/LiquidCrystal.cpp:280
inline void LiquidCrystal::command(uint8_t value) {
  send(value, LOW);
}

inline size_t LiquidCrystal::write(uint8_t value) {
  send(value, HIGH);
     86c:	41 e0       	ldi	r20, 0x01	; 1
     86e:	0e 94 25 03 	call	0x64a	; 0x64a <LiquidCrystal::send(unsigned char, unsigned char)>
/home/oggy/Arduino/libraries/LiquidCrystal/src/LiquidCrystal.cpp:282
  return 1; // assume sucess
}
     872:	81 e0       	ldi	r24, 0x01	; 1
     874:	90 e0       	ldi	r25, 0x00	; 0
     876:	08 95       	ret

00000878 <Print::flush()>:
flush():
/home/oggy/.arduino15/packages/MiniCore/hardware/avr/3.1.1/cores/MCUdude_corefiles/Print.h:65

    // default to zero, meaning "a single write may block"
    // should be overriden by subclasses with buffering
    virtual int availableForWrite() { return 0; }

    virtual void flush() { /* Empty implementation for backward compatibility */ }
     878:	08 95       	ret

0000087a <Print::availableForWrite()>:
availableForWrite():
/home/oggy/.arduino15/packages/MiniCore/hardware/avr/3.1.1/cores/MCUdude_corefiles/Print.h:63
      return write((const uint8_t *)buffer, size);
    }

    // default to zero, meaning "a single write may block"
    // should be overriden by subclasses with buffering
    virtual int availableForWrite() { return 0; }
     87a:	90 e0       	ldi	r25, 0x00	; 0
     87c:	80 e0       	ldi	r24, 0x00	; 0
     87e:	08 95       	ret

00000880 <MFRC522::PICC_ReadCardSerial()>:
PICC_ReadCardSerial():
/home/oggy/Arduino/libraries/MFRC522/src/MFRC522.cpp:1948
 * The read UID is available in the class variable uid.
 * 
 * @return bool
 */
bool MFRC522::PICC_ReadCardSerial() {
	MFRC522::StatusCode result = PICC_Select(&uid);
     880:	bc 01       	movw	r22, r24
     882:	6e 5f       	subi	r22, 0xFE	; 254
     884:	7f 4f       	sbci	r23, 0xFF	; 255
     886:	dc 01       	movw	r26, r24
     888:	ed 91       	ld	r30, X+
     88a:	fc 91       	ld	r31, X
     88c:	01 90       	ld	r0, Z+
     88e:	f0 81       	ld	r31, Z
     890:	e0 2d       	mov	r30, r0
     892:	40 e0       	ldi	r20, 0x00	; 0
     894:	09 95       	icall
/home/oggy/Arduino/libraries/MFRC522/src/MFRC522.cpp:1949
	return (result == STATUS_OK);
     896:	91 e0       	ldi	r25, 0x01	; 1
     898:	81 11       	cpse	r24, r1
     89a:	90 e0       	ldi	r25, 0x00	; 0
/home/oggy/Arduino/libraries/MFRC522/src/MFRC522.cpp:1950
} // End 
     89c:	89 2f       	mov	r24, r25
     89e:	08 95       	ret

000008a0 <SPIClass::endTransaction()>:
endTransaction():
/home/oggy/.arduino15/packages/MiniCore/hardware/avr/3.1.1/libraries/SPI/src/SPI.h:287
      #endif
      {
        SREG = interruptSave;
      }
    }
  }
     8a0:	08 95       	ret

000008a2 <SPIClass::transfer(unsigned char)>:
transfer():
/home/oggy/.arduino15/packages/MiniCore/hardware/avr/3.1.1/libraries/SPI/src/SPI.h:212
    SPSR = settings.spsr;
  }

  // Write to the SPI bus (MOSI pin) and also receive (MISO pin)
  inline static uint8_t transfer(uint8_t data) {
    SPDR = data;
     8a2:	8e bd       	out	0x2e, r24	; 46
/home/oggy/.arduino15/packages/MiniCore/hardware/avr/3.1.1/libraries/SPI/src/SPI.h:219
     * The following NOP introduces a small delay that can prevent the wait
     * loop form iterating when running at the maximum speed. This gives
     * about 10% more speed, even if it seems counter-intuitive. At lower
     * speeds it is unnoticed.
     */
    asm volatile("nop");
     8a4:	00 00       	nop
/home/oggy/.arduino15/packages/MiniCore/hardware/avr/3.1.1/libraries/SPI/src/SPI.h:220
    while (!(SPSR & _BV(SPIF))) ; // wait
     8a6:	0d b4       	in	r0, 0x2d	; 45
     8a8:	07 fe       	sbrs	r0, 7
     8aa:	fd cf       	rjmp	.-6      	; 0x8a6 <SPIClass::transfer(unsigned char)+0x4>
/home/oggy/.arduino15/packages/MiniCore/hardware/avr/3.1.1/libraries/SPI/src/SPI.h:221
    return SPDR;
     8ac:	8e b5       	in	r24, 0x2e	; 46
/home/oggy/.arduino15/packages/MiniCore/hardware/avr/3.1.1/libraries/SPI/src/SPI.h:222
  }
     8ae:	08 95       	ret

000008b0 <MFRC522::PCD_WriteRegister(MFRC522::PCD_Register, unsigned char, unsigned char*) [clone .constprop.39]>:
PCD_WriteRegister():
/home/oggy/Arduino/libraries/MFRC522/src/MFRC522.cpp:61

/**
 * Writes a number of bytes to the specified register in the MFRC522 chip.
 * The interface is described in the datasheet section 8.1.2.
 */
void MFRC522::PCD_WriteRegister(	PCD_Register reg,	///< The register to write to. One of the PCD_Register enums.
     8b0:	df 92       	push	r13
     8b2:	ef 92       	push	r14
     8b4:	ff 92       	push	r15
     8b6:	0f 93       	push	r16
     8b8:	1f 93       	push	r17
     8ba:	cf 93       	push	r28
     8bc:	df 93       	push	r29
     8be:	7c 01       	movw	r14, r24
     8c0:	06 2f       	mov	r16, r22
     8c2:	d4 2e       	mov	r13, r20
     8c4:	15 2f       	mov	r17, r21
/home/oggy/Arduino/libraries/MFRC522/src/MFRC522.cpp:65
									byte count,			///< The number of bytes to write to the register
									byte *values		///< The values to write. Byte array.
								) {
	SPI.beginTransaction(SPISettings(MFRC522_SPICLOCK, MSBFIRST, SPI_MODE0));	// Set the settings to work with SPI bus
     8c6:	80 e5       	ldi	r24, 0x50	; 80
     8c8:	90 e0       	ldi	r25, 0x00	; 0
     8ca:	0e 94 91 00 	call	0x122	; 0x122 <SPIClass::beginTransaction(SPISettings) [clone .constprop.40]>
/home/oggy/Arduino/libraries/MFRC522/src/MFRC522.cpp:66
	digitalWrite(_chipSelectPin, LOW);		// Select slave
     8ce:	60 e0       	ldi	r22, 0x00	; 0
     8d0:	f7 01       	movw	r30, r14
     8d2:	86 85       	ldd	r24, Z+14	; 0x0e
     8d4:	0e 94 e6 00 	call	0x1cc	; 0x1cc <digitalWrite>
/home/oggy/Arduino/libraries/MFRC522/src/MFRC522.cpp:67
	SPI.transfer(reg);						// MSB == 0 is for writing. LSB is not used in address. Datasheet section 8.1.2.3.
     8d8:	82 e1       	ldi	r24, 0x12	; 18
     8da:	0e 94 51 04 	call	0x8a2	; 0x8a2 <SPIClass::transfer(unsigned char)>
     8de:	cd 2d       	mov	r28, r13
     8e0:	d1 2f       	mov	r29, r17
     8e2:	0c 0f       	add	r16, r28
     8e4:	1d 2f       	mov	r17, r29
     8e6:	11 1d       	adc	r17, r1
/home/oggy/Arduino/libraries/MFRC522/src/MFRC522.cpp:68
	for (byte index = 0; index < count; index++) {
     8e8:	c0 17       	cp	r28, r16
     8ea:	d1 07       	cpc	r29, r17
     8ec:	21 f0       	breq	.+8      	; 0x8f6 <MFRC522::PCD_WriteRegister(MFRC522::PCD_Register, unsigned char, unsigned char*) [clone .constprop.39]+0x46>
/home/oggy/Arduino/libraries/MFRC522/src/MFRC522.cpp:69
		SPI.transfer(values[index]);
     8ee:	89 91       	ld	r24, Y+
     8f0:	0e 94 51 04 	call	0x8a2	; 0x8a2 <SPIClass::transfer(unsigned char)>
     8f4:	f9 cf       	rjmp	.-14     	; 0x8e8 <MFRC522::PCD_WriteRegister(MFRC522::PCD_Register, unsigned char, unsigned char*) [clone .constprop.39]+0x38>
/home/oggy/Arduino/libraries/MFRC522/src/MFRC522.cpp:71
	}
	digitalWrite(_chipSelectPin, HIGH);		// Release slave again
     8f6:	61 e0       	ldi	r22, 0x01	; 1
     8f8:	f7 01       	movw	r30, r14
     8fa:	86 85       	ldd	r24, Z+14	; 0x0e
/home/oggy/Arduino/libraries/MFRC522/src/MFRC522.cpp:73
	SPI.endTransaction(); // Stop using the SPI bus
} // End PCD_WriteRegister()
     8fc:	df 91       	pop	r29
     8fe:	cf 91       	pop	r28
     900:	1f 91       	pop	r17
     902:	0f 91       	pop	r16
     904:	ff 90       	pop	r15
     906:	ef 90       	pop	r14
     908:	df 90       	pop	r13
/home/oggy/Arduino/libraries/MFRC522/src/MFRC522.cpp:71
	digitalWrite(_chipSelectPin, LOW);		// Select slave
	SPI.transfer(reg);						// MSB == 0 is for writing. LSB is not used in address. Datasheet section 8.1.2.3.
	for (byte index = 0; index < count; index++) {
		SPI.transfer(values[index]);
	}
	digitalWrite(_chipSelectPin, HIGH);		// Release slave again
     90a:	0c 94 e6 00 	jmp	0x1cc	; 0x1cc <digitalWrite>

0000090e <MFRC522::PCD_ReadRegister(MFRC522::PCD_Register)>:
PCD_ReadRegister():
/home/oggy/Arduino/libraries/MFRC522/src/MFRC522.cpp:80
/**
 * Reads a byte from the specified register in the MFRC522 chip.
 * The interface is described in the datasheet section 8.1.2.
 */
byte MFRC522::PCD_ReadRegister(	PCD_Register reg	///< The register to read from. One of the PCD_Register enums.
								) {
     90e:	1f 93       	push	r17
     910:	cf 93       	push	r28
     912:	df 93       	push	r29
     914:	ec 01       	movw	r28, r24
     916:	16 2f       	mov	r17, r22
/home/oggy/Arduino/libraries/MFRC522/src/MFRC522.cpp:82
	byte value;
	SPI.beginTransaction(SPISettings(MFRC522_SPICLOCK, MSBFIRST, SPI_MODE0));	// Set the settings to work with SPI bus
     918:	80 e5       	ldi	r24, 0x50	; 80
     91a:	90 e0       	ldi	r25, 0x00	; 0
     91c:	0e 94 91 00 	call	0x122	; 0x122 <SPIClass::beginTransaction(SPISettings) [clone .constprop.40]>
/home/oggy/Arduino/libraries/MFRC522/src/MFRC522.cpp:83
	digitalWrite(_chipSelectPin, LOW);			// Select slave
     920:	60 e0       	ldi	r22, 0x00	; 0
     922:	8e 85       	ldd	r24, Y+14	; 0x0e
     924:	0e 94 e6 00 	call	0x1cc	; 0x1cc <digitalWrite>
/home/oggy/Arduino/libraries/MFRC522/src/MFRC522.cpp:84
	SPI.transfer(0x80 | reg);					// MSB == 1 is for reading. LSB is not used in address. Datasheet section 8.1.2.3.
     928:	81 2f       	mov	r24, r17
     92a:	80 68       	ori	r24, 0x80	; 128
     92c:	0e 94 51 04 	call	0x8a2	; 0x8a2 <SPIClass::transfer(unsigned char)>
/home/oggy/Arduino/libraries/MFRC522/src/MFRC522.cpp:85
	value = SPI.transfer(0);					// Read the value back. Send 0 to stop reading.
     930:	80 e0       	ldi	r24, 0x00	; 0
     932:	0e 94 51 04 	call	0x8a2	; 0x8a2 <SPIClass::transfer(unsigned char)>
     936:	18 2f       	mov	r17, r24
/home/oggy/Arduino/libraries/MFRC522/src/MFRC522.cpp:86
	digitalWrite(_chipSelectPin, HIGH);			// Release slave again
     938:	61 e0       	ldi	r22, 0x01	; 1
     93a:	8e 85       	ldd	r24, Y+14	; 0x0e
     93c:	0e 94 e6 00 	call	0x1cc	; 0x1cc <digitalWrite>
/home/oggy/Arduino/libraries/MFRC522/src/MFRC522.cpp:89
	SPI.endTransaction(); // Stop using the SPI bus
	return value;
} // End PCD_ReadRegister()
     940:	81 2f       	mov	r24, r17
     942:	df 91       	pop	r29
     944:	cf 91       	pop	r28
     946:	1f 91       	pop	r17
     948:	08 95       	ret

0000094a <MFRC522::PCD_WriteRegister(MFRC522::PCD_Register, unsigned char)>:
PCD_WriteRegister():
/home/oggy/Arduino/libraries/MFRC522/src/MFRC522.cpp:48
 * Writes a byte to the specified register in the MFRC522 chip.
 * The interface is described in the datasheet section 8.1.2.
 */
void MFRC522::PCD_WriteRegister(	PCD_Register reg,	///< The register to write to. One of the PCD_Register enums.
									byte value			///< The value to write.
								) {
     94a:	0f 93       	push	r16
     94c:	1f 93       	push	r17
     94e:	cf 93       	push	r28
     950:	df 93       	push	r29
     952:	ec 01       	movw	r28, r24
     954:	06 2f       	mov	r16, r22
     956:	14 2f       	mov	r17, r20
/home/oggy/Arduino/libraries/MFRC522/src/MFRC522.cpp:49
	SPI.beginTransaction(SPISettings(MFRC522_SPICLOCK, MSBFIRST, SPI_MODE0));	// Set the settings to work with SPI bus
     958:	80 e5       	ldi	r24, 0x50	; 80
     95a:	90 e0       	ldi	r25, 0x00	; 0
     95c:	0e 94 91 00 	call	0x122	; 0x122 <SPIClass::beginTransaction(SPISettings) [clone .constprop.40]>
/home/oggy/Arduino/libraries/MFRC522/src/MFRC522.cpp:50
	digitalWrite(_chipSelectPin, LOW);		// Select slave
     960:	60 e0       	ldi	r22, 0x00	; 0
     962:	8e 85       	ldd	r24, Y+14	; 0x0e
     964:	0e 94 e6 00 	call	0x1cc	; 0x1cc <digitalWrite>
/home/oggy/Arduino/libraries/MFRC522/src/MFRC522.cpp:51
	SPI.transfer(reg);						// MSB == 0 is for writing. LSB is not used in address. Datasheet section 8.1.2.3.
     968:	80 2f       	mov	r24, r16
     96a:	0e 94 51 04 	call	0x8a2	; 0x8a2 <SPIClass::transfer(unsigned char)>
/home/oggy/Arduino/libraries/MFRC522/src/MFRC522.cpp:52
	SPI.transfer(value);
     96e:	81 2f       	mov	r24, r17
     970:	0e 94 51 04 	call	0x8a2	; 0x8a2 <SPIClass::transfer(unsigned char)>
/home/oggy/Arduino/libraries/MFRC522/src/MFRC522.cpp:53
	digitalWrite(_chipSelectPin, HIGH);		// Release slave again
     974:	61 e0       	ldi	r22, 0x01	; 1
     976:	8e 85       	ldd	r24, Y+14	; 0x0e
/home/oggy/Arduino/libraries/MFRC522/src/MFRC522.cpp:55
	SPI.endTransaction(); // Stop using the SPI bus
} // End PCD_WriteRegister()
     978:	df 91       	pop	r29
     97a:	cf 91       	pop	r28
     97c:	1f 91       	pop	r17
     97e:	0f 91       	pop	r16
/home/oggy/Arduino/libraries/MFRC522/src/MFRC522.cpp:53
								) {
	SPI.beginTransaction(SPISettings(MFRC522_SPICLOCK, MSBFIRST, SPI_MODE0));	// Set the settings to work with SPI bus
	digitalWrite(_chipSelectPin, LOW);		// Select slave
	SPI.transfer(reg);						// MSB == 0 is for writing. LSB is not used in address. Datasheet section 8.1.2.3.
	SPI.transfer(value);
	digitalWrite(_chipSelectPin, HIGH);		// Release slave again
     980:	0c 94 e6 00 	jmp	0x1cc	; 0x1cc <digitalWrite>

00000984 <MFRC522::PCD_CalculateCRC(unsigned char*, unsigned char, unsigned char*)>:
PCD_CalculateCRC():
/home/oggy/Arduino/libraries/MFRC522/src/MFRC522.cpp:159
 * @return STATUS_OK on success, STATUS_??? otherwise.
 */
MFRC522::StatusCode MFRC522::PCD_CalculateCRC(	byte *data,		///< In: Pointer to the data to transfer to the FIFO for CRC calculation.
												byte length,	///< In: The number of bytes to transfer.
												byte *result	///< Out: Pointer to result buffer. Result is written to result[0..1], low byte first.
					 ) {
     984:	cf 92       	push	r12
     986:	df 92       	push	r13
     988:	ef 92       	push	r14
     98a:	ff 92       	push	r15
     98c:	0f 93       	push	r16
     98e:	1f 93       	push	r17
     990:	cf 93       	push	r28
     992:	df 93       	push	r29
     994:	ec 01       	movw	r28, r24
     996:	6b 01       	movw	r12, r22
     998:	f4 2e       	mov	r15, r20
     99a:	89 01       	movw	r16, r18
/home/oggy/Arduino/libraries/MFRC522/src/MFRC522.cpp:160
	PCD_WriteRegister(CommandReg, PCD_Idle);		// Stop any active command.
     99c:	40 e0       	ldi	r20, 0x00	; 0
     99e:	62 e0       	ldi	r22, 0x02	; 2
     9a0:	0e 94 a5 04 	call	0x94a	; 0x94a <MFRC522::PCD_WriteRegister(MFRC522::PCD_Register, unsigned char)>
/home/oggy/Arduino/libraries/MFRC522/src/MFRC522.cpp:161
	PCD_WriteRegister(DivIrqReg, 0x04);				// Clear the CRCIRq interrupt request bit
     9a4:	44 e0       	ldi	r20, 0x04	; 4
     9a6:	6a e0       	ldi	r22, 0x0A	; 10
     9a8:	ce 01       	movw	r24, r28
     9aa:	0e 94 a5 04 	call	0x94a	; 0x94a <MFRC522::PCD_WriteRegister(MFRC522::PCD_Register, unsigned char)>
/home/oggy/Arduino/libraries/MFRC522/src/MFRC522.cpp:162
	PCD_WriteRegister(FIFOLevelReg, 0x80);			// FlushBuffer = 1, FIFO initialization
     9ae:	40 e8       	ldi	r20, 0x80	; 128
     9b0:	64 e1       	ldi	r22, 0x14	; 20
     9b2:	ce 01       	movw	r24, r28
     9b4:	0e 94 a5 04 	call	0x94a	; 0x94a <MFRC522::PCD_WriteRegister(MFRC522::PCD_Register, unsigned char)>
/home/oggy/Arduino/libraries/MFRC522/src/MFRC522.cpp:163
	PCD_WriteRegister(FIFODataReg, length, data);	// Write data to the FIFO
     9b8:	a6 01       	movw	r20, r12
     9ba:	6f 2d       	mov	r22, r15
     9bc:	ce 01       	movw	r24, r28
     9be:	0e 94 58 04 	call	0x8b0	; 0x8b0 <MFRC522::PCD_WriteRegister(MFRC522::PCD_Register, unsigned char, unsigned char*) [clone .constprop.39]>
/home/oggy/Arduino/libraries/MFRC522/src/MFRC522.cpp:164
	PCD_WriteRegister(CommandReg, PCD_CalcCRC);		// Start the calculation
     9c2:	43 e0       	ldi	r20, 0x03	; 3
     9c4:	62 e0       	ldi	r22, 0x02	; 2
     9c6:	ce 01       	movw	r24, r28
     9c8:	0e 94 a5 04 	call	0x94a	; 0x94a <MFRC522::PCD_WriteRegister(MFRC522::PCD_Register, unsigned char)>
/home/oggy/Arduino/libraries/MFRC522/src/MFRC522.cpp:170
	
	// Wait for the CRC calculation to complete. Check for the register to
	// indicate that the CRC calculation is complete in a loop. If the
	// calculation is not indicated as complete in ~90ms, then time out
	// the operation.
	const uint32_t deadline = millis() + 89;
     9cc:	0e 94 b3 01 	call	0x366	; 0x366 <millis>
     9d0:	6b 01       	movw	r12, r22
     9d2:	7c 01       	movw	r14, r24
     9d4:	29 e5       	ldi	r18, 0x59	; 89
     9d6:	c2 0e       	add	r12, r18
     9d8:	d1 1c       	adc	r13, r1
     9da:	e1 1c       	adc	r14, r1
     9dc:	f1 1c       	adc	r15, r1
/home/oggy/Arduino/libraries/MFRC522/src/MFRC522.cpp:174

	do {
		// DivIrqReg[7..0] bits are: Set2 reserved reserved MfinActIRq reserved CRCIRq reserved reserved
		byte n = PCD_ReadRegister(DivIrqReg);
     9de:	6a e0       	ldi	r22, 0x0A	; 10
     9e0:	ce 01       	movw	r24, r28
     9e2:	0e 94 87 04 	call	0x90e	; 0x90e <MFRC522::PCD_ReadRegister(MFRC522::PCD_Register)>
/home/oggy/Arduino/libraries/MFRC522/src/MFRC522.cpp:175
		if (n & 0x04) {									// CRCIRq bit set - calculation done
     9e6:	82 ff       	sbrs	r24, 2
     9e8:	1b c0       	rjmp	.+54     	; 0xa20 <MFRC522::PCD_CalculateCRC(unsigned char*, unsigned char, unsigned char*)+0x9c>
/home/oggy/Arduino/libraries/MFRC522/src/MFRC522.cpp:176
			PCD_WriteRegister(CommandReg, PCD_Idle);	// Stop calculating CRC for new content in the FIFO.
     9ea:	40 e0       	ldi	r20, 0x00	; 0
     9ec:	62 e0       	ldi	r22, 0x02	; 2
     9ee:	ce 01       	movw	r24, r28
     9f0:	0e 94 a5 04 	call	0x94a	; 0x94a <MFRC522::PCD_WriteRegister(MFRC522::PCD_Register, unsigned char)>
/home/oggy/Arduino/libraries/MFRC522/src/MFRC522.cpp:178
			// Transfer the result from the registers to the result buffer
			result[0] = PCD_ReadRegister(CRCResultRegL);
     9f4:	64 e4       	ldi	r22, 0x44	; 68
     9f6:	ce 01       	movw	r24, r28
     9f8:	0e 94 87 04 	call	0x90e	; 0x90e <MFRC522::PCD_ReadRegister(MFRC522::PCD_Register)>
     9fc:	f8 01       	movw	r30, r16
     9fe:	80 83       	st	Z, r24
/home/oggy/Arduino/libraries/MFRC522/src/MFRC522.cpp:179
			result[1] = PCD_ReadRegister(CRCResultRegH);
     a00:	62 e4       	ldi	r22, 0x42	; 66
     a02:	ce 01       	movw	r24, r28
     a04:	0e 94 87 04 	call	0x90e	; 0x90e <MFRC522::PCD_ReadRegister(MFRC522::PCD_Register)>
     a08:	f8 01       	movw	r30, r16
     a0a:	81 83       	std	Z+1, r24	; 0x01
/home/oggy/Arduino/libraries/MFRC522/src/MFRC522.cpp:180
			return STATUS_OK;
     a0c:	80 e0       	ldi	r24, 0x00	; 0
/home/oggy/Arduino/libraries/MFRC522/src/MFRC522.cpp:188
	}
	while (static_cast<uint32_t> (millis()) < deadline);

	// 89ms passed and nothing happened. Communication with the MFRC522 might be down.
	return STATUS_TIMEOUT;
} // End PCD_CalculateCRC()
     a0e:	df 91       	pop	r29
     a10:	cf 91       	pop	r28
     a12:	1f 91       	pop	r17
     a14:	0f 91       	pop	r16
     a16:	ff 90       	pop	r15
     a18:	ef 90       	pop	r14
     a1a:	df 90       	pop	r13
     a1c:	cf 90       	pop	r12
     a1e:	08 95       	ret
/home/oggy/Arduino/libraries/MFRC522/src/MFRC522.cpp:184
			result[1] = PCD_ReadRegister(CRCResultRegH);
			return STATUS_OK;
		}
		yield();
	}
	while (static_cast<uint32_t> (millis()) < deadline);
     a20:	0e 94 b3 01 	call	0x366	; 0x366 <millis>
     a24:	6c 15       	cp	r22, r12
     a26:	7d 05       	cpc	r23, r13
     a28:	8e 05       	cpc	r24, r14
     a2a:	9f 05       	cpc	r25, r15
     a2c:	c0 f2       	brcs	.-80     	; 0x9de <MFRC522::PCD_CalculateCRC(unsigned char*, unsigned char, unsigned char*)+0x5a>
/home/oggy/Arduino/libraries/MFRC522/src/MFRC522.cpp:187

	// 89ms passed and nothing happened. Communication with the MFRC522 might be down.
	return STATUS_TIMEOUT;
     a2e:	83 e0       	ldi	r24, 0x03	; 3
     a30:	ee cf       	rjmp	.-36     	; 0xa0e <MFRC522::PCD_CalculateCRC(unsigned char*, unsigned char, unsigned char*)+0x8a>

00000a32 <MFRC522::PCD_CommunicateWithPICC(unsigned char, unsigned char, unsigned char*, unsigned char, unsigned char*, unsigned char*, unsigned char*, unsigned char, bool)>:
PCD_CommunicateWithPICC():
/home/oggy/Arduino/libraries/MFRC522/src/MFRC522.cpp:476
														byte *backData,		///< nullptr or pointer to buffer if data should be read back after executing the command.
														byte *backLen,		///< In: Max number of bytes to write to *backData. Out: The number of bytes returned.
														byte *validBits,	///< In/Out: The number of valid bits in the last byte. 0 for 8 valid bits.
														byte rxAlign,		///< In: Defines the bit position in backData[0] for the first bit received. Default 0.
														bool checkCRC		///< In: True => The last two bytes of the response is assumed to be a CRC_A that must be validated.
									 ) {
     a32:	2f 92       	push	r2
     a34:	3f 92       	push	r3
     a36:	4f 92       	push	r4
     a38:	5f 92       	push	r5
     a3a:	6f 92       	push	r6
     a3c:	7f 92       	push	r7
     a3e:	8f 92       	push	r8
     a40:	9f 92       	push	r9
     a42:	af 92       	push	r10
     a44:	bf 92       	push	r11
     a46:	cf 92       	push	r12
     a48:	df 92       	push	r13
     a4a:	ef 92       	push	r14
     a4c:	ff 92       	push	r15
     a4e:	0f 93       	push	r16
     a50:	1f 93       	push	r17
     a52:	cf 93       	push	r28
     a54:	df 93       	push	r29
     a56:	00 d0       	rcall	.+0      	; 0xa58 <MFRC522::PCD_CommunicateWithPICC(unsigned char, unsigned char, unsigned char*, unsigned char, unsigned char*, unsigned char*, unsigned char*, unsigned char, bool)+0x26>
     a58:	cd b7       	in	r28, 0x3d	; 61
     a5a:	de b7       	in	r29, 0x3e	; 62
     a5c:	3c 01       	movw	r6, r24
     a5e:	16 2f       	mov	r17, r22
     a60:	94 2e       	mov	r9, r20
     a62:	29 01       	movw	r4, r18
/home/oggy/Arduino/libraries/MFRC522/src/MFRC522.cpp:478
	// Prepare values for BitFramingReg
	byte txLastBits = validBits ? *validBits : 0;
     a64:	80 e0       	ldi	r24, 0x00	; 0
     a66:	a1 14       	cp	r10, r1
     a68:	b1 04       	cpc	r11, r1
     a6a:	11 f0       	breq	.+4      	; 0xa70 <MFRC522::PCD_CommunicateWithPICC(unsigned char, unsigned char, unsigned char*, unsigned char, unsigned char*, unsigned char*, unsigned char*, unsigned char, bool)+0x3e>
     a6c:	f5 01       	movw	r30, r10
     a6e:	80 81       	ld	r24, Z
/home/oggy/Arduino/libraries/MFRC522/src/MFRC522.cpp:479
	byte bitFraming = (rxAlign << 4) + txLastBits;		// RxAlign = BitFramingReg[6..4]. TxLastBits = BitFramingReg[2..0]
     a70:	38 2c       	mov	r3, r8
     a72:	32 94       	swap	r3
     a74:	90 ef       	ldi	r25, 0xF0	; 240
     a76:	39 22       	and	r3, r25
     a78:	38 0e       	add	r3, r24
/home/oggy/Arduino/libraries/MFRC522/src/MFRC522.cpp:481
	
	PCD_WriteRegister(CommandReg, PCD_Idle);			// Stop any active command.
     a7a:	40 e0       	ldi	r20, 0x00	; 0
     a7c:	62 e0       	ldi	r22, 0x02	; 2
     a7e:	c3 01       	movw	r24, r6
     a80:	0e 94 a5 04 	call	0x94a	; 0x94a <MFRC522::PCD_WriteRegister(MFRC522::PCD_Register, unsigned char)>
/home/oggy/Arduino/libraries/MFRC522/src/MFRC522.cpp:482
	PCD_WriteRegister(ComIrqReg, 0x7F);					// Clear all seven interrupt request bits
     a84:	4f e7       	ldi	r20, 0x7F	; 127
     a86:	68 e0       	ldi	r22, 0x08	; 8
     a88:	c3 01       	movw	r24, r6
     a8a:	0e 94 a5 04 	call	0x94a	; 0x94a <MFRC522::PCD_WriteRegister(MFRC522::PCD_Register, unsigned char)>
/home/oggy/Arduino/libraries/MFRC522/src/MFRC522.cpp:483
	PCD_WriteRegister(FIFOLevelReg, 0x80);				// FlushBuffer = 1, FIFO initialization
     a8e:	40 e8       	ldi	r20, 0x80	; 128
     a90:	64 e1       	ldi	r22, 0x14	; 20
     a92:	c3 01       	movw	r24, r6
     a94:	0e 94 a5 04 	call	0x94a	; 0x94a <MFRC522::PCD_WriteRegister(MFRC522::PCD_Register, unsigned char)>
/home/oggy/Arduino/libraries/MFRC522/src/MFRC522.cpp:484
	PCD_WriteRegister(FIFODataReg, sendLen, sendData);	// Write sendData to the FIFO
     a98:	a2 01       	movw	r20, r4
     a9a:	60 2f       	mov	r22, r16
     a9c:	c3 01       	movw	r24, r6
     a9e:	0e 94 58 04 	call	0x8b0	; 0x8b0 <MFRC522::PCD_WriteRegister(MFRC522::PCD_Register, unsigned char, unsigned char*) [clone .constprop.39]>
/home/oggy/Arduino/libraries/MFRC522/src/MFRC522.cpp:485
	PCD_WriteRegister(BitFramingReg, bitFraming);		// Bit adjustments
     aa2:	43 2d       	mov	r20, r3
     aa4:	6a e1       	ldi	r22, 0x1A	; 26
     aa6:	c3 01       	movw	r24, r6
     aa8:	0e 94 a5 04 	call	0x94a	; 0x94a <MFRC522::PCD_WriteRegister(MFRC522::PCD_Register, unsigned char)>
/home/oggy/Arduino/libraries/MFRC522/src/MFRC522.cpp:486
	PCD_WriteRegister(CommandReg, command);				// Execute the command
     aac:	41 2f       	mov	r20, r17
     aae:	62 e0       	ldi	r22, 0x02	; 2
     ab0:	c3 01       	movw	r24, r6
     ab2:	0e 94 a5 04 	call	0x94a	; 0x94a <MFRC522::PCD_WriteRegister(MFRC522::PCD_Register, unsigned char)>
/home/oggy/Arduino/libraries/MFRC522/src/MFRC522.cpp:487
	if (command == PCD_Transceive) {
     ab6:	1c 30       	cpi	r17, 0x0C	; 12
     ab8:	51 f4       	brne	.+20     	; 0xace <MFRC522::PCD_CommunicateWithPICC(unsigned char, unsigned char, unsigned char*, unsigned char, unsigned char*, unsigned char*, unsigned char*, unsigned char, bool)+0x9c>
PCD_SetRegisterBitMask():
/home/oggy/Arduino/libraries/MFRC522/src/MFRC522.cpp:135
 */
void MFRC522::PCD_SetRegisterBitMask(	PCD_Register reg,	///< The register to update. One of the PCD_Register enums.
										byte mask			///< The bits to set.
									) { 
	byte tmp;
	tmp = PCD_ReadRegister(reg);
     aba:	6a e1       	ldi	r22, 0x1A	; 26
     abc:	c3 01       	movw	r24, r6
     abe:	0e 94 87 04 	call	0x90e	; 0x90e <MFRC522::PCD_ReadRegister(MFRC522::PCD_Register)>
/home/oggy/Arduino/libraries/MFRC522/src/MFRC522.cpp:136
	PCD_WriteRegister(reg, tmp | mask);			// set bit mask
     ac2:	48 2f       	mov	r20, r24
     ac4:	40 68       	ori	r20, 0x80	; 128
     ac6:	6a e1       	ldi	r22, 0x1A	; 26
     ac8:	c3 01       	movw	r24, r6
     aca:	0e 94 a5 04 	call	0x94a	; 0x94a <MFRC522::PCD_WriteRegister(MFRC522::PCD_Register, unsigned char)>
PCD_CommunicateWithPICC():
/home/oggy/Arduino/libraries/MFRC522/src/MFRC522.cpp:499
	// Wait here for the command to complete. The bits specified in the
	// `waitIRq` parameter define what bits constitute a completed command.
	// When they are set in the ComIrqReg register, then the command is
	// considered complete. If the command is not indicated as complete in
	// ~36ms, then consider the command as timed out.
	const uint32_t deadline = millis() + 36;
     ace:	0e 94 b3 01 	call	0x366	; 0x366 <millis>
     ad2:	1b 01       	movw	r2, r22
     ad4:	2c 01       	movw	r4, r24
     ad6:	f4 e2       	ldi	r31, 0x24	; 36
     ad8:	2f 0e       	add	r2, r31
     ada:	31 1c       	adc	r3, r1
     adc:	41 1c       	adc	r4, r1
     ade:	51 1c       	adc	r5, r1
/home/oggy/Arduino/libraries/MFRC522/src/MFRC522.cpp:503
	bool completed = false;

	do {
		byte n = PCD_ReadRegister(ComIrqReg);	// ComIrqReg[7..0] bits are: Set1 TxIRq RxIRq IdleIRq HiAlertIRq LoAlertIRq ErrIRq TimerIRq
     ae0:	68 e0       	ldi	r22, 0x08	; 8
     ae2:	c3 01       	movw	r24, r6
     ae4:	0e 94 87 04 	call	0x90e	; 0x90e <MFRC522::PCD_ReadRegister(MFRC522::PCD_Register)>
/home/oggy/Arduino/libraries/MFRC522/src/MFRC522.cpp:504
		if (n & waitIRq) {					// One of the interrupts that signal success has been set.
     ae8:	98 2f       	mov	r25, r24
     aea:	99 21       	and	r25, r9
     aec:	09 f0       	breq	.+2      	; 0xaf0 <MFRC522::PCD_CommunicateWithPICC(unsigned char, unsigned char, unsigned char*, unsigned char, unsigned char*, unsigned char*, unsigned char*, unsigned char, bool)+0xbe>
     aee:	b6 c0       	rjmp	.+364    	; 0xc5c <MFRC522::PCD_CommunicateWithPICC(unsigned char, unsigned char, unsigned char*, unsigned char, unsigned char*, unsigned char*, unsigned char*, unsigned char, bool)+0x22a>
/home/oggy/Arduino/libraries/MFRC522/src/MFRC522.cpp:508
			completed = true;
			break;
		}
		if (n & 0x01) {						// Timer interrupt - nothing received in 25ms
     af0:	80 ff       	sbrs	r24, 0
     af2:	16 c0       	rjmp	.+44     	; 0xb20 <MFRC522::PCD_CommunicateWithPICC(unsigned char, unsigned char, unsigned char*, unsigned char, unsigned char*, unsigned char*, unsigned char*, unsigned char, bool)+0xee>
/home/oggy/Arduino/libraries/MFRC522/src/MFRC522.cpp:509
			return STATUS_TIMEOUT;
     af4:	83 e0       	ldi	r24, 0x03	; 3
/home/oggy/Arduino/libraries/MFRC522/src/MFRC522.cpp:569
			return STATUS_CRC_WRONG;
		}
	}
	
	return STATUS_OK;
} // End PCD_CommunicateWithPICC()
     af6:	0f 90       	pop	r0
     af8:	0f 90       	pop	r0
     afa:	df 91       	pop	r29
     afc:	cf 91       	pop	r28
     afe:	1f 91       	pop	r17
     b00:	0f 91       	pop	r16
     b02:	ff 90       	pop	r15
     b04:	ef 90       	pop	r14
     b06:	df 90       	pop	r13
     b08:	cf 90       	pop	r12
     b0a:	bf 90       	pop	r11
     b0c:	af 90       	pop	r10
     b0e:	9f 90       	pop	r9
     b10:	8f 90       	pop	r8
     b12:	7f 90       	pop	r7
     b14:	6f 90       	pop	r6
     b16:	5f 90       	pop	r5
     b18:	4f 90       	pop	r4
     b1a:	3f 90       	pop	r3
     b1c:	2f 90       	pop	r2
     b1e:	08 95       	ret
/home/oggy/Arduino/libraries/MFRC522/src/MFRC522.cpp:513
		if (n & 0x01) {						// Timer interrupt - nothing received in 25ms
			return STATUS_TIMEOUT;
		}
		yield();
	}
	while (static_cast<uint32_t> (millis()) < deadline);
     b20:	0e 94 b3 01 	call	0x366	; 0x366 <millis>
     b24:	62 15       	cp	r22, r2
     b26:	73 05       	cpc	r23, r3
     b28:	84 05       	cpc	r24, r4
     b2a:	95 05       	cpc	r25, r5
     b2c:	c8 f2       	brcs	.-78     	; 0xae0 <MFRC522::PCD_CommunicateWithPICC(unsigned char, unsigned char, unsigned char*, unsigned char, unsigned char*, unsigned char*, unsigned char*, unsigned char, bool)+0xae>
     b2e:	e2 cf       	rjmp	.-60     	; 0xaf4 <MFRC522::PCD_CommunicateWithPICC(unsigned char, unsigned char, unsigned char*, unsigned char, unsigned char*, unsigned char*, unsigned char*, unsigned char, bool)+0xc2>
/home/oggy/Arduino/libraries/MFRC522/src/MFRC522.cpp:529
	}
  
	byte _validBits = 0;
	
	// If the caller wants data back, get it from the MFRC522.
	if (backData && backLen) {
     b30:	e1 14       	cp	r14, r1
     b32:	f1 04       	cpc	r15, r1
     b34:	09 f4       	brne	.+2      	; 0xb38 <MFRC522::PCD_CommunicateWithPICC(unsigned char, unsigned char, unsigned char*, unsigned char, unsigned char*, unsigned char*, unsigned char*, unsigned char, bool)+0x106>
     b36:	67 c0       	rjmp	.+206    	; 0xc06 <MFRC522::PCD_CommunicateWithPICC(unsigned char, unsigned char, unsigned char*, unsigned char, unsigned char*, unsigned char*, unsigned char*, unsigned char, bool)+0x1d4>
     b38:	c1 14       	cp	r12, r1
     b3a:	d1 04       	cpc	r13, r1
     b3c:	09 f4       	brne	.+2      	; 0xb40 <MFRC522::PCD_CommunicateWithPICC(unsigned char, unsigned char, unsigned char*, unsigned char, unsigned char*, unsigned char*, unsigned char*, unsigned char, bool)+0x10e>
     b3e:	63 c0       	rjmp	.+198    	; 0xc06 <MFRC522::PCD_CommunicateWithPICC(unsigned char, unsigned char, unsigned char*, unsigned char, unsigned char*, unsigned char*, unsigned char*, unsigned char, bool)+0x1d4>
/home/oggy/Arduino/libraries/MFRC522/src/MFRC522.cpp:530
		byte n = PCD_ReadRegister(FIFOLevelReg);	// Number of bytes in the FIFO
     b40:	64 e1       	ldi	r22, 0x14	; 20
     b42:	c3 01       	movw	r24, r6
     b44:	0e 94 87 04 	call	0x90e	; 0x90e <MFRC522::PCD_ReadRegister(MFRC522::PCD_Register)>
     b48:	98 2e       	mov	r9, r24
/home/oggy/Arduino/libraries/MFRC522/src/MFRC522.cpp:531
		if (n > *backLen) {
     b4a:	f6 01       	movw	r30, r12
     b4c:	80 81       	ld	r24, Z
     b4e:	89 15       	cp	r24, r9
     b50:	08 f4       	brcc	.+2      	; 0xb54 <MFRC522::PCD_CommunicateWithPICC(unsigned char, unsigned char, unsigned char*, unsigned char, unsigned char*, unsigned char*, unsigned char*, unsigned char, bool)+0x122>
     b52:	7e c0       	rjmp	.+252    	; 0xc50 <MFRC522::PCD_CommunicateWithPICC(unsigned char, unsigned char, unsigned char*, unsigned char, unsigned char*, unsigned char*, unsigned char*, unsigned char, bool)+0x21e>
/home/oggy/Arduino/libraries/MFRC522/src/MFRC522.cpp:534
			return STATUS_NO_ROOM;
		}
		*backLen = n;											// Number of bytes returned
     b54:	90 82       	st	Z, r9
PCD_ReadRegister():
/home/oggy/Arduino/libraries/MFRC522/src/MFRC522.cpp:100
void MFRC522::PCD_ReadRegister(	PCD_Register reg,	///< The register to read from. One of the PCD_Register enums.
								byte count,			///< The number of bytes to read
								byte *values,		///< Byte array to store the values in.
								byte rxAlign		///< Only bit positions rxAlign..7 in values[0] are updated.
								) {
	if (count == 0) {
     b56:	99 20       	and	r9, r9
     b58:	c9 f1       	breq	.+114    	; 0xbcc <MFRC522::PCD_CommunicateWithPICC(unsigned char, unsigned char, unsigned char*, unsigned char, unsigned char*, unsigned char*, unsigned char*, unsigned char, bool)+0x19a>
/home/oggy/Arduino/libraries/MFRC522/src/MFRC522.cpp:106
		return;
	}
	//Serial.print(F("Reading ")); 	Serial.print(count); Serial.println(F(" bytes from register."));
	byte address = 0x80 | reg;				// MSB == 1 is for reading. LSB is not used in address. Datasheet section 8.1.2.3.
	byte index = 0;							// Index in values array.
	SPI.beginTransaction(SPISettings(MFRC522_SPICLOCK, MSBFIRST, SPI_MODE0));	// Set the settings to work with SPI bus
     b5a:	80 e5       	ldi	r24, 0x50	; 80
     b5c:	90 e0       	ldi	r25, 0x00	; 0
     b5e:	0e 94 91 00 	call	0x122	; 0x122 <SPIClass::beginTransaction(SPISettings) [clone .constprop.40]>
/home/oggy/Arduino/libraries/MFRC522/src/MFRC522.cpp:107
	digitalWrite(_chipSelectPin, LOW);		// Select slave
     b62:	60 e0       	ldi	r22, 0x00	; 0
     b64:	f3 01       	movw	r30, r6
     b66:	86 85       	ldd	r24, Z+14	; 0x0e
     b68:	0e 94 e6 00 	call	0x1cc	; 0x1cc <digitalWrite>
/home/oggy/Arduino/libraries/MFRC522/src/MFRC522.cpp:108
	count--;								// One read is performed outside of the loop
     b6c:	9a 94       	dec	r9
/home/oggy/Arduino/libraries/MFRC522/src/MFRC522.cpp:109
	SPI.transfer(address);					// Tell MFRC522 which address we want to read
     b6e:	82 e9       	ldi	r24, 0x92	; 146
     b70:	0e 94 51 04 	call	0x8a2	; 0x8a2 <SPIClass::transfer(unsigned char)>
/home/oggy/Arduino/libraries/MFRC522/src/MFRC522.cpp:110
	if (rxAlign) {		// Only update bit positions rxAlign..7 in values[0]
     b74:	88 20       	and	r8, r8
     b76:	99 f0       	breq	.+38     	; 0xb9e <MFRC522::PCD_CommunicateWithPICC(unsigned char, unsigned char, unsigned char*, unsigned char, unsigned char*, unsigned char*, unsigned char*, unsigned char, bool)+0x16c>
/home/oggy/Arduino/libraries/MFRC522/src/MFRC522.cpp:112
		// Create bit mask for bit positions rxAlign..7
		byte mask = (0xFF << rxAlign) & 0xFF;
     b78:	0f ef       	ldi	r16, 0xFF	; 255
     b7a:	10 e0       	ldi	r17, 0x00	; 0
     b7c:	01 c0       	rjmp	.+2      	; 0xb80 <MFRC522::PCD_CommunicateWithPICC(unsigned char, unsigned char, unsigned char*, unsigned char, unsigned char*, unsigned char*, unsigned char*, unsigned char, bool)+0x14e>
     b7e:	00 0f       	add	r16, r16
     b80:	8a 94       	dec	r8
     b82:	ea f7       	brpl	.-6      	; 0xb7e <MFRC522::PCD_CommunicateWithPICC(unsigned char, unsigned char, unsigned char*, unsigned char, unsigned char*, unsigned char*, unsigned char*, unsigned char, bool)+0x14c>
/home/oggy/Arduino/libraries/MFRC522/src/MFRC522.cpp:114
		// Read value and tell that we want to read the same address again.
		byte value = SPI.transfer(address);
     b84:	82 e9       	ldi	r24, 0x92	; 146
     b86:	0e 94 51 04 	call	0x8a2	; 0x8a2 <SPIClass::transfer(unsigned char)>
/home/oggy/Arduino/libraries/MFRC522/src/MFRC522.cpp:116
		// Apply mask to both current value of values[0] and the new data in value.
		values[0] = (values[0] & ~mask) | (value & mask);
     b8a:	90 2f       	mov	r25, r16
     b8c:	90 95       	com	r25
     b8e:	f7 01       	movw	r30, r14
     b90:	20 81       	ld	r18, Z
     b92:	92 23       	and	r25, r18
     b94:	80 23       	and	r24, r16
     b96:	98 2b       	or	r25, r24
     b98:	90 83       	st	Z, r25
PCD_CommunicateWithPICC():
/home/oggy/Arduino/libraries/MFRC522/src/MFRC522.cpp:117
		index++;
     b9a:	88 24       	eor	r8, r8
     b9c:	83 94       	inc	r8
     b9e:	87 01       	movw	r16, r14
     ba0:	08 0d       	add	r16, r8
     ba2:	11 1d       	adc	r17, r1
PCD_ReadRegister():
/home/oggy/Arduino/libraries/MFRC522/src/MFRC522.cpp:119
	}
	while (index < count) {
     ba4:	89 14       	cp	r8, r9
     ba6:	40 f4       	brcc	.+16     	; 0xbb8 <MFRC522::PCD_CommunicateWithPICC(unsigned char, unsigned char, unsigned char*, unsigned char, unsigned char*, unsigned char*, unsigned char*, unsigned char, bool)+0x186>
/home/oggy/Arduino/libraries/MFRC522/src/MFRC522.cpp:120
		values[index] = SPI.transfer(address);	// Read value and tell that we want to read the same address again.
     ba8:	82 e9       	ldi	r24, 0x92	; 146
     baa:	0e 94 51 04 	call	0x8a2	; 0x8a2 <SPIClass::transfer(unsigned char)>
     bae:	f8 01       	movw	r30, r16
     bb0:	81 93       	st	Z+, r24
     bb2:	8f 01       	movw	r16, r30
/home/oggy/Arduino/libraries/MFRC522/src/MFRC522.cpp:121
		index++;
     bb4:	83 94       	inc	r8
     bb6:	f6 cf       	rjmp	.-20     	; 0xba4 <MFRC522::PCD_CommunicateWithPICC(unsigned char, unsigned char, unsigned char*, unsigned char, unsigned char*, unsigned char*, unsigned char*, unsigned char, bool)+0x172>
/home/oggy/Arduino/libraries/MFRC522/src/MFRC522.cpp:123
	}
	values[index] = SPI.transfer(0);			// Read the final byte. Send 0 to stop reading.
     bb8:	80 e0       	ldi	r24, 0x00	; 0
     bba:	0e 94 51 04 	call	0x8a2	; 0x8a2 <SPIClass::transfer(unsigned char)>
     bbe:	f8 01       	movw	r30, r16
     bc0:	80 83       	st	Z, r24
/home/oggy/Arduino/libraries/MFRC522/src/MFRC522.cpp:124
	digitalWrite(_chipSelectPin, HIGH);			// Release slave again
     bc2:	61 e0       	ldi	r22, 0x01	; 1
     bc4:	f3 01       	movw	r30, r6
     bc6:	86 85       	ldd	r24, Z+14	; 0x0e
     bc8:	0e 94 e6 00 	call	0x1cc	; 0x1cc <digitalWrite>
PCD_CommunicateWithPICC():
/home/oggy/Arduino/libraries/MFRC522/src/MFRC522.cpp:536
		if (n > *backLen) {
			return STATUS_NO_ROOM;
		}
		*backLen = n;											// Number of bytes returned
		PCD_ReadRegister(FIFODataReg, n, backData, rxAlign);	// Get received data from FIFO
		_validBits = PCD_ReadRegister(ControlReg) & 0x07;		// RxLastBits[2:0] indicates the number of valid bits in the last received byte. If this value is 000b, the whole byte is valid.
     bcc:	68 e1       	ldi	r22, 0x18	; 24
     bce:	c3 01       	movw	r24, r6
     bd0:	0e 94 87 04 	call	0x90e	; 0x90e <MFRC522::PCD_ReadRegister(MFRC522::PCD_Register)>
     bd4:	87 70       	andi	r24, 0x07	; 7
/home/oggy/Arduino/libraries/MFRC522/src/MFRC522.cpp:537
		if (validBits) {
     bd6:	a1 14       	cp	r10, r1
     bd8:	b1 04       	cpc	r11, r1
     bda:	11 f0       	breq	.+4      	; 0xbe0 <MFRC522::PCD_CommunicateWithPICC(unsigned char, unsigned char, unsigned char*, unsigned char, unsigned char*, unsigned char*, unsigned char*, unsigned char, bool)+0x1ae>
/home/oggy/Arduino/libraries/MFRC522/src/MFRC522.cpp:538
			*validBits = _validBits;
     bdc:	f5 01       	movw	r30, r10
     bde:	80 83       	st	Z, r24
/home/oggy/Arduino/libraries/MFRC522/src/MFRC522.cpp:543
		}
	}
	
	// Tell about collisions
	if (errorRegValue & 0x08) {		// CollErr
     be0:	53 fc       	sbrc	r5, 3
     be2:	38 c0       	rjmp	.+112    	; 0xc54 <MFRC522::PCD_CommunicateWithPICC(unsigned char, unsigned char, unsigned char*, unsigned char, unsigned char*, unsigned char*, unsigned char*, unsigned char, bool)+0x222>
/home/oggy/Arduino/libraries/MFRC522/src/MFRC522.cpp:548
		return STATUS_COLLISION;
	}
	
	// Perform CRC_A validation if requested.
	if (backData && backLen && checkCRC) {
     be4:	e1 14       	cp	r14, r1
     be6:	f1 04       	cpc	r15, r1
     be8:	b9 f1       	breq	.+110    	; 0xc58 <MFRC522::PCD_CommunicateWithPICC(unsigned char, unsigned char, unsigned char*, unsigned char, unsigned char*, unsigned char*, unsigned char*, unsigned char, bool)+0x226>
     bea:	c1 14       	cp	r12, r1
     bec:	d1 04       	cpc	r13, r1
     bee:	a1 f1       	breq	.+104    	; 0xc58 <MFRC522::PCD_CommunicateWithPICC(unsigned char, unsigned char, unsigned char*, unsigned char, unsigned char*, unsigned char*, unsigned char*, unsigned char, bool)+0x226>
     bf0:	9f 89       	ldd	r25, Y+23	; 0x17
     bf2:	99 23       	and	r25, r25
     bf4:	89 f1       	breq	.+98     	; 0xc58 <MFRC522::PCD_CommunicateWithPICC(unsigned char, unsigned char, unsigned char*, unsigned char, unsigned char*, unsigned char*, unsigned char*, unsigned char, bool)+0x226>
/home/oggy/Arduino/libraries/MFRC522/src/MFRC522.cpp:550
		// In this case a MIFARE Classic NAK is not OK.
		if (*backLen == 1 && _validBits == 4) {
     bf6:	f6 01       	movw	r30, r12
     bf8:	40 81       	ld	r20, Z
     bfa:	41 30       	cpi	r20, 0x01	; 1
     bfc:	31 f4       	brne	.+12     	; 0xc0a <MFRC522::PCD_CommunicateWithPICC(unsigned char, unsigned char, unsigned char*, unsigned char, unsigned char*, unsigned char*, unsigned char*, unsigned char, bool)+0x1d8>
     bfe:	84 30       	cpi	r24, 0x04	; 4
     c00:	29 f5       	brne	.+74     	; 0xc4c <MFRC522::PCD_CommunicateWithPICC(unsigned char, unsigned char, unsigned char*, unsigned char, unsigned char*, unsigned char*, unsigned char*, unsigned char, bool)+0x21a>
/home/oggy/Arduino/libraries/MFRC522/src/MFRC522.cpp:551
			return STATUS_MIFARE_NACK;
     c02:	8f ef       	ldi	r24, 0xFF	; 255
     c04:	78 cf       	rjmp	.-272    	; 0xaf6 <MFRC522::PCD_CommunicateWithPICC(unsigned char, unsigned char, unsigned char*, unsigned char, unsigned char*, unsigned char*, unsigned char*, unsigned char, bool)+0xc4>
/home/oggy/Arduino/libraries/MFRC522/src/MFRC522.cpp:526
	byte errorRegValue = PCD_ReadRegister(ErrorReg); // ErrorReg[7..0] bits are: WrErr TempErr reserved BufferOvfl CollErr CRCErr ParityErr ProtocolErr
	if (errorRegValue & 0x13) {	 // BufferOvfl ParityErr ProtocolErr
		return STATUS_ERROR;
	}
  
	byte _validBits = 0;
     c06:	80 e0       	ldi	r24, 0x00	; 0
     c08:	eb cf       	rjmp	.-42     	; 0xbe0 <MFRC522::PCD_CommunicateWithPICC(unsigned char, unsigned char, unsigned char*, unsigned char, unsigned char*, unsigned char*, unsigned char*, unsigned char, bool)+0x1ae>
/home/oggy/Arduino/libraries/MFRC522/src/MFRC522.cpp:554
		// In this case a MIFARE Classic NAK is not OK.
		if (*backLen == 1 && _validBits == 4) {
			return STATUS_MIFARE_NACK;
		}
		// We need at least the CRC_A value and all 8 bits of the last byte must be received.
		if (*backLen < 2 || _validBits != 0) {
     c0a:	42 30       	cpi	r20, 0x02	; 2
     c0c:	f8 f0       	brcs	.+62     	; 0xc4c <MFRC522::PCD_CommunicateWithPICC(unsigned char, unsigned char, unsigned char*, unsigned char, unsigned char*, unsigned char*, unsigned char*, unsigned char, bool)+0x21a>
     c0e:	81 11       	cpse	r24, r1
     c10:	1d c0       	rjmp	.+58     	; 0xc4c <MFRC522::PCD_CommunicateWithPICC(unsigned char, unsigned char, unsigned char*, unsigned char, unsigned char*, unsigned char*, unsigned char*, unsigned char, bool)+0x21a>
/home/oggy/Arduino/libraries/MFRC522/src/MFRC522.cpp:559
			return STATUS_CRC_WRONG;
		}
		// Verify CRC_A - do our own calculation and store the control in controlBuffer.
		byte controlBuffer[2];
		MFRC522::StatusCode status = PCD_CalculateCRC(&backData[0], *backLen - 2, &controlBuffer[0]);
     c12:	42 50       	subi	r20, 0x02	; 2
     c14:	9e 01       	movw	r18, r28
     c16:	2f 5f       	subi	r18, 0xFF	; 255
     c18:	3f 4f       	sbci	r19, 0xFF	; 255
     c1a:	b7 01       	movw	r22, r14
     c1c:	c3 01       	movw	r24, r6
     c1e:	0e 94 c2 04 	call	0x984	; 0x984 <MFRC522::PCD_CalculateCRC(unsigned char*, unsigned char, unsigned char*)>
/home/oggy/Arduino/libraries/MFRC522/src/MFRC522.cpp:560
		if (status != STATUS_OK) {
     c22:	81 11       	cpse	r24, r1
     c24:	68 cf       	rjmp	.-304    	; 0xaf6 <MFRC522::PCD_CommunicateWithPICC(unsigned char, unsigned char, unsigned char*, unsigned char, unsigned char*, unsigned char*, unsigned char*, unsigned char, bool)+0xc4>
/home/oggy/Arduino/libraries/MFRC522/src/MFRC522.cpp:563
			return status;
		}
		if ((backData[*backLen - 2] != controlBuffer[0]) || (backData[*backLen - 1] != controlBuffer[1])) {
     c26:	f6 01       	movw	r30, r12
     c28:	90 81       	ld	r25, Z
     c2a:	e9 0e       	add	r14, r25
     c2c:	f1 1c       	adc	r15, r1
     c2e:	f7 01       	movw	r30, r14
     c30:	32 97       	sbiw	r30, 0x02	; 2
     c32:	20 81       	ld	r18, Z
     c34:	99 81       	ldd	r25, Y+1	; 0x01
     c36:	29 13       	cpse	r18, r25
     c38:	09 c0       	rjmp	.+18     	; 0xc4c <MFRC522::PCD_CommunicateWithPICC(unsigned char, unsigned char, unsigned char*, unsigned char, unsigned char*, unsigned char*, unsigned char*, unsigned char, bool)+0x21a>
     c3a:	f1 e0       	ldi	r31, 0x01	; 1
     c3c:	ef 1a       	sub	r14, r31
     c3e:	f1 08       	sbc	r15, r1
     c40:	f7 01       	movw	r30, r14
     c42:	20 81       	ld	r18, Z
     c44:	9a 81       	ldd	r25, Y+2	; 0x02
     c46:	29 17       	cp	r18, r25
     c48:	09 f4       	brne	.+2      	; 0xc4c <MFRC522::PCD_CommunicateWithPICC(unsigned char, unsigned char, unsigned char*, unsigned char, unsigned char*, unsigned char*, unsigned char*, unsigned char, bool)+0x21a>
     c4a:	55 cf       	rjmp	.-342    	; 0xaf6 <MFRC522::PCD_CommunicateWithPICC(unsigned char, unsigned char, unsigned char*, unsigned char, unsigned char*, unsigned char*, unsigned char*, unsigned char, bool)+0xc4>
/home/oggy/Arduino/libraries/MFRC522/src/MFRC522.cpp:555
		if (*backLen == 1 && _validBits == 4) {
			return STATUS_MIFARE_NACK;
		}
		// We need at least the CRC_A value and all 8 bits of the last byte must be received.
		if (*backLen < 2 || _validBits != 0) {
			return STATUS_CRC_WRONG;
     c4c:	87 e0       	ldi	r24, 0x07	; 7
     c4e:	53 cf       	rjmp	.-346    	; 0xaf6 <MFRC522::PCD_CommunicateWithPICC(unsigned char, unsigned char, unsigned char*, unsigned char, unsigned char*, unsigned char*, unsigned char*, unsigned char, bool)+0xc4>
/home/oggy/Arduino/libraries/MFRC522/src/MFRC522.cpp:532
	
	// If the caller wants data back, get it from the MFRC522.
	if (backData && backLen) {
		byte n = PCD_ReadRegister(FIFOLevelReg);	// Number of bytes in the FIFO
		if (n > *backLen) {
			return STATUS_NO_ROOM;
     c50:	84 e0       	ldi	r24, 0x04	; 4
     c52:	51 cf       	rjmp	.-350    	; 0xaf6 <MFRC522::PCD_CommunicateWithPICC(unsigned char, unsigned char, unsigned char*, unsigned char, unsigned char*, unsigned char*, unsigned char*, unsigned char, bool)+0xc4>
/home/oggy/Arduino/libraries/MFRC522/src/MFRC522.cpp:544
		}
	}
	
	// Tell about collisions
	if (errorRegValue & 0x08) {		// CollErr
		return STATUS_COLLISION;
     c54:	82 e0       	ldi	r24, 0x02	; 2
     c56:	4f cf       	rjmp	.-354    	; 0xaf6 <MFRC522::PCD_CommunicateWithPICC(unsigned char, unsigned char, unsigned char*, unsigned char, unsigned char*, unsigned char*, unsigned char*, unsigned char, bool)+0xc4>
/home/oggy/Arduino/libraries/MFRC522/src/MFRC522.cpp:568
		if ((backData[*backLen - 2] != controlBuffer[0]) || (backData[*backLen - 1] != controlBuffer[1])) {
			return STATUS_CRC_WRONG;
		}
	}
	
	return STATUS_OK;
     c58:	80 e0       	ldi	r24, 0x00	; 0
     c5a:	4d cf       	rjmp	.-358    	; 0xaf6 <MFRC522::PCD_CommunicateWithPICC(unsigned char, unsigned char, unsigned char*, unsigned char, unsigned char*, unsigned char*, unsigned char*, unsigned char, bool)+0xc4>
/home/oggy/Arduino/libraries/MFRC522/src/MFRC522.cpp:521
	if (!completed) {
		return STATUS_TIMEOUT;
	}
	
	// Stop now if any errors except collisions were detected.
	byte errorRegValue = PCD_ReadRegister(ErrorReg); // ErrorReg[7..0] bits are: WrErr TempErr reserved BufferOvfl CollErr CRCErr ParityErr ProtocolErr
     c5c:	6c e0       	ldi	r22, 0x0C	; 12
     c5e:	c3 01       	movw	r24, r6
     c60:	0e 94 87 04 	call	0x90e	; 0x90e <MFRC522::PCD_ReadRegister(MFRC522::PCD_Register)>
     c64:	58 2e       	mov	r5, r24
/home/oggy/Arduino/libraries/MFRC522/src/MFRC522.cpp:522
	if (errorRegValue & 0x13) {	 // BufferOvfl ParityErr ProtocolErr
     c66:	83 71       	andi	r24, 0x13	; 19
     c68:	09 f4       	brne	.+2      	; 0xc6c <MFRC522::PCD_CommunicateWithPICC(unsigned char, unsigned char, unsigned char*, unsigned char, unsigned char*, unsigned char*, unsigned char*, unsigned char, bool)+0x23a>
     c6a:	62 cf       	rjmp	.-316    	; 0xb30 <MFRC522::PCD_CommunicateWithPICC(unsigned char, unsigned char, unsigned char*, unsigned char, unsigned char*, unsigned char*, unsigned char*, unsigned char, bool)+0xfe>
/home/oggy/Arduino/libraries/MFRC522/src/MFRC522.cpp:523
		return STATUS_ERROR;
     c6c:	81 e0       	ldi	r24, 0x01	; 1
     c6e:	43 cf       	rjmp	.-378    	; 0xaf6 <MFRC522::PCD_CommunicateWithPICC(unsigned char, unsigned char, unsigned char*, unsigned char, unsigned char*, unsigned char*, unsigned char*, unsigned char, bool)+0xc4>

00000c70 <MFRC522::PCD_Authenticate(unsigned char, unsigned char, MFRC522::MIFARE_Key*, MFRC522::Uid*) [clone .constprop.13]>:
PCD_Authenticate():
/home/oggy/Arduino/libraries/MFRC522/src/MFRC522.cpp:901
 * 
 * All keys are set to FFFFFFFFFFFFh at chip delivery.
 * 
 * @return STATUS_OK on success, STATUS_??? otherwise. Probably STATUS_TIMEOUT if you supply the wrong key.
 */
MFRC522::StatusCode MFRC522::PCD_Authenticate(byte command,		///< PICC_CMD_MF_AUTH_KEY_A or PICC_CMD_MF_AUTH_KEY_B
     c70:	8f 92       	push	r8
     c72:	af 92       	push	r10
     c74:	bf 92       	push	r11
     c76:	cf 92       	push	r12
     c78:	df 92       	push	r13
     c7a:	ef 92       	push	r14
     c7c:	ff 92       	push	r15
     c7e:	0f 93       	push	r16
     c80:	cf 93       	push	r28
     c82:	df 93       	push	r29
     c84:	cd b7       	in	r28, 0x3d	; 61
     c86:	de b7       	in	r29, 0x3e	; 62
     c88:	2c 97       	sbiw	r28, 0x0c	; 12
     c8a:	0f b6       	in	r0, 0x3f	; 63
     c8c:	f8 94       	cli
     c8e:	de bf       	out	0x3e, r29	; 62
     c90:	0f be       	out	0x3f, r0	; 63
     c92:	cd bf       	out	0x3d, r28	; 61
/home/oggy/Arduino/libraries/MFRC522/src/MFRC522.cpp:910
											) {
	byte waitIRq = 0x10;		// IdleIRq
	
	// Build command buffer
	byte sendData[12];
	sendData[0] = command;
     c94:	89 83       	std	Y+1, r24	; 0x01
/home/oggy/Arduino/libraries/MFRC522/src/MFRC522.cpp:911
	sendData[1] = blockAddr;
     c96:	6a 83       	std	Y+2, r22	; 0x02
     c98:	e7 e3       	ldi	r30, 0x37	; 55
     c9a:	f6 e0       	ldi	r31, 0x06	; 6
     c9c:	de 01       	movw	r26, r28
     c9e:	13 96       	adiw	r26, 0x03	; 3
/home/oggy/Arduino/libraries/MFRC522/src/MFRC522.cpp:913
	for (byte i = 0; i < MF_KEY_SIZE; i++) {	// 6 key bytes
		sendData[2+i] = key->keyByte[i];
     ca0:	81 91       	ld	r24, Z+
     ca2:	8d 93       	st	X+, r24
/home/oggy/Arduino/libraries/MFRC522/src/MFRC522.cpp:912
	
	// Build command buffer
	byte sendData[12];
	sendData[0] = command;
	sendData[1] = blockAddr;
	for (byte i = 0; i < MF_KEY_SIZE; i++) {	// 6 key bytes
     ca4:	86 e0       	ldi	r24, 0x06	; 6
     ca6:	ed 33       	cpi	r30, 0x3D	; 61
     ca8:	f8 07       	cpc	r31, r24
     caa:	d1 f7       	brne	.-12     	; 0xca0 <MFRC522::PCD_Authenticate(unsigned char, unsigned char, MFRC522::MIFARE_Key*, MFRC522::Uid*) [clone .constprop.13]+0x30>
     cac:	e0 91 0c 07 	lds	r30, 0x070C	; 0x80070c <mfrc522+0x2>
     cb0:	e1 50       	subi	r30, 0x01	; 1
     cb2:	ff 0b       	sbc	r31, r31
     cb4:	e6 5f       	subi	r30, 0xF6	; 246
     cb6:	f8 4f       	sbci	r31, 0xF8	; 248
     cb8:	de 01       	movw	r26, r28
     cba:	19 96       	adiw	r26, 0x09	; 9
     cbc:	ce 01       	movw	r24, r28
     cbe:	0d 96       	adiw	r24, 0x0d	; 13
/home/oggy/Arduino/libraries/MFRC522/src/MFRC522.cpp:920
	// Use the last uid bytes as specified in http://cache.nxp.com/documents/application_note/AN10927.pdf
	// section 3.2.5 "MIFARE Classic Authentication".
	// The only missed case is the MF1Sxxxx shortcut activation,
	// but it requires cascade tag (CT) byte, that is not part of uid.
	for (byte i = 0; i < 4; i++) {				// The last 4 bytes of the UID
		sendData[8+i] = uid->uidByte[i+uid->size-4];
     cc0:	21 91       	ld	r18, Z+
     cc2:	2d 93       	st	X+, r18
/home/oggy/Arduino/libraries/MFRC522/src/MFRC522.cpp:919
	}
	// Use the last uid bytes as specified in http://cache.nxp.com/documents/application_note/AN10927.pdf
	// section 3.2.5 "MIFARE Classic Authentication".
	// The only missed case is the MF1Sxxxx shortcut activation,
	// but it requires cascade tag (CT) byte, that is not part of uid.
	for (byte i = 0; i < 4; i++) {				// The last 4 bytes of the UID
     cc4:	a8 17       	cp	r26, r24
     cc6:	b9 07       	cpc	r27, r25
     cc8:	d9 f7       	brne	.-10     	; 0xcc0 <MFRC522::PCD_Authenticate(unsigned char, unsigned char, MFRC522::MIFARE_Key*, MFRC522::Uid*) [clone .constprop.13]+0x50>
/home/oggy/Arduino/libraries/MFRC522/src/MFRC522.cpp:924
		sendData[8+i] = uid->uidByte[i+uid->size-4];
	}
	
	// Start the authentication.
	return PCD_CommunicateWithPICC(PCD_MFAuthent, waitIRq, &sendData[0], sizeof(sendData));
     cca:	1f 92       	push	r1
     ccc:	81 2c       	mov	r8, r1
     cce:	b1 2c       	mov	r11, r1
     cd0:	a1 2c       	mov	r10, r1
     cd2:	d1 2c       	mov	r13, r1
     cd4:	c1 2c       	mov	r12, r1
     cd6:	f1 2c       	mov	r15, r1
     cd8:	e1 2c       	mov	r14, r1
     cda:	0c e0       	ldi	r16, 0x0C	; 12
     cdc:	9e 01       	movw	r18, r28
     cde:	2f 5f       	subi	r18, 0xFF	; 255
     ce0:	3f 4f       	sbci	r19, 0xFF	; 255
     ce2:	40 e1       	ldi	r20, 0x10	; 16
     ce4:	6e e0       	ldi	r22, 0x0E	; 14
     ce6:	8a e0       	ldi	r24, 0x0A	; 10
     ce8:	97 e0       	ldi	r25, 0x07	; 7
     cea:	0e 94 19 05 	call	0xa32	; 0xa32 <MFRC522::PCD_CommunicateWithPICC(unsigned char, unsigned char, unsigned char*, unsigned char, unsigned char*, unsigned char*, unsigned char*, unsigned char, bool)>
     cee:	0f 90       	pop	r0
/home/oggy/Arduino/libraries/MFRC522/src/MFRC522.cpp:925
} // End PCD_Authenticate()
     cf0:	2c 96       	adiw	r28, 0x0c	; 12
     cf2:	0f b6       	in	r0, 0x3f	; 63
     cf4:	f8 94       	cli
     cf6:	de bf       	out	0x3e, r29	; 62
     cf8:	0f be       	out	0x3f, r0	; 63
     cfa:	cd bf       	out	0x3d, r28	; 61
     cfc:	df 91       	pop	r29
     cfe:	cf 91       	pop	r28
     d00:	0f 91       	pop	r16
     d02:	ff 90       	pop	r15
     d04:	ef 90       	pop	r14
     d06:	df 90       	pop	r13
     d08:	cf 90       	pop	r12
     d0a:	bf 90       	pop	r11
     d0c:	af 90       	pop	r10
     d0e:	8f 90       	pop	r8
     d10:	08 95       	ret

00000d12 <MFRC522::PCD_ClearRegisterBitMask(MFRC522::PCD_Register, unsigned char)>:
PCD_ClearRegisterBitMask():
/home/oggy/Arduino/libraries/MFRC522/src/MFRC522.cpp:144
/**
 * Clears the bits given in mask from register reg.
 */
void MFRC522::PCD_ClearRegisterBitMask(	PCD_Register reg,	///< The register to update. One of the PCD_Register enums.
										byte mask			///< The bits to clear.
									  ) {
     d12:	0f 93       	push	r16
     d14:	1f 93       	push	r17
     d16:	cf 93       	push	r28
     d18:	df 93       	push	r29
     d1a:	8c 01       	movw	r16, r24
     d1c:	d6 2f       	mov	r29, r22
     d1e:	c4 2f       	mov	r28, r20
/home/oggy/Arduino/libraries/MFRC522/src/MFRC522.cpp:146
	byte tmp;
	tmp = PCD_ReadRegister(reg);
     d20:	0e 94 87 04 	call	0x90e	; 0x90e <MFRC522::PCD_ReadRegister(MFRC522::PCD_Register)>
/home/oggy/Arduino/libraries/MFRC522/src/MFRC522.cpp:147
	PCD_WriteRegister(reg, tmp & (~mask));		// clear bit mask
     d24:	c0 95       	com	r28
     d26:	4c 2f       	mov	r20, r28
     d28:	48 23       	and	r20, r24
     d2a:	6d 2f       	mov	r22, r29
     d2c:	c8 01       	movw	r24, r16
/home/oggy/Arduino/libraries/MFRC522/src/MFRC522.cpp:148
} // End PCD_ClearRegisterBitMask()
     d2e:	df 91       	pop	r29
     d30:	cf 91       	pop	r28
     d32:	1f 91       	pop	r17
     d34:	0f 91       	pop	r16
/home/oggy/Arduino/libraries/MFRC522/src/MFRC522.cpp:147
void MFRC522::PCD_ClearRegisterBitMask(	PCD_Register reg,	///< The register to update. One of the PCD_Register enums.
										byte mask			///< The bits to clear.
									  ) {
	byte tmp;
	tmp = PCD_ReadRegister(reg);
	PCD_WriteRegister(reg, tmp & (~mask));		// clear bit mask
     d36:	0c 94 a5 04 	jmp	0x94a	; 0x94a <MFRC522::PCD_WriteRegister(MFRC522::PCD_Register, unsigned char)>

00000d3a <MFRC522::PICC_IsNewCardPresent()>:
PICC_IsNewCardPresent():
/home/oggy/Arduino/libraries/MFRC522/src/MFRC522.cpp:1925
 * Returns true if a PICC responds to PICC_CMD_REQA.
 * Only "new" cards in state IDLE are invited. Sleeping cards in state HALT are ignored.
 * 
 * @return bool
 */
bool MFRC522::PICC_IsNewCardPresent() {
     d3a:	6f 92       	push	r6
     d3c:	7f 92       	push	r7
     d3e:	8f 92       	push	r8
     d40:	af 92       	push	r10
     d42:	bf 92       	push	r11
     d44:	cf 92       	push	r12
     d46:	df 92       	push	r13
     d48:	ef 92       	push	r14
     d4a:	ff 92       	push	r15
     d4c:	0f 93       	push	r16
     d4e:	cf 93       	push	r28
     d50:	df 93       	push	r29
     d52:	00 d0       	rcall	.+0      	; 0xd54 <MFRC522::PICC_IsNewCardPresent()+0x1a>
     d54:	00 d0       	rcall	.+0      	; 0xd56 <MFRC522::PICC_IsNewCardPresent()+0x1c>
     d56:	1f 92       	push	r1
     d58:	cd b7       	in	r28, 0x3d	; 61
     d5a:	de b7       	in	r29, 0x3e	; 62
     d5c:	3c 01       	movw	r6, r24
/home/oggy/Arduino/libraries/MFRC522/src/MFRC522.cpp:1927
	byte bufferATQA[2];
	byte bufferSize = sizeof(bufferATQA);
     d5e:	82 e0       	ldi	r24, 0x02	; 2
     d60:	8d 83       	std	Y+5, r24	; 0x05
/home/oggy/Arduino/libraries/MFRC522/src/MFRC522.cpp:1930

	// Reset baud rates
	PCD_WriteRegister(TxModeReg, 0x00);
     d62:	40 e0       	ldi	r20, 0x00	; 0
     d64:	64 e2       	ldi	r22, 0x24	; 36
     d66:	c3 01       	movw	r24, r6
     d68:	0e 94 a5 04 	call	0x94a	; 0x94a <MFRC522::PCD_WriteRegister(MFRC522::PCD_Register, unsigned char)>
/home/oggy/Arduino/libraries/MFRC522/src/MFRC522.cpp:1931
	PCD_WriteRegister(RxModeReg, 0x00);
     d6c:	40 e0       	ldi	r20, 0x00	; 0
     d6e:	66 e2       	ldi	r22, 0x26	; 38
     d70:	c3 01       	movw	r24, r6
     d72:	0e 94 a5 04 	call	0x94a	; 0x94a <MFRC522::PCD_WriteRegister(MFRC522::PCD_Register, unsigned char)>
/home/oggy/Arduino/libraries/MFRC522/src/MFRC522.cpp:1933
	// Reset ModWidthReg
	PCD_WriteRegister(ModWidthReg, 0x26);
     d76:	46 e2       	ldi	r20, 0x26	; 38
     d78:	68 e4       	ldi	r22, 0x48	; 72
     d7a:	c3 01       	movw	r24, r6
     d7c:	0e 94 a5 04 	call	0x94a	; 0x94a <MFRC522::PCD_WriteRegister(MFRC522::PCD_Register, unsigned char)>
     d80:	86 e2       	ldi	r24, 0x26	; 38
     d82:	8b 83       	std	Y+3, r24	; 0x03
PICC_REQA_or_WUPA():
/home/oggy/Arduino/libraries/MFRC522/src/MFRC522.cpp:608
												byte *bufferSize	///< Buffer size, at least two bytes. Also number of bytes returned if STATUS_OK.
											) {
	byte validBits;
	MFRC522::StatusCode status;
	
	if (bufferATQA == nullptr || *bufferSize < 2) {	// The ATQA response is 2 bytes long.
     d84:	8d 81       	ldd	r24, Y+5	; 0x05
     d86:	82 30       	cpi	r24, 0x02	; 2
     d88:	c8 f1       	brcs	.+114    	; 0xdfc <MFRC522::PICC_IsNewCardPresent()+0xc2>
/home/oggy/Arduino/libraries/MFRC522/src/MFRC522.cpp:611
		return STATUS_NO_ROOM;
	}
	PCD_ClearRegisterBitMask(CollReg, 0x80);		// ValuesAfterColl=1 => Bits received after collision are cleared.
     d8a:	40 e8       	ldi	r20, 0x80	; 128
     d8c:	6c e1       	ldi	r22, 0x1C	; 28
     d8e:	c3 01       	movw	r24, r6
     d90:	0e 94 89 06 	call	0xd12	; 0xd12 <MFRC522::PCD_ClearRegisterBitMask(MFRC522::PCD_Register, unsigned char)>
/home/oggy/Arduino/libraries/MFRC522/src/MFRC522.cpp:612
	validBits = 7;									// For REQA and WUPA we need the short frame format - transmit only 7 bits of the last (and only) byte. TxLastBits = BitFramingReg[2..0]
     d94:	87 e0       	ldi	r24, 0x07	; 7
     d96:	8c 83       	std	Y+4, r24	; 0x04
PCD_TransceiveData():
/home/oggy/Arduino/libraries/MFRC522/src/MFRC522.cpp:458
													byte *validBits,	///< In/Out: The number of valid bits in the last byte. 0 for 8 valid bits. Default nullptr.
													byte rxAlign,		///< In: Defines the bit position in backData[0] for the first bit received. Default 0.
													bool checkCRC		///< In: True => The last two bytes of the response is assumed to be a CRC_A that must be validated.
								 ) {
	byte waitIRq = 0x30;		// RxIRq and IdleIRq
	return PCD_CommunicateWithPICC(PCD_Transceive, waitIRq, sendData, sendLen, backData, backLen, validBits, rxAlign, checkCRC);
     d98:	1f 92       	push	r1
     d9a:	81 2c       	mov	r8, r1
     d9c:	ce 01       	movw	r24, r28
     d9e:	04 96       	adiw	r24, 0x04	; 4
     da0:	5c 01       	movw	r10, r24
     da2:	01 96       	adiw	r24, 0x01	; 1
     da4:	6c 01       	movw	r12, r24
     da6:	04 97       	sbiw	r24, 0x04	; 4
     da8:	7c 01       	movw	r14, r24
     daa:	01 e0       	ldi	r16, 0x01	; 1
     dac:	9e 01       	movw	r18, r28
     dae:	2d 5f       	subi	r18, 0xFD	; 253
     db0:	3f 4f       	sbci	r19, 0xFF	; 255
     db2:	40 e3       	ldi	r20, 0x30	; 48
     db4:	6c e0       	ldi	r22, 0x0C	; 12
     db6:	c3 01       	movw	r24, r6
     db8:	0e 94 19 05 	call	0xa32	; 0xa32 <MFRC522::PCD_CommunicateWithPICC(unsigned char, unsigned char, unsigned char*, unsigned char, unsigned char*, unsigned char*, unsigned char*, unsigned char, bool)>
     dbc:	98 2f       	mov	r25, r24
PICC_REQA_or_WUPA():
/home/oggy/Arduino/libraries/MFRC522/src/MFRC522.cpp:614
		return STATUS_NO_ROOM;
	}
	PCD_ClearRegisterBitMask(CollReg, 0x80);		// ValuesAfterColl=1 => Bits received after collision are cleared.
	validBits = 7;									// For REQA and WUPA we need the short frame format - transmit only 7 bits of the last (and only) byte. TxLastBits = BitFramingReg[2..0]
	status = PCD_TransceiveData(&command, 1, bufferATQA, bufferSize, &validBits);
	if (status != STATUS_OK) {
     dbe:	0f 90       	pop	r0
     dc0:	81 11       	cpse	r24, r1
     dc2:	19 c0       	rjmp	.+50     	; 0xdf6 <MFRC522::PICC_IsNewCardPresent()+0xbc>
/home/oggy/Arduino/libraries/MFRC522/src/MFRC522.cpp:617
		return status;
	}
	if (*bufferSize != 2 || validBits != 0) {		// ATQA must be exactly 16 bits.
     dc4:	8d 81       	ldd	r24, Y+5	; 0x05
     dc6:	82 30       	cpi	r24, 0x02	; 2
     dc8:	c9 f4       	brne	.+50     	; 0xdfc <MFRC522::PICC_IsNewCardPresent()+0xc2>
     dca:	8c 81       	ldd	r24, Y+4	; 0x04
     dcc:	81 11       	cpse	r24, r1
     dce:	16 c0       	rjmp	.+44     	; 0xdfc <MFRC522::PICC_IsNewCardPresent()+0xc2>
PICC_IsNewCardPresent():
/home/oggy/Arduino/libraries/MFRC522/src/MFRC522.cpp:1936
	PCD_WriteRegister(RxModeReg, 0x00);
	// Reset ModWidthReg
	PCD_WriteRegister(ModWidthReg, 0x26);

	MFRC522::StatusCode result = PICC_RequestA(bufferATQA, &bufferSize);
	return (result == STATUS_OK || result == STATUS_COLLISION);
     dd0:	81 e0       	ldi	r24, 0x01	; 1
/home/oggy/Arduino/libraries/MFRC522/src/MFRC522.cpp:1937
} // End PICC_IsNewCardPresent()
     dd2:	0f 90       	pop	r0
     dd4:	0f 90       	pop	r0
     dd6:	0f 90       	pop	r0
     dd8:	0f 90       	pop	r0
     dda:	0f 90       	pop	r0
     ddc:	df 91       	pop	r29
     dde:	cf 91       	pop	r28
     de0:	0f 91       	pop	r16
     de2:	ff 90       	pop	r15
     de4:	ef 90       	pop	r14
     de6:	df 90       	pop	r13
     de8:	cf 90       	pop	r12
     dea:	bf 90       	pop	r11
     dec:	af 90       	pop	r10
     dee:	8f 90       	pop	r8
     df0:	7f 90       	pop	r7
     df2:	6f 90       	pop	r6
     df4:	08 95       	ret
/home/oggy/Arduino/libraries/MFRC522/src/MFRC522.cpp:1936
	PCD_WriteRegister(RxModeReg, 0x00);
	// Reset ModWidthReg
	PCD_WriteRegister(ModWidthReg, 0x26);

	MFRC522::StatusCode result = PICC_RequestA(bufferATQA, &bufferSize);
	return (result == STATUS_OK || result == STATUS_COLLISION);
     df6:	81 e0       	ldi	r24, 0x01	; 1
     df8:	92 30       	cpi	r25, 0x02	; 2
     dfa:	59 f3       	breq	.-42     	; 0xdd2 <MFRC522::PICC_IsNewCardPresent()+0x98>
     dfc:	80 e0       	ldi	r24, 0x00	; 0
     dfe:	e9 cf       	rjmp	.-46     	; 0xdd2 <MFRC522::PICC_IsNewCardPresent()+0x98>

00000e00 <MFRC522::PICC_Select(MFRC522::Uid*, unsigned char)>:
PICC_Select():
/home/oggy/Arduino/libraries/MFRC522/src/MFRC522.cpp:642
 * 
 * @return STATUS_OK on success, STATUS_??? otherwise.
 */
MFRC522::StatusCode MFRC522::PICC_Select(	Uid *uid,			///< Pointer to Uid struct. Normally output, but can also be used to supply a known UID.
											byte validBits		///< The number of known UID bits supplied in *uid. Normally 0. If set you must also supply uid->size.
										 ) {
     e00:	2f 92       	push	r2
     e02:	3f 92       	push	r3
     e04:	4f 92       	push	r4
     e06:	5f 92       	push	r5
     e08:	6f 92       	push	r6
     e0a:	7f 92       	push	r7
     e0c:	8f 92       	push	r8
     e0e:	9f 92       	push	r9
     e10:	af 92       	push	r10
     e12:	bf 92       	push	r11
     e14:	cf 92       	push	r12
     e16:	df 92       	push	r13
     e18:	ef 92       	push	r14
     e1a:	ff 92       	push	r15
     e1c:	0f 93       	push	r16
     e1e:	1f 93       	push	r17
     e20:	cf 93       	push	r28
     e22:	df 93       	push	r29
     e24:	cd b7       	in	r28, 0x3d	; 61
     e26:	de b7       	in	r29, 0x3e	; 62
     e28:	2e 97       	sbiw	r28, 0x0e	; 14
     e2a:	0f b6       	in	r0, 0x3f	; 63
     e2c:	f8 94       	cli
     e2e:	de bf       	out	0x3e, r29	; 62
     e30:	0f be       	out	0x3f, r0	; 63
     e32:	cd bf       	out	0x3d, r28	; 61
/home/oggy/Arduino/libraries/MFRC522/src/MFRC522.cpp:684
	//						2			CT		uid3	uid4	uid5
	//						3			uid6	uid7	uid8	uid9
	
	// Sanity checks
	if (validBits > 80) {
		return STATUS_INVALID;
     e34:	06 e0       	ldi	r16, 0x06	; 6
/home/oggy/Arduino/libraries/MFRC522/src/MFRC522.cpp:683
	//		10 bytes		1			CT		uid0	uid1	uid2
	//						2			CT		uid3	uid4	uid5
	//						3			uid6	uid7	uid8	uid9
	
	// Sanity checks
	if (validBits > 80) {
     e36:	41 35       	cpi	r20, 0x51	; 81
     e38:	08 f0       	brcs	.+2      	; 0xe3c <MFRC522::PICC_Select(MFRC522::Uid*, unsigned char)+0x3c>
     e3a:	46 c1       	rjmp	.+652    	; 0x10c8 <MFRC522::PICC_Select(MFRC522::Uid*, unsigned char)+0x2c8>
     e3c:	4e 87       	std	Y+14, r20	; 0x0e
     e3e:	3b 01       	movw	r6, r22
     e40:	2c 01       	movw	r4, r24
/home/oggy/Arduino/libraries/MFRC522/src/MFRC522.cpp:688
		return STATUS_INVALID;
	}
	
	// Prepare MFRC522
	PCD_ClearRegisterBitMask(CollReg, 0x80);		// ValuesAfterColl=1 => Bits received after collision are cleared.
     e42:	40 e8       	ldi	r20, 0x80	; 128
     e44:	6c e1       	ldi	r22, 0x1C	; 28
     e46:	0e 94 89 06 	call	0xd12	; 0xd12 <MFRC522::PCD_ClearRegisterBitMask(MFRC522::PCD_Register, unsigned char)>
/home/oggy/Arduino/libraries/MFRC522/src/MFRC522.cpp:696
	uidComplete = false;
	while (!uidComplete) {
		// Set the Cascade Level in the SEL byte, find out if we need to use the Cascade Tag in byte 2.
		switch (cascadeLevel) {
			case 1:
				buffer[0] = PICC_CMD_SEL_CL1;
     e4a:	83 e9       	ldi	r24, 0x93	; 147
     e4c:	89 83       	std	Y+1, r24	; 0x01
/home/oggy/Arduino/libraries/MFRC522/src/MFRC522.cpp:698
				uidIndex = 0;
				useCascadeTag = validBits && uid->size > 4;	// When we know that the UID has more than 4 bytes
     e4e:	2e 85       	ldd	r18, Y+14	; 0x0e
     e50:	22 23       	and	r18, r18
     e52:	29 f0       	breq	.+10     	; 0xe5e <MFRC522::PICC_Select(MFRC522::Uid*, unsigned char)+0x5e>
     e54:	81 e0       	ldi	r24, 0x01	; 1
     e56:	f3 01       	movw	r30, r6
     e58:	90 81       	ld	r25, Z
     e5a:	95 30       	cpi	r25, 0x05	; 5
     e5c:	08 f4       	brcc	.+2      	; 0xe60 <MFRC522::PICC_Select(MFRC522::Uid*, unsigned char)+0x60>
     e5e:	80 e0       	ldi	r24, 0x00	; 0
/home/oggy/Arduino/libraries/MFRC522/src/MFRC522.cpp:710
				break;
			
			case 3:
				buffer[0] = PICC_CMD_SEL_CL3;
				uidIndex = 6;
				useCascadeTag = false;						// Never used in CL3.
     e60:	99 24       	eor	r9, r9
     e62:	93 94       	inc	r9
     e64:	1c 86       	std	Y+12, r1	; 0x0c
/home/oggy/Arduino/libraries/MFRC522/src/MFRC522.cpp:719
				return STATUS_INTERNAL_ERROR;
				break;
		}
		
		// How many UID bits are known in this Cascade Level?
		currentLevelKnownBits = validBits - (8 * uidIndex);
     e66:	9c 85       	ldd	r25, Y+12	; 0x0c
     e68:	99 0f       	add	r25, r25
     e6a:	99 0f       	add	r25, r25
     e6c:	99 0f       	add	r25, r25
     e6e:	1e 85       	ldd	r17, Y+14	; 0x0e
     e70:	19 1b       	sub	r17, r25
     e72:	17 fd       	sbrc	r17, 7
     e74:	10 e0       	ldi	r17, 0x00	; 0
/home/oggy/Arduino/libraries/MFRC522/src/MFRC522.cpp:724
		if (currentLevelKnownBits < 0) {
			currentLevelKnownBits = 0;
		}
		// Copy the known bits from uid->uidByte[] to buffer[]
		index = 2; // destination index in buffer[]
     e76:	32 e0       	ldi	r19, 0x02	; 2
/home/oggy/Arduino/libraries/MFRC522/src/MFRC522.cpp:725
		if (useCascadeTag) {
     e78:	88 23       	and	r24, r24
     e7a:	19 f0       	breq	.+6      	; 0xe82 <MFRC522::PICC_Select(MFRC522::Uid*, unsigned char)+0x82>
/home/oggy/Arduino/libraries/MFRC522/src/MFRC522.cpp:726
			buffer[index++] = PICC_CMD_CT;
     e7c:	98 e8       	ldi	r25, 0x88	; 136
     e7e:	9b 83       	std	Y+3, r25	; 0x03
     e80:	33 e0       	ldi	r19, 0x03	; 3
/home/oggy/Arduino/libraries/MFRC522/src/MFRC522.cpp:728
		}
		byte bytesToCopy = currentLevelKnownBits / 8 + (currentLevelKnownBits % 8 ? 1 : 0); // The number of bytes needed to represent the known bits for this level.
     e82:	21 e0       	ldi	r18, 0x01	; 1
     e84:	91 2f       	mov	r25, r17
     e86:	97 70       	andi	r25, 0x07	; 7
     e88:	09 f4       	brne	.+2      	; 0xe8c <MFRC522::PICC_Select(MFRC522::Uid*, unsigned char)+0x8c>
     e8a:	20 e0       	ldi	r18, 0x00	; 0
     e8c:	91 2f       	mov	r25, r17
     e8e:	95 95       	asr	r25
     e90:	95 95       	asr	r25
     e92:	95 95       	asr	r25
     e94:	29 0f       	add	r18, r25
/home/oggy/Arduino/libraries/MFRC522/src/MFRC522.cpp:729
		if (bytesToCopy) {
     e96:	d1 f0       	breq	.+52     	; 0xecc <MFRC522::PICC_Select(MFRC522::Uid*, unsigned char)+0xcc>
/home/oggy/Arduino/libraries/MFRC522/src/MFRC522.cpp:730
			byte maxBytes = useCascadeTag ? 3 : 4; // Max 4 bytes in each Cascade Level. Only 3 left if we use the Cascade Tag
     e98:	94 e0       	ldi	r25, 0x04	; 4
     e9a:	81 11       	cpse	r24, r1
     e9c:	93 e0       	ldi	r25, 0x03	; 3
     e9e:	29 17       	cp	r18, r25
     ea0:	08 f4       	brcc	.+2      	; 0xea4 <MFRC522::PICC_Select(MFRC522::Uid*, unsigned char)+0xa4>
     ea2:	92 2f       	mov	r25, r18
     ea4:	2c 85       	ldd	r18, Y+12	; 0x0c
     ea6:	e2 2f       	mov	r30, r18
     ea8:	f0 e0       	ldi	r31, 0x00	; 0
     eaa:	31 96       	adiw	r30, 0x01	; 1
     eac:	e6 0d       	add	r30, r6
     eae:	f7 1d       	adc	r31, r7
     eb0:	23 2f       	mov	r18, r19
/home/oggy/Arduino/libraries/MFRC522/src/MFRC522.cpp:735
			if (bytesToCopy > maxBytes) {
				bytesToCopy = maxBytes;
			}
			for (count = 0; count < bytesToCopy; count++) {
				buffer[index++] = uid->uidByte[uidIndex + count];
     eb2:	41 91       	ld	r20, Z+
     eb4:	a1 e0       	ldi	r26, 0x01	; 1
     eb6:	b0 e0       	ldi	r27, 0x00	; 0
     eb8:	ac 0f       	add	r26, r28
     eba:	bd 1f       	adc	r27, r29
     ebc:	a2 0f       	add	r26, r18
     ebe:	b1 1d       	adc	r27, r1
     ec0:	4c 93       	st	X, r20
     ec2:	2f 5f       	subi	r18, 0xFF	; 255
/home/oggy/Arduino/libraries/MFRC522/src/MFRC522.cpp:734
		if (bytesToCopy) {
			byte maxBytes = useCascadeTag ? 3 : 4; // Max 4 bytes in each Cascade Level. Only 3 left if we use the Cascade Tag
			if (bytesToCopy > maxBytes) {
				bytesToCopy = maxBytes;
			}
			for (count = 0; count < bytesToCopy; count++) {
     ec4:	42 2f       	mov	r20, r18
     ec6:	43 1b       	sub	r20, r19
     ec8:	49 17       	cp	r20, r25
     eca:	98 f3       	brcs	.-26     	; 0xeb2 <MFRC522::PICC_Select(MFRC522::Uid*, unsigned char)+0xb2>
/home/oggy/Arduino/libraries/MFRC522/src/MFRC522.cpp:739
				buffer[index++] = uid->uidByte[uidIndex + count];
			}
		}
		// Now that the data has been copied we need to include the 8 bits in CT in currentLevelKnownBits
		if (useCascadeTag) {
     ecc:	81 11       	cpse	r24, r1
/home/oggy/Arduino/libraries/MFRC522/src/MFRC522.cpp:740
			currentLevelKnownBits += 8;
     ece:	18 5f       	subi	r17, 0xF8	; 248
/home/oggy/Arduino/libraries/MFRC522/src/MFRC522.cpp:747
		
		// Repeat anti collision loop until we can transmit all UID bits + BCC and receive a SAK - max 32 iterations.
		selectDone = false;
		while (!selectDone) {
			// Find out how many bits and bytes to send and receive.
			if (currentLevelKnownBits >= 32) { // All UID bits in this Cascade Level are known. This is a SELECT.
     ed0:	10 32       	cpi	r17, 0x20	; 32
     ed2:	0c f4       	brge	.+2      	; 0xed6 <MFRC522::PICC_Select(MFRC522::Uid*, unsigned char)+0xd6>
     ed4:	84 c0       	rjmp	.+264    	; 0xfde <MFRC522::PICC_Select(MFRC522::Uid*, unsigned char)+0x1de>
/home/oggy/Arduino/libraries/MFRC522/src/MFRC522.cpp:749
				//Serial.print(F("SELECT: currentLevelKnownBits=")); Serial.println(currentLevelKnownBits, DEC);
				buffer[1] = 0x70; // NVB - Number of Valid Bits: Seven whole bytes
     ed6:	80 e7       	ldi	r24, 0x70	; 112
     ed8:	8a 83       	std	Y+2, r24	; 0x02
/home/oggy/Arduino/libraries/MFRC522/src/MFRC522.cpp:751
				// Calculate BCC - Block Check Character
				buffer[6] = buffer[2] ^ buffer[3] ^ buffer[4] ^ buffer[5];
     eda:	8b 81       	ldd	r24, Y+3	; 0x03
     edc:	9c 81       	ldd	r25, Y+4	; 0x04
     ede:	89 27       	eor	r24, r25
     ee0:	9d 81       	ldd	r25, Y+5	; 0x05
     ee2:	89 27       	eor	r24, r25
     ee4:	9e 81       	ldd	r25, Y+6	; 0x06
     ee6:	89 27       	eor	r24, r25
     ee8:	8f 83       	std	Y+7, r24	; 0x07
/home/oggy/Arduino/libraries/MFRC522/src/MFRC522.cpp:753
				// Calculate CRC_A
				result = PCD_CalculateCRC(buffer, 7, &buffer[7]);
     eea:	9e 01       	movw	r18, r28
     eec:	28 5f       	subi	r18, 0xF8	; 248
     eee:	3f 4f       	sbci	r19, 0xFF	; 255
     ef0:	47 e0       	ldi	r20, 0x07	; 7
     ef2:	be 01       	movw	r22, r28
     ef4:	6f 5f       	subi	r22, 0xFF	; 255
     ef6:	7f 4f       	sbci	r23, 0xFF	; 255
     ef8:	c2 01       	movw	r24, r4
     efa:	0e 94 c2 04 	call	0x984	; 0x984 <MFRC522::PCD_CalculateCRC(unsigned char*, unsigned char, unsigned char*)>
     efe:	08 2f       	mov	r16, r24
/home/oggy/Arduino/libraries/MFRC522/src/MFRC522.cpp:754
				if (result != STATUS_OK) {
     f00:	81 11       	cpse	r24, r1
     f02:	e2 c0       	rjmp	.+452    	; 0x10c8 <MFRC522::PICC_Select(MFRC522::Uid*, unsigned char)+0x2c8>
/home/oggy/Arduino/libraries/MFRC522/src/MFRC522.cpp:757
					return result;
				}
				txLastBits		= 0; // 0 => All 8 bits are valid.
     f04:	1a 86       	std	Y+10, r1	; 0x0a
/home/oggy/Arduino/libraries/MFRC522/src/MFRC522.cpp:761
				bufferUsed		= 9;
				// Store response in the last 3 bytes of buffer (BCC and CRC_A - not needed after tx)
				responseBuffer	= &buffer[6];
				responseLength	= 3;
     f06:	93 e0       	ldi	r25, 0x03	; 3
     f08:	9b 87       	std	Y+11, r25	; 0x0b
     f0a:	1d 87       	std	Y+13, r17	; 0x0d
/home/oggy/Arduino/libraries/MFRC522/src/MFRC522.cpp:760
					return result;
				}
				txLastBits		= 0; // 0 => All 8 bits are valid.
				bufferUsed		= 9;
				// Store response in the last 3 bytes of buffer (BCC and CRC_A - not needed after tx)
				responseBuffer	= &buffer[6];
     f0c:	fe 01       	movw	r30, r28
     f0e:	37 96       	adiw	r30, 0x07	; 7
     f10:	1f 01       	movw	r2, r30
/home/oggy/Arduino/libraries/MFRC522/src/MFRC522.cpp:758
				result = PCD_CalculateCRC(buffer, 7, &buffer[7]);
				if (result != STATUS_OK) {
					return result;
				}
				txLastBits		= 0; // 0 => All 8 bits are valid.
				bufferUsed		= 9;
     f12:	09 e0       	ldi	r16, 0x09	; 9
/home/oggy/Arduino/libraries/MFRC522/src/MFRC522.cpp:776
				responseBuffer	= &buffer[index];
				responseLength	= sizeof(buffer) - index;
			}
			
			// Set bit adjustments
			rxAlign = txLastBits;											// Having a separate variable is overkill. But it makes the next line easier to read.
     f14:	8a 84       	ldd	r8, Y+10	; 0x0a
/home/oggy/Arduino/libraries/MFRC522/src/MFRC522.cpp:777
			PCD_WriteRegister(BitFramingReg, (rxAlign << 4) + txLastBits);	// RxAlign = BitFramingReg[6..4]. TxLastBits = BitFramingReg[2..0]
     f16:	48 2d       	mov	r20, r8
     f18:	42 95       	swap	r20
     f1a:	40 7f       	andi	r20, 0xF0	; 240
     f1c:	48 0d       	add	r20, r8
     f1e:	6a e1       	ldi	r22, 0x1A	; 26
     f20:	c2 01       	movw	r24, r4
     f22:	0e 94 a5 04 	call	0x94a	; 0x94a <MFRC522::PCD_WriteRegister(MFRC522::PCD_Register, unsigned char)>
PCD_TransceiveData():
/home/oggy/Arduino/libraries/MFRC522/src/MFRC522.cpp:458
													byte *validBits,	///< In/Out: The number of valid bits in the last byte. 0 for 8 valid bits. Default nullptr.
													byte rxAlign,		///< In: Defines the bit position in backData[0] for the first bit received. Default 0.
													bool checkCRC		///< In: True => The last two bytes of the response is assumed to be a CRC_A that must be validated.
								 ) {
	byte waitIRq = 0x30;		// RxIRq and IdleIRq
	return PCD_CommunicateWithPICC(PCD_Transceive, waitIRq, sendData, sendLen, backData, backLen, validBits, rxAlign, checkCRC);
     f26:	1f 92       	push	r1
     f28:	ce 01       	movw	r24, r28
     f2a:	0a 96       	adiw	r24, 0x0a	; 10
     f2c:	5c 01       	movw	r10, r24
     f2e:	fe 01       	movw	r30, r28
     f30:	3b 96       	adiw	r30, 0x0b	; 11
     f32:	6f 01       	movw	r12, r30
     f34:	71 01       	movw	r14, r2
     f36:	9e 01       	movw	r18, r28
     f38:	2f 5f       	subi	r18, 0xFF	; 255
     f3a:	3f 4f       	sbci	r19, 0xFF	; 255
     f3c:	40 e3       	ldi	r20, 0x30	; 48
     f3e:	6c e0       	ldi	r22, 0x0C	; 12
     f40:	c2 01       	movw	r24, r4
     f42:	0e 94 19 05 	call	0xa32	; 0xa32 <MFRC522::PCD_CommunicateWithPICC(unsigned char, unsigned char, unsigned char*, unsigned char, unsigned char*, unsigned char*, unsigned char*, unsigned char, bool)>
     f46:	08 2f       	mov	r16, r24
PICC_Select():
/home/oggy/Arduino/libraries/MFRC522/src/MFRC522.cpp:781
			rxAlign = txLastBits;											// Having a separate variable is overkill. But it makes the next line easier to read.
			PCD_WriteRegister(BitFramingReg, (rxAlign << 4) + txLastBits);	// RxAlign = BitFramingReg[6..4]. TxLastBits = BitFramingReg[2..0]
			
			// Transmit the buffer and receive the response.
			result = PCD_TransceiveData(buffer, bufferUsed, responseBuffer, &responseLength, &txLastBits, rxAlign);
			if (result == STATUS_COLLISION) { // More than one PICC in the field => collision.
     f48:	0f 90       	pop	r0
     f4a:	82 30       	cpi	r24, 0x02	; 2
     f4c:	09 f0       	breq	.+2      	; 0xf50 <MFRC522::PICC_Select(MFRC522::Uid*, unsigned char)+0x150>
     f4e:	65 c0       	rjmp	.+202    	; 0x101a <MFRC522::PICC_Select(MFRC522::Uid*, unsigned char)+0x21a>
/home/oggy/Arduino/libraries/MFRC522/src/MFRC522.cpp:782
				byte valueOfCollReg = PCD_ReadRegister(CollReg); // CollReg[7..0] bits are: ValuesAfterColl reserved CollPosNotValid CollPos[4:0]
     f50:	6c e1       	ldi	r22, 0x1C	; 28
     f52:	c2 01       	movw	r24, r4
     f54:	0e 94 87 04 	call	0x90e	; 0x90e <MFRC522::PCD_ReadRegister(MFRC522::PCD_Register)>
/home/oggy/Arduino/libraries/MFRC522/src/MFRC522.cpp:783
				if (valueOfCollReg & 0x20) { // CollPosNotValid
     f58:	85 fd       	sbrc	r24, 5
     f5a:	b6 c0       	rjmp	.+364    	; 0x10c8 <MFRC522::PICC_Select(MFRC522::Uid*, unsigned char)+0x2c8>
/home/oggy/Arduino/libraries/MFRC522/src/MFRC522.cpp:786
					return STATUS_COLLISION; // Without a valid collision position we cannot continue
				}
				byte collisionPos = valueOfCollReg & 0x1F; // Values 0-31, 0 means bit 32.
     f5c:	8f 71       	andi	r24, 0x1F	; 31
/home/oggy/Arduino/libraries/MFRC522/src/MFRC522.cpp:787
				if (collisionPos == 0) {
     f5e:	09 f4       	brne	.+2      	; 0xf62 <MFRC522::PICC_Select(MFRC522::Uid*, unsigned char)+0x162>
/home/oggy/Arduino/libraries/MFRC522/src/MFRC522.cpp:788
					collisionPos = 32;
     f60:	80 e2       	ldi	r24, 0x20	; 32
/home/oggy/Arduino/libraries/MFRC522/src/MFRC522.cpp:790
				}
				if (collisionPos <= currentLevelKnownBits) { // No progress - should not happen 
     f62:	28 2f       	mov	r18, r24
     f64:	30 e0       	ldi	r19, 0x00	; 0
     f66:	41 2f       	mov	r20, r17
     f68:	11 0f       	add	r17, r17
     f6a:	55 0b       	sbc	r21, r21
     f6c:	42 17       	cp	r20, r18
     f6e:	53 07       	cpc	r21, r19
     f70:	0c f0       	brlt	.+2      	; 0xf74 <MFRC522::PICC_Select(MFRC522::Uid*, unsigned char)+0x174>
     f72:	9e c0       	rjmp	.+316    	; 0x10b0 <MFRC522::PICC_Select(MFRC522::Uid*, unsigned char)+0x2b0>
/home/oggy/Arduino/libraries/MFRC522/src/MFRC522.cpp:794
					return STATUS_INTERNAL_ERROR;
				}
				// Choose the PICC with the bit set.
				currentLevelKnownBits	= collisionPos;
     f74:	18 2f       	mov	r17, r24
/home/oggy/Arduino/libraries/MFRC522/src/MFRC522.cpp:797
				count			= currentLevelKnownBits % 8; // The bit to modify
				checkBit		= (currentLevelKnownBits - 1) % 8;
				index			= 1 + (currentLevelKnownBits / 8) + (count ? 1 : 0); // First byte is index 0.
     f76:	e2 2f       	mov	r30, r18
     f78:	e5 95       	asr	r30
     f7a:	e5 95       	asr	r30
     f7c:	e5 95       	asr	r30
     f7e:	ef 5f       	subi	r30, 0xFF	; 255
/home/oggy/Arduino/libraries/MFRC522/src/MFRC522.cpp:795
				if (collisionPos <= currentLevelKnownBits) { // No progress - should not happen 
					return STATUS_INTERNAL_ERROR;
				}
				// Choose the PICC with the bit set.
				currentLevelKnownBits	= collisionPos;
				count			= currentLevelKnownBits % 8; // The bit to modify
     f80:	92 2f       	mov	r25, r18
     f82:	97 70       	andi	r25, 0x07	; 7
/home/oggy/Arduino/libraries/MFRC522/src/MFRC522.cpp:797
				checkBit		= (currentLevelKnownBits - 1) % 8;
				index			= 1 + (currentLevelKnownBits / 8) + (count ? 1 : 0); // First byte is index 0.
     f84:	81 e0       	ldi	r24, 0x01	; 1
     f86:	09 f4       	brne	.+2      	; 0xf8a <MFRC522::PICC_Select(MFRC522::Uid*, unsigned char)+0x18a>
     f88:	80 e0       	ldi	r24, 0x00	; 0
     f8a:	e8 0f       	add	r30, r24
/home/oggy/Arduino/libraries/MFRC522/src/MFRC522.cpp:798
				buffer[index]	|= (1 << checkBit);
     f8c:	81 e0       	ldi	r24, 0x01	; 1
     f8e:	90 e0       	ldi	r25, 0x00	; 0
     f90:	8c 0f       	add	r24, r28
     f92:	9d 1f       	adc	r25, r29
     f94:	8e 0f       	add	r24, r30
     f96:	91 1d       	adc	r25, r1
     f98:	fc 01       	movw	r30, r24
/home/oggy/Arduino/libraries/MFRC522/src/MFRC522.cpp:796
					return STATUS_INTERNAL_ERROR;
				}
				// Choose the PICC with the bit set.
				currentLevelKnownBits	= collisionPos;
				count			= currentLevelKnownBits % 8; // The bit to modify
				checkBit		= (currentLevelKnownBits - 1) % 8;
     f9a:	21 50       	subi	r18, 0x01	; 1
     f9c:	31 09       	sbc	r19, r1
     f9e:	27 70       	andi	r18, 0x07	; 7
     fa0:	33 27       	eor	r19, r19
/home/oggy/Arduino/libraries/MFRC522/src/MFRC522.cpp:798
				index			= 1 + (currentLevelKnownBits / 8) + (count ? 1 : 0); // First byte is index 0.
				buffer[index]	|= (1 << checkBit);
     fa2:	81 e0       	ldi	r24, 0x01	; 1
     fa4:	90 e0       	ldi	r25, 0x00	; 0
     fa6:	02 c0       	rjmp	.+4      	; 0xfac <MFRC522::PICC_Select(MFRC522::Uid*, unsigned char)+0x1ac>
     fa8:	88 0f       	add	r24, r24
     faa:	99 1f       	adc	r25, r25
     fac:	2a 95       	dec	r18
     fae:	e2 f7       	brpl	.-8      	; 0xfa8 <MFRC522::PICC_Select(MFRC522::Uid*, unsigned char)+0x1a8>
     fb0:	9c 01       	movw	r18, r24
     fb2:	80 81       	ld	r24, Z
     fb4:	82 2b       	or	r24, r18
     fb6:	80 83       	st	Z, r24
     fb8:	8b cf       	rjmp	.-234    	; 0xed0 <MFRC522::PICC_Select(MFRC522::Uid*, unsigned char)+0xd0>
/home/oggy/Arduino/libraries/MFRC522/src/MFRC522.cpp:702
				uidIndex = 0;
				useCascadeTag = validBits && uid->size > 4;	// When we know that the UID has more than 4 bytes
				break;
			
			case 2:
				buffer[0] = PICC_CMD_SEL_CL2;
     fba:	85 e9       	ldi	r24, 0x95	; 149
     fbc:	89 83       	std	Y+1, r24	; 0x01
/home/oggy/Arduino/libraries/MFRC522/src/MFRC522.cpp:704
				uidIndex = 3;
				useCascadeTag = validBits && uid->size > 7;	// When we know that the UID has more than 7 bytes
     fbe:	fe 85       	ldd	r31, Y+14	; 0x0e
     fc0:	ff 23       	and	r31, r31
     fc2:	31 f0       	breq	.+12     	; 0xfd0 <MFRC522::PICC_Select(MFRC522::Uid*, unsigned char)+0x1d0>
     fc4:	81 e0       	ldi	r24, 0x01	; 1
     fc6:	f3 01       	movw	r30, r6
     fc8:	90 81       	ld	r25, Z
     fca:	98 30       	cpi	r25, 0x08	; 8
     fcc:	08 f0       	brcs	.+2      	; 0xfd0 <MFRC522::PICC_Select(MFRC522::Uid*, unsigned char)+0x1d0>
     fce:	4b cf       	rjmp	.-362    	; 0xe66 <MFRC522::PICC_Select(MFRC522::Uid*, unsigned char)+0x66>
     fd0:	80 e0       	ldi	r24, 0x00	; 0
     fd2:	49 cf       	rjmp	.-366    	; 0xe66 <MFRC522::PICC_Select(MFRC522::Uid*, unsigned char)+0x66>
/home/oggy/Arduino/libraries/MFRC522/src/MFRC522.cpp:708
				break;
			
			case 3:
				buffer[0] = PICC_CMD_SEL_CL3;
     fd4:	87 e9       	ldi	r24, 0x97	; 151
     fd6:	89 83       	std	Y+1, r24	; 0x01
/home/oggy/Arduino/libraries/MFRC522/src/MFRC522.cpp:709
				uidIndex = 6;
     fd8:	f6 e0       	ldi	r31, 0x06	; 6
     fda:	fc 87       	std	Y+12, r31	; 0x0c
     fdc:	f9 cf       	rjmp	.-14     	; 0xfd0 <MFRC522::PICC_Select(MFRC522::Uid*, unsigned char)+0x1d0>
/home/oggy/Arduino/libraries/MFRC522/src/MFRC522.cpp:765
				responseBuffer	= &buffer[6];
				responseLength	= 3;
			}
			else { // This is an ANTICOLLISION.
				//Serial.print(F("ANTICOLLISION: currentLevelKnownBits=")); Serial.println(currentLevelKnownBits, DEC);
				txLastBits		= currentLevelKnownBits % 8;
     fde:	91 2f       	mov	r25, r17
     fe0:	97 70       	andi	r25, 0x07	; 7
     fe2:	9a 87       	std	Y+10, r25	; 0x0a
/home/oggy/Arduino/libraries/MFRC522/src/MFRC522.cpp:766
				count			= currentLevelKnownBits / 8;	// Number of whole bytes in the UID part.
     fe4:	81 2f       	mov	r24, r17
     fe6:	85 95       	asr	r24
     fe8:	85 95       	asr	r24
     fea:	85 95       	asr	r24
/home/oggy/Arduino/libraries/MFRC522/src/MFRC522.cpp:767
				index			= 2 + count;					// Number of whole bytes: SEL + NVB + UIDs
     fec:	8e 5f       	subi	r24, 0xFE	; 254
/home/oggy/Arduino/libraries/MFRC522/src/MFRC522.cpp:768
				buffer[1]		= (index << 4) + txLastBits;	// NVB - Number of Valid Bits
     fee:	28 2f       	mov	r18, r24
     ff0:	22 95       	swap	r18
     ff2:	20 7f       	andi	r18, 0xF0	; 240
     ff4:	29 0f       	add	r18, r25
     ff6:	2a 83       	std	Y+2, r18	; 0x02
/home/oggy/Arduino/libraries/MFRC522/src/MFRC522.cpp:769
				bufferUsed		= index + (txLastBits ? 1 : 0);
     ff8:	01 e0       	ldi	r16, 0x01	; 1
     ffa:	91 11       	cpse	r25, r1
     ffc:	01 c0       	rjmp	.+2      	; 0x1000 <MFRC522::PICC_Select(MFRC522::Uid*, unsigned char)+0x200>
     ffe:	00 e0       	ldi	r16, 0x00	; 0
    1000:	08 0f       	add	r16, r24
/home/oggy/Arduino/libraries/MFRC522/src/MFRC522.cpp:771
				// Store response in the unused part of buffer
				responseBuffer	= &buffer[index];
    1002:	22 24       	eor	r2, r2
    1004:	23 94       	inc	r2
    1006:	31 2c       	mov	r3, r1
    1008:	2c 0e       	add	r2, r28
    100a:	3d 1e       	adc	r3, r29
    100c:	28 0e       	add	r2, r24
    100e:	31 1c       	adc	r3, r1
/home/oggy/Arduino/libraries/MFRC522/src/MFRC522.cpp:772
				responseLength	= sizeof(buffer) - index;
    1010:	f9 e0       	ldi	r31, 0x09	; 9
    1012:	f8 1b       	sub	r31, r24
    1014:	fb 87       	std	Y+11, r31	; 0x0b
    1016:	1d 87       	std	Y+13, r17	; 0x0d
    1018:	7d cf       	rjmp	.-262    	; 0xf14 <MFRC522::PICC_Select(MFRC522::Uid*, unsigned char)+0x114>
/home/oggy/Arduino/libraries/MFRC522/src/MFRC522.cpp:800
				count			= currentLevelKnownBits % 8; // The bit to modify
				checkBit		= (currentLevelKnownBits - 1) % 8;
				index			= 1 + (currentLevelKnownBits / 8) + (count ? 1 : 0); // First byte is index 0.
				buffer[index]	|= (1 << checkBit);
			}
			else if (result != STATUS_OK) {
    101a:	81 11       	cpse	r24, r1
    101c:	55 c0       	rjmp	.+170    	; 0x10c8 <MFRC522::PICC_Select(MFRC522::Uid*, unsigned char)+0x2c8>
/home/oggy/Arduino/libraries/MFRC522/src/MFRC522.cpp:810
					selectDone = true; // No more anticollision 
					// We continue below outside the while.
				}
				else { // This was an ANTICOLLISION.
					// We now have all 32 bits of the UID in this Cascade Level
					currentLevelKnownBits = 32;
    101e:	10 e2       	ldi	r17, 0x20	; 32
/home/oggy/Arduino/libraries/MFRC522/src/MFRC522.cpp:804
			}
			else if (result != STATUS_OK) {
				return result;
			}
			else { // STATUS_OK
				if (currentLevelKnownBits >= 32) { // This was a SELECT.
    1020:	9d 85       	ldd	r25, Y+13	; 0x0d
    1022:	90 32       	cpi	r25, 0x20	; 32
    1024:	0c f4       	brge	.+2      	; 0x1028 <MFRC522::PICC_Select(MFRC522::Uid*, unsigned char)+0x228>
    1026:	57 cf       	rjmp	.-338    	; 0xed6 <MFRC522::PICC_Select(MFRC522::Uid*, unsigned char)+0xd6>
/home/oggy/Arduino/libraries/MFRC522/src/MFRC522.cpp:819
		} // End of while (!selectDone)
		
		// We do not check the CBB - it was constructed by us above.
		
		// Copy the found UID bytes from buffer[] to uid->uidByte[]
		index			= (buffer[2] == PICC_CMD_CT) ? 3 : 2; // source index in buffer[]
    1028:	8b 81       	ldd	r24, Y+3	; 0x03
    102a:	88 38       	cpi	r24, 0x88	; 136
    102c:	09 f0       	breq	.+2      	; 0x1030 <MFRC522::PICC_Select(MFRC522::Uid*, unsigned char)+0x230>
    102e:	42 c0       	rjmp	.+132    	; 0x10b4 <MFRC522::PICC_Select(MFRC522::Uid*, unsigned char)+0x2b4>
    1030:	83 e0       	ldi	r24, 0x03	; 3
/home/oggy/Arduino/libraries/MFRC522/src/MFRC522.cpp:820
		bytesToCopy		= (buffer[2] == PICC_CMD_CT) ? 3 : 4;
    1032:	93 e0       	ldi	r25, 0x03	; 3
    1034:	2c 85       	ldd	r18, Y+12	; 0x0c
    1036:	e2 2f       	mov	r30, r18
    1038:	f0 e0       	ldi	r31, 0x00	; 0
    103a:	31 96       	adiw	r30, 0x01	; 1
    103c:	e6 0d       	add	r30, r6
    103e:	f7 1d       	adc	r31, r7
    1040:	98 0f       	add	r25, r24
/home/oggy/Arduino/libraries/MFRC522/src/MFRC522.cpp:822
		for (count = 0; count < bytesToCopy; count++) {
			uid->uidByte[uidIndex + count] = buffer[index++];
    1042:	a1 e0       	ldi	r26, 0x01	; 1
    1044:	b0 e0       	ldi	r27, 0x00	; 0
    1046:	ac 0f       	add	r26, r28
    1048:	bd 1f       	adc	r27, r29
    104a:	a8 0f       	add	r26, r24
    104c:	b1 1d       	adc	r27, r1
    104e:	2c 91       	ld	r18, X
    1050:	21 93       	st	Z+, r18
    1052:	8f 5f       	subi	r24, 0xFF	; 255
/home/oggy/Arduino/libraries/MFRC522/src/MFRC522.cpp:821
		// We do not check the CBB - it was constructed by us above.
		
		// Copy the found UID bytes from buffer[] to uid->uidByte[]
		index			= (buffer[2] == PICC_CMD_CT) ? 3 : 2; // source index in buffer[]
		bytesToCopy		= (buffer[2] == PICC_CMD_CT) ? 3 : 4;
		for (count = 0; count < bytesToCopy; count++) {
    1054:	89 13       	cpse	r24, r25
    1056:	f5 cf       	rjmp	.-22     	; 0x1042 <MFRC522::PICC_Select(MFRC522::Uid*, unsigned char)+0x242>
/home/oggy/Arduino/libraries/MFRC522/src/MFRC522.cpp:826
			uid->uidByte[uidIndex + count] = buffer[index++];
		}
		
		// Check response SAK (Select Acknowledge)
		if (responseLength != 3 || txLastBits != 0) { // SAK must be exactly 24 bits (1 byte + CRC_A).
    1058:	8b 85       	ldd	r24, Y+11	; 0x0b
    105a:	8c 87       	std	Y+12, r24	; 0x0c
    105c:	83 30       	cpi	r24, 0x03	; 3
    105e:	09 f0       	breq	.+2      	; 0x1062 <MFRC522::PICC_Select(MFRC522::Uid*, unsigned char)+0x262>
    1060:	4d c0       	rjmp	.+154    	; 0x10fc <MFRC522::PICC_Select(MFRC522::Uid*, unsigned char)+0x2fc>
    1062:	8a 85       	ldd	r24, Y+10	; 0x0a
    1064:	81 11       	cpse	r24, r1
    1066:	4a c0       	rjmp	.+148    	; 0x10fc <MFRC522::PICC_Select(MFRC522::Uid*, unsigned char)+0x2fc>
/home/oggy/Arduino/libraries/MFRC522/src/MFRC522.cpp:830
			return STATUS_ERROR;
		}
		// Verify CRC_A - do our own calculation and store the control in buffer[2..3] - those bytes are not needed anymore.
		result = PCD_CalculateCRC(responseBuffer, 1, &buffer[2]);
    1068:	9e 01       	movw	r18, r28
    106a:	2d 5f       	subi	r18, 0xFD	; 253
    106c:	3f 4f       	sbci	r19, 0xFF	; 255
    106e:	41 e0       	ldi	r20, 0x01	; 1
    1070:	b1 01       	movw	r22, r2
    1072:	c2 01       	movw	r24, r4
    1074:	0e 94 c2 04 	call	0x984	; 0x984 <MFRC522::PCD_CalculateCRC(unsigned char*, unsigned char, unsigned char*)>
    1078:	08 2f       	mov	r16, r24
/home/oggy/Arduino/libraries/MFRC522/src/MFRC522.cpp:831
		if (result != STATUS_OK) {
    107a:	81 11       	cpse	r24, r1
    107c:	25 c0       	rjmp	.+74     	; 0x10c8 <MFRC522::PICC_Select(MFRC522::Uid*, unsigned char)+0x2c8>
/home/oggy/Arduino/libraries/MFRC522/src/MFRC522.cpp:834
			return result;
		}
		if ((buffer[2] != responseBuffer[1]) || (buffer[3] != responseBuffer[2])) {
    107e:	9b 81       	ldd	r25, Y+3	; 0x03
    1080:	f1 01       	movw	r30, r2
    1082:	81 81       	ldd	r24, Z+1	; 0x01
    1084:	98 13       	cpse	r25, r24
    1086:	3c c0       	rjmp	.+120    	; 0x1100 <MFRC522::PICC_Select(MFRC522::Uid*, unsigned char)+0x300>
    1088:	9c 81       	ldd	r25, Y+4	; 0x04
    108a:	82 81       	ldd	r24, Z+2	; 0x02
    108c:	98 13       	cpse	r25, r24
    108e:	38 c0       	rjmp	.+112    	; 0x1100 <MFRC522::PICC_Select(MFRC522::Uid*, unsigned char)+0x300>
/home/oggy/Arduino/libraries/MFRC522/src/MFRC522.cpp:837
			return STATUS_CRC_WRONG;
		}
		if (responseBuffer[0] & 0x04) { // Cascade bit set - UID not complete yes
    1090:	80 81       	ld	r24, Z
    1092:	82 ff       	sbrs	r24, 2
    1094:	12 c0       	rjmp	.+36     	; 0x10ba <MFRC522::PICC_Select(MFRC522::Uid*, unsigned char)+0x2ba>
/home/oggy/Arduino/libraries/MFRC522/src/MFRC522.cpp:838
			cascadeLevel++;
    1096:	93 94       	inc	r9
/home/oggy/Arduino/libraries/MFRC522/src/MFRC522.cpp:694
	
	// Repeat Cascade Level loop until we have a complete UID.
	uidComplete = false;
	while (!uidComplete) {
		// Set the Cascade Level in the SEL byte, find out if we need to use the Cascade Tag in byte 2.
		switch (cascadeLevel) {
    1098:	f2 e0       	ldi	r31, 0x02	; 2
    109a:	9f 16       	cp	r9, r31
    109c:	09 f4       	brne	.+2      	; 0x10a0 <MFRC522::PICC_Select(MFRC522::Uid*, unsigned char)+0x2a0>
    109e:	8d cf       	rjmp	.-230    	; 0xfba <MFRC522::PICC_Select(MFRC522::Uid*, unsigned char)+0x1ba>
    10a0:	23 e0       	ldi	r18, 0x03	; 3
    10a2:	92 16       	cp	r9, r18
    10a4:	09 f4       	brne	.+2      	; 0x10a8 <MFRC522::PICC_Select(MFRC522::Uid*, unsigned char)+0x2a8>
    10a6:	96 cf       	rjmp	.-212    	; 0xfd4 <MFRC522::PICC_Select(MFRC522::Uid*, unsigned char)+0x1d4>
    10a8:	81 e0       	ldi	r24, 0x01	; 1
    10aa:	98 16       	cp	r9, r24
    10ac:	09 f4       	brne	.+2      	; 0x10b0 <MFRC522::PICC_Select(MFRC522::Uid*, unsigned char)+0x2b0>
    10ae:	cd ce       	rjmp	.-614    	; 0xe4a <MFRC522::PICC_Select(MFRC522::Uid*, unsigned char)+0x4a>
/home/oggy/Arduino/libraries/MFRC522/src/MFRC522.cpp:714
				uidIndex = 6;
				useCascadeTag = false;						// Never used in CL3.
				break;
			
			default:
				return STATUS_INTERNAL_ERROR;
    10b0:	05 e0       	ldi	r16, 0x05	; 5
    10b2:	0a c0       	rjmp	.+20     	; 0x10c8 <MFRC522::PICC_Select(MFRC522::Uid*, unsigned char)+0x2c8>
/home/oggy/Arduino/libraries/MFRC522/src/MFRC522.cpp:819
		} // End of while (!selectDone)
		
		// We do not check the CBB - it was constructed by us above.
		
		// Copy the found UID bytes from buffer[] to uid->uidByte[]
		index			= (buffer[2] == PICC_CMD_CT) ? 3 : 2; // source index in buffer[]
    10b4:	82 e0       	ldi	r24, 0x02	; 2
/home/oggy/Arduino/libraries/MFRC522/src/MFRC522.cpp:820
		bytesToCopy		= (buffer[2] == PICC_CMD_CT) ? 3 : 4;
    10b6:	94 e0       	ldi	r25, 0x04	; 4
    10b8:	bd cf       	rjmp	.-134    	; 0x1034 <MFRC522::PICC_Select(MFRC522::Uid*, unsigned char)+0x234>
/home/oggy/Arduino/libraries/MFRC522/src/MFRC522.cpp:842
		if (responseBuffer[0] & 0x04) { // Cascade bit set - UID not complete yes
			cascadeLevel++;
		}
		else {
			uidComplete = true;
			uid->sak = responseBuffer[0];
    10ba:	f3 01       	movw	r30, r6
    10bc:	83 87       	std	Z+11, r24	; 0x0b
/home/oggy/Arduino/libraries/MFRC522/src/MFRC522.cpp:847
		}
	} // End of while (!uidComplete)
	
	// Set correct uid->size
	uid->size = 3 * cascadeLevel + 1;
    10be:	89 2d       	mov	r24, r9
    10c0:	88 0f       	add	r24, r24
    10c2:	98 0e       	add	r9, r24
    10c4:	93 94       	inc	r9
    10c6:	90 82       	st	Z, r9
/home/oggy/Arduino/libraries/MFRC522/src/MFRC522.cpp:850

	return STATUS_OK;
} // End PICC_Select()
    10c8:	80 2f       	mov	r24, r16
    10ca:	2e 96       	adiw	r28, 0x0e	; 14
    10cc:	0f b6       	in	r0, 0x3f	; 63
    10ce:	f8 94       	cli
    10d0:	de bf       	out	0x3e, r29	; 62
    10d2:	0f be       	out	0x3f, r0	; 63
    10d4:	cd bf       	out	0x3d, r28	; 61
    10d6:	df 91       	pop	r29
    10d8:	cf 91       	pop	r28
    10da:	1f 91       	pop	r17
    10dc:	0f 91       	pop	r16
    10de:	ff 90       	pop	r15
    10e0:	ef 90       	pop	r14
    10e2:	df 90       	pop	r13
    10e4:	cf 90       	pop	r12
    10e6:	bf 90       	pop	r11
    10e8:	af 90       	pop	r10
    10ea:	9f 90       	pop	r9
    10ec:	8f 90       	pop	r8
    10ee:	7f 90       	pop	r7
    10f0:	6f 90       	pop	r6
    10f2:	5f 90       	pop	r5
    10f4:	4f 90       	pop	r4
    10f6:	3f 90       	pop	r3
    10f8:	2f 90       	pop	r2
    10fa:	08 95       	ret
/home/oggy/Arduino/libraries/MFRC522/src/MFRC522.cpp:827
			uid->uidByte[uidIndex + count] = buffer[index++];
		}
		
		// Check response SAK (Select Acknowledge)
		if (responseLength != 3 || txLastBits != 0) { // SAK must be exactly 24 bits (1 byte + CRC_A).
			return STATUS_ERROR;
    10fc:	01 e0       	ldi	r16, 0x01	; 1
    10fe:	e4 cf       	rjmp	.-56     	; 0x10c8 <MFRC522::PICC_Select(MFRC522::Uid*, unsigned char)+0x2c8>
/home/oggy/Arduino/libraries/MFRC522/src/MFRC522.cpp:835
		result = PCD_CalculateCRC(responseBuffer, 1, &buffer[2]);
		if (result != STATUS_OK) {
			return result;
		}
		if ((buffer[2] != responseBuffer[1]) || (buffer[3] != responseBuffer[2])) {
			return STATUS_CRC_WRONG;
    1100:	07 e0       	ldi	r16, 0x07	; 7
    1102:	e2 cf       	rjmp	.-60     	; 0x10c8 <MFRC522::PICC_Select(MFRC522::Uid*, unsigned char)+0x2c8>

00001104 <halt()>:
halt():
/home/oggy/Documents/arduinoprojects/padright_v1.5.1/rfid.ino:236
    writeByte[i] = buffer[i];
  }
  writeByte[15]--;
}
void halt()
{
    1104:	8f 92       	push	r8
    1106:	af 92       	push	r10
    1108:	bf 92       	push	r11
    110a:	cf 92       	push	r12
    110c:	df 92       	push	r13
    110e:	ef 92       	push	r14
    1110:	ff 92       	push	r15
    1112:	0f 93       	push	r16
    1114:	cf 93       	push	r28
    1116:	df 93       	push	r29
    1118:	00 d0       	rcall	.+0      	; 0x111a <halt()+0x16>
    111a:	00 d0       	rcall	.+0      	; 0x111c <halt()+0x18>
    111c:	cd b7       	in	r28, 0x3d	; 61
    111e:	de b7       	in	r29, 0x3e	; 62
PICC_HaltA():
/home/oggy/Arduino/libraries/MFRC522/src/MFRC522.cpp:862
MFRC522::StatusCode MFRC522::PICC_HaltA() {
	MFRC522::StatusCode result;
	byte buffer[4];
	
	// Build command buffer
	buffer[0] = PICC_CMD_HLTA;
    1120:	80 e5       	ldi	r24, 0x50	; 80
    1122:	89 83       	std	Y+1, r24	; 0x01
/home/oggy/Arduino/libraries/MFRC522/src/MFRC522.cpp:863
	buffer[1] = 0;
    1124:	1a 82       	std	Y+2, r1	; 0x02
/home/oggy/Arduino/libraries/MFRC522/src/MFRC522.cpp:865
	// Calculate CRC_A
	result = PCD_CalculateCRC(buffer, 2, &buffer[2]);
    1126:	9e 01       	movw	r18, r28
    1128:	2d 5f       	subi	r18, 0xFD	; 253
    112a:	3f 4f       	sbci	r19, 0xFF	; 255
    112c:	42 e0       	ldi	r20, 0x02	; 2
    112e:	be 01       	movw	r22, r28
    1130:	6f 5f       	subi	r22, 0xFF	; 255
    1132:	7f 4f       	sbci	r23, 0xFF	; 255
    1134:	8a e0       	ldi	r24, 0x0A	; 10
    1136:	97 e0       	ldi	r25, 0x07	; 7
    1138:	0e 94 c2 04 	call	0x984	; 0x984 <MFRC522::PCD_CalculateCRC(unsigned char*, unsigned char, unsigned char*)>
/home/oggy/Arduino/libraries/MFRC522/src/MFRC522.cpp:866
	if (result != STATUS_OK) {
    113c:	81 11       	cpse	r24, r1
    113e:	13 c0       	rjmp	.+38     	; 0x1166 <halt()+0x62>
PCD_TransceiveData():
/home/oggy/Arduino/libraries/MFRC522/src/MFRC522.cpp:458
													byte *validBits,	///< In/Out: The number of valid bits in the last byte. 0 for 8 valid bits. Default nullptr.
													byte rxAlign,		///< In: Defines the bit position in backData[0] for the first bit received. Default 0.
													bool checkCRC		///< In: True => The last two bytes of the response is assumed to be a CRC_A that must be validated.
								 ) {
	byte waitIRq = 0x30;		// RxIRq and IdleIRq
	return PCD_CommunicateWithPICC(PCD_Transceive, waitIRq, sendData, sendLen, backData, backLen, validBits, rxAlign, checkCRC);
    1140:	1f 92       	push	r1
    1142:	81 2c       	mov	r8, r1
    1144:	b1 2c       	mov	r11, r1
    1146:	a1 2c       	mov	r10, r1
    1148:	d1 2c       	mov	r13, r1
    114a:	c1 2c       	mov	r12, r1
    114c:	f1 2c       	mov	r15, r1
    114e:	e1 2c       	mov	r14, r1
    1150:	04 e0       	ldi	r16, 0x04	; 4
    1152:	9e 01       	movw	r18, r28
    1154:	2f 5f       	subi	r18, 0xFF	; 255
    1156:	3f 4f       	sbci	r19, 0xFF	; 255
    1158:	40 e3       	ldi	r20, 0x30	; 48
    115a:	6c e0       	ldi	r22, 0x0C	; 12
    115c:	8a e0       	ldi	r24, 0x0A	; 10
    115e:	97 e0       	ldi	r25, 0x07	; 7
    1160:	0e 94 19 05 	call	0xa32	; 0xa32 <MFRC522::PCD_CommunicateWithPICC(unsigned char, unsigned char, unsigned char*, unsigned char, unsigned char*, unsigned char*, unsigned char*, unsigned char, bool)>
    1164:	0f 90       	pop	r0
PCD_StopCrypto1():
/home/oggy/Arduino/libraries/MFRC522/src/MFRC522.cpp:933
 * Used to exit the PCD from its authenticated state.
 * Remember to call this function after communicating with an authenticated PICC - otherwise no new communications can start.
 */
void MFRC522::PCD_StopCrypto1() {
	// Clear MFCrypto1On bit
	PCD_ClearRegisterBitMask(Status2Reg, 0x08); // Status2Reg[7..0] bits are: TempSensClear I2CForceHS reserved reserved MFCrypto1On ModemState[2:0]
    1166:	48 e0       	ldi	r20, 0x08	; 8
    1168:	60 e1       	ldi	r22, 0x10	; 16
    116a:	8a e0       	ldi	r24, 0x0A	; 10
    116c:	97 e0       	ldi	r25, 0x07	; 7
    116e:	0e 94 89 06 	call	0xd12	; 0xd12 <MFRC522::PCD_ClearRegisterBitMask(MFRC522::PCD_Register, unsigned char)>
halt():
/home/oggy/Documents/arduinoprojects/padright_v1.5.1/rfid.ino:239
  mfrc522.PICC_HaltA();      // Halt PICC
  mfrc522.PCD_StopCrypto1(); // Stop encryption on PCD
}
    1172:	0f 90       	pop	r0
    1174:	0f 90       	pop	r0
    1176:	0f 90       	pop	r0
    1178:	0f 90       	pop	r0
    117a:	df 91       	pop	r29
    117c:	cf 91       	pop	r28
    117e:	0f 91       	pop	r16
    1180:	ff 90       	pop	r15
    1182:	ef 90       	pop	r14
    1184:	df 90       	pop	r13
    1186:	cf 90       	pop	r12
    1188:	bf 90       	pop	r11
    118a:	af 90       	pop	r10
    118c:	8f 90       	pop	r8
    118e:	08 95       	ret

00001190 <readCard()>:
readCard():
/home/oggy/Documents/arduinoprojects/padright_v1.5.1/rfid.ino:202
    changeDone = true;
  }
}

bool readCard()
{
    1190:	8f 92       	push	r8
    1192:	af 92       	push	r10
    1194:	bf 92       	push	r11
    1196:	cf 92       	push	r12
    1198:	df 92       	push	r13
    119a:	ef 92       	push	r14
    119c:	ff 92       	push	r15
    119e:	0f 93       	push	r16
    11a0:	cf 93       	push	r28
    11a2:	df 93       	push	r29
    11a4:	1f 92       	push	r1
    11a6:	cd b7       	in	r28, 0x3d	; 61
    11a8:	de b7       	in	r29, 0x3e	; 62
/home/oggy/Documents/arduinoprojects/padright_v1.5.1/rfid.ino:203
  byte buffersize = 18;
    11aa:	82 e1       	ldi	r24, 0x12	; 18
    11ac:	89 83       	std	Y+1, r24	; 0x01
auth_A():
/home/oggy/Documents/arduinoprojects/padright_v1.5.1/rfid.ino:242
  mfrc522.PICC_HaltA();      // Halt PICC
  mfrc522.PCD_StopCrypto1(); // Stop encryption on PCD
}
bool auth_A()
{
  rfidstatus = (MFRC522::StatusCode)mfrc522.PCD_Authenticate(MFRC522::PICC_CMD_MF_AUTH_KEY_A, authAddr, &key, &(mfrc522.uid));
    11ae:	63 e0       	ldi	r22, 0x03	; 3
    11b0:	80 e6       	ldi	r24, 0x60	; 96
    11b2:	0e 94 38 06 	call	0xc70	; 0xc70 <MFRC522::PCD_Authenticate(unsigned char, unsigned char, MFRC522::MIFARE_Key*, MFRC522::Uid*) [clone .constprop.13]>
readCard():
/home/oggy/Documents/arduinoprojects/padright_v1.5.1/rfid.ino:212
    if (rfidstatus != MFRC522::STATUS_OK)
    {
      return false;
    }
  }
  return true;
    11b6:	91 e0       	ldi	r25, 0x01	; 1
auth_A():
/home/oggy/Documents/arduinoprojects/padright_v1.5.1/rfid.ino:243
  mfrc522.PCD_StopCrypto1(); // Stop encryption on PCD
}
bool auth_A()
{
  rfidstatus = (MFRC522::StatusCode)mfrc522.PCD_Authenticate(MFRC522::PICC_CMD_MF_AUTH_KEY_A, authAddr, &key, &(mfrc522.uid));
  if (rfidstatus != MFRC522::STATUS_OK)
    11b8:	81 11       	cpse	r24, r1
    11ba:	2e c0       	rjmp	.+92     	; 0x1218 <readCard()+0x88>
MIFARE_Read():
/home/oggy/Arduino/libraries/MFRC522/src/MFRC522.cpp:959
											byte *bufferSize	///< Buffer size, at least 18 bytes. Also number of bytes returned if STATUS_OK.
										) {
	MFRC522::StatusCode result;
	
	// Sanity check
	if (buffer == nullptr || *bufferSize < 18) {
    11bc:	89 81       	ldd	r24, Y+1	; 0x01
    11be:	82 31       	cpi	r24, 0x12	; 18
    11c0:	10 f4       	brcc	.+4      	; 0x11c6 <readCard()+0x36>
readCard():
/home/oggy/Documents/arduinoprojects/padright_v1.5.1/rfid.ino:207
{
  byte buffersize = 18;
  if (auth_A())
  {
    rfidstatus = (MFRC522::StatusCode)mfrc522.MIFARE_Read(blockAddr, readByte, &buffersize);
    if (rfidstatus != MFRC522::STATUS_OK)
    11c2:	90 e0       	ldi	r25, 0x00	; 0
    11c4:	29 c0       	rjmp	.+82     	; 0x1218 <readCard()+0x88>
MIFARE_Read():
/home/oggy/Arduino/libraries/MFRC522/src/MFRC522.cpp:964
		return STATUS_NO_ROOM;
	}
	
	// Build command buffer
	buffer[0] = PICC_CMD_MF_READ;
    11c6:	80 e3       	ldi	r24, 0x30	; 48
    11c8:	80 93 fe 05 	sts	0x05FE, r24	; 0x8005fe <readByte>
/home/oggy/Arduino/libraries/MFRC522/src/MFRC522.cpp:965
	buffer[1] = blockAddr;
    11cc:	82 e0       	ldi	r24, 0x02	; 2
    11ce:	80 93 ff 05 	sts	0x05FF, r24	; 0x8005ff <readByte+0x1>
/home/oggy/Arduino/libraries/MFRC522/src/MFRC522.cpp:967
	// Calculate CRC_A
	result = PCD_CalculateCRC(buffer, 2, &buffer[2]);
    11d2:	20 e0       	ldi	r18, 0x00	; 0
    11d4:	36 e0       	ldi	r19, 0x06	; 6
    11d6:	42 e0       	ldi	r20, 0x02	; 2
    11d8:	6e ef       	ldi	r22, 0xFE	; 254
    11da:	75 e0       	ldi	r23, 0x05	; 5
    11dc:	8a e0       	ldi	r24, 0x0A	; 10
    11de:	97 e0       	ldi	r25, 0x07	; 7
    11e0:	0e 94 c2 04 	call	0x984	; 0x984 <MFRC522::PCD_CalculateCRC(unsigned char*, unsigned char, unsigned char*)>
/home/oggy/Arduino/libraries/MFRC522/src/MFRC522.cpp:968
	if (result != STATUS_OK) {
    11e4:	81 11       	cpse	r24, r1
    11e6:	ed cf       	rjmp	.-38     	; 0x11c2 <readCard()+0x32>
PCD_TransceiveData():
/home/oggy/Arduino/libraries/MFRC522/src/MFRC522.cpp:458
													byte *validBits,	///< In/Out: The number of valid bits in the last byte. 0 for 8 valid bits. Default nullptr.
													byte rxAlign,		///< In: Defines the bit position in backData[0] for the first bit received. Default 0.
													bool checkCRC		///< In: True => The last two bytes of the response is assumed to be a CRC_A that must be validated.
								 ) {
	byte waitIRq = 0x30;		// RxIRq and IdleIRq
	return PCD_CommunicateWithPICC(PCD_Transceive, waitIRq, sendData, sendLen, backData, backLen, validBits, rxAlign, checkCRC);
    11e8:	81 e0       	ldi	r24, 0x01	; 1
    11ea:	8f 93       	push	r24
    11ec:	81 2c       	mov	r8, r1
    11ee:	b1 2c       	mov	r11, r1
    11f0:	a1 2c       	mov	r10, r1
    11f2:	ce 01       	movw	r24, r28
    11f4:	01 96       	adiw	r24, 0x01	; 1
    11f6:	6c 01       	movw	r12, r24
    11f8:	8e ef       	ldi	r24, 0xFE	; 254
    11fa:	e8 2e       	mov	r14, r24
    11fc:	85 e0       	ldi	r24, 0x05	; 5
    11fe:	f8 2e       	mov	r15, r24
    1200:	04 e0       	ldi	r16, 0x04	; 4
    1202:	97 01       	movw	r18, r14
    1204:	40 e3       	ldi	r20, 0x30	; 48
    1206:	6c e0       	ldi	r22, 0x0C	; 12
    1208:	8a e0       	ldi	r24, 0x0A	; 10
    120a:	97 e0       	ldi	r25, 0x07	; 7
    120c:	0e 94 19 05 	call	0xa32	; 0xa32 <MFRC522::PCD_CommunicateWithPICC(unsigned char, unsigned char, unsigned char*, unsigned char, unsigned char*, unsigned char*, unsigned char*, unsigned char, bool)>
readCard():
/home/oggy/Documents/arduinoprojects/padright_v1.5.1/rfid.ino:207
    1210:	91 e0       	ldi	r25, 0x01	; 1
    1212:	0f 90       	pop	r0
    1214:	81 11       	cpse	r24, r1
    1216:	d5 cf       	rjmp	.-86     	; 0x11c2 <readCard()+0x32>
/home/oggy/Documents/arduinoprojects/padright_v1.5.1/rfid.ino:213
    {
      return false;
    }
  }
  return true;
}
    1218:	89 2f       	mov	r24, r25
    121a:	0f 90       	pop	r0
    121c:	df 91       	pop	r29
    121e:	cf 91       	pop	r28
    1220:	0f 91       	pop	r16
    1222:	ff 90       	pop	r15
    1224:	ef 90       	pop	r14
    1226:	df 90       	pop	r13
    1228:	cf 90       	pop	r12
    122a:	bf 90       	pop	r11
    122c:	af 90       	pop	r10
    122e:	8f 90       	pop	r8
    1230:	08 95       	ret

00001232 <enableCashAcceptor()>:
enableCashAcceptor():
/home/oggy/Documents/arduinoprojects/padright_v1.5.1/cashInterrupt.ino:241
}
void disableCashAcceptor() {
  digitalWrite(inhibit, HIGH);
}
void enableCashAcceptor() {
  digitalWrite(inhibit, LOW);
    1232:	60 e0       	ldi	r22, 0x00	; 0
    1234:	8a e0       	ldi	r24, 0x0A	; 10
    1236:	0c 94 e6 00 	jmp	0x1cc	; 0x1cc <digitalWrite>

0000123a <disableCashAcceptor()>:
disableCashAcceptor():
/home/oggy/Documents/arduinoprojects/padright_v1.5.1/cashInterrupt.ino:238
  status = 'n';
  changeDone = true;
  menu();
}
void disableCashAcceptor() {
  digitalWrite(inhibit, HIGH);
    123a:	61 e0       	ldi	r22, 0x01	; 1
    123c:	8a e0       	ldi	r24, 0x0A	; 10
    123e:	0c 94 e6 00 	jmp	0x1cc	; 0x1cc <digitalWrite>

00001242 <_interrupt()>:
_interrupt():
/home/oggy/Documents/arduinoprojects/padright_v1.5.1/cashInterrupt.ino:1
void _interrupt() {  // ISR FUNCTION
    1242:	cf 93       	push	r28
/home/oggy/Documents/arduinoprojects/padright_v1.5.1/cashInterrupt.ino:2
  if (mType == CASH_MACHINE) {
    1244:	c0 91 1d 06 	lds	r28, 0x061D	; 0x80061d <mType>
    1248:	c1 30       	cpi	r28, 0x01	; 1
    124a:	c9 f4       	brne	.+50     	; 0x127e <_interrupt()+0x3c>
/home/oggy/Documents/arduinoprojects/padright_v1.5.1/cashInterrupt.ino:3
    disableCashAcceptor();
    124c:	0e 94 1d 09 	call	0x123a	; 0x123a <disableCashAcceptor()>
/home/oggy/Documents/arduinoprojects/padright_v1.5.1/cashInterrupt.ino:4
    cashPulseCounter++;
    1250:	80 91 12 06 	lds	r24, 0x0612	; 0x800612 <cashPulseCounter>
    1254:	90 91 13 06 	lds	r25, 0x0613	; 0x800613 <cashPulseCounter+0x1>
    1258:	01 96       	adiw	r24, 0x01	; 1
    125a:	90 93 13 06 	sts	0x0613, r25	; 0x800613 <cashPulseCounter+0x1>
    125e:	80 93 12 06 	sts	0x0612, r24	; 0x800612 <cashPulseCounter>
/home/oggy/Documents/arduinoprojects/padright_v1.5.1/cashInterrupt.ino:5
    if (cashPulseCounter % pulseForFiveRupeeNote == 0) {
    1262:	80 91 12 06 	lds	r24, 0x0612	; 0x800612 <cashPulseCounter>
    1266:	90 91 13 06 	lds	r25, 0x0613	; 0x800613 <cashPulseCounter+0x1>
    126a:	60 91 1a 01 	lds	r22, 0x011A	; 0x80011a <pulseForFiveRupeeNote>
    126e:	70 91 1b 01 	lds	r23, 0x011B	; 0x80011b <pulseForFiveRupeeNote+0x1>
    1272:	0e 94 5f 20 	call	0x40be	; 0x40be <__divmodhi4>
    1276:	89 2b       	or	r24, r25
    1278:	11 f4       	brne	.+4      	; 0x127e <_interrupt()+0x3c>
/home/oggy/Documents/arduinoprojects/padright_v1.5.1/cashInterrupt.ino:6
      isInterrupt = true;
    127a:	c0 93 1a 06 	sts	0x061A, r28	; 0x80061a <isInterrupt>
/home/oggy/Documents/arduinoprojects/padright_v1.5.1/cashInterrupt.ino:13
    }
    // lcd.clear();
    // lcd.setCursor(0, 0);
    // lcd.print(String(cashPulseCounter));
  }
}
    127e:	cf 91       	pop	r28
    1280:	08 95       	ret

00001282 <warning()>:
warning():
/home/oggy/Documents/arduinoprojects/padright_v1.5.1/padright_v1.5.1.ino:632
  digitalWrite(buzzer, HIGH);
  delay(_time);
  digitalWrite(buzzer, LOW);
}
void warning() {
  digitalWrite(buzzer, HIGH);
    1282:	61 e0       	ldi	r22, 0x01	; 1
    1284:	80 e1       	ldi	r24, 0x10	; 16
    1286:	0e 94 e6 00 	call	0x1cc	; 0x1cc <digitalWrite>
/home/oggy/Documents/arduinoprojects/padright_v1.5.1/padright_v1.5.1.ino:633
  delay(400);
    128a:	60 e9       	ldi	r22, 0x90	; 144
    128c:	71 e0       	ldi	r23, 0x01	; 1
    128e:	80 e0       	ldi	r24, 0x00	; 0
    1290:	90 e0       	ldi	r25, 0x00	; 0
    1292:	0e 94 80 01 	call	0x300	; 0x300 <delay>
/home/oggy/Documents/arduinoprojects/padright_v1.5.1/padright_v1.5.1.ino:634
  digitalWrite(buzzer, LOW);
    1296:	60 e0       	ldi	r22, 0x00	; 0
    1298:	80 e1       	ldi	r24, 0x10	; 16
    129a:	0e 94 e6 00 	call	0x1cc	; 0x1cc <digitalWrite>
/home/oggy/Documents/arduinoprojects/padright_v1.5.1/padright_v1.5.1.ino:635
  delay(400);
    129e:	60 e9       	ldi	r22, 0x90	; 144
    12a0:	71 e0       	ldi	r23, 0x01	; 1
    12a2:	80 e0       	ldi	r24, 0x00	; 0
    12a4:	90 e0       	ldi	r25, 0x00	; 0
    12a6:	0e 94 80 01 	call	0x300	; 0x300 <delay>
/home/oggy/Documents/arduinoprojects/padright_v1.5.1/padright_v1.5.1.ino:636
  digitalWrite(buzzer, HIGH);
    12aa:	61 e0       	ldi	r22, 0x01	; 1
    12ac:	80 e1       	ldi	r24, 0x10	; 16
    12ae:	0e 94 e6 00 	call	0x1cc	; 0x1cc <digitalWrite>
/home/oggy/Documents/arduinoprojects/padright_v1.5.1/padright_v1.5.1.ino:637
  delay(400);
    12b2:	60 e9       	ldi	r22, 0x90	; 144
    12b4:	71 e0       	ldi	r23, 0x01	; 1
    12b6:	80 e0       	ldi	r24, 0x00	; 0
    12b8:	90 e0       	ldi	r25, 0x00	; 0
    12ba:	0e 94 80 01 	call	0x300	; 0x300 <delay>
/home/oggy/Documents/arduinoprojects/padright_v1.5.1/padright_v1.5.1.ino:638
  digitalWrite(buzzer, LOW);
    12be:	60 e0       	ldi	r22, 0x00	; 0
    12c0:	80 e1       	ldi	r24, 0x10	; 16
    12c2:	0e 94 e6 00 	call	0x1cc	; 0x1cc <digitalWrite>
/home/oggy/Documents/arduinoprojects/padright_v1.5.1/padright_v1.5.1.ino:639
  delay(400);
    12c6:	60 e9       	ldi	r22, 0x90	; 144
    12c8:	71 e0       	ldi	r23, 0x01	; 1
    12ca:	80 e0       	ldi	r24, 0x00	; 0
    12cc:	90 e0       	ldi	r25, 0x00	; 0
    12ce:	0e 94 80 01 	call	0x300	; 0x300 <delay>
/home/oggy/Documents/arduinoprojects/padright_v1.5.1/padright_v1.5.1.ino:640
  digitalWrite(buzzer, HIGH);
    12d2:	61 e0       	ldi	r22, 0x01	; 1
    12d4:	80 e1       	ldi	r24, 0x10	; 16
    12d6:	0e 94 e6 00 	call	0x1cc	; 0x1cc <digitalWrite>
/home/oggy/Documents/arduinoprojects/padright_v1.5.1/padright_v1.5.1.ino:641
  delay(400);
    12da:	60 e9       	ldi	r22, 0x90	; 144
    12dc:	71 e0       	ldi	r23, 0x01	; 1
    12de:	80 e0       	ldi	r24, 0x00	; 0
    12e0:	90 e0       	ldi	r25, 0x00	; 0
    12e2:	0e 94 80 01 	call	0x300	; 0x300 <delay>
/home/oggy/Documents/arduinoprojects/padright_v1.5.1/padright_v1.5.1.ino:642
  digitalWrite(buzzer, LOW);
    12e6:	60 e0       	ldi	r22, 0x00	; 0
    12e8:	80 e1       	ldi	r24, 0x10	; 16
    12ea:	0c 94 e6 00 	jmp	0x1cc	; 0x1cc <digitalWrite>

000012ee <success(int)>:
success():
/home/oggy/Documents/arduinoprojects/padright_v1.5.1/padright_v1.5.1.ino:626
  for (int i = 0; i < maxRack; i++) {
    totalStock += rack[i].getQuantity();
  }
  return totalStock;
}
void success(int _time) {
    12ee:	cf 93       	push	r28
    12f0:	df 93       	push	r29
    12f2:	ec 01       	movw	r28, r24
/home/oggy/Documents/arduinoprojects/padright_v1.5.1/padright_v1.5.1.ino:627
  digitalWrite(buzzer, HIGH);
    12f4:	61 e0       	ldi	r22, 0x01	; 1
    12f6:	80 e1       	ldi	r24, 0x10	; 16
    12f8:	0e 94 e6 00 	call	0x1cc	; 0x1cc <digitalWrite>
/home/oggy/Documents/arduinoprojects/padright_v1.5.1/padright_v1.5.1.ino:628
  delay(_time);
    12fc:	be 01       	movw	r22, r28
    12fe:	dd 0f       	add	r29, r29
    1300:	88 0b       	sbc	r24, r24
    1302:	99 0b       	sbc	r25, r25
    1304:	0e 94 80 01 	call	0x300	; 0x300 <delay>
/home/oggy/Documents/arduinoprojects/padright_v1.5.1/padright_v1.5.1.ino:629
  digitalWrite(buzzer, LOW);
    1308:	60 e0       	ldi	r22, 0x00	; 0
    130a:	80 e1       	ldi	r24, 0x10	; 16
/home/oggy/Documents/arduinoprojects/padright_v1.5.1/padright_v1.5.1.ino:630
}
    130c:	df 91       	pop	r29
    130e:	cf 91       	pop	r28
/home/oggy/Documents/arduinoprojects/padright_v1.5.1/padright_v1.5.1.ino:629
  return totalStock;
}
void success(int _time) {
  digitalWrite(buzzer, HIGH);
  delay(_time);
  digitalWrite(buzzer, LOW);
    1310:	0c 94 e6 00 	jmp	0x1cc	; 0x1cc <digitalWrite>

00001314 <getStock()>:
getStock():
/home/oggy/Documents/arduinoprojects/padright_v1.5.1/padright_v1.5.1.ino:621
  }
}

int getStock() {
  int totalStock = 0;
  for (int i = 0; i < maxRack; i++) {
    1314:	40 91 0f 01 	lds	r20, 0x010F	; 0x80010f <maxRack>
    1318:	50 e0       	ldi	r21, 0x00	; 0
    131a:	ea ed       	ldi	r30, 0xDA	; 218
    131c:	f6 e0       	ldi	r31, 0x06	; 6
    131e:	30 e0       	ldi	r19, 0x00	; 0
    1320:	20 e0       	ldi	r18, 0x00	; 0
/home/oggy/Documents/arduinoprojects/padright_v1.5.1/padright_v1.5.1.ino:620
    rack[i].setQuantity(num);
  }
}

int getStock() {
  int totalStock = 0;
    1322:	90 e0       	ldi	r25, 0x00	; 0
    1324:	80 e0       	ldi	r24, 0x00	; 0
/home/oggy/Documents/arduinoprojects/padright_v1.5.1/padright_v1.5.1.ino:621
  for (int i = 0; i < maxRack; i++) {
    1326:	24 17       	cp	r18, r20
    1328:	35 07       	cpc	r19, r21
    132a:	44 f4       	brge	.+16     	; 0x133c <getStock()+0x28>
/home/oggy/Documents/arduinoprojects/padright_v1.5.1/padright_v1.5.1.ino:622
    totalStock += rack[i].getQuantity();
    132c:	60 81       	ld	r22, Z
    132e:	71 81       	ldd	r23, Z+1	; 0x01
    1330:	86 0f       	add	r24, r22
    1332:	97 1f       	adc	r25, r23
/home/oggy/Documents/arduinoprojects/padright_v1.5.1/padright_v1.5.1.ino:621
  }
}

int getStock() {
  int totalStock = 0;
  for (int i = 0; i < maxRack; i++) {
    1334:	2f 5f       	subi	r18, 0xFF	; 255
    1336:	3f 4f       	sbci	r19, 0xFF	; 255
    1338:	34 96       	adiw	r30, 0x04	; 4
    133a:	f5 cf       	rjmp	.-22     	; 0x1326 <getStock()+0x12>
/home/oggy/Documents/arduinoprojects/padright_v1.5.1/padright_v1.5.1.ino:625
    totalStock += rack[i].getQuantity();
  }
  return totalStock;
}
    133c:	08 95       	ret

0000133e <fillAll(int)>:
fillAll():
/home/oggy/Documents/arduinoprojects/padright_v1.5.1/padright_v1.5.1.ino:614
    }
    writeToEPPROM('r');
  }
}
void fillAll(int num) {
  for (int i = 0; i < maxRack; i++) {
    133e:	40 91 0f 01 	lds	r20, 0x010F	; 0x80010f <maxRack>
    1342:	50 e0       	ldi	r21, 0x00	; 0
    1344:	ea ed       	ldi	r30, 0xDA	; 218
    1346:	f6 e0       	ldi	r31, 0x06	; 6
    1348:	30 e0       	ldi	r19, 0x00	; 0
    134a:	20 e0       	ldi	r18, 0x00	; 0
    134c:	24 17       	cp	r18, r20
    134e:	35 07       	cpc	r19, r21
    1350:	34 f4       	brge	.+12     	; 0x135e <fillAll(int)+0x20>
setQuantity():
/home/oggy/Documents/arduinoprojects/padright_v1.5.1/padrack.cpp:9
{
    return quantity;
}
void padrack::setQuantity(int number)
{
    quantity = number;
    1352:	91 83       	std	Z+1, r25	; 0x01
    1354:	80 83       	st	Z, r24
fillAll():
/home/oggy/Documents/arduinoprojects/padright_v1.5.1/padright_v1.5.1.ino:614
    1356:	2f 5f       	subi	r18, 0xFF	; 255
    1358:	3f 4f       	sbci	r19, 0xFF	; 255
    135a:	34 96       	adiw	r30, 0x04	; 4
    135c:	f7 cf       	rjmp	.-18     	; 0x134c <fillAll(int)+0xe>
/home/oggy/Documents/arduinoprojects/padright_v1.5.1/padright_v1.5.1.ino:617
    rack[i].setQuantity(num);
  }
}
    135e:	08 95       	ret

00001360 <MFRC522::PCD_MIFARE_Transceive(unsigned char*, unsigned char, bool) [clone .part.4] [clone .constprop.35]>:
_ZN7MFRC52221PCD_MIFARE_TransceiveEPhhb.part.4():
/home/oggy/Arduino/libraries/MFRC522/src/MFRC522.cpp:1254
 * Wrapper for MIFARE protocol communication.
 * Adds CRC_A, executes the Transceive command and checks that the response is MF_ACK or a timeout.
 * 
 * @return STATUS_OK on success, STATUS_??? otherwise.
 */
MFRC522::StatusCode MFRC522::PCD_MIFARE_Transceive(	byte *sendData,		///< Pointer to the data to transfer to the FIFO. Do NOT include the CRC_A.
    1360:	8f 92       	push	r8
    1362:	af 92       	push	r10
    1364:	bf 92       	push	r11
    1366:	cf 92       	push	r12
    1368:	df 92       	push	r13
    136a:	ef 92       	push	r14
    136c:	ff 92       	push	r15
    136e:	0f 93       	push	r16
    1370:	cf 93       	push	r28
    1372:	df 93       	push	r29
    1374:	cd b7       	in	r28, 0x3d	; 61
    1376:	de b7       	in	r29, 0x3e	; 62
    1378:	64 97       	sbiw	r28, 0x14	; 20
    137a:	0f b6       	in	r0, 0x3f	; 63
    137c:	f8 94       	cli
    137e:	de bf       	out	0x3e, r29	; 62
    1380:	0f be       	out	0x3f, r0	; 63
    1382:	cd bf       	out	0x3d, r28	; 61
    1384:	06 2f       	mov	r16, r22
/home/oggy/Arduino/libraries/MFRC522/src/MFRC522.cpp:1267
	if (sendData == nullptr || sendLen > 16) {
		return STATUS_INVALID;
	}
	
	// Copy sendData[] to cmdBuffer[] and add CRC_A
	memcpy(cmdBuffer, sendData, sendLen);
    1386:	e6 2e       	mov	r14, r22
    1388:	f1 2c       	mov	r15, r1
    138a:	a7 01       	movw	r20, r14
    138c:	bc 01       	movw	r22, r24
    138e:	ce 01       	movw	r24, r28
    1390:	01 96       	adiw	r24, 0x01	; 1
    1392:	0e 94 91 22 	call	0x4522	; 0x4522 <memcpy>
/home/oggy/Arduino/libraries/MFRC522/src/MFRC522.cpp:1268
	result = PCD_CalculateCRC(cmdBuffer, sendLen, &cmdBuffer[sendLen]);
    1396:	21 e0       	ldi	r18, 0x01	; 1
    1398:	30 e0       	ldi	r19, 0x00	; 0
    139a:	2c 0f       	add	r18, r28
    139c:	3d 1f       	adc	r19, r29
    139e:	2e 0d       	add	r18, r14
    13a0:	3f 1d       	adc	r19, r15
    13a2:	40 2f       	mov	r20, r16
    13a4:	be 01       	movw	r22, r28
    13a6:	6f 5f       	subi	r22, 0xFF	; 255
    13a8:	7f 4f       	sbci	r23, 0xFF	; 255
    13aa:	8a e0       	ldi	r24, 0x0A	; 10
    13ac:	97 e0       	ldi	r25, 0x07	; 7
    13ae:	0e 94 c2 04 	call	0x984	; 0x984 <MFRC522::PCD_CalculateCRC(unsigned char*, unsigned char, unsigned char*)>
/home/oggy/Arduino/libraries/MFRC522/src/MFRC522.cpp:1269
	if (result != STATUS_OK) { 
    13b2:	81 11       	cpse	r24, r1
    13b4:	23 c0       	rjmp	.+70     	; 0x13fc <MFRC522::PCD_MIFARE_Transceive(unsigned char*, unsigned char, bool) [clone .part.4] [clone .constprop.35]+0x9c>
/home/oggy/Arduino/libraries/MFRC522/src/MFRC522.cpp:1276
	}
	sendLen += 2;
	
	// Transceive the data, store the reply in cmdBuffer[]
	byte waitIRq = 0x30;		// RxIRq and IdleIRq
	byte cmdBufferSize = sizeof(cmdBuffer);
    13b6:	82 e1       	ldi	r24, 0x12	; 18
    13b8:	8c 8b       	std	Y+20, r24	; 0x14
/home/oggy/Arduino/libraries/MFRC522/src/MFRC522.cpp:1277
	byte validBits = 0;
    13ba:	1b 8a       	std	Y+19, r1	; 0x13
/home/oggy/Arduino/libraries/MFRC522/src/MFRC522.cpp:1272
	memcpy(cmdBuffer, sendData, sendLen);
	result = PCD_CalculateCRC(cmdBuffer, sendLen, &cmdBuffer[sendLen]);
	if (result != STATUS_OK) { 
		return result;
	}
	sendLen += 2;
    13bc:	0e 5f       	subi	r16, 0xFE	; 254
/home/oggy/Arduino/libraries/MFRC522/src/MFRC522.cpp:1278
	
	// Transceive the data, store the reply in cmdBuffer[]
	byte waitIRq = 0x30;		// RxIRq and IdleIRq
	byte cmdBufferSize = sizeof(cmdBuffer);
	byte validBits = 0;
	result = PCD_CommunicateWithPICC(PCD_Transceive, waitIRq, cmdBuffer, sendLen, cmdBuffer, &cmdBufferSize, &validBits);
    13be:	1f 92       	push	r1
    13c0:	81 2c       	mov	r8, r1
    13c2:	ce 01       	movw	r24, r28
    13c4:	43 96       	adiw	r24, 0x13	; 19
    13c6:	5c 01       	movw	r10, r24
    13c8:	01 96       	adiw	r24, 0x01	; 1
    13ca:	6c 01       	movw	r12, r24
    13cc:	43 97       	sbiw	r24, 0x13	; 19
    13ce:	7c 01       	movw	r14, r24
    13d0:	9c 01       	movw	r18, r24
    13d2:	40 e3       	ldi	r20, 0x30	; 48
    13d4:	6c e0       	ldi	r22, 0x0C	; 12
    13d6:	8a e0       	ldi	r24, 0x0A	; 10
    13d8:	97 e0       	ldi	r25, 0x07	; 7
    13da:	0e 94 19 05 	call	0xa32	; 0xa32 <MFRC522::PCD_CommunicateWithPICC(unsigned char, unsigned char, unsigned char*, unsigned char, unsigned char*, unsigned char*, unsigned char*, unsigned char, bool)>
/home/oggy/Arduino/libraries/MFRC522/src/MFRC522.cpp:1282
	if (acceptTimeout && result == STATUS_TIMEOUT) {
		return STATUS_OK;
	}
	if (result != STATUS_OK) {
    13de:	0f 90       	pop	r0
    13e0:	81 11       	cpse	r24, r1
    13e2:	0c c0       	rjmp	.+24     	; 0x13fc <MFRC522::PCD_MIFARE_Transceive(unsigned char*, unsigned char, bool) [clone .part.4] [clone .constprop.35]+0x9c>
/home/oggy/Arduino/libraries/MFRC522/src/MFRC522.cpp:1286
		return result;
	}
	// The PICC must reply with a 4 bit ACK
	if (cmdBufferSize != 1 || validBits != 4) {
    13e4:	8c 89       	ldd	r24, Y+20	; 0x14
    13e6:	81 30       	cpi	r24, 0x01	; 1
    13e8:	d1 f4       	brne	.+52     	; 0x141e <MFRC522::PCD_MIFARE_Transceive(unsigned char*, unsigned char, bool) [clone .part.4] [clone .constprop.35]+0xbe>
    13ea:	8b 89       	ldd	r24, Y+19	; 0x13
    13ec:	84 30       	cpi	r24, 0x04	; 4
    13ee:	b9 f4       	brne	.+46     	; 0x141e <MFRC522::PCD_MIFARE_Transceive(unsigned char*, unsigned char, bool) [clone .part.4] [clone .constprop.35]+0xbe>
/home/oggy/Arduino/libraries/MFRC522/src/MFRC522.cpp:1289
		return STATUS_ERROR;
	}
	if (cmdBuffer[0] != MF_ACK) {
    13f0:	81 e0       	ldi	r24, 0x01	; 1
    13f2:	99 81       	ldd	r25, Y+1	; 0x01
    13f4:	9a 30       	cpi	r25, 0x0A	; 10
    13f6:	09 f4       	brne	.+2      	; 0x13fa <MFRC522::PCD_MIFARE_Transceive(unsigned char*, unsigned char, bool) [clone .part.4] [clone .constprop.35]+0x9a>
    13f8:	80 e0       	ldi	r24, 0x00	; 0
    13fa:	81 95       	neg	r24
/home/oggy/Arduino/libraries/MFRC522/src/MFRC522.cpp:1293
		return STATUS_MIFARE_NACK;
	}
	return STATUS_OK;
} // End PCD_MIFARE_Transceive()
    13fc:	64 96       	adiw	r28, 0x14	; 20
    13fe:	0f b6       	in	r0, 0x3f	; 63
    1400:	f8 94       	cli
    1402:	de bf       	out	0x3e, r29	; 62
    1404:	0f be       	out	0x3f, r0	; 63
    1406:	cd bf       	out	0x3d, r28	; 61
    1408:	df 91       	pop	r29
    140a:	cf 91       	pop	r28
    140c:	0f 91       	pop	r16
    140e:	ff 90       	pop	r15
    1410:	ef 90       	pop	r14
    1412:	df 90       	pop	r13
    1414:	cf 90       	pop	r12
    1416:	bf 90       	pop	r11
    1418:	af 90       	pop	r10
    141a:	8f 90       	pop	r8
    141c:	08 95       	ret
/home/oggy/Arduino/libraries/MFRC522/src/MFRC522.cpp:1287
	if (result != STATUS_OK) {
		return result;
	}
	// The PICC must reply with a 4 bit ACK
	if (cmdBufferSize != 1 || validBits != 4) {
		return STATUS_ERROR;
    141e:	81 e0       	ldi	r24, 0x01	; 1
    1420:	ed cf       	rjmp	.-38     	; 0x13fc <MFRC522::PCD_MIFARE_Transceive(unsigned char*, unsigned char, bool) [clone .part.4] [clone .constprop.35]+0x9c>

00001422 <writeCard(unsigned char*) [clone .constprop.10]>:
writeCard():
/home/oggy/Documents/arduinoprojects/padright_v1.5.1/rfid.ino:214
bool writeCard(byte writeByte[])
    1422:	cf 93       	push	r28
    1424:	df 93       	push	r29
    1426:	00 d0       	rcall	.+0      	; 0x1428 <writeCard(unsigned char*) [clone .constprop.10]+0x6>
    1428:	cd b7       	in	r28, 0x3d	; 61
    142a:	de b7       	in	r29, 0x3e	; 62
auth_B():
/home/oggy/Documents/arduinoprojects/padright_v1.5.1/rfid.ino:251
  }
  return true;
}
bool auth_B()
{
  rfidstatus = (MFRC522::StatusCode)mfrc522.PCD_Authenticate(MFRC522::PICC_CMD_MF_AUTH_KEY_B, authAddr, &key, &(mfrc522.uid));
    142c:	63 e0       	ldi	r22, 0x03	; 3
    142e:	81 e6       	ldi	r24, 0x61	; 97
    1430:	0e 94 38 06 	call	0xc70	; 0xc70 <MFRC522::PCD_Authenticate(unsigned char, unsigned char, MFRC522::MIFARE_Key*, MFRC522::Uid*) [clone .constprop.13]>
/home/oggy/Documents/arduinoprojects/padright_v1.5.1/rfid.ino:252
  if (rfidstatus != MFRC522::STATUS_OK)
    1434:	81 11       	cpse	r24, r1
    1436:	12 c0       	rjmp	.+36     	; 0x145c <writeCard(unsigned char*) [clone .constprop.10]+0x3a>
MIFARE_Write():
/home/oggy/Arduino/libraries/MFRC522/src/MFRC522.cpp:1001
	}
	
	// Mifare Classic protocol requires two communications to perform a write.
	// Step 1: Tell the PICC we want to write to block blockAddr.
	byte cmdBuffer[2];
	cmdBuffer[0] = PICC_CMD_MF_WRITE;
    1438:	80 ea       	ldi	r24, 0xA0	; 160
    143a:	89 83       	std	Y+1, r24	; 0x01
/home/oggy/Arduino/libraries/MFRC522/src/MFRC522.cpp:1002
	cmdBuffer[1] = blockAddr;
    143c:	82 e0       	ldi	r24, 0x02	; 2
    143e:	8a 83       	std	Y+2, r24	; 0x02
PCD_MIFARE_Transceive():
    1440:	62 e0       	ldi	r22, 0x02	; 2
    1442:	ce 01       	movw	r24, r28
    1444:	01 96       	adiw	r24, 0x01	; 1
    1446:	0e 94 b0 09 	call	0x1360	; 0x1360 <MFRC522::PCD_MIFARE_Transceive(unsigned char*, unsigned char, bool) [clone .part.4] [clone .constprop.35]>
MIFARE_Write():
/home/oggy/Arduino/libraries/MFRC522/src/MFRC522.cpp:1004
	result = PCD_MIFARE_Transceive(cmdBuffer, 2); // Adds CRC_A and checks that the response is MF_ACK.
	if (result != STATUS_OK) {
    144a:	81 11       	cpse	r24, r1
    144c:	0d c0       	rjmp	.+26     	; 0x1468 <writeCard(unsigned char*) [clone .constprop.10]+0x46>
PCD_MIFARE_Transceive():
    144e:	60 e1       	ldi	r22, 0x10	; 16
    1450:	87 e2       	ldi	r24, 0x27	; 39
    1452:	96 e0       	ldi	r25, 0x06	; 6
    1454:	0e 94 b0 09 	call	0x1360	; 0x1360 <MFRC522::PCD_MIFARE_Transceive(unsigned char*, unsigned char, bool) [clone .part.4] [clone .constprop.35]>
MIFARE_Write():
/home/oggy/Arduino/libraries/MFRC522/src/MFRC522.cpp:1010
		return result;
	}
	
	// Step 2: Transfer the data
	result = PCD_MIFARE_Transceive(buffer, bufferSize); // Adds CRC_A and checks that the response is MF_ACK.
	if (result != STATUS_OK) {
    1458:	81 11       	cpse	r24, r1
    145a:	06 c0       	rjmp	.+12     	; 0x1468 <writeCard(unsigned char*) [clone .constprop.10]+0x46>
writeCard():
/home/oggy/Documents/arduinoprojects/padright_v1.5.1/rfid.ino:224
    if (rfidstatus != MFRC522::STATUS_OK)
    {
      return false;
    }
  }
  return true;
    145c:	81 e0       	ldi	r24, 0x01	; 1
/home/oggy/Documents/arduinoprojects/padright_v1.5.1/rfid.ino:225
}
    145e:	0f 90       	pop	r0
    1460:	0f 90       	pop	r0
    1462:	df 91       	pop	r29
    1464:	cf 91       	pop	r28
    1466:	08 95       	ret
/home/oggy/Documents/arduinoprojects/padright_v1.5.1/rfid.ino:221
  if (auth_B())
  {
    rfidstatus = (MFRC522::StatusCode)mfrc522.MIFARE_Write(blockAddr, writeByte, 16);
    if (rfidstatus != MFRC522::STATUS_OK)
    {
      return false;
    1468:	80 e0       	ldi	r24, 0x00	; 0
    146a:	f9 cf       	rjmp	.-14     	; 0x145e <writeCard(unsigned char*) [clone .constprop.10]+0x3c>

0000146c <Print::write(char const*) [clone .part.2]>:
_ZN5Print5writeEPKc.part.2():
/home/oggy/.arduino15/packages/MiniCore/hardware/avr/3.1.1/cores/MCUdude_corefiles/Print.h:54
    void clearWriteError() { setWriteError(0); }

    virtual size_t write(uint8_t) = 0;
    size_t write(const char *str) {
      if (str == NULL) return 0;
      return write((const uint8_t *)str, strlen(str));
    146c:	fb 01       	movw	r30, r22
    146e:	01 90       	ld	r0, Z+
    1470:	00 20       	and	r0, r0
    1472:	e9 f7       	brne	.-6      	; 0x146e <Print::write(char const*) [clone .part.2]+0x2>
    1474:	31 97       	sbiw	r30, 0x01	; 1
    1476:	af 01       	movw	r20, r30
    1478:	46 1b       	sub	r20, r22
    147a:	57 0b       	sbc	r21, r23
    147c:	dc 01       	movw	r26, r24
    147e:	ed 91       	ld	r30, X+
    1480:	fc 91       	ld	r31, X
    1482:	02 80       	ldd	r0, Z+2	; 0x02
    1484:	f3 81       	ldd	r31, Z+3	; 0x03
    1486:	e0 2d       	mov	r30, r0
    1488:	09 94       	ijmp

0000148a <Print::printNumber(unsigned long, unsigned char)>:
printNumber():
/home/oggy/.arduino15/packages/MiniCore/hardware/avr/3.1.1/cores/MCUdude_corefiles/Print.cpp:233
}

// Private Methods /////////////////////////////////////////////////////////////

size_t Print::printNumber(unsigned long n, uint8_t base)
{
    148a:	8f 92       	push	r8
    148c:	9f 92       	push	r9
    148e:	af 92       	push	r10
    1490:	bf 92       	push	r11
    1492:	ef 92       	push	r14
    1494:	ff 92       	push	r15
    1496:	0f 93       	push	r16
    1498:	1f 93       	push	r17
    149a:	cf 93       	push	r28
    149c:	df 93       	push	r29
    149e:	cd b7       	in	r28, 0x3d	; 61
    14a0:	de b7       	in	r29, 0x3e	; 62
    14a2:	a1 97       	sbiw	r28, 0x21	; 33
    14a4:	0f b6       	in	r0, 0x3f	; 63
    14a6:	f8 94       	cli
    14a8:	de bf       	out	0x3e, r29	; 62
    14aa:	0f be       	out	0x3f, r0	; 63
    14ac:	cd bf       	out	0x3d, r28	; 61
    14ae:	7c 01       	movw	r14, r24
    14b0:	fa 01       	movw	r30, r20
    14b2:	cb 01       	movw	r24, r22
/home/oggy/.arduino15/packages/MiniCore/hardware/avr/3.1.1/cores/MCUdude_corefiles/Print.cpp:237
  char buf[8 * sizeof(long) + 1]; // Assumes 8-bit chars plus zero byte.
  char *str = &buf[sizeof(buf) - 1];

  *str = '\0';
    14b4:	19 a2       	std	Y+33, r1	; 0x21
/home/oggy/.arduino15/packages/MiniCore/hardware/avr/3.1.1/cores/MCUdude_corefiles/Print.cpp:240

  // prevent crash if called with base == 1
  if (base < 2) base = 10;
    14b6:	22 30       	cpi	r18, 0x02	; 2
    14b8:	08 f4       	brcc	.+2      	; 0x14bc <Print::printNumber(unsigned long, unsigned char)+0x32>
    14ba:	2a e0       	ldi	r18, 0x0A	; 10
    14bc:	8e 01       	movw	r16, r28
    14be:	0f 5d       	subi	r16, 0xDF	; 223
    14c0:	1f 4f       	sbci	r17, 0xFF	; 255
/home/oggy/.arduino15/packages/MiniCore/hardware/avr/3.1.1/cores/MCUdude_corefiles/Print.cpp:243

  do {
    char c = n % base;
    14c2:	82 2e       	mov	r8, r18
    14c4:	91 2c       	mov	r9, r1
    14c6:	b1 2c       	mov	r11, r1
    14c8:	a1 2c       	mov	r10, r1
    14ca:	bf 01       	movw	r22, r30
    14cc:	a5 01       	movw	r20, r10
    14ce:	94 01       	movw	r18, r8
    14d0:	0e 94 73 20 	call	0x40e6	; 0x40e6 <__udivmodsi4>
/home/oggy/.arduino15/packages/MiniCore/hardware/avr/3.1.1/cores/MCUdude_corefiles/Print.cpp:244
    n /= base;
    14d4:	f9 01       	movw	r30, r18
    14d6:	ca 01       	movw	r24, r20
/home/oggy/.arduino15/packages/MiniCore/hardware/avr/3.1.1/cores/MCUdude_corefiles/Print.cpp:246

    *--str = c < 10 ? c + '0' : c + 'A' - 10;
    14d8:	6a 30       	cpi	r22, 0x0A	; 10
    14da:	0c f5       	brge	.+66     	; 0x151e <Print::printNumber(unsigned long, unsigned char)+0x94>
    14dc:	60 5d       	subi	r22, 0xD0	; 208
    14de:	d8 01       	movw	r26, r16
    14e0:	6e 93       	st	-X, r22
    14e2:	8d 01       	movw	r16, r26
/home/oggy/.arduino15/packages/MiniCore/hardware/avr/3.1.1/cores/MCUdude_corefiles/Print.cpp:247
  } while(n);
    14e4:	23 2b       	or	r18, r19
    14e6:	24 2b       	or	r18, r20
    14e8:	25 2b       	or	r18, r21
    14ea:	79 f7       	brne	.-34     	; 0x14ca <Print::printNumber(unsigned long, unsigned char)+0x40>
/home/oggy/.arduino15/packages/MiniCore/hardware/avr/3.1.1/cores/MCUdude_corefiles/Print.h:53
    int getWriteError() { return write_error; }
    void clearWriteError() { setWriteError(0); }

    virtual size_t write(uint8_t) = 0;
    size_t write(const char *str) {
      if (str == NULL) return 0;
    14ec:	90 e0       	ldi	r25, 0x00	; 0
    14ee:	80 e0       	ldi	r24, 0x00	; 0
write():
    14f0:	10 97       	sbiw	r26, 0x00	; 0
    14f2:	21 f0       	breq	.+8      	; 0x14fc <Print::printNumber(unsigned long, unsigned char)+0x72>
    14f4:	bd 01       	movw	r22, r26
    14f6:	c7 01       	movw	r24, r14
    14f8:	0e 94 36 0a 	call	0x146c	; 0x146c <Print::write(char const*) [clone .part.2]>
printNumber():
/home/oggy/.arduino15/packages/MiniCore/hardware/avr/3.1.1/cores/MCUdude_corefiles/Print.cpp:250

  return write(str);
}
    14fc:	a1 96       	adiw	r28, 0x21	; 33
    14fe:	0f b6       	in	r0, 0x3f	; 63
    1500:	f8 94       	cli
    1502:	de bf       	out	0x3e, r29	; 62
    1504:	0f be       	out	0x3f, r0	; 63
    1506:	cd bf       	out	0x3d, r28	; 61
    1508:	df 91       	pop	r29
    150a:	cf 91       	pop	r28
    150c:	1f 91       	pop	r17
    150e:	0f 91       	pop	r16
    1510:	ff 90       	pop	r15
    1512:	ef 90       	pop	r14
    1514:	bf 90       	pop	r11
    1516:	af 90       	pop	r10
    1518:	9f 90       	pop	r9
    151a:	8f 90       	pop	r8
    151c:	08 95       	ret
/home/oggy/.arduino15/packages/MiniCore/hardware/avr/3.1.1/cores/MCUdude_corefiles/Print.cpp:246

  do {
    char c = n % base;
    n /= base;

    *--str = c < 10 ? c + '0' : c + 'A' - 10;
    151e:	69 5c       	subi	r22, 0xC9	; 201
    1520:	de cf       	rjmp	.-68     	; 0x14de <Print::printNumber(unsigned long, unsigned char)+0x54>

00001522 <Print::print(int, int) [clone .constprop.25]>:
print():
/home/oggy/.arduino15/packages/MiniCore/hardware/avr/3.1.1/cores/MCUdude_corefiles/Print.cpp:77
size_t Print::print(unsigned char b, int base)
{
  return print((unsigned long) b, base);
}

size_t Print::print(int n, int base)
    1522:	cf 92       	push	r12
    1524:	df 92       	push	r13
    1526:	ef 92       	push	r14
    1528:	ff 92       	push	r15
/home/oggy/.arduino15/packages/MiniCore/hardware/avr/3.1.1/cores/MCUdude_corefiles/Print.cpp:79
{
  return print((long) n, base);
    152a:	6c 01       	movw	r12, r24
    152c:	99 0f       	add	r25, r25
    152e:	ee 08       	sbc	r14, r14
    1530:	ff 08       	sbc	r15, r15
/home/oggy/.arduino15/packages/MiniCore/hardware/avr/3.1.1/cores/MCUdude_corefiles/Print.cpp:92
size_t Print::print(long n, int base)
{
  if (base == 0) {
    return write(n);
  } else if (base == 10) {
    if (n < 0) {
    1532:	f7 fe       	sbrs	r15, 7
    1534:	18 c0       	rjmp	.+48     	; 0x1566 <Print::print(int, int) [clone .constprop.25]+0x44>
write():
/home/oggy/Arduino/libraries/LiquidCrystal/src/LiquidCrystal.cpp:280
inline void LiquidCrystal::command(uint8_t value) {
  send(value, LOW);
}

inline size_t LiquidCrystal::write(uint8_t value) {
  send(value, HIGH);
    1536:	41 e0       	ldi	r20, 0x01	; 1
    1538:	6d e2       	ldi	r22, 0x2D	; 45
    153a:	82 ef       	ldi	r24, 0xF2	; 242
    153c:	96 e0       	ldi	r25, 0x06	; 6
    153e:	0e 94 25 03 	call	0x64a	; 0x64a <LiquidCrystal::send(unsigned char, unsigned char)>
print():
/home/oggy/.arduino15/packages/MiniCore/hardware/avr/3.1.1/cores/MCUdude_corefiles/Print.cpp:94
      int t = print('-');
      n = -n;
    1542:	44 27       	eor	r20, r20
    1544:	55 27       	eor	r21, r21
    1546:	ba 01       	movw	r22, r20
    1548:	4c 19       	sub	r20, r12
    154a:	5d 09       	sbc	r21, r13
    154c:	6e 09       	sbc	r22, r14
    154e:	7f 09       	sbc	r23, r15
/home/oggy/.arduino15/packages/MiniCore/hardware/avr/3.1.1/cores/MCUdude_corefiles/Print.cpp:95
      return printNumber(n, 10) + t;
    1550:	2a e0       	ldi	r18, 0x0A	; 10
    1552:	82 ef       	ldi	r24, 0xF2	; 242
    1554:	96 e0       	ldi	r25, 0x06	; 6
    1556:	0e 94 45 0a 	call	0x148a	; 0x148a <Print::printNumber(unsigned long, unsigned char)>
    155a:	01 96       	adiw	r24, 0x01	; 1
/home/oggy/.arduino15/packages/MiniCore/hardware/avr/3.1.1/cores/MCUdude_corefiles/Print.cpp:80
}

size_t Print::print(int n, int base)
{
  return print((long) n, base);
}
    155c:	ff 90       	pop	r15
    155e:	ef 90       	pop	r14
    1560:	df 90       	pop	r13
    1562:	cf 90       	pop	r12
    1564:	08 95       	ret
/home/oggy/.arduino15/packages/MiniCore/hardware/avr/3.1.1/cores/MCUdude_corefiles/Print.cpp:97
    if (n < 0) {
      int t = print('-');
      n = -n;
      return printNumber(n, 10) + t;
    }
    return printNumber(n, 10);
    1566:	2a e0       	ldi	r18, 0x0A	; 10
    1568:	b7 01       	movw	r22, r14
    156a:	a6 01       	movw	r20, r12
    156c:	82 ef       	ldi	r24, 0xF2	; 242
    156e:	96 e0       	ldi	r25, 0x06	; 6
/home/oggy/.arduino15/packages/MiniCore/hardware/avr/3.1.1/cores/MCUdude_corefiles/Print.cpp:80
}

size_t Print::print(int n, int base)
{
  return print((long) n, base);
}
    1570:	ff 90       	pop	r15
    1572:	ef 90       	pop	r14
    1574:	df 90       	pop	r13
    1576:	cf 90       	pop	r12
/home/oggy/.arduino15/packages/MiniCore/hardware/avr/3.1.1/cores/MCUdude_corefiles/Print.cpp:97
    if (n < 0) {
      int t = print('-');
      n = -n;
      return printNumber(n, 10) + t;
    }
    return printNumber(n, 10);
    1578:	0c 94 45 0a 	jmp	0x148a	; 0x148a <Print::printNumber(unsigned long, unsigned char)>

0000157c <Print::print(char const*) [clone .constprop.41]>:
write():
/home/oggy/.arduino15/packages/MiniCore/hardware/avr/3.1.1/cores/MCUdude_corefiles/Print.cpp:62
size_t Print::print(const String &s)
{
  return write(s.c_str(), s.length());
}

size_t Print::print(const char str[])
    157c:	bc 01       	movw	r22, r24
    157e:	82 ef       	ldi	r24, 0xF2	; 242
    1580:	96 e0       	ldi	r25, 0x06	; 6
    1582:	0c 94 36 0a 	jmp	0x146c	; 0x146c <Print::write(char const*) [clone .part.2]>

00001586 <homePage() [clone .part.3]>:
_Z8homePagev.part.3():
/home/oggy/Documents/arduinoprojects/padright_v1.5.1/lcd.ino:18
  delay(2000);
  homePage();
}
void homePage() {
  if (changeDone == true) {
    lcd.clear();
    1586:	0e 94 7e 03 	call	0x6fc	; 0x6fc <LiquidCrystal::clear() [clone .constprop.47]>
/home/oggy/Documents/arduinoprojects/padright_v1.5.1/lcd.ino:19
    lcd.setCursor(0, 0);
    158a:	60 e0       	ldi	r22, 0x00	; 0
    158c:	80 e0       	ldi	r24, 0x00	; 0
    158e:	0e 94 27 04 	call	0x84e	; 0x84e <LiquidCrystal::setCursor(unsigned char, unsigned char) [clone .constprop.24]>
/home/oggy/Documents/arduinoprojects/padright_v1.5.1/lcd.ino:20
    if (mType == RFID_MACHINE)
    1592:	80 91 1d 06 	lds	r24, 0x061D	; 0x80061d <mType>
    1596:	81 11       	cpse	r24, r1
    1598:	13 c0       	rjmp	.+38     	; 0x15c0 <homePage() [clone .part.3]+0x3a>
/home/oggy/Documents/arduinoprojects/padright_v1.5.1/lcd.ino:21
      lcd.print("SCAN CARD HERE");
    159a:	88 e5       	ldi	r24, 0x58	; 88
    159c:	91 e0       	ldi	r25, 0x01	; 1
/home/oggy/Documents/arduinoprojects/padright_v1.5.1/lcd.ino:23
    else if (mType == CASH_MACHINE)
      lcd.print("  INSERT CASH");
    159e:	0e 94 be 0a 	call	0x157c	; 0x157c <Print::print(char const*) [clone .constprop.41]>
/home/oggy/Documents/arduinoprojects/padright_v1.5.1/lcd.ino:24
    lcd.setCursor(0, 1);
    15a2:	61 e0       	ldi	r22, 0x01	; 1
    15a4:	80 e0       	ldi	r24, 0x00	; 0
    15a6:	0e 94 27 04 	call	0x84e	; 0x84e <LiquidCrystal::setCursor(unsigned char, unsigned char) [clone .constprop.24]>
/home/oggy/Documents/arduinoprojects/padright_v1.5.1/lcd.ino:25
    lcd.print("N0 OF STOCKS:");
    15aa:	85 e7       	ldi	r24, 0x75	; 117
    15ac:	91 e0       	ldi	r25, 0x01	; 1
    15ae:	0e 94 be 0a 	call	0x157c	; 0x157c <Print::print(char const*) [clone .constprop.41]>
/home/oggy/Documents/arduinoprojects/padright_v1.5.1/lcd.ino:26
    lcd.print(getStock());
    15b2:	0e 94 8a 09 	call	0x1314	; 0x1314 <getStock()>
    15b6:	0e 94 91 0a 	call	0x1522	; 0x1522 <Print::print(int, int) [clone .constprop.25]>
/home/oggy/Documents/arduinoprojects/padright_v1.5.1/lcd.ino:27
    changeDone = false;
    15ba:	10 92 14 01 	sts	0x0114, r1	; 0x800114 <changeDone>
/home/oggy/Documents/arduinoprojects/padright_v1.5.1/lcd.ino:29
  }
}
    15be:	08 95       	ret
/home/oggy/Documents/arduinoprojects/padright_v1.5.1/lcd.ino:22
  if (changeDone == true) {
    lcd.clear();
    lcd.setCursor(0, 0);
    if (mType == RFID_MACHINE)
      lcd.print("SCAN CARD HERE");
    else if (mType == CASH_MACHINE)
    15c0:	81 30       	cpi	r24, 0x01	; 1
    15c2:	79 f7       	brne	.-34     	; 0x15a2 <homePage() [clone .part.3]+0x1c>
/home/oggy/Documents/arduinoprojects/padright_v1.5.1/lcd.ino:23
      lcd.print("  INSERT CASH");
    15c4:	87 e6       	ldi	r24, 0x67	; 103
    15c6:	91 e0       	ldi	r25, 0x01	; 1
    15c8:	ea cf       	rjmp	.-44     	; 0x159e <homePage() [clone .part.3]+0x18>

000015ca <_maxRack()>:
_maxRack():
/home/oggy/Documents/arduinoprojects/padright_v1.5.1/lcd.ino:208
  lcd.setCursor(0, 1);
  // enter number
  lcd.print(rack[num].getQuantity());
}
void _maxRack() {
  lcd.clear();
    15ca:	0e 94 7e 03 	call	0x6fc	; 0x6fc <LiquidCrystal::clear() [clone .constprop.47]>
/home/oggy/Documents/arduinoprojects/padright_v1.5.1/lcd.ino:209
  lcd.setCursor(0, 0);
    15ce:	60 e0       	ldi	r22, 0x00	; 0
    15d0:	80 e0       	ldi	r24, 0x00	; 0
    15d2:	0e 94 27 04 	call	0x84e	; 0x84e <LiquidCrystal::setCursor(unsigned char, unsigned char) [clone .constprop.24]>
/home/oggy/Documents/arduinoprojects/padright_v1.5.1/lcd.ino:210
  lcd.print("Enter Total Rack");
    15d6:	83 e8       	ldi	r24, 0x83	; 131
    15d8:	91 e0       	ldi	r25, 0x01	; 1
    15da:	0e 94 be 0a 	call	0x157c	; 0x157c <Print::print(char const*) [clone .constprop.41]>
/home/oggy/Documents/arduinoprojects/padright_v1.5.1/lcd.ino:211
  lcd.setCursor(0, 1);
    15de:	61 e0       	ldi	r22, 0x01	; 1
    15e0:	80 e0       	ldi	r24, 0x00	; 0
    15e2:	0e 94 27 04 	call	0x84e	; 0x84e <LiquidCrystal::setCursor(unsigned char, unsigned char) [clone .constprop.24]>
print():
/home/oggy/.arduino15/packages/MiniCore/hardware/avr/3.1.1/cores/MCUdude_corefiles/Print.cpp:74
  return write(c);
}

size_t Print::print(unsigned char b, int base)
{
  return print((unsigned long) b, base);
    15e6:	40 91 0f 01 	lds	r20, 0x010F	; 0x80010f <maxRack>
    15ea:	50 e0       	ldi	r21, 0x00	; 0
    15ec:	70 e0       	ldi	r23, 0x00	; 0
    15ee:	60 e0       	ldi	r22, 0x00	; 0
/home/oggy/.arduino15/packages/MiniCore/hardware/avr/3.1.1/cores/MCUdude_corefiles/Print.cpp:106
}

size_t Print::print(unsigned long n, int base)
{
  if (base == 0) return write(n);
  else return printNumber(n, base);
    15f0:	2a e0       	ldi	r18, 0x0A	; 10
    15f2:	82 ef       	ldi	r24, 0xF2	; 242
    15f4:	96 e0       	ldi	r25, 0x06	; 6
    15f6:	0c 94 45 0a 	jmp	0x148a	; 0x148a <Print::printNumber(unsigned long, unsigned char)>

000015fa <pulseLimit()>:
pulseLimit():
/home/oggy/Documents/arduinoprojects/padright_v1.5.1/lcd.ino:186
  // enter number
  lcd.print(CASH_LIMIT);
  lcd.print(" Rupees");
}
void pulseLimit() {
  lcd.clear();
    15fa:	0e 94 7e 03 	call	0x6fc	; 0x6fc <LiquidCrystal::clear() [clone .constprop.47]>
/home/oggy/Documents/arduinoprojects/padright_v1.5.1/lcd.ino:187
  lcd.setCursor(0, 0);
    15fe:	60 e0       	ldi	r22, 0x00	; 0
    1600:	80 e0       	ldi	r24, 0x00	; 0
    1602:	0e 94 27 04 	call	0x84e	; 0x84e <LiquidCrystal::setCursor(unsigned char, unsigned char) [clone .constprop.24]>
/home/oggy/Documents/arduinoprojects/padright_v1.5.1/lcd.ino:188
  lcd.print("Set Pulse For");
    1606:	84 e9       	ldi	r24, 0x94	; 148
    1608:	91 e0       	ldi	r25, 0x01	; 1
    160a:	0e 94 be 0a 	call	0x157c	; 0x157c <Print::print(char const*) [clone .constprop.41]>
/home/oggy/Documents/arduinoprojects/padright_v1.5.1/lcd.ino:189
  lcd.setCursor(0, 1);
    160e:	61 e0       	ldi	r22, 0x01	; 1
    1610:	80 e0       	ldi	r24, 0x00	; 0
    1612:	0e 94 27 04 	call	0x84e	; 0x84e <LiquidCrystal::setCursor(unsigned char, unsigned char) [clone .constprop.24]>
/home/oggy/Documents/arduinoprojects/padright_v1.5.1/lcd.ino:190
  lcd.print("RS.5: ");
    1616:	82 ea       	ldi	r24, 0xA2	; 162
    1618:	91 e0       	ldi	r25, 0x01	; 1
    161a:	0e 94 be 0a 	call	0x157c	; 0x157c <Print::print(char const*) [clone .constprop.41]>
/home/oggy/Documents/arduinoprojects/padright_v1.5.1/lcd.ino:192
  // enter number
  lcd.print(pulseForFiveRupeeNote);
    161e:	80 91 1a 01 	lds	r24, 0x011A	; 0x80011a <pulseForFiveRupeeNote>
    1622:	90 91 1b 01 	lds	r25, 0x011B	; 0x80011b <pulseForFiveRupeeNote+0x1>
    1626:	0e 94 91 0a 	call	0x1522	; 0x1522 <Print::print(int, int) [clone .constprop.25]>
/home/oggy/Documents/arduinoprojects/padright_v1.5.1/lcd.ino:193
  if (pulseForFiveRupeeNote == availablePulses[0])
    162a:	80 91 1a 01 	lds	r24, 0x011A	; 0x80011a <pulseForFiveRupeeNote>
    162e:	90 91 1b 01 	lds	r25, 0x011B	; 0x80011b <pulseForFiveRupeeNote+0x1>
    1632:	01 97       	sbiw	r24, 0x01	; 1
    1634:	21 f4       	brne	.+8      	; 0x163e <pulseLimit()+0x44>
/home/oggy/Documents/arduinoprojects/padright_v1.5.1/lcd.ino:194
    lcd.print(" Pulse");
    1636:	89 ea       	ldi	r24, 0xA9	; 169
    1638:	91 e0       	ldi	r25, 0x01	; 1
/home/oggy/Documents/arduinoprojects/padright_v1.5.1/lcd.ino:196
  else
    lcd.print(" Pulses");
    163a:	0c 94 be 0a 	jmp	0x157c	; 0x157c <Print::print(char const*) [clone .constprop.41]>
    163e:	80 eb       	ldi	r24, 0xB0	; 176
    1640:	91 e0       	ldi	r25, 0x01	; 1
    1642:	fb cf       	rjmp	.-10     	; 0x163a <pulseLimit()+0x40>

00001644 <cashLimit()>:
cashLimit():
/home/oggy/Documents/arduinoprojects/padright_v1.5.1/lcd.ino:177
  // enter number
  lcd.print(cashWaitTime / 1000);
  lcd.print(" Sec");
}
void cashLimit() {
  lcd.clear();
    1644:	0e 94 7e 03 	call	0x6fc	; 0x6fc <LiquidCrystal::clear() [clone .constprop.47]>
/home/oggy/Documents/arduinoprojects/padright_v1.5.1/lcd.ino:178
  lcd.setCursor(0, 0);
    1648:	60 e0       	ldi	r22, 0x00	; 0
    164a:	80 e0       	ldi	r24, 0x00	; 0
    164c:	0e 94 27 04 	call	0x84e	; 0x84e <LiquidCrystal::setCursor(unsigned char, unsigned char) [clone .constprop.24]>
/home/oggy/Documents/arduinoprojects/padright_v1.5.1/lcd.ino:179
  lcd.print("Set Cash Limit");
    1650:	88 eb       	ldi	r24, 0xB8	; 184
    1652:	91 e0       	ldi	r25, 0x01	; 1
    1654:	0e 94 be 0a 	call	0x157c	; 0x157c <Print::print(char const*) [clone .constprop.41]>
/home/oggy/Documents/arduinoprojects/padright_v1.5.1/lcd.ino:180
  lcd.setCursor(0, 1);
    1658:	61 e0       	ldi	r22, 0x01	; 1
    165a:	80 e0       	ldi	r24, 0x00	; 0
    165c:	0e 94 27 04 	call	0x84e	; 0x84e <LiquidCrystal::setCursor(unsigned char, unsigned char) [clone .constprop.24]>
/home/oggy/Documents/arduinoprojects/padright_v1.5.1/lcd.ino:182
  // enter number
  lcd.print(CASH_LIMIT);
    1660:	80 91 16 01 	lds	r24, 0x0116	; 0x800116 <CASH_LIMIT>
    1664:	90 91 17 01 	lds	r25, 0x0117	; 0x800117 <CASH_LIMIT+0x1>
    1668:	0e 94 91 0a 	call	0x1522	; 0x1522 <Print::print(int, int) [clone .constprop.25]>
/home/oggy/Documents/arduinoprojects/padright_v1.5.1/lcd.ino:183
  lcd.print(" Rupees");
    166c:	87 ec       	ldi	r24, 0xC7	; 199
    166e:	91 e0       	ldi	r25, 0x01	; 1
    1670:	0c 94 be 0a 	jmp	0x157c	; 0x157c <Print::print(char const*) [clone .constprop.41]>

00001674 <machineType()>:
machineType():
/home/oggy/Documents/arduinoprojects/padright_v1.5.1/lcd.ino:156
  // enter number
  lcd.print(padAmount);
}
void machineType() {

  lcd.clear();
    1674:	0e 94 7e 03 	call	0x6fc	; 0x6fc <LiquidCrystal::clear() [clone .constprop.47]>
/home/oggy/Documents/arduinoprojects/padright_v1.5.1/lcd.ino:157
  lcd.setCursor(0, 0);
    1678:	60 e0       	ldi	r22, 0x00	; 0
    167a:	80 e0       	ldi	r24, 0x00	; 0
    167c:	0e 94 27 04 	call	0x84e	; 0x84e <LiquidCrystal::setCursor(unsigned char, unsigned char) [clone .constprop.24]>
/home/oggy/Documents/arduinoprojects/padright_v1.5.1/lcd.ino:158
  lcd.print("Machine Type");
    1680:	8f ec       	ldi	r24, 0xCF	; 207
    1682:	91 e0       	ldi	r25, 0x01	; 1
    1684:	0e 94 be 0a 	call	0x157c	; 0x157c <Print::print(char const*) [clone .constprop.41]>
/home/oggy/Documents/arduinoprojects/padright_v1.5.1/lcd.ino:159
  lcd.setCursor(0, 1);
    1688:	61 e0       	ldi	r22, 0x01	; 1
    168a:	80 e0       	ldi	r24, 0x00	; 0
    168c:	0e 94 27 04 	call	0x84e	; 0x84e <LiquidCrystal::setCursor(unsigned char, unsigned char) [clone .constprop.24]>
/home/oggy/Documents/arduinoprojects/padright_v1.5.1/lcd.ino:161
  // enter number
  if (mType == RFID_MACHINE) {
    1690:	80 91 1d 06 	lds	r24, 0x061D	; 0x80061d <mType>
    1694:	81 11       	cpse	r24, r1
    1696:	04 c0       	rjmp	.+8      	; 0x16a0 <machineType()+0x2c>
/home/oggy/Documents/arduinoprojects/padright_v1.5.1/lcd.ino:162
    lcd.print("RFID");
    1698:	8c ed       	ldi	r24, 0xDC	; 220
    169a:	91 e0       	ldi	r25, 0x01	; 1
/home/oggy/Documents/arduinoprojects/padright_v1.5.1/lcd.ino:164
  } else if (mType == CASH_MACHINE) {
    lcd.print("Cash / Coin");
    169c:	0c 94 be 0a 	jmp	0x157c	; 0x157c <Print::print(char const*) [clone .constprop.41]>
/home/oggy/Documents/arduinoprojects/padright_v1.5.1/lcd.ino:163
  lcd.print("Machine Type");
  lcd.setCursor(0, 1);
  // enter number
  if (mType == RFID_MACHINE) {
    lcd.print("RFID");
  } else if (mType == CASH_MACHINE) {
    16a0:	81 30       	cpi	r24, 0x01	; 1
    16a2:	19 f4       	brne	.+6      	; 0x16aa <machineType()+0x36>
/home/oggy/Documents/arduinoprojects/padright_v1.5.1/lcd.ino:164
    lcd.print("Cash / Coin");
    16a4:	81 ee       	ldi	r24, 0xE1	; 225
    16a6:	91 e0       	ldi	r25, 0x01	; 1
    16a8:	f9 cf       	rjmp	.-14     	; 0x169c <machineType()+0x28>
/home/oggy/Documents/arduinoprojects/padright_v1.5.1/lcd.ino:166
  }
}
    16aa:	08 95       	ret

000016ac <batchWrite()>:
batchWrite():
/home/oggy/Documents/arduinoprojects/padright_v1.5.1/lcd.ino:147
      break;
  }
}

void batchWrite() {
  lcd.clear();
    16ac:	0e 94 7e 03 	call	0x6fc	; 0x6fc <LiquidCrystal::clear() [clone .constprop.47]>
/home/oggy/Documents/arduinoprojects/padright_v1.5.1/lcd.ino:148
  lcd.setCursor(0, 0);
    16b0:	60 e0       	ldi	r22, 0x00	; 0
    16b2:	80 e0       	ldi	r24, 0x00	; 0
    16b4:	0e 94 27 04 	call	0x84e	; 0x84e <LiquidCrystal::setCursor(unsigned char, unsigned char) [clone .constprop.24]>
/home/oggy/Documents/arduinoprojects/padright_v1.5.1/lcd.ino:149
  lcd.print("Pad Amount");
    16b8:	8b e7       	ldi	r24, 0x7B	; 123
    16ba:	94 e0       	ldi	r25, 0x04	; 4
    16bc:	0e 94 be 0a 	call	0x157c	; 0x157c <Print::print(char const*) [clone .constprop.41]>
/home/oggy/Documents/arduinoprojects/padright_v1.5.1/lcd.ino:150
  lcd.setCursor(0, 1);
    16c0:	61 e0       	ldi	r22, 0x01	; 1
    16c2:	80 e0       	ldi	r24, 0x00	; 0
    16c4:	0e 94 27 04 	call	0x84e	; 0x84e <LiquidCrystal::setCursor(unsigned char, unsigned char) [clone .constprop.24]>
/home/oggy/Documents/arduinoprojects/padright_v1.5.1/lcd.ino:152
  // enter number
  lcd.print(padAmount);
    16c8:	80 91 10 01 	lds	r24, 0x0110	; 0x800110 <padAmount>
    16cc:	90 91 11 01 	lds	r25, 0x0111	; 0x800111 <padAmount+0x1>
    16d0:	0c 94 91 0a 	jmp	0x1522	; 0x1522 <Print::print(int, int) [clone .constprop.25]>

000016d4 <menu()>:
menu():
/home/oggy/Documents/arduinoprojects/padright_v1.5.1/lcd.ino:133
      break;
  }
}

void menu() {
  switch (state) {
    16d4:	80 91 1b 06 	lds	r24, 0x061B	; 0x80061b <state>
    16d8:	90 91 1c 06 	lds	r25, 0x061C	; 0x80061c <state+0x1>
    16dc:	00 97       	sbiw	r24, 0x00	; 0
    16de:	19 f0       	breq	.+6      	; 0x16e6 <menu()+0x12>
    16e0:	01 97       	sbiw	r24, 0x01	; 1
    16e2:	71 f0       	breq	.+28     	; 0x1700 <menu()+0x2c>
    16e4:	08 95       	ret
homePage():
/home/oggy/Documents/arduinoprojects/padright_v1.5.1/lcd.ino:17
  lcd.print("Pad Vending");
  delay(2000);
  homePage();
}
void homePage() {
  if (changeDone == true) {
    16e6:	80 91 14 01 	lds	r24, 0x0114	; 0x800114 <changeDone>
    16ea:	81 11       	cpse	r24, r1
    16ec:	0e 94 c3 0a 	call	0x1586	; 0x1586 <homePage() [clone .part.3]>
menu():
/home/oggy/Documents/arduinoprojects/padright_v1.5.1/lcd.ino:136

void menu() {
  switch (state) {
    case 0:
      homePage();
      topMenuPosition = 0;
    16f0:	10 92 f6 05 	sts	0x05F6, r1	; 0x8005f6 <topMenuPosition+0x1>
    16f4:	10 92 f5 05 	sts	0x05F5, r1	; 0x8005f5 <topMenuPosition>
/home/oggy/Documents/arduinoprojects/padright_v1.5.1/lcd.ino:137
      status = 'n';
    16f8:	8e e6       	ldi	r24, 0x6E	; 110
    16fa:	80 93 15 01 	sts	0x0115, r24	; 0x800115 <status>
    16fe:	08 95       	ret
/home/oggy/Documents/arduinoprojects/padright_v1.5.1/lcd.ino:140
      break;
    case 1:
      if (makeChange)
    1700:	80 91 f7 05 	lds	r24, 0x05F7	; 0x8005f7 <makeChange>
    1704:	88 23       	and	r24, r24
    1706:	09 f4       	brne	.+2      	; 0x170a <menu()+0x36>
    1708:	12 c1       	rjmp	.+548    	; 0x192e <menu()+0x25a>
topMenu():
/home/oggy/Documents/arduinoprojects/padright_v1.5.1/lcd.ino:32
    changeDone = false;
  }
}

void topMenu() {
  switch (topMenuPosition) {
    170a:	e0 91 f5 05 	lds	r30, 0x05F5	; 0x8005f5 <topMenuPosition>
    170e:	f0 91 f6 05 	lds	r31, 0x05F6	; 0x8005f6 <topMenuPosition+0x1>
    1712:	e8 30       	cpi	r30, 0x08	; 8
    1714:	f1 05       	cpc	r31, r1
    1716:	08 f0       	brcs	.+2      	; 0x171a <menu()+0x46>
    1718:	0a c1       	rjmp	.+532    	; 0x192e <menu()+0x25a>
    171a:	ef 56       	subi	r30, 0x6F	; 111
    171c:	f4 4f       	sbci	r31, 0xF4	; 244
    171e:	0c 94 95 20 	jmp	0x412a	; 0x412a <__tablejump2__>
    1722:	99 0b       	sbc	r25, r25
    1724:	b4 0b       	sbc	r27, r20
    1726:	c8 0b       	sbc	r28, r24
    1728:	e2 0b       	sbc	r30, r18
    172a:	fc 0b       	sbc	r31, r28
    172c:	34 0c       	add	r3, r4
    172e:	5b 0c       	add	r5, r11
    1730:	79 0c       	add	r7, r9
/home/oggy/Documents/arduinoprojects/padright_v1.5.1/lcd.ino:34
    case 0:
      lcd.clear();
    1732:	0e 94 7e 03 	call	0x6fc	; 0x6fc <LiquidCrystal::clear() [clone .constprop.47]>
/home/oggy/Documents/arduinoprojects/padright_v1.5.1/lcd.ino:35
      lcd.setCursor(0, 0);
    1736:	60 e0       	ldi	r22, 0x00	; 0
    1738:	80 e0       	ldi	r24, 0x00	; 0
    173a:	0e 94 27 04 	call	0x84e	; 0x84e <LiquidCrystal::setCursor(unsigned char, unsigned char) [clone .constprop.24]>
/home/oggy/Documents/arduinoprojects/padright_v1.5.1/lcd.ino:36
      lcd.write((byte)0);
    173e:	60 e0       	ldi	r22, 0x00	; 0
    1740:	82 ef       	ldi	r24, 0xF2	; 242
    1742:	96 e0       	ldi	r25, 0x06	; 6
    1744:	0e 94 36 04 	call	0x86c	; 0x86c <LiquidCrystal::write(unsigned char)>
/home/oggy/Documents/arduinoprojects/padright_v1.5.1/lcd.ino:37
      lcd.setCursor(2, 0);
    1748:	60 e0       	ldi	r22, 0x00	; 0
    174a:	82 e0       	ldi	r24, 0x02	; 2
    174c:	0e 94 27 04 	call	0x84e	; 0x84e <LiquidCrystal::setCursor(unsigned char, unsigned char) [clone .constprop.24]>
/home/oggy/Documents/arduinoprojects/padright_v1.5.1/lcd.ino:38
      lcd.print("Pads In Rack");
    1750:	8d ee       	ldi	r24, 0xED	; 237
    1752:	91 e0       	ldi	r25, 0x01	; 1
    1754:	0e 94 be 0a 	call	0x157c	; 0x157c <Print::print(char const*) [clone .constprop.41]>
/home/oggy/Documents/arduinoprojects/padright_v1.5.1/lcd.ino:48
      lcd.clear();
      lcd.setCursor(2, 0);
      lcd.print("Pads In Rack");
      lcd.setCursor(0, 1);
      lcd.write((byte)0);
      lcd.setCursor(2, 1);
    1758:	61 e0       	ldi	r22, 0x01	; 1
    175a:	82 e0       	ldi	r24, 0x02	; 2
    175c:	0e 94 27 04 	call	0x84e	; 0x84e <LiquidCrystal::setCursor(unsigned char, unsigned char) [clone .constprop.24]>
/home/oggy/Documents/arduinoprojects/padright_v1.5.1/lcd.ino:49
      lcd.print("Fill All Rack");
    1760:	8a ef       	ldi	r24, 0xFA	; 250
    1762:	91 e0       	ldi	r25, 0x01	; 1
/home/oggy/Documents/arduinoprojects/padright_v1.5.1/lcd.ino:126
        lcd.setCursor(2, 0);
        lcd.print("Pulse Setting");
        lcd.setCursor(0, 1);
        lcd.write((byte)0);
        lcd.setCursor(2, 1);
        lcd.print("Cash Wait Time");
    1764:	0c 94 be 0a 	jmp	0x157c	; 0x157c <Print::print(char const*) [clone .constprop.41]>
/home/oggy/Documents/arduinoprojects/padright_v1.5.1/lcd.ino:43
      lcd.print("Pads In Rack");
      lcd.setCursor(2, 1);
      lcd.print("Fill All Rack");
      break;
    case 1:
      lcd.clear();
    1768:	0e 94 7e 03 	call	0x6fc	; 0x6fc <LiquidCrystal::clear() [clone .constprop.47]>
/home/oggy/Documents/arduinoprojects/padright_v1.5.1/lcd.ino:44
      lcd.setCursor(2, 0);
    176c:	60 e0       	ldi	r22, 0x00	; 0
    176e:	82 e0       	ldi	r24, 0x02	; 2
    1770:	0e 94 27 04 	call	0x84e	; 0x84e <LiquidCrystal::setCursor(unsigned char, unsigned char) [clone .constprop.24]>
/home/oggy/Documents/arduinoprojects/padright_v1.5.1/lcd.ino:45
      lcd.print("Pads In Rack");
    1774:	8d ee       	ldi	r24, 0xED	; 237
    1776:	91 e0       	ldi	r25, 0x01	; 1
    1778:	0e 94 be 0a 	call	0x157c	; 0x157c <Print::print(char const*) [clone .constprop.41]>
/home/oggy/Documents/arduinoprojects/padright_v1.5.1/lcd.ino:46
      lcd.setCursor(0, 1);
    177c:	61 e0       	ldi	r22, 0x01	; 1
    177e:	80 e0       	ldi	r24, 0x00	; 0
    1780:	0e 94 27 04 	call	0x84e	; 0x84e <LiquidCrystal::setCursor(unsigned char, unsigned char) [clone .constprop.24]>
/home/oggy/Documents/arduinoprojects/padright_v1.5.1/lcd.ino:47
      lcd.write((byte)0);
    1784:	60 e0       	ldi	r22, 0x00	; 0
    1786:	82 ef       	ldi	r24, 0xF2	; 242
    1788:	96 e0       	ldi	r25, 0x06	; 6
    178a:	0e 94 36 04 	call	0x86c	; 0x86c <LiquidCrystal::write(unsigned char)>
    178e:	e4 cf       	rjmp	.-56     	; 0x1758 <menu()+0x84>
/home/oggy/Documents/arduinoprojects/padright_v1.5.1/lcd.ino:52
      lcd.setCursor(2, 1);
      lcd.print("Fill All Rack");
      break;
    case 2:
      lcd.clear();
    1790:	0e 94 7e 03 	call	0x6fc	; 0x6fc <LiquidCrystal::clear() [clone .constprop.47]>
/home/oggy/Documents/arduinoprojects/padright_v1.5.1/lcd.ino:53
      lcd.setCursor(2, 0);
    1794:	60 e0       	ldi	r22, 0x00	; 0
    1796:	82 e0       	ldi	r24, 0x02	; 2
    1798:	0e 94 27 04 	call	0x84e	; 0x84e <LiquidCrystal::setCursor(unsigned char, unsigned char) [clone .constprop.24]>
/home/oggy/Documents/arduinoprojects/padright_v1.5.1/lcd.ino:54
      lcd.print("Fill All Rack");
    179c:	8a ef       	ldi	r24, 0xFA	; 250
    179e:	91 e0       	ldi	r25, 0x01	; 1
    17a0:	0e 94 be 0a 	call	0x157c	; 0x157c <Print::print(char const*) [clone .constprop.41]>
/home/oggy/Documents/arduinoprojects/padright_v1.5.1/lcd.ino:55
      lcd.setCursor(0, 1);
    17a4:	61 e0       	ldi	r22, 0x01	; 1
    17a6:	80 e0       	ldi	r24, 0x00	; 0
    17a8:	0e 94 27 04 	call	0x84e	; 0x84e <LiquidCrystal::setCursor(unsigned char, unsigned char) [clone .constprop.24]>
/home/oggy/Documents/arduinoprojects/padright_v1.5.1/lcd.ino:56
      lcd.write((byte)0);
    17ac:	60 e0       	ldi	r22, 0x00	; 0
    17ae:	82 ef       	ldi	r24, 0xF2	; 242
    17b0:	96 e0       	ldi	r25, 0x06	; 6
    17b2:	0e 94 36 04 	call	0x86c	; 0x86c <LiquidCrystal::write(unsigned char)>
/home/oggy/Documents/arduinoprojects/padright_v1.5.1/lcd.ino:57
      lcd.setCursor(2, 1);
    17b6:	61 e0       	ldi	r22, 0x01	; 1
    17b8:	82 e0       	ldi	r24, 0x02	; 2
    17ba:	0e 94 27 04 	call	0x84e	; 0x84e <LiquidCrystal::setCursor(unsigned char, unsigned char) [clone .constprop.24]>
/home/oggy/Documents/arduinoprojects/padright_v1.5.1/lcd.ino:58
      lcd.print("Total Racks");
    17be:	88 e0       	ldi	r24, 0x08	; 8
    17c0:	92 e0       	ldi	r25, 0x02	; 2
    17c2:	d0 cf       	rjmp	.-96     	; 0x1764 <menu()+0x90>
/home/oggy/Documents/arduinoprojects/padright_v1.5.1/lcd.ino:61
      break;
    case 3:
      lcd.clear();
    17c4:	0e 94 7e 03 	call	0x6fc	; 0x6fc <LiquidCrystal::clear() [clone .constprop.47]>
/home/oggy/Documents/arduinoprojects/padright_v1.5.1/lcd.ino:62
      lcd.setCursor(2, 0);
    17c8:	60 e0       	ldi	r22, 0x00	; 0
    17ca:	82 e0       	ldi	r24, 0x02	; 2
    17cc:	0e 94 27 04 	call	0x84e	; 0x84e <LiquidCrystal::setCursor(unsigned char, unsigned char) [clone .constprop.24]>
/home/oggy/Documents/arduinoprojects/padright_v1.5.1/lcd.ino:63
      lcd.print("Total Racks");
    17d0:	88 e0       	ldi	r24, 0x08	; 8
    17d2:	92 e0       	ldi	r25, 0x02	; 2
    17d4:	0e 94 be 0a 	call	0x157c	; 0x157c <Print::print(char const*) [clone .constprop.41]>
/home/oggy/Documents/arduinoprojects/padright_v1.5.1/lcd.ino:64
      lcd.setCursor(0, 1);
    17d8:	61 e0       	ldi	r22, 0x01	; 1
    17da:	80 e0       	ldi	r24, 0x00	; 0
    17dc:	0e 94 27 04 	call	0x84e	; 0x84e <LiquidCrystal::setCursor(unsigned char, unsigned char) [clone .constprop.24]>
/home/oggy/Documents/arduinoprojects/padright_v1.5.1/lcd.ino:65
      lcd.write((byte)0);
    17e0:	60 e0       	ldi	r22, 0x00	; 0
    17e2:	82 ef       	ldi	r24, 0xF2	; 242
    17e4:	96 e0       	ldi	r25, 0x06	; 6
    17e6:	0e 94 36 04 	call	0x86c	; 0x86c <LiquidCrystal::write(unsigned char)>
/home/oggy/Documents/arduinoprojects/padright_v1.5.1/lcd.ino:66
      lcd.setCursor(2, 1);
    17ea:	61 e0       	ldi	r22, 0x01	; 1
    17ec:	82 e0       	ldi	r24, 0x02	; 2
    17ee:	0e 94 27 04 	call	0x84e	; 0x84e <LiquidCrystal::setCursor(unsigned char, unsigned char) [clone .constprop.24]>
/home/oggy/Documents/arduinoprojects/padright_v1.5.1/lcd.ino:67
      lcd.print("Motor Time");
    17f2:	84 e1       	ldi	r24, 0x14	; 20
    17f4:	92 e0       	ldi	r25, 0x02	; 2
    17f6:	b6 cf       	rjmp	.-148    	; 0x1764 <menu()+0x90>
/home/oggy/Documents/arduinoprojects/padright_v1.5.1/lcd.ino:70
      break;
    case 4:
      if (mType == CASH_MACHINE) {
    17f8:	80 91 1d 06 	lds	r24, 0x061D	; 0x80061d <mType>
    17fc:	81 30       	cpi	r24, 0x01	; 1
    17fe:	d1 f4       	brne	.+52     	; 0x1834 <menu()+0x160>
/home/oggy/Documents/arduinoprojects/padright_v1.5.1/lcd.ino:71
        lcd.clear();
    1800:	0e 94 7e 03 	call	0x6fc	; 0x6fc <LiquidCrystal::clear() [clone .constprop.47]>
/home/oggy/Documents/arduinoprojects/padright_v1.5.1/lcd.ino:72
        lcd.setCursor(2, 0);
    1804:	60 e0       	ldi	r22, 0x00	; 0
    1806:	82 e0       	ldi	r24, 0x02	; 2
    1808:	0e 94 27 04 	call	0x84e	; 0x84e <LiquidCrystal::setCursor(unsigned char, unsigned char) [clone .constprop.24]>
/home/oggy/Documents/arduinoprojects/padright_v1.5.1/lcd.ino:73
        lcd.print("Motor Time");
    180c:	84 e1       	ldi	r24, 0x14	; 20
    180e:	92 e0       	ldi	r25, 0x02	; 2
/home/oggy/Documents/arduinoprojects/padright_v1.5.1/lcd.ino:92
      break;
    case 5:
      if (mType == RFID_MACHINE) {
        lcd.clear();
        lcd.setCursor(2, 0);
        lcd.print("Batch Write");
    1810:	0e 94 be 0a 	call	0x157c	; 0x157c <Print::print(char const*) [clone .constprop.41]>
/home/oggy/Documents/arduinoprojects/padright_v1.5.1/lcd.ino:93
        lcd.setCursor(0, 1);
    1814:	61 e0       	ldi	r22, 0x01	; 1
    1816:	80 e0       	ldi	r24, 0x00	; 0
    1818:	0e 94 27 04 	call	0x84e	; 0x84e <LiquidCrystal::setCursor(unsigned char, unsigned char) [clone .constprop.24]>
/home/oggy/Documents/arduinoprojects/padright_v1.5.1/lcd.ino:94
        lcd.write((byte)0);
    181c:	60 e0       	ldi	r22, 0x00	; 0
    181e:	82 ef       	ldi	r24, 0xF2	; 242
    1820:	96 e0       	ldi	r25, 0x06	; 6
    1822:	0e 94 36 04 	call	0x86c	; 0x86c <LiquidCrystal::write(unsigned char)>
/home/oggy/Documents/arduinoprojects/padright_v1.5.1/lcd.ino:95
        lcd.setCursor(2, 1);
    1826:	61 e0       	ldi	r22, 0x01	; 1
    1828:	82 e0       	ldi	r24, 0x02	; 2
    182a:	0e 94 27 04 	call	0x84e	; 0x84e <LiquidCrystal::setCursor(unsigned char, unsigned char) [clone .constprop.24]>
/home/oggy/Documents/arduinoprojects/padright_v1.5.1/lcd.ino:96
        lcd.print("Machine Type");
    182e:	8f ec       	ldi	r24, 0xCF	; 207
    1830:	91 e0       	ldi	r25, 0x01	; 1
    1832:	98 cf       	rjmp	.-208    	; 0x1764 <menu()+0x90>
/home/oggy/Documents/arduinoprojects/padright_v1.5.1/lcd.ino:79
        lcd.setCursor(0, 1);
        lcd.write((byte)0);
        lcd.setCursor(2, 1);
        lcd.print("Machine Type");
      } else {
        lcd.clear();
    1834:	0e 94 7e 03 	call	0x6fc	; 0x6fc <LiquidCrystal::clear() [clone .constprop.47]>
/home/oggy/Documents/arduinoprojects/padright_v1.5.1/lcd.ino:80
        lcd.setCursor(2, 0);
    1838:	60 e0       	ldi	r22, 0x00	; 0
    183a:	82 e0       	ldi	r24, 0x02	; 2
    183c:	0e 94 27 04 	call	0x84e	; 0x84e <LiquidCrystal::setCursor(unsigned char, unsigned char) [clone .constprop.24]>
/home/oggy/Documents/arduinoprojects/padright_v1.5.1/lcd.ino:81
        lcd.print("Motor Time");
    1840:	84 e1       	ldi	r24, 0x14	; 20
    1842:	92 e0       	ldi	r25, 0x02	; 2
    1844:	0e 94 be 0a 	call	0x157c	; 0x157c <Print::print(char const*) [clone .constprop.41]>
/home/oggy/Documents/arduinoprojects/padright_v1.5.1/lcd.ino:82
        lcd.setCursor(0, 1);
    1848:	61 e0       	ldi	r22, 0x01	; 1
    184a:	80 e0       	ldi	r24, 0x00	; 0
    184c:	0e 94 27 04 	call	0x84e	; 0x84e <LiquidCrystal::setCursor(unsigned char, unsigned char) [clone .constprop.24]>
/home/oggy/Documents/arduinoprojects/padright_v1.5.1/lcd.ino:83
        lcd.write((byte)0);
    1850:	60 e0       	ldi	r22, 0x00	; 0
    1852:	82 ef       	ldi	r24, 0xF2	; 242
    1854:	96 e0       	ldi	r25, 0x06	; 6
    1856:	0e 94 36 04 	call	0x86c	; 0x86c <LiquidCrystal::write(unsigned char)>
/home/oggy/Documents/arduinoprojects/padright_v1.5.1/lcd.ino:84
        lcd.setCursor(2, 1);
    185a:	61 e0       	ldi	r22, 0x01	; 1
    185c:	82 e0       	ldi	r24, 0x02	; 2
    185e:	0e 94 27 04 	call	0x84e	; 0x84e <LiquidCrystal::setCursor(unsigned char, unsigned char) [clone .constprop.24]>
/home/oggy/Documents/arduinoprojects/padright_v1.5.1/lcd.ino:85
        lcd.print("Batch Write");
    1862:	8f e1       	ldi	r24, 0x1F	; 31
    1864:	92 e0       	ldi	r25, 0x02	; 2
    1866:	7e cf       	rjmp	.-260    	; 0x1764 <menu()+0x90>
/home/oggy/Documents/arduinoprojects/padright_v1.5.1/lcd.ino:89
      }
      break;
    case 5:
      if (mType == RFID_MACHINE) {
    1868:	80 91 1d 06 	lds	r24, 0x061D	; 0x80061d <mType>
    186c:	81 11       	cpse	r24, r1
    186e:	09 c0       	rjmp	.+18     	; 0x1882 <menu()+0x1ae>
/home/oggy/Documents/arduinoprojects/padright_v1.5.1/lcd.ino:90
        lcd.clear();
    1870:	0e 94 7e 03 	call	0x6fc	; 0x6fc <LiquidCrystal::clear() [clone .constprop.47]>
/home/oggy/Documents/arduinoprojects/padright_v1.5.1/lcd.ino:91
        lcd.setCursor(2, 0);
    1874:	60 e0       	ldi	r22, 0x00	; 0
    1876:	82 e0       	ldi	r24, 0x02	; 2
    1878:	0e 94 27 04 	call	0x84e	; 0x84e <LiquidCrystal::setCursor(unsigned char, unsigned char) [clone .constprop.24]>
/home/oggy/Documents/arduinoprojects/padright_v1.5.1/lcd.ino:92
        lcd.print("Batch Write");
    187c:	8f e1       	ldi	r24, 0x1F	; 31
    187e:	92 e0       	ldi	r25, 0x02	; 2
    1880:	c7 cf       	rjmp	.-114    	; 0x1810 <menu()+0x13c>
/home/oggy/Documents/arduinoprojects/padright_v1.5.1/lcd.ino:98
        lcd.setCursor(0, 1);
        lcd.write((byte)0);
        lcd.setCursor(2, 1);
        lcd.print("Machine Type");
      } else {
        lcd.clear();
    1882:	0e 94 7e 03 	call	0x6fc	; 0x6fc <LiquidCrystal::clear() [clone .constprop.47]>
/home/oggy/Documents/arduinoprojects/padright_v1.5.1/lcd.ino:99
        lcd.setCursor(2, 0);
    1886:	60 e0       	ldi	r22, 0x00	; 0
    1888:	82 e0       	ldi	r24, 0x02	; 2
    188a:	0e 94 27 04 	call	0x84e	; 0x84e <LiquidCrystal::setCursor(unsigned char, unsigned char) [clone .constprop.24]>
/home/oggy/Documents/arduinoprojects/padright_v1.5.1/lcd.ino:100
        lcd.print("Machine Type");
    188e:	8f ec       	ldi	r24, 0xCF	; 207
    1890:	91 e0       	ldi	r25, 0x01	; 1
    1892:	0e 94 be 0a 	call	0x157c	; 0x157c <Print::print(char const*) [clone .constprop.41]>
/home/oggy/Documents/arduinoprojects/padright_v1.5.1/lcd.ino:101
        lcd.setCursor(0, 1);
    1896:	61 e0       	ldi	r22, 0x01	; 1
    1898:	80 e0       	ldi	r24, 0x00	; 0
    189a:	0e 94 27 04 	call	0x84e	; 0x84e <LiquidCrystal::setCursor(unsigned char, unsigned char) [clone .constprop.24]>
/home/oggy/Documents/arduinoprojects/padright_v1.5.1/lcd.ino:102
        lcd.write((byte)0);
    189e:	60 e0       	ldi	r22, 0x00	; 0
    18a0:	82 ef       	ldi	r24, 0xF2	; 242
    18a2:	96 e0       	ldi	r25, 0x06	; 6
    18a4:	0e 94 36 04 	call	0x86c	; 0x86c <LiquidCrystal::write(unsigned char)>
/home/oggy/Documents/arduinoprojects/padright_v1.5.1/lcd.ino:103
        lcd.setCursor(2, 1);
    18a8:	61 e0       	ldi	r22, 0x01	; 1
    18aa:	82 e0       	ldi	r24, 0x02	; 2
    18ac:	0e 94 27 04 	call	0x84e	; 0x84e <LiquidCrystal::setCursor(unsigned char, unsigned char) [clone .constprop.24]>
/home/oggy/Documents/arduinoprojects/padright_v1.5.1/lcd.ino:104
        lcd.print("Cash Limit");
    18b0:	8c eb       	ldi	r24, 0xBC	; 188
    18b2:	91 e0       	ldi	r25, 0x01	; 1
    18b4:	57 cf       	rjmp	.-338    	; 0x1764 <menu()+0x90>
/home/oggy/Documents/arduinoprojects/padright_v1.5.1/lcd.ino:108
      }
      break;
    case 6:
      if (mType == CASH_MACHINE) {
    18b6:	80 91 1d 06 	lds	r24, 0x061D	; 0x80061d <mType>
    18ba:	81 30       	cpi	r24, 0x01	; 1
    18bc:	c1 f5       	brne	.+112    	; 0x192e <menu()+0x25a>
/home/oggy/Documents/arduinoprojects/padright_v1.5.1/lcd.ino:109
        lcd.clear();
    18be:	0e 94 7e 03 	call	0x6fc	; 0x6fc <LiquidCrystal::clear() [clone .constprop.47]>
/home/oggy/Documents/arduinoprojects/padright_v1.5.1/lcd.ino:110
        lcd.setCursor(2, 0);
    18c2:	60 e0       	ldi	r22, 0x00	; 0
    18c4:	82 e0       	ldi	r24, 0x02	; 2
    18c6:	0e 94 27 04 	call	0x84e	; 0x84e <LiquidCrystal::setCursor(unsigned char, unsigned char) [clone .constprop.24]>
/home/oggy/Documents/arduinoprojects/padright_v1.5.1/lcd.ino:111
        lcd.print("Cash Limit");
    18ca:	8c eb       	ldi	r24, 0xBC	; 188
    18cc:	91 e0       	ldi	r25, 0x01	; 1
    18ce:	0e 94 be 0a 	call	0x157c	; 0x157c <Print::print(char const*) [clone .constprop.41]>
/home/oggy/Documents/arduinoprojects/padright_v1.5.1/lcd.ino:112
        lcd.setCursor(0, 1);
    18d2:	61 e0       	ldi	r22, 0x01	; 1
    18d4:	80 e0       	ldi	r24, 0x00	; 0
    18d6:	0e 94 27 04 	call	0x84e	; 0x84e <LiquidCrystal::setCursor(unsigned char, unsigned char) [clone .constprop.24]>
/home/oggy/Documents/arduinoprojects/padright_v1.5.1/lcd.ino:113
        lcd.write((byte)0);
    18da:	60 e0       	ldi	r22, 0x00	; 0
    18dc:	82 ef       	ldi	r24, 0xF2	; 242
    18de:	96 e0       	ldi	r25, 0x06	; 6
    18e0:	0e 94 36 04 	call	0x86c	; 0x86c <LiquidCrystal::write(unsigned char)>
/home/oggy/Documents/arduinoprojects/padright_v1.5.1/lcd.ino:114
        lcd.setCursor(2, 1);
    18e4:	61 e0       	ldi	r22, 0x01	; 1
    18e6:	82 e0       	ldi	r24, 0x02	; 2
    18e8:	0e 94 27 04 	call	0x84e	; 0x84e <LiquidCrystal::setCursor(unsigned char, unsigned char) [clone .constprop.24]>
/home/oggy/Documents/arduinoprojects/padright_v1.5.1/lcd.ino:115
        lcd.print("Pulse Setting");
    18ec:	8b e2       	ldi	r24, 0x2B	; 43
    18ee:	92 e0       	ldi	r25, 0x02	; 2
    18f0:	39 cf       	rjmp	.-398    	; 0x1764 <menu()+0x90>
/home/oggy/Documents/arduinoprojects/padright_v1.5.1/lcd.ino:119
      }
      break;
    case 7:
      if (mType == CASH_MACHINE) {
    18f2:	80 91 1d 06 	lds	r24, 0x061D	; 0x80061d <mType>
    18f6:	81 30       	cpi	r24, 0x01	; 1
    18f8:	d1 f4       	brne	.+52     	; 0x192e <menu()+0x25a>
/home/oggy/Documents/arduinoprojects/padright_v1.5.1/lcd.ino:120
        lcd.clear();
    18fa:	0e 94 7e 03 	call	0x6fc	; 0x6fc <LiquidCrystal::clear() [clone .constprop.47]>
/home/oggy/Documents/arduinoprojects/padright_v1.5.1/lcd.ino:121
        lcd.setCursor(2, 0);
    18fe:	60 e0       	ldi	r22, 0x00	; 0
    1900:	82 e0       	ldi	r24, 0x02	; 2
    1902:	0e 94 27 04 	call	0x84e	; 0x84e <LiquidCrystal::setCursor(unsigned char, unsigned char) [clone .constprop.24]>
/home/oggy/Documents/arduinoprojects/padright_v1.5.1/lcd.ino:122
        lcd.print("Pulse Setting");
    1906:	8b e2       	ldi	r24, 0x2B	; 43
    1908:	92 e0       	ldi	r25, 0x02	; 2
    190a:	0e 94 be 0a 	call	0x157c	; 0x157c <Print::print(char const*) [clone .constprop.41]>
/home/oggy/Documents/arduinoprojects/padright_v1.5.1/lcd.ino:123
        lcd.setCursor(0, 1);
    190e:	61 e0       	ldi	r22, 0x01	; 1
    1910:	80 e0       	ldi	r24, 0x00	; 0
    1912:	0e 94 27 04 	call	0x84e	; 0x84e <LiquidCrystal::setCursor(unsigned char, unsigned char) [clone .constprop.24]>
/home/oggy/Documents/arduinoprojects/padright_v1.5.1/lcd.ino:124
        lcd.write((byte)0);
    1916:	60 e0       	ldi	r22, 0x00	; 0
    1918:	82 ef       	ldi	r24, 0xF2	; 242
    191a:	96 e0       	ldi	r25, 0x06	; 6
    191c:	0e 94 36 04 	call	0x86c	; 0x86c <LiquidCrystal::write(unsigned char)>
/home/oggy/Documents/arduinoprojects/padright_v1.5.1/lcd.ino:125
        lcd.setCursor(2, 1);
    1920:	61 e0       	ldi	r22, 0x01	; 1
    1922:	82 e0       	ldi	r24, 0x02	; 2
    1924:	0e 94 27 04 	call	0x84e	; 0x84e <LiquidCrystal::setCursor(unsigned char, unsigned char) [clone .constprop.24]>
/home/oggy/Documents/arduinoprojects/padright_v1.5.1/lcd.ino:126
        lcd.print("Cash Wait Time");
    1928:	89 e3       	ldi	r24, 0x39	; 57
    192a:	92 e0       	ldi	r25, 0x02	; 2
    192c:	1b cf       	rjmp	.-458    	; 0x1764 <menu()+0x90>
menu():
/home/oggy/Documents/arduinoprojects/padright_v1.5.1/lcd.ino:144
    case 1:
      if (makeChange)
        topMenu();
      break;
  }
}
    192e:	08 95       	ret

00001930 <motorTime()>:
motorTime():
/home/oggy/Documents/arduinoprojects/padright_v1.5.1/padright_v1.5.1.ino:495
  menu();
  makeChange = false;
}

void motorTime() {
  lcd.clear();
    1930:	0e 94 7e 03 	call	0x6fc	; 0x6fc <LiquidCrystal::clear() [clone .constprop.47]>
/home/oggy/Documents/arduinoprojects/padright_v1.5.1/padright_v1.5.1.ino:496
  lcd.setCursor(0, 0);
    1934:	60 e0       	ldi	r22, 0x00	; 0
    1936:	80 e0       	ldi	r24, 0x00	; 0
    1938:	0e 94 27 04 	call	0x84e	; 0x84e <LiquidCrystal::setCursor(unsigned char, unsigned char) [clone .constprop.24]>
/home/oggy/Documents/arduinoprojects/padright_v1.5.1/padright_v1.5.1.ino:497
  lcd.print("Motor Time (ms)");
    193c:	88 e4       	ldi	r24, 0x48	; 72
    193e:	92 e0       	ldi	r25, 0x02	; 2
    1940:	0e 94 be 0a 	call	0x157c	; 0x157c <Print::print(char const*) [clone .constprop.41]>
/home/oggy/Documents/arduinoprojects/padright_v1.5.1/padright_v1.5.1.ino:498
  lcd.setCursor(0, 1);
    1944:	61 e0       	ldi	r22, 0x01	; 1
    1946:	80 e0       	ldi	r24, 0x00	; 0
    1948:	0e 94 27 04 	call	0x84e	; 0x84e <LiquidCrystal::setCursor(unsigned char, unsigned char) [clone .constprop.24]>
/home/oggy/Documents/arduinoprojects/padright_v1.5.1/padright_v1.5.1.ino:500
  // enter number
  lcd.print(motorTimeVariable);
    194c:	80 91 0d 01 	lds	r24, 0x010D	; 0x80010d <motorTimeVariable>
    1950:	90 91 0e 01 	lds	r25, 0x010E	; 0x80010e <motorTimeVariable+0x1>
    1954:	0c 94 91 0a 	jmp	0x1522	; 0x1522 <Print::print(int, int) [clone .constprop.25]>

00001958 <Print::println(char const*) [clone .constprop.21]>:
println():
/home/oggy/.arduino15/packages/MiniCore/hardware/avr/3.1.1/cores/MCUdude_corefiles/Print.cpp:138
  size_t n = print(s);
  n += println();
  return n;
}

size_t Print::println(const char c[])
    1958:	cf 93       	push	r28
    195a:	df 93       	push	r29
write():
    195c:	bc 01       	movw	r22, r24
    195e:	8d e3       	ldi	r24, 0x3D	; 61
    1960:	96 e0       	ldi	r25, 0x06	; 6
    1962:	0e 94 36 0a 	call	0x146c	; 0x146c <Print::write(char const*) [clone .part.2]>
    1966:	ec 01       	movw	r28, r24
    1968:	68 e5       	ldi	r22, 0x58	; 88
    196a:	72 e0       	ldi	r23, 0x02	; 2
    196c:	8d e3       	ldi	r24, 0x3D	; 61
    196e:	96 e0       	ldi	r25, 0x06	; 6
    1970:	0e 94 36 0a 	call	0x146c	; 0x146c <Print::write(char const*) [clone .part.2]>
println():
/home/oggy/.arduino15/packages/MiniCore/hardware/avr/3.1.1/cores/MCUdude_corefiles/Print.cpp:143
{
  size_t n = print(c);
  n += println();
  return n;
}
    1974:	8c 0f       	add	r24, r28
    1976:	9d 1f       	adc	r25, r29
    1978:	df 91       	pop	r29
    197a:	cf 91       	pop	r28
    197c:	08 95       	ret

0000197e <String::reserve(unsigned int)>:
reserve():
/home/oggy/.arduino15/packages/MiniCore/hardware/avr/3.1.1/cores/MCUdude_corefiles/WString.cpp:147
  buffer = NULL;
  capacity = len = 0;
}

unsigned char String::reserve(unsigned int size)
{
    197e:	0f 93       	push	r16
    1980:	1f 93       	push	r17
    1982:	cf 93       	push	r28
    1984:	df 93       	push	r29
    1986:	ec 01       	movw	r28, r24
/home/oggy/.arduino15/packages/MiniCore/hardware/avr/3.1.1/cores/MCUdude_corefiles/WString.cpp:148
  if (buffer && capacity >= size) return 1;
    1988:	88 81       	ld	r24, Y
    198a:	99 81       	ldd	r25, Y+1	; 0x01
    198c:	00 97       	sbiw	r24, 0x00	; 0
    198e:	59 f0       	breq	.+22     	; 0x19a6 <String::reserve(unsigned int)+0x28>
    1990:	2a 81       	ldd	r18, Y+2	; 0x02
    1992:	3b 81       	ldd	r19, Y+3	; 0x03
    1994:	26 17       	cp	r18, r22
    1996:	37 07       	cpc	r19, r23
    1998:	30 f0       	brcs	.+12     	; 0x19a6 <String::reserve(unsigned int)+0x28>
/home/oggy/.arduino15/packages/MiniCore/hardware/avr/3.1.1/cores/MCUdude_corefiles/WString.cpp:150
  if (changeBuffer(size)) {
    if (len == 0) buffer[0] = 0;
    199a:	81 e0       	ldi	r24, 0x01	; 1
/home/oggy/.arduino15/packages/MiniCore/hardware/avr/3.1.1/cores/MCUdude_corefiles/WString.cpp:154
    return 1;
  }
  return 0;
}
    199c:	df 91       	pop	r29
    199e:	cf 91       	pop	r28
    19a0:	1f 91       	pop	r17
    19a2:	0f 91       	pop	r16
    19a4:	08 95       	ret
    19a6:	8b 01       	movw	r16, r22
changeBuffer():
/home/oggy/.arduino15/packages/MiniCore/hardware/avr/3.1.1/cores/MCUdude_corefiles/WString.cpp:158

unsigned char String::changeBuffer(unsigned int maxStrLen)
{
  char *newbuffer = (char *)realloc(buffer, maxStrLen + 1);
    19a8:	6f 5f       	subi	r22, 0xFF	; 255
    19aa:	7f 4f       	sbci	r23, 0xFF	; 255
    19ac:	0e 94 d4 21 	call	0x43a8	; 0x43a8 <realloc>
/home/oggy/.arduino15/packages/MiniCore/hardware/avr/3.1.1/cores/MCUdude_corefiles/WString.cpp:159
  if (newbuffer) {
    19b0:	00 97       	sbiw	r24, 0x00	; 0
    19b2:	59 f0       	breq	.+22     	; 0x19ca <String::reserve(unsigned int)+0x4c>
/home/oggy/.arduino15/packages/MiniCore/hardware/avr/3.1.1/cores/MCUdude_corefiles/WString.cpp:160
    buffer = newbuffer;
    19b4:	99 83       	std	Y+1, r25	; 0x01
    19b6:	88 83       	st	Y, r24
/home/oggy/.arduino15/packages/MiniCore/hardware/avr/3.1.1/cores/MCUdude_corefiles/WString.cpp:161
    capacity = maxStrLen;
    19b8:	1b 83       	std	Y+3, r17	; 0x03
    19ba:	0a 83       	std	Y+2, r16	; 0x02
reserve():
/home/oggy/.arduino15/packages/MiniCore/hardware/avr/3.1.1/cores/MCUdude_corefiles/WString.cpp:150

unsigned char String::reserve(unsigned int size)
{
  if (buffer && capacity >= size) return 1;
  if (changeBuffer(size)) {
    if (len == 0) buffer[0] = 0;
    19bc:	2c 81       	ldd	r18, Y+4	; 0x04
    19be:	3d 81       	ldd	r19, Y+5	; 0x05
    19c0:	23 2b       	or	r18, r19
    19c2:	59 f7       	brne	.-42     	; 0x199a <String::reserve(unsigned int)+0x1c>
    19c4:	fc 01       	movw	r30, r24
    19c6:	10 82       	st	Z, r1
    19c8:	e8 cf       	rjmp	.-48     	; 0x199a <String::reserve(unsigned int)+0x1c>
/home/oggy/.arduino15/packages/MiniCore/hardware/avr/3.1.1/cores/MCUdude_corefiles/WString.cpp:153
    return 1;
  }
  return 0;
    19ca:	80 e0       	ldi	r24, 0x00	; 0
    19cc:	e7 cf       	rjmp	.-50     	; 0x199c <String::reserve(unsigned int)+0x1e>

000019ce <String::concat(char const*, unsigned int)>:
concat():
/home/oggy/.arduino15/packages/MiniCore/hardware/avr/3.1.1/cores/MCUdude_corefiles/WString.cpp:265
{
  return concat(s.buffer, s.len);
}

unsigned char String::concat(const char *cstr, unsigned int length)
{
    19ce:	ef 92       	push	r14
    19d0:	ff 92       	push	r15
    19d2:	0f 93       	push	r16
    19d4:	1f 93       	push	r17
    19d6:	cf 93       	push	r28
    19d8:	df 93       	push	r29
/home/oggy/.arduino15/packages/MiniCore/hardware/avr/3.1.1/cores/MCUdude_corefiles/WString.cpp:267
  unsigned int newlen = len + length;
  if (!cstr) return 0;
    19da:	61 15       	cp	r22, r1
    19dc:	71 05       	cpc	r23, r1
    19de:	41 f4       	brne	.+16     	; 0x19f0 <String::concat(char const*, unsigned int)+0x22>
    19e0:	80 e0       	ldi	r24, 0x00	; 0
/home/oggy/.arduino15/packages/MiniCore/hardware/avr/3.1.1/cores/MCUdude_corefiles/WString.cpp:273
  if (length == 0) return 1;
  if (!reserve(newlen)) return 0;
  strcpy(buffer + len, cstr);
  len = newlen;
  return 1;
}
    19e2:	df 91       	pop	r29
    19e4:	cf 91       	pop	r28
    19e6:	1f 91       	pop	r17
    19e8:	0f 91       	pop	r16
    19ea:	ff 90       	pop	r15
    19ec:	ef 90       	pop	r14
    19ee:	08 95       	ret
/home/oggy/.arduino15/packages/MiniCore/hardware/avr/3.1.1/cores/MCUdude_corefiles/WString.cpp:268

unsigned char String::concat(const char *cstr, unsigned int length)
{
  unsigned int newlen = len + length;
  if (!cstr) return 0;
  if (length == 0) return 1;
    19f0:	41 15       	cp	r20, r1
    19f2:	51 05       	cpc	r21, r1
    19f4:	b1 f0       	breq	.+44     	; 0x1a22 <String::concat(char const*, unsigned int)+0x54>
    19f6:	7b 01       	movw	r14, r22
    19f8:	ec 01       	movw	r28, r24
/home/oggy/.arduino15/packages/MiniCore/hardware/avr/3.1.1/cores/MCUdude_corefiles/WString.cpp:266
  return concat(s.buffer, s.len);
}

unsigned char String::concat(const char *cstr, unsigned int length)
{
  unsigned int newlen = len + length;
    19fa:	0c 81       	ldd	r16, Y+4	; 0x04
    19fc:	1d 81       	ldd	r17, Y+5	; 0x05
    19fe:	04 0f       	add	r16, r20
    1a00:	15 1f       	adc	r17, r21
/home/oggy/.arduino15/packages/MiniCore/hardware/avr/3.1.1/cores/MCUdude_corefiles/WString.cpp:269
  if (!cstr) return 0;
  if (length == 0) return 1;
  if (!reserve(newlen)) return 0;
    1a02:	b8 01       	movw	r22, r16
    1a04:	0e 94 bf 0c 	call	0x197e	; 0x197e <String::reserve(unsigned int)>
    1a08:	88 23       	and	r24, r24
    1a0a:	51 f3       	breq	.-44     	; 0x19e0 <String::concat(char const*, unsigned int)+0x12>
/home/oggy/.arduino15/packages/MiniCore/hardware/avr/3.1.1/cores/MCUdude_corefiles/WString.cpp:270
  strcpy(buffer + len, cstr);
    1a0c:	28 81       	ld	r18, Y
    1a0e:	39 81       	ldd	r19, Y+1	; 0x01
    1a10:	8c 81       	ldd	r24, Y+4	; 0x04
    1a12:	9d 81       	ldd	r25, Y+5	; 0x05
    1a14:	b7 01       	movw	r22, r14
    1a16:	82 0f       	add	r24, r18
    1a18:	93 1f       	adc	r25, r19
    1a1a:	0e 94 9a 22 	call	0x4534	; 0x4534 <strcpy>
/home/oggy/.arduino15/packages/MiniCore/hardware/avr/3.1.1/cores/MCUdude_corefiles/WString.cpp:271
  len = newlen;
    1a1e:	1d 83       	std	Y+5, r17	; 0x05
    1a20:	0c 83       	std	Y+4, r16	; 0x04
/home/oggy/.arduino15/packages/MiniCore/hardware/avr/3.1.1/cores/MCUdude_corefiles/WString.cpp:268

unsigned char String::concat(const char *cstr, unsigned int length)
{
  unsigned int newlen = len + length;
  if (!cstr) return 0;
  if (length == 0) return 1;
    1a22:	81 e0       	ldi	r24, 0x01	; 1
    1a24:	de cf       	rjmp	.-68     	; 0x19e2 <String::concat(char const*, unsigned int)+0x14>

00001a26 <String::concat(String const&)>:
/home/oggy/.arduino15/packages/MiniCore/hardware/avr/3.1.1/cores/MCUdude_corefiles/WString.cpp:261
/*  concat                                   */
/*********************************************/

unsigned char String::concat(const String &s)
{
  return concat(s.buffer, s.len);
    1a26:	fb 01       	movw	r30, r22
    1a28:	44 81       	ldd	r20, Z+4	; 0x04
    1a2a:	55 81       	ldd	r21, Z+5	; 0x05
    1a2c:	60 81       	ld	r22, Z
    1a2e:	71 81       	ldd	r23, Z+1	; 0x01
    1a30:	0c 94 e7 0c 	jmp	0x19ce	; 0x19ce <String::concat(char const*, unsigned int)>

00001a34 <String::invalidate()>:
invalidate():
/home/oggy/.arduino15/packages/MiniCore/hardware/avr/3.1.1/cores/MCUdude_corefiles/WString.cpp:140
  capacity = 0;
  len = 0;
}

void String::invalidate(void)
{
    1a34:	cf 93       	push	r28
    1a36:	df 93       	push	r29
    1a38:	ec 01       	movw	r28, r24
/home/oggy/.arduino15/packages/MiniCore/hardware/avr/3.1.1/cores/MCUdude_corefiles/WString.cpp:141
  if (buffer) free(buffer);
    1a3a:	88 81       	ld	r24, Y
    1a3c:	99 81       	ldd	r25, Y+1	; 0x01
    1a3e:	00 97       	sbiw	r24, 0x00	; 0
    1a40:	11 f0       	breq	.+4      	; 0x1a46 <String::invalidate()+0x12>
    1a42:	0e 94 4b 21 	call	0x4296	; 0x4296 <free>
/home/oggy/.arduino15/packages/MiniCore/hardware/avr/3.1.1/cores/MCUdude_corefiles/WString.cpp:142
  buffer = NULL;
    1a46:	19 82       	std	Y+1, r1	; 0x01
    1a48:	18 82       	st	Y, r1
/home/oggy/.arduino15/packages/MiniCore/hardware/avr/3.1.1/cores/MCUdude_corefiles/WString.cpp:143
  capacity = len = 0;
    1a4a:	1d 82       	std	Y+5, r1	; 0x05
    1a4c:	1c 82       	std	Y+4, r1	; 0x04
    1a4e:	1b 82       	std	Y+3, r1	; 0x03
    1a50:	1a 82       	std	Y+2, r1	; 0x02
/home/oggy/.arduino15/packages/MiniCore/hardware/avr/3.1.1/cores/MCUdude_corefiles/WString.cpp:144
}
    1a52:	df 91       	pop	r29
    1a54:	cf 91       	pop	r28
    1a56:	08 95       	ret

00001a58 <operator+(StringSumHelper const&, String const&)>:
operator+():
/home/oggy/.arduino15/packages/MiniCore/hardware/avr/3.1.1/cores/MCUdude_corefiles/WString.cpp:355
/*********************************************/
/*  Concatenate                              */
/*********************************************/

StringSumHelper & operator + (const StringSumHelper &lhs, const String &rhs)
{
    1a58:	cf 93       	push	r28
    1a5a:	df 93       	push	r29
    1a5c:	ec 01       	movw	r28, r24
/home/oggy/.arduino15/packages/MiniCore/hardware/avr/3.1.1/cores/MCUdude_corefiles/WString.cpp:357
  StringSumHelper &a = const_cast<StringSumHelper&>(lhs);
  if (!a.concat(rhs.buffer, rhs.len)) a.invalidate();
    1a5e:	fb 01       	movw	r30, r22
    1a60:	44 81       	ldd	r20, Z+4	; 0x04
    1a62:	55 81       	ldd	r21, Z+5	; 0x05
    1a64:	60 81       	ld	r22, Z
    1a66:	71 81       	ldd	r23, Z+1	; 0x01
    1a68:	0e 94 e7 0c 	call	0x19ce	; 0x19ce <String::concat(char const*, unsigned int)>
    1a6c:	81 11       	cpse	r24, r1
    1a6e:	03 c0       	rjmp	.+6      	; 0x1a76 <operator+(StringSumHelper const&, String const&)+0x1e>
    1a70:	ce 01       	movw	r24, r28
    1a72:	0e 94 1a 0d 	call	0x1a34	; 0x1a34 <String::invalidate()>
/home/oggy/.arduino15/packages/MiniCore/hardware/avr/3.1.1/cores/MCUdude_corefiles/WString.cpp:359
  return a;
}
    1a76:	ce 01       	movw	r24, r28
    1a78:	df 91       	pop	r29
    1a7a:	cf 91       	pop	r28
    1a7c:	08 95       	ret

00001a7e <String::copy(char const*, unsigned int)>:
copy():
/home/oggy/.arduino15/packages/MiniCore/hardware/avr/3.1.1/cores/MCUdude_corefiles/WString.cpp:172
/*********************************************/
/*  Copy and Move                            */
/*********************************************/

String & String::copy(const char *cstr, unsigned int length)
{
    1a7e:	ef 92       	push	r14
    1a80:	ff 92       	push	r15
    1a82:	0f 93       	push	r16
    1a84:	1f 93       	push	r17
    1a86:	cf 93       	push	r28
    1a88:	df 93       	push	r29
    1a8a:	ec 01       	movw	r28, r24
    1a8c:	7b 01       	movw	r14, r22
    1a8e:	8a 01       	movw	r16, r20
/home/oggy/.arduino15/packages/MiniCore/hardware/avr/3.1.1/cores/MCUdude_corefiles/WString.cpp:173
  if (!reserve(length)) {
    1a90:	ba 01       	movw	r22, r20
    1a92:	0e 94 bf 0c 	call	0x197e	; 0x197e <String::reserve(unsigned int)>
    1a96:	81 11       	cpse	r24, r1
    1a98:	0b c0       	rjmp	.+22     	; 0x1ab0 <String::copy(char const*, unsigned int)+0x32>
/home/oggy/.arduino15/packages/MiniCore/hardware/avr/3.1.1/cores/MCUdude_corefiles/WString.cpp:174
    invalidate();
    1a9a:	ce 01       	movw	r24, r28
    1a9c:	0e 94 1a 0d 	call	0x1a34	; 0x1a34 <String::invalidate()>
/home/oggy/.arduino15/packages/MiniCore/hardware/avr/3.1.1/cores/MCUdude_corefiles/WString.cpp:180
    return *this;
  }
  len = length;
  strcpy(buffer, cstr);
  return *this;
}
    1aa0:	ce 01       	movw	r24, r28
    1aa2:	df 91       	pop	r29
    1aa4:	cf 91       	pop	r28
    1aa6:	1f 91       	pop	r17
    1aa8:	0f 91       	pop	r16
    1aaa:	ff 90       	pop	r15
    1aac:	ef 90       	pop	r14
    1aae:	08 95       	ret
/home/oggy/.arduino15/packages/MiniCore/hardware/avr/3.1.1/cores/MCUdude_corefiles/WString.cpp:177
{
  if (!reserve(length)) {
    invalidate();
    return *this;
  }
  len = length;
    1ab0:	1d 83       	std	Y+5, r17	; 0x05
    1ab2:	0c 83       	std	Y+4, r16	; 0x04
/home/oggy/.arduino15/packages/MiniCore/hardware/avr/3.1.1/cores/MCUdude_corefiles/WString.cpp:178
  strcpy(buffer, cstr);
    1ab4:	b7 01       	movw	r22, r14
    1ab6:	88 81       	ld	r24, Y
    1ab8:	99 81       	ldd	r25, Y+1	; 0x01
    1aba:	0e 94 9a 22 	call	0x4534	; 0x4534 <strcpy>
    1abe:	f0 cf       	rjmp	.-32     	; 0x1aa0 <String::copy(char const*, unsigned int)+0x22>

00001ac0 <String::String(unsigned char, unsigned char) [clone .constprop.18]>:
__base_ctor ():
/home/oggy/.arduino15/packages/MiniCore/hardware/avr/3.1.1/cores/MCUdude_corefiles/WString.cpp:68
  buf[0] = c;
  buf[1] = 0;
  *this = buf;
}

String::String(unsigned char value, unsigned char base)
    1ac0:	ef 92       	push	r14
    1ac2:	ff 92       	push	r15
    1ac4:	0f 93       	push	r16
    1ac6:	1f 93       	push	r17
    1ac8:	cf 93       	push	r28
    1aca:	df 93       	push	r29
    1acc:	cd b7       	in	r28, 0x3d	; 61
    1ace:	de b7       	in	r29, 0x3e	; 62
    1ad0:	29 97       	sbiw	r28, 0x09	; 9
    1ad2:	0f b6       	in	r0, 0x3f	; 63
    1ad4:	f8 94       	cli
    1ad6:	de bf       	out	0x3e, r29	; 62
    1ad8:	0f be       	out	0x3f, r0	; 63
    1ada:	cd bf       	out	0x3d, r28	; 61
    1adc:	8c 01       	movw	r16, r24
    1ade:	86 2f       	mov	r24, r22
_ZN6String4initEv():
/home/oggy/.arduino15/packages/MiniCore/hardware/avr/3.1.1/cores/MCUdude_corefiles/WString.cpp:134
/*  Memory Management                        */
/*********************************************/

inline void String::init(void)
{
  buffer = NULL;
    1ae0:	f8 01       	movw	r30, r16
    1ae2:	11 82       	std	Z+1, r1	; 0x01
    1ae4:	10 82       	st	Z, r1
/home/oggy/.arduino15/packages/MiniCore/hardware/avr/3.1.1/cores/MCUdude_corefiles/WString.cpp:135
  capacity = 0;
    1ae6:	13 82       	std	Z+3, r1	; 0x03
    1ae8:	12 82       	std	Z+2, r1	; 0x02
/home/oggy/.arduino15/packages/MiniCore/hardware/avr/3.1.1/cores/MCUdude_corefiles/WString.cpp:136
  len = 0;
    1aea:	15 82       	std	Z+5, r1	; 0x05
    1aec:	14 82       	std	Z+4, r1	; 0x04
utoa():
/home/oggy/.arduino15/packages/arduino/tools/avr-gcc/7.3.0-atmel3.6.1-arduino7/avr/include/stdlib.h:527
    } else if (__radix < 2 || __radix > 36) {
	*__s = 0;
	return __s;
    } else {
	extern char *__utoa_ncheck (unsigned int, char *, unsigned char);
	return __utoa_ncheck (__val, __s, __radix);
    1aee:	4a e0       	ldi	r20, 0x0A	; 10
    1af0:	9e 01       	movw	r18, r28
    1af2:	2f 5f       	subi	r18, 0xFF	; 255
    1af4:	3f 4f       	sbci	r19, 0xFF	; 255
    1af6:	79 01       	movw	r14, r18
    1af8:	b9 01       	movw	r22, r18
    1afa:	90 e0       	ldi	r25, 0x00	; 0
    1afc:	0e 94 45 1e 	call	0x3c8a	; 0x3c8a <__utoa_ncheck>
operator=():
/home/oggy/.arduino15/packages/MiniCore/hardware/avr/3.1.1/cores/MCUdude_corefiles/WString.cpp:241
}
#endif

String & String::operator = (const char *cstr)
{
  if (cstr) copy(cstr, strlen(cstr));
    1b00:	f7 01       	movw	r30, r14
    1b02:	01 90       	ld	r0, Z+
    1b04:	00 20       	and	r0, r0
    1b06:	e9 f7       	brne	.-6      	; 0x1b02 <String::String(unsigned char, unsigned char) [clone .constprop.18]+0x42>
    1b08:	31 97       	sbiw	r30, 0x01	; 1
    1b0a:	af 01       	movw	r20, r30
    1b0c:	4e 19       	sub	r20, r14
    1b0e:	5f 09       	sbc	r21, r15
    1b10:	b7 01       	movw	r22, r14
    1b12:	c8 01       	movw	r24, r16
    1b14:	0e 94 3f 0d 	call	0x1a7e	; 0x1a7e <String::copy(char const*, unsigned int)>
__base_ctor ():
/home/oggy/.arduino15/packages/MiniCore/hardware/avr/3.1.1/cores/MCUdude_corefiles/WString.cpp:74
{
  init();
  char buf[1 + 8 * sizeof(unsigned char)];
  utoa(value, buf, base);
  *this = buf;
}
    1b18:	29 96       	adiw	r28, 0x09	; 9
    1b1a:	0f b6       	in	r0, 0x3f	; 63
    1b1c:	f8 94       	cli
    1b1e:	de bf       	out	0x3e, r29	; 62
    1b20:	0f be       	out	0x3f, r0	; 63
    1b22:	cd bf       	out	0x3d, r28	; 61
    1b24:	df 91       	pop	r29
    1b26:	cf 91       	pop	r28
    1b28:	1f 91       	pop	r17
    1b2a:	0f 91       	pop	r16
    1b2c:	ff 90       	pop	r15
    1b2e:	ef 90       	pop	r14
    1b30:	08 95       	ret

00001b32 <String::String(int, unsigned char) [clone .constprop.19]>:
/home/oggy/.arduino15/packages/MiniCore/hardware/avr/3.1.1/cores/MCUdude_corefiles/WString.cpp:76

String::String(int value, unsigned char base)
    1b32:	ef 92       	push	r14
    1b34:	ff 92       	push	r15
    1b36:	0f 93       	push	r16
    1b38:	1f 93       	push	r17
    1b3a:	cf 93       	push	r28
    1b3c:	df 93       	push	r29
    1b3e:	cd b7       	in	r28, 0x3d	; 61
    1b40:	de b7       	in	r29, 0x3e	; 62
    1b42:	62 97       	sbiw	r28, 0x12	; 18
    1b44:	0f b6       	in	r0, 0x3f	; 63
    1b46:	f8 94       	cli
    1b48:	de bf       	out	0x3e, r29	; 62
    1b4a:	0f be       	out	0x3f, r0	; 63
    1b4c:	cd bf       	out	0x3d, r28	; 61
    1b4e:	8c 01       	movw	r16, r24
    1b50:	cb 01       	movw	r24, r22
_ZN6String4initEv():
/home/oggy/.arduino15/packages/MiniCore/hardware/avr/3.1.1/cores/MCUdude_corefiles/WString.cpp:134
/*  Memory Management                        */
/*********************************************/

inline void String::init(void)
{
  buffer = NULL;
    1b52:	f8 01       	movw	r30, r16
    1b54:	11 82       	std	Z+1, r1	; 0x01
    1b56:	10 82       	st	Z, r1
/home/oggy/.arduino15/packages/MiniCore/hardware/avr/3.1.1/cores/MCUdude_corefiles/WString.cpp:135
  capacity = 0;
    1b58:	13 82       	std	Z+3, r1	; 0x03
    1b5a:	12 82       	std	Z+2, r1	; 0x02
/home/oggy/.arduino15/packages/MiniCore/hardware/avr/3.1.1/cores/MCUdude_corefiles/WString.cpp:136
  len = 0;
    1b5c:	15 82       	std	Z+5, r1	; 0x05
    1b5e:	14 82       	std	Z+4, r1	; 0x04
itoa():
/home/oggy/.arduino15/packages/arduino/tools/avr-gcc/7.3.0-atmel3.6.1-arduino7/avr/include/stdlib.h:439
    } else if (__radix < 2 || __radix > 36) {
	*__s = 0;
	return __s;
    } else {
	extern char *__itoa_ncheck (int, char *, unsigned char);
	return __itoa_ncheck (__val, __s, __radix);
    1b60:	4a e0       	ldi	r20, 0x0A	; 10
    1b62:	9e 01       	movw	r18, r28
    1b64:	2f 5f       	subi	r18, 0xFF	; 255
    1b66:	3f 4f       	sbci	r19, 0xFF	; 255
    1b68:	79 01       	movw	r14, r18
    1b6a:	b9 01       	movw	r22, r18
    1b6c:	0e 94 3a 1e 	call	0x3c74	; 0x3c74 <__itoa_ncheck>
operator=():
/home/oggy/.arduino15/packages/MiniCore/hardware/avr/3.1.1/cores/MCUdude_corefiles/WString.cpp:241
}
#endif

String & String::operator = (const char *cstr)
{
  if (cstr) copy(cstr, strlen(cstr));
    1b70:	f7 01       	movw	r30, r14
    1b72:	01 90       	ld	r0, Z+
    1b74:	00 20       	and	r0, r0
    1b76:	e9 f7       	brne	.-6      	; 0x1b72 <String::String(int, unsigned char) [clone .constprop.19]+0x40>
    1b78:	31 97       	sbiw	r30, 0x01	; 1
    1b7a:	af 01       	movw	r20, r30
    1b7c:	4e 19       	sub	r20, r14
    1b7e:	5f 09       	sbc	r21, r15
    1b80:	b7 01       	movw	r22, r14
    1b82:	c8 01       	movw	r24, r16
    1b84:	0e 94 3f 0d 	call	0x1a7e	; 0x1a7e <String::copy(char const*, unsigned int)>
__base_ctor ():
/home/oggy/.arduino15/packages/MiniCore/hardware/avr/3.1.1/cores/MCUdude_corefiles/WString.cpp:82
{
  init();
  char buf[2 + 8 * sizeof(int)];
  itoa(value, buf, base);
  *this = buf;
}
    1b88:	62 96       	adiw	r28, 0x12	; 18
    1b8a:	0f b6       	in	r0, 0x3f	; 63
    1b8c:	f8 94       	cli
    1b8e:	de bf       	out	0x3e, r29	; 62
    1b90:	0f be       	out	0x3f, r0	; 63
    1b92:	cd bf       	out	0x3d, r28	; 61
    1b94:	df 91       	pop	r29
    1b96:	cf 91       	pop	r28
    1b98:	1f 91       	pop	r17
    1b9a:	0f 91       	pop	r16
    1b9c:	ff 90       	pop	r15
    1b9e:	ef 90       	pop	r14
    1ba0:	08 95       	ret

00001ba2 <String::String(String const&)>:
/home/oggy/.arduino15/packages/MiniCore/hardware/avr/3.1.1/cores/MCUdude_corefiles/WString.cpp:34
{
  init();
  if (cstr) copy(cstr, strlen(cstr));
}

String::String(const String &value)
    1ba2:	fb 01       	movw	r30, r22
_ZN6String4initEv():
/home/oggy/.arduino15/packages/MiniCore/hardware/avr/3.1.1/cores/MCUdude_corefiles/WString.cpp:134
/*  Memory Management                        */
/*********************************************/

inline void String::init(void)
{
  buffer = NULL;
    1ba4:	dc 01       	movw	r26, r24
    1ba6:	11 96       	adiw	r26, 0x01	; 1
    1ba8:	1c 92       	st	X, r1
    1baa:	1e 92       	st	-X, r1
/home/oggy/.arduino15/packages/MiniCore/hardware/avr/3.1.1/cores/MCUdude_corefiles/WString.cpp:135
  capacity = 0;
    1bac:	13 96       	adiw	r26, 0x03	; 3
    1bae:	1c 92       	st	X, r1
    1bb0:	1e 92       	st	-X, r1
    1bb2:	12 97       	sbiw	r26, 0x02	; 2
/home/oggy/.arduino15/packages/MiniCore/hardware/avr/3.1.1/cores/MCUdude_corefiles/WString.cpp:136
  len = 0;
    1bb4:	15 96       	adiw	r26, 0x05	; 5
    1bb6:	1c 92       	st	X, r1
    1bb8:	1e 92       	st	-X, r1
    1bba:	14 97       	sbiw	r26, 0x04	; 4
operator=():
/home/oggy/.arduino15/packages/MiniCore/hardware/avr/3.1.1/cores/MCUdude_corefiles/WString.cpp:217
}
#endif

String & String::operator = (const String &rhs)
{
  if (this == &rhs) return *this;
    1bbc:	86 17       	cp	r24, r22
    1bbe:	97 07       	cpc	r25, r23
    1bc0:	49 f0       	breq	.+18     	; 0x1bd4 <String::String(String const&)+0x32>
/home/oggy/.arduino15/packages/MiniCore/hardware/avr/3.1.1/cores/MCUdude_corefiles/WString.cpp:219
  
  if (rhs.buffer) copy(rhs.buffer, rhs.len);
    1bc2:	60 81       	ld	r22, Z
    1bc4:	71 81       	ldd	r23, Z+1	; 0x01
    1bc6:	61 15       	cp	r22, r1
    1bc8:	71 05       	cpc	r23, r1
    1bca:	21 f0       	breq	.+8      	; 0x1bd4 <String::String(String const&)+0x32>
    1bcc:	44 81       	ldd	r20, Z+4	; 0x04
    1bce:	55 81       	ldd	r21, Z+5	; 0x05
    1bd0:	0c 94 3f 0d 	jmp	0x1a7e	; 0x1a7e <String::copy(char const*, unsigned int)>
__base_ctor ():
/home/oggy/.arduino15/packages/MiniCore/hardware/avr/3.1.1/cores/MCUdude_corefiles/WString.cpp:38

String::String(const String &value)
{
  init();
  *this = value;
}
    1bd4:	08 95       	ret

00001bd6 <String::String(char const*)>:
_ZN6String4initEv():
/home/oggy/.arduino15/packages/MiniCore/hardware/avr/3.1.1/cores/MCUdude_corefiles/WString.cpp:134
/*  Memory Management                        */
/*********************************************/

inline void String::init(void)
{
  buffer = NULL;
    1bd6:	fc 01       	movw	r30, r24
    1bd8:	11 82       	std	Z+1, r1	; 0x01
    1bda:	10 82       	st	Z, r1
/home/oggy/.arduino15/packages/MiniCore/hardware/avr/3.1.1/cores/MCUdude_corefiles/WString.cpp:135
  capacity = 0;
    1bdc:	13 82       	std	Z+3, r1	; 0x03
    1bde:	12 82       	std	Z+2, r1	; 0x02
/home/oggy/.arduino15/packages/MiniCore/hardware/avr/3.1.1/cores/MCUdude_corefiles/WString.cpp:136
  len = 0;
    1be0:	15 82       	std	Z+5, r1	; 0x05
    1be2:	14 82       	std	Z+4, r1	; 0x04
__base_ctor ():
/home/oggy/.arduino15/packages/MiniCore/hardware/avr/3.1.1/cores/MCUdude_corefiles/WString.cpp:31
/*********************************************/

String::String(const char *cstr)
{
  init();
  if (cstr) copy(cstr, strlen(cstr));
    1be4:	fb 01       	movw	r30, r22
    1be6:	01 90       	ld	r0, Z+
    1be8:	00 20       	and	r0, r0
    1bea:	e9 f7       	brne	.-6      	; 0x1be6 <String::String(char const*)+0x10>
    1bec:	31 97       	sbiw	r30, 0x01	; 1
    1bee:	af 01       	movw	r20, r30
    1bf0:	46 1b       	sub	r20, r22
    1bf2:	57 0b       	sbc	r21, r23
    1bf4:	0c 94 3f 0d 	jmp	0x1a7e	; 0x1a7e <String::copy(char const*, unsigned int)>

00001bf8 <String::~String()>:
__base_dtor ():
/home/oggy/.arduino15/packages/MiniCore/hardware/avr/3.1.1/cores/MCUdude_corefiles/WString.cpp:124
  *this = dtostrf(value, (decimalPlaces + 2), decimalPlaces, buf);
}

String::~String()
{
  if(buffer)
    1bf8:	fc 01       	movw	r30, r24
    1bfa:	80 81       	ld	r24, Z
    1bfc:	91 81       	ldd	r25, Z+1	; 0x01
    1bfe:	00 97       	sbiw	r24, 0x00	; 0
    1c00:	11 f0       	breq	.+4      	; 0x1c06 <String::~String()+0xe>
/home/oggy/.arduino15/packages/MiniCore/hardware/avr/3.1.1/cores/MCUdude_corefiles/WString.cpp:125
    free(buffer);
    1c02:	0c 94 4b 21 	jmp	0x4296	; 0x4296 <free>
/home/oggy/.arduino15/packages/MiniCore/hardware/avr/3.1.1/cores/MCUdude_corefiles/WString.cpp:126
}
    1c06:	08 95       	ret

00001c08 <manageRack(unsigned char)>:
manageRack():
/home/oggy/Documents/arduinoprojects/padright_v1.5.1/lcd.ino:198
  if (pulseForFiveRupeeNote == availablePulses[0])
    lcd.print(" Pulse");
  else
    lcd.print(" Pulses");
}
void manageRack(byte num) {
    1c08:	ef 92       	push	r14
    1c0a:	ff 92       	push	r15
    1c0c:	0f 93       	push	r16
    1c0e:	1f 93       	push	r17
    1c10:	cf 93       	push	r28
    1c12:	df 93       	push	r29
    1c14:	cd b7       	in	r28, 0x3d	; 61
    1c16:	de b7       	in	r29, 0x3e	; 62
    1c18:	62 97       	sbiw	r28, 0x12	; 18
    1c1a:	0f b6       	in	r0, 0x3f	; 63
    1c1c:	f8 94       	cli
    1c1e:	de bf       	out	0x3e, r29	; 62
    1c20:	0f be       	out	0x3f, r0	; 63
    1c22:	cd bf       	out	0x3d, r28	; 61
/home/oggy/Documents/arduinoprojects/padright_v1.5.1/lcd.ino:199
  String message = "Rack" + String(num + 1) + " Quantity";
    1c24:	08 2f       	mov	r16, r24
    1c26:	10 e0       	ldi	r17, 0x00	; 0
    1c28:	b8 01       	movw	r22, r16
    1c2a:	6f 5f       	subi	r22, 0xFF	; 255
    1c2c:	7f 4f       	sbci	r23, 0xFF	; 255
    1c2e:	ce 01       	movw	r24, r28
    1c30:	07 96       	adiw	r24, 0x07	; 7
    1c32:	0e 94 99 0d 	call	0x1b32	; 0x1b32 <String::String(int, unsigned char) [clone .constprop.19]>
_ZN15StringSumHelperC2EPKc():
/home/oggy/.arduino15/packages/MiniCore/hardware/avr/3.1.1/cores/MCUdude_corefiles/WString.h:217

class StringSumHelper : public String
{
public:
  StringSumHelper(const String &s) : String(s) {}
  StringSumHelper(const char *p) : String(p) {}
    1c36:	6f e8       	ldi	r22, 0x8F	; 143
    1c38:	71 e0       	ldi	r23, 0x01	; 1
    1c3a:	ce 01       	movw	r24, r28
    1c3c:	01 96       	adiw	r24, 0x01	; 1
    1c3e:	0e 94 eb 0d 	call	0x1bd6	; 0x1bd6 <String::String(char const*)>
manageRack():
/home/oggy/Documents/arduinoprojects/padright_v1.5.1/lcd.ino:199
    1c42:	be 01       	movw	r22, r28
    1c44:	69 5f       	subi	r22, 0xF9	; 249
    1c46:	7f 4f       	sbci	r23, 0xFF	; 255
    1c48:	ce 01       	movw	r24, r28
    1c4a:	01 96       	adiw	r24, 0x01	; 1
    1c4c:	0e 94 2c 0d 	call	0x1a58	; 0x1a58 <operator+(StringSumHelper const&, String const&)>
    1c50:	7c 01       	movw	r14, r24
operator+():
/home/oggy/.arduino15/packages/MiniCore/hardware/avr/3.1.1/cores/MCUdude_corefiles/WString.cpp:364
}

StringSumHelper & operator + (const StringSumHelper &lhs, const char *cstr)
{
  StringSumHelper &a = const_cast<StringSumHelper&>(lhs);
  if (!cstr || !a.concat(cstr, strlen(cstr))) a.invalidate();
    1c52:	49 e0       	ldi	r20, 0x09	; 9
    1c54:	50 e0       	ldi	r21, 0x00	; 0
    1c56:	6b e5       	ldi	r22, 0x5B	; 91
    1c58:	72 e0       	ldi	r23, 0x02	; 2
    1c5a:	0e 94 e7 0c 	call	0x19ce	; 0x19ce <String::concat(char const*, unsigned int)>
    1c5e:	81 11       	cpse	r24, r1
    1c60:	03 c0       	rjmp	.+6      	; 0x1c68 <manageRack(unsigned char)+0x60>
    1c62:	c7 01       	movw	r24, r14
    1c64:	0e 94 1a 0d 	call	0x1a34	; 0x1a34 <String::invalidate()>
manageRack():
/home/oggy/Documents/arduinoprojects/padright_v1.5.1/lcd.ino:199
    1c68:	b7 01       	movw	r22, r14
    1c6a:	ce 01       	movw	r24, r28
    1c6c:	0d 96       	adiw	r24, 0x0d	; 13
    1c6e:	0e 94 d1 0d 	call	0x1ba2	; 0x1ba2 <String::String(String const&)>
/home/oggy/.arduino15/packages/MiniCore/hardware/avr/3.1.1/cores/MCUdude_corefiles/WString.h:213
       #if __cplusplus >= 201103L || defined(__GXX_EXPERIMENTAL_CXX0X__)
  void move(String &rhs);
  #endif
};

class StringSumHelper : public String
    1c72:	ce 01       	movw	r24, r28
    1c74:	01 96       	adiw	r24, 0x01	; 1
    1c76:	0e 94 fc 0d 	call	0x1bf8	; 0x1bf8 <String::~String()>
    1c7a:	ce 01       	movw	r24, r28
    1c7c:	07 96       	adiw	r24, 0x07	; 7
    1c7e:	0e 94 fc 0d 	call	0x1bf8	; 0x1bf8 <String::~String()>
/home/oggy/Documents/arduinoprojects/padright_v1.5.1/lcd.ino:200
  lcd.clear();
    1c82:	0e 94 7e 03 	call	0x6fc	; 0x6fc <LiquidCrystal::clear() [clone .constprop.47]>
/home/oggy/Documents/arduinoprojects/padright_v1.5.1/lcd.ino:201
  lcd.setCursor(0, 0);
    1c86:	60 e0       	ldi	r22, 0x00	; 0
    1c88:	80 e0       	ldi	r24, 0x00	; 0
    1c8a:	0e 94 27 04 	call	0x84e	; 0x84e <LiquidCrystal::setCursor(unsigned char, unsigned char) [clone .constprop.24]>
/home/oggy/Documents/arduinoprojects/padright_v1.5.1/lcd.ino:202
  lcd.print(message);
    1c8e:	be 01       	movw	r22, r28
    1c90:	63 5f       	subi	r22, 0xF3	; 243
    1c92:	7f 4f       	sbci	r23, 0xFF	; 255
    1c94:	82 ef       	ldi	r24, 0xF2	; 242
    1c96:	96 e0       	ldi	r25, 0x06	; 6
    1c98:	0e 94 c0 01 	call	0x380	; 0x380 <Print::print(String const&)>
/home/oggy/Documents/arduinoprojects/padright_v1.5.1/lcd.ino:203
  lcd.setCursor(0, 1);
    1c9c:	61 e0       	ldi	r22, 0x01	; 1
    1c9e:	80 e0       	ldi	r24, 0x00	; 0
    1ca0:	0e 94 27 04 	call	0x84e	; 0x84e <LiquidCrystal::setCursor(unsigned char, unsigned char) [clone .constprop.24]>
getQuantity():
/home/oggy/Documents/arduinoprojects/padright_v1.5.1/padrack.cpp:5
#include "padrack.h"

int padrack::getQuantity()
{
    return quantity;
    1ca4:	00 0f       	add	r16, r16
    1ca6:	11 1f       	adc	r17, r17
    1ca8:	00 0f       	add	r16, r16
    1caa:	11 1f       	adc	r17, r17
    1cac:	f8 01       	movw	r30, r16
    1cae:	e6 52       	subi	r30, 0x26	; 38
    1cb0:	f9 4f       	sbci	r31, 0xF9	; 249
manageRack():
/home/oggy/Documents/arduinoprojects/padright_v1.5.1/lcd.ino:205
  // enter number
  lcd.print(rack[num].getQuantity());
    1cb2:	80 81       	ld	r24, Z
    1cb4:	91 81       	ldd	r25, Z+1	; 0x01
    1cb6:	0e 94 91 0a 	call	0x1522	; 0x1522 <Print::print(int, int) [clone .constprop.25]>
/home/oggy/Documents/arduinoprojects/padright_v1.5.1/lcd.ino:199
    lcd.print(" Pulse");
  else
    lcd.print(" Pulses");
}
void manageRack(byte num) {
  String message = "Rack" + String(num + 1) + " Quantity";
    1cba:	ce 01       	movw	r24, r28
    1cbc:	0d 96       	adiw	r24, 0x0d	; 13
    1cbe:	0e 94 fc 0d 	call	0x1bf8	; 0x1bf8 <String::~String()>
/home/oggy/Documents/arduinoprojects/padright_v1.5.1/lcd.ino:206
  lcd.setCursor(0, 0);
  lcd.print(message);
  lcd.setCursor(0, 1);
  // enter number
  lcd.print(rack[num].getQuantity());
}
    1cc2:	62 96       	adiw	r28, 0x12	; 18
    1cc4:	0f b6       	in	r0, 0x3f	; 63
    1cc6:	f8 94       	cli
    1cc8:	de bf       	out	0x3e, r29	; 62
    1cca:	0f be       	out	0x3f, r0	; 63
    1ccc:	cd bf       	out	0x3d, r28	; 61
    1cce:	df 91       	pop	r29
    1cd0:	cf 91       	pop	r28
    1cd2:	1f 91       	pop	r17
    1cd4:	0f 91       	pop	r16
    1cd6:	ff 90       	pop	r15
    1cd8:	ef 90       	pop	r14
    1cda:	08 95       	ret

00001cdc <int& EEPROMClass::get<int>(int, int&) [clone .isra.10]>:
_ZN11EEPROMClass3getIiEERT_iS2_.isra.10():
/home/oggy/.arduino15/packages/MiniCore/hardware/avr/3.1.1/libraries/EEPROM/src/EEPROM.h:130
    EEPtr begin()                        { return 0x00; }
    EEPtr end()                          { return length(); } //Standards requires this to be the item after the last valid entry. The returned pointer is invalid.
    uint16_t length()                    { return E2END + 1; }
    
    //Functionality to 'get' and 'put' objects to and from EEPROM.
    template< typename T > T &get( int idx, T &t ){
    1cdc:	0f 93       	push	r16
    1cde:	1f 93       	push	r17
    1ce0:	cf 93       	push	r28
    1ce2:	df 93       	push	r29
    1ce4:	8c 01       	movw	r16, r24
    1ce6:	eb 01       	movw	r28, r22
operator*():
/home/oggy/.arduino15/packages/MiniCore/hardware/avr/3.1.1/libraries/EEPROM/src/EEPROM.h:42

    EERef( const int index )
        : index( index )                 {}
    
    //Access/read members.
    uint8_t operator*() const            { return eeprom_read_byte( (uint8_t*) index ); }
    1ce8:	0e 94 6a 1f 	call	0x3ed4	; 0x3ed4 <eeprom_read_byte>
_ZN11EEPROMClass3getIiEERT_iS2_.isra.10():
/home/oggy/.arduino15/packages/MiniCore/hardware/avr/3.1.1/libraries/EEPROM/src/EEPROM.h:133
    
    //Functionality to 'get' and 'put' objects to and from EEPROM.
    template< typename T > T &get( int idx, T &t ){
        EEPtr e = idx;
        uint8_t *ptr = (uint8_t*) &t;
        for( int count = sizeof(T) ; count ; --count, ++e )  *ptr++ = *e;
    1cec:	88 83       	st	Y, r24
operator*():
/home/oggy/.arduino15/packages/MiniCore/hardware/avr/3.1.1/libraries/EEPROM/src/EEPROM.h:42

    EERef( const int index )
        : index( index )                 {}
    
    //Access/read members.
    uint8_t operator*() const            { return eeprom_read_byte( (uint8_t*) index ); }
    1cee:	c8 01       	movw	r24, r16
    1cf0:	01 96       	adiw	r24, 0x01	; 1
    1cf2:	0e 94 6a 1f 	call	0x3ed4	; 0x3ed4 <eeprom_read_byte>
_ZN11EEPROMClass3getIiEERT_iS2_.isra.10():
/home/oggy/.arduino15/packages/MiniCore/hardware/avr/3.1.1/libraries/EEPROM/src/EEPROM.h:133
    
    //Functionality to 'get' and 'put' objects to and from EEPROM.
    template< typename T > T &get( int idx, T &t ){
        EEPtr e = idx;
        uint8_t *ptr = (uint8_t*) &t;
        for( int count = sizeof(T) ; count ; --count, ++e )  *ptr++ = *e;
    1cf6:	89 83       	std	Y+1, r24	; 0x01
/home/oggy/.arduino15/packages/MiniCore/hardware/avr/3.1.1/libraries/EEPROM/src/EEPROM.h:135
        return t;
    }
    1cf8:	ce 01       	movw	r24, r28
    1cfa:	df 91       	pop	r29
    1cfc:	cf 91       	pop	r28
    1cfe:	1f 91       	pop	r17
    1d00:	0f 91       	pop	r16
    1d02:	08 95       	ret

00001d04 <EEPROMClass::read(int) [clone .isra.0]>:
operator*():
/home/oggy/.arduino15/packages/MiniCore/hardware/avr/3.1.1/libraries/EEPROM/src/EEPROM.h:42

    EERef( const int index )
        : index( index )                 {}
    
    //Access/read members.
    uint8_t operator*() const            { return eeprom_read_byte( (uint8_t*) index ); }
    1d04:	0c 94 6a 1f 	jmp	0x3ed4	; 0x3ed4 <eeprom_read_byte>

00001d08 <int const& EEPROMClass::put<int>(int, int const&) [clone .isra.7]>:
_ZN11EEPROMClass3putIiEERKT_iS3_.isra.7():
/home/oggy/.arduino15/packages/MiniCore/hardware/avr/3.1.1/libraries/EEPROM/src/EEPROM.h:137
        uint8_t *ptr = (uint8_t*) &t;
        for( int count = sizeof(T) ; count ; --count, ++e )  *ptr++ = *e;
        return t;
    }
    
    template< typename T > const T &put( int idx, const T &t ){
    1d08:	ff 92       	push	r15
    1d0a:	0f 93       	push	r16
    1d0c:	1f 93       	push	r17
    1d0e:	cf 93       	push	r28
    1d10:	df 93       	push	r29
    1d12:	ec 01       	movw	r28, r24
    1d14:	8b 01       	movw	r16, r22
/home/oggy/.arduino15/packages/MiniCore/hardware/avr/3.1.1/libraries/EEPROM/src/EEPROM.h:140
        EEPtr e = idx;
        const uint8_t *ptr = (const uint8_t*) &t;
        for( int count = sizeof(T) ; count ; --count, ++e )  (*e).update( *ptr++ );
    1d16:	fb 01       	movw	r30, r22
    1d18:	f0 80       	ld	r15, Z
operator*():
/home/oggy/.arduino15/packages/MiniCore/hardware/avr/3.1.1/libraries/EEPROM/src/EEPROM.h:42

    EERef( const int index )
        : index( index )                 {}
    
    //Access/read members.
    uint8_t operator*() const            { return eeprom_read_byte( (uint8_t*) index ); }
    1d1a:	0e 94 6a 1f 	call	0x3ed4	; 0x3ed4 <eeprom_read_byte>
update():
/home/oggy/.arduino15/packages/MiniCore/hardware/avr/3.1.1/libraries/EEPROM/src/EEPROM.h:59
    EERef &operator &=( uint8_t in )     { return *this = **this & in; }
    EERef &operator |=( uint8_t in )     { return *this = **this | in; }
    EERef &operator <<=( uint8_t in )    { return *this = **this << in; }
    EERef &operator >>=( uint8_t in )    { return *this = **this >> in; }
    
    EERef &update( uint8_t in )          { return  in != *this ? *this = in : *this; }
    1d1e:	f8 16       	cp	r15, r24
    1d20:	21 f0       	breq	.+8      	; 0x1d2a <int const& EEPROMClass::put<int>(int, int const&) [clone .isra.7]+0x22>
operator=():
/home/oggy/.arduino15/packages/MiniCore/hardware/avr/3.1.1/libraries/EEPROM/src/EEPROM.h:47
    uint8_t operator*() const            { return eeprom_read_byte( (uint8_t*) index ); }
    operator uint8_t() const             { return **this; }
    
    //Assignment/write members.
    EERef &operator=( const EERef &ref ) { return *this = *ref; }
    EERef &operator=( uint8_t in )       { return eeprom_write_byte( (uint8_t*) index, in ), *this;  }
    1d22:	6f 2d       	mov	r22, r15
    1d24:	ce 01       	movw	r24, r28
    1d26:	0e 94 72 1f 	call	0x3ee4	; 0x3ee4 <eeprom_write_byte>
_ZN11EEPROMClass3putIiEERKT_iS3_.isra.7():
/home/oggy/.arduino15/packages/MiniCore/hardware/avr/3.1.1/libraries/EEPROM/src/EEPROM.h:140
    }
    
    template< typename T > const T &put( int idx, const T &t ){
        EEPtr e = idx;
        const uint8_t *ptr = (const uint8_t*) &t;
        for( int count = sizeof(T) ; count ; --count, ++e )  (*e).update( *ptr++ );
    1d2a:	f8 01       	movw	r30, r16
    1d2c:	f1 80       	ldd	r15, Z+1	; 0x01
_ZN5EEPtrppEv():
/home/oggy/.arduino15/packages/MiniCore/hardware/avr/3.1.1/libraries/EEPROM/src/EEPROM.h:100
    //Iterator functionality.
    bool operator!=( const EEPtr &ptr ) { return index != ptr.index; }
    EERef operator*()                   { return index; }
    
    /** Prefix & Postfix increment/decrement **/
    EEPtr& operator++()                 { return ++index, *this; }
    1d2e:	21 96       	adiw	r28, 0x01	; 1
operator*():
/home/oggy/.arduino15/packages/MiniCore/hardware/avr/3.1.1/libraries/EEPROM/src/EEPROM.h:42

    EERef( const int index )
        : index( index )                 {}
    
    //Access/read members.
    uint8_t operator*() const            { return eeprom_read_byte( (uint8_t*) index ); }
    1d30:	ce 01       	movw	r24, r28
    1d32:	0e 94 6a 1f 	call	0x3ed4	; 0x3ed4 <eeprom_read_byte>
update():
/home/oggy/.arduino15/packages/MiniCore/hardware/avr/3.1.1/libraries/EEPROM/src/EEPROM.h:59
    EERef &operator &=( uint8_t in )     { return *this = **this & in; }
    EERef &operator |=( uint8_t in )     { return *this = **this | in; }
    EERef &operator <<=( uint8_t in )    { return *this = **this << in; }
    EERef &operator >>=( uint8_t in )    { return *this = **this >> in; }
    
    EERef &update( uint8_t in )          { return  in != *this ? *this = in : *this; }
    1d36:	f8 16       	cp	r15, r24
    1d38:	21 f0       	breq	.+8      	; 0x1d42 <int const& EEPROMClass::put<int>(int, int const&) [clone .isra.7]+0x3a>
operator=():
/home/oggy/.arduino15/packages/MiniCore/hardware/avr/3.1.1/libraries/EEPROM/src/EEPROM.h:47
    uint8_t operator*() const            { return eeprom_read_byte( (uint8_t*) index ); }
    operator uint8_t() const             { return **this; }
    
    //Assignment/write members.
    EERef &operator=( const EERef &ref ) { return *this = *ref; }
    EERef &operator=( uint8_t in )       { return eeprom_write_byte( (uint8_t*) index, in ), *this;  }
    1d3a:	6f 2d       	mov	r22, r15
    1d3c:	ce 01       	movw	r24, r28
    1d3e:	0e 94 72 1f 	call	0x3ee4	; 0x3ee4 <eeprom_write_byte>
_ZN11EEPROMClass3putIiEERKT_iS3_.isra.7():
/home/oggy/.arduino15/packages/MiniCore/hardware/avr/3.1.1/libraries/EEPROM/src/EEPROM.h:142
    template< typename T > const T &put( int idx, const T &t ){
        EEPtr e = idx;
        const uint8_t *ptr = (const uint8_t*) &t;
        for( int count = sizeof(T) ; count ; --count, ++e )  (*e).update( *ptr++ );
        return t;
    }
    1d42:	c8 01       	movw	r24, r16
    1d44:	df 91       	pop	r29
    1d46:	cf 91       	pop	r28
    1d48:	1f 91       	pop	r17
    1d4a:	0f 91       	pop	r16
    1d4c:	ff 90       	pop	r15
    1d4e:	08 95       	ret

00001d50 <EEPROMClass::write(int, unsigned char) [clone .isra.1]>:
operator=():
/home/oggy/.arduino15/packages/MiniCore/hardware/avr/3.1.1/libraries/EEPROM/src/EEPROM.h:47
    uint8_t operator*() const            { return eeprom_read_byte( (uint8_t*) index ); }
    operator uint8_t() const             { return **this; }
    
    //Assignment/write members.
    EERef &operator=( const EERef &ref ) { return *this = *ref; }
    EERef &operator=( uint8_t in )       { return eeprom_write_byte( (uint8_t*) index, in ), *this;  }
    1d50:	0c 94 72 1f 	jmp	0x3ee4	; 0x3ee4 <eeprom_write_byte>

00001d54 <writeToEPPROM(char) [clone .part.8]>:
_Z13writeToEPPROMc.part.8():
/home/oggy/Documents/arduinoprojects/padright_v1.5.1/padright_v1.5.1.ino:512
  delay(2000);
  digitalWrite(buzzer, LOW);
  status = 'n';
  state = 0;
}
void writeToEPPROM(char status) {
    1d54:	cf 93       	push	r28
    1d56:	df 93       	push	r29
/home/oggy/Documents/arduinoprojects/padright_v1.5.1/padright_v1.5.1.ino:523
    EEPROM.write(maxRackCapacityAddress, maxRackCapacity);
  } else if (status == 'm') {
    writeIntIntoEEPROM(motorTimeAddress, motorTimeVariable);
  } else if (status == 'b') {
    EEPROM.write(maxPadAddress, padAmount);
  } else if (status == 't') {
    1d58:	84 37       	cpi	r24, 0x74	; 116
    1d5a:	41 f4       	brne	.+16     	; 0x1d6c <writeToEPPROM(char) [clone .part.8]+0x18>
/home/oggy/Documents/arduinoprojects/padright_v1.5.1/padright_v1.5.1.ino:524
    EEPROM.write(mTypeAddress, mType);
    1d5c:	60 91 1d 06 	lds	r22, 0x061D	; 0x80061d <mType>
    1d60:	89 e1       	ldi	r24, 0x19	; 25
    1d62:	90 e0       	ldi	r25, 0x00	; 0
/home/oggy/Documents/arduinoprojects/padright_v1.5.1/padright_v1.5.1.ino:545
    EEPROM.put(pulseForFiveRupeeNoteAddress, pulseForFiveRupeeNote);
    cashPulseFactor = (float)(5.0 / pulseForFiveRupeeNote);
  } else if (status == 'w') {
    EEPROM.put(cashWaitTimeAddress, cashWaitTime);
  }
}
    1d64:	df 91       	pop	r29
    1d66:	cf 91       	pop	r28
/home/oggy/Documents/arduinoprojects/padright_v1.5.1/padright_v1.5.1.ino:526
  } else if (status == 'b') {
    EEPROM.write(maxPadAddress, padAmount);
  } else if (status == 't') {
    EEPROM.write(mTypeAddress, mType);
  } else if (status == 'M') {
    EEPROM.write(maxRackAddress, maxRack);
    1d68:	0c 94 a8 0e 	jmp	0x1d50	; 0x1d50 <EEPROMClass::write(int, unsigned char) [clone .isra.1]>
/home/oggy/Documents/arduinoprojects/padright_v1.5.1/padright_v1.5.1.ino:525
    writeIntIntoEEPROM(motorTimeAddress, motorTimeVariable);
  } else if (status == 'b') {
    EEPROM.write(maxPadAddress, padAmount);
  } else if (status == 't') {
    EEPROM.write(mTypeAddress, mType);
  } else if (status == 'M') {
    1d6c:	8d 34       	cpi	r24, 0x4D	; 77
    1d6e:	29 f4       	brne	.+10     	; 0x1d7a <writeToEPPROM(char) [clone .part.8]+0x26>
/home/oggy/Documents/arduinoprojects/padright_v1.5.1/padright_v1.5.1.ino:526
    EEPROM.write(maxRackAddress, maxRack);
    1d70:	60 91 0f 01 	lds	r22, 0x010F	; 0x80010f <maxRack>
    1d74:	8e e1       	ldi	r24, 0x1E	; 30
    1d76:	90 e0       	ldi	r25, 0x00	; 0
    1d78:	f5 cf       	rjmp	.-22     	; 0x1d64 <writeToEPPROM(char) [clone .part.8]+0x10>
/home/oggy/Documents/arduinoprojects/padright_v1.5.1/padright_v1.5.1.ino:527
  } else if (status == 'y') {
    1d7a:	89 37       	cpi	r24, 0x79	; 121
    1d7c:	c1 f5       	brne	.+112    	; 0x1dee <writeToEPPROM(char) [clone .part.8]+0x9a>
/home/oggy/Documents/arduinoprojects/padright_v1.5.1/padright_v1.5.1.ino:529
    // write when first boot
    EEPROM.write(mTypeAddress, mType);
    1d7e:	60 91 1d 06 	lds	r22, 0x061D	; 0x80061d <mType>
    1d82:	89 e1       	ldi	r24, 0x19	; 25
    1d84:	90 e0       	ldi	r25, 0x00	; 0
    1d86:	0e 94 a8 0e 	call	0x1d50	; 0x1d50 <EEPROMClass::write(int, unsigned char) [clone .isra.1]>
/home/oggy/Documents/arduinoprojects/padright_v1.5.1/padright_v1.5.1.ino:530
    EEPROM.write(maxRackAddress, maxRack);
    1d8a:	60 91 0f 01 	lds	r22, 0x010F	; 0x80010f <maxRack>
    1d8e:	8e e1       	ldi	r24, 0x1E	; 30
    1d90:	90 e0       	ldi	r25, 0x00	; 0
    1d92:	0e 94 a8 0e 	call	0x1d50	; 0x1d50 <EEPROMClass::write(int, unsigned char) [clone .isra.1]>
/home/oggy/Documents/arduinoprojects/padright_v1.5.1/padright_v1.5.1.ino:531
    EEPROM.write(maxPadAddress, padAmount);
    1d96:	60 91 10 01 	lds	r22, 0x0110	; 0x800110 <padAmount>
    1d9a:	8f e0       	ldi	r24, 0x0F	; 15
    1d9c:	90 e0       	ldi	r25, 0x00	; 0
    1d9e:	0e 94 a8 0e 	call	0x1d50	; 0x1d50 <EEPROMClass::write(int, unsigned char) [clone .isra.1]>
/home/oggy/Documents/arduinoprojects/padright_v1.5.1/padright_v1.5.1.ino:532
    EEPROM.write(maxRackCapacity, maxRackAddress);
    1da2:	6e e1       	ldi	r22, 0x1E	; 30
    1da4:	80 91 12 01 	lds	r24, 0x0112	; 0x800112 <maxRackCapacity>
    1da8:	90 91 13 01 	lds	r25, 0x0113	; 0x800113 <maxRackCapacity+0x1>
    1dac:	0e 94 a8 0e 	call	0x1d50	; 0x1d50 <EEPROMClass::write(int, unsigned char) [clone .isra.1]>
/home/oggy/Documents/arduinoprojects/padright_v1.5.1/padright_v1.5.1.ino:533
    writeIntIntoEEPROM(motorTimeAddress, motorTimeVariable);
    1db0:	c0 91 0d 01 	lds	r28, 0x010D	; 0x80010d <motorTimeVariable>
    1db4:	60 91 0e 01 	lds	r22, 0x010E	; 0x80010e <motorTimeVariable+0x1>
writeIntIntoEEPROM():
/home/oggy/Documents/arduinoprojects/padright_v1.5.1/padright_v1.5.1.ino:590
    rack[i].setMaxQuantity(maxRackCapacity);
  }
}

void writeIntIntoEEPROM(int address, int number) {
  EEPROM.write(address, number >> 8);
    1db8:	8a e0       	ldi	r24, 0x0A	; 10
    1dba:	90 e0       	ldi	r25, 0x00	; 0
    1dbc:	0e 94 a8 0e 	call	0x1d50	; 0x1d50 <EEPROMClass::write(int, unsigned char) [clone .isra.1]>
/home/oggy/Documents/arduinoprojects/padright_v1.5.1/padright_v1.5.1.ino:591
  EEPROM.write(address + 1, number & 0xFF);
    1dc0:	6c 2f       	mov	r22, r28
    1dc2:	8b e0       	ldi	r24, 0x0B	; 11
    1dc4:	90 e0       	ldi	r25, 0x00	; 0
    1dc6:	0e 94 a8 0e 	call	0x1d50	; 0x1d50 <EEPROMClass::write(int, unsigned char) [clone .isra.1]>
    1dca:	c2 e2       	ldi	r28, 0x22	; 34
    1dcc:	d1 e0       	ldi	r29, 0x01	; 1
_Z13writeToEPPROMc.part.8():
/home/oggy/Documents/arduinoprojects/padright_v1.5.1/padright_v1.5.1.ino:534
    EEPROM.write(mTypeAddress, mType);
    EEPROM.write(maxRackAddress, maxRack);
    EEPROM.write(maxPadAddress, padAmount);
    EEPROM.write(maxRackCapacity, maxRackAddress);
    writeIntIntoEEPROM(motorTimeAddress, motorTimeVariable);
    for (int i = 0; i < maxRack; i++) {
    1dce:	20 91 0f 01 	lds	r18, 0x010F	; 0x80010f <maxRack>
    1dd2:	ce 01       	movw	r24, r28
    1dd4:	82 52       	subi	r24, 0x22	; 34
    1dd6:	91 40       	sbci	r25, 0x01	; 1
    1dd8:	28 17       	cp	r18, r24
    1dda:	19 06       	cpc	r1, r25
    1ddc:	a1 f1       	breq	.+104    	; 0x1e46 <writeToEPPROM(char) [clone .part.8]+0xf2>
    1dde:	9c f1       	brlt	.+102    	; 0x1e46 <writeToEPPROM(char) [clone .part.8]+0xf2>
/home/oggy/Documents/arduinoprojects/padright_v1.5.1/padright_v1.5.1.ino:535
      EEPROM.write(rackAddress[i], maxRackCapacity);
    1de0:	89 91       	ld	r24, Y+
    1de2:	60 91 12 01 	lds	r22, 0x0112	; 0x800112 <maxRackCapacity>
    1de6:	90 e0       	ldi	r25, 0x00	; 0
    1de8:	0e 94 a8 0e 	call	0x1d50	; 0x1d50 <EEPROMClass::write(int, unsigned char) [clone .isra.1]>
    1dec:	f0 cf       	rjmp	.-32     	; 0x1dce <writeToEPPROM(char) [clone .part.8]+0x7a>
/home/oggy/Documents/arduinoprojects/padright_v1.5.1/padright_v1.5.1.ino:537
    }
  } else if (status == 'c') {
    1dee:	83 36       	cpi	r24, 0x63	; 99
    1df0:	41 f4       	brne	.+16     	; 0x1e02 <writeToEPPROM(char) [clone .part.8]+0xae>
/home/oggy/Documents/arduinoprojects/padright_v1.5.1/padright_v1.5.1.ino:538
    EEPROM.put(cashLimitAddress, CASH_LIMIT);
    1df2:	66 e1       	ldi	r22, 0x16	; 22
    1df4:	71 e0       	ldi	r23, 0x01	; 1
    1df6:	83 e2       	ldi	r24, 0x23	; 35
    1df8:	90 e0       	ldi	r25, 0x00	; 0
/home/oggy/Documents/arduinoprojects/padright_v1.5.1/padright_v1.5.1.ino:545
    EEPROM.put(pulseForFiveRupeeNoteAddress, pulseForFiveRupeeNote);
    cashPulseFactor = (float)(5.0 / pulseForFiveRupeeNote);
  } else if (status == 'w') {
    EEPROM.put(cashWaitTimeAddress, cashWaitTime);
  }
}
    1dfa:	df 91       	pop	r29
    1dfc:	cf 91       	pop	r28
/home/oggy/Documents/arduinoprojects/padright_v1.5.1/padright_v1.5.1.ino:543
    EEPROM.put(cashLimitAddress, CASH_LIMIT);
  } else if (status == 'p') {
    EEPROM.put(pulseForFiveRupeeNoteAddress, pulseForFiveRupeeNote);
    cashPulseFactor = (float)(5.0 / pulseForFiveRupeeNote);
  } else if (status == 'w') {
    EEPROM.put(cashWaitTimeAddress, cashWaitTime);
    1dfe:	0c 94 84 0e 	jmp	0x1d08	; 0x1d08 <int const& EEPROMClass::put<int>(int, int const&) [clone .isra.7]>
/home/oggy/Documents/arduinoprojects/padright_v1.5.1/padright_v1.5.1.ino:539
    for (int i = 0; i < maxRack; i++) {
      EEPROM.write(rackAddress[i], maxRackCapacity);
    }
  } else if (status == 'c') {
    EEPROM.put(cashLimitAddress, CASH_LIMIT);
  } else if (status == 'p') {
    1e02:	80 37       	cpi	r24, 0x70	; 112
    1e04:	19 f5       	brne	.+70     	; 0x1e4c <writeToEPPROM(char) [clone .part.8]+0xf8>
/home/oggy/Documents/arduinoprojects/padright_v1.5.1/padright_v1.5.1.ino:540
    EEPROM.put(pulseForFiveRupeeNoteAddress, pulseForFiveRupeeNote);
    1e06:	6a e1       	ldi	r22, 0x1A	; 26
    1e08:	71 e0       	ldi	r23, 0x01	; 1
    1e0a:	88 e2       	ldi	r24, 0x28	; 40
    1e0c:	90 e0       	ldi	r25, 0x00	; 0
    1e0e:	0e 94 84 0e 	call	0x1d08	; 0x1d08 <int const& EEPROMClass::put<int>(int, int const&) [clone .isra.7]>
/home/oggy/Documents/arduinoprojects/padright_v1.5.1/padright_v1.5.1.ino:541
    cashPulseFactor = (float)(5.0 / pulseForFiveRupeeNote);
    1e12:	60 91 1a 01 	lds	r22, 0x011A	; 0x80011a <pulseForFiveRupeeNote>
    1e16:	70 91 1b 01 	lds	r23, 0x011B	; 0x80011b <pulseForFiveRupeeNote+0x1>
    1e1a:	07 2e       	mov	r0, r23
    1e1c:	00 0c       	add	r0, r0
    1e1e:	88 0b       	sbc	r24, r24
    1e20:	99 0b       	sbc	r25, r25
    1e22:	0e 94 71 1e 	call	0x3ce2	; 0x3ce2 <__floatsisf>
    1e26:	9b 01       	movw	r18, r22
    1e28:	ac 01       	movw	r20, r24
    1e2a:	60 e0       	ldi	r22, 0x00	; 0
    1e2c:	70 e0       	ldi	r23, 0x00	; 0
    1e2e:	80 ea       	ldi	r24, 0xA0	; 160
    1e30:	90 e4       	ldi	r25, 0x40	; 64
    1e32:	0e 94 b7 1f 	call	0x3f6e	; 0x3f6e <__divsf3>
    1e36:	60 93 1a 07 	sts	0x071A, r22	; 0x80071a <cashPulseFactor>
    1e3a:	70 93 1b 07 	sts	0x071B, r23	; 0x80071b <cashPulseFactor+0x1>
    1e3e:	80 93 1c 07 	sts	0x071C, r24	; 0x80071c <cashPulseFactor+0x2>
    1e42:	90 93 1d 07 	sts	0x071D, r25	; 0x80071d <cashPulseFactor+0x3>
/home/oggy/Documents/arduinoprojects/padright_v1.5.1/padright_v1.5.1.ino:545
  } else if (status == 'w') {
    EEPROM.put(cashWaitTimeAddress, cashWaitTime);
  }
}
    1e46:	df 91       	pop	r29
    1e48:	cf 91       	pop	r28
    1e4a:	08 95       	ret
/home/oggy/Documents/arduinoprojects/padright_v1.5.1/padright_v1.5.1.ino:542
  } else if (status == 'c') {
    EEPROM.put(cashLimitAddress, CASH_LIMIT);
  } else if (status == 'p') {
    EEPROM.put(pulseForFiveRupeeNoteAddress, pulseForFiveRupeeNote);
    cashPulseFactor = (float)(5.0 / pulseForFiveRupeeNote);
  } else if (status == 'w') {
    1e4c:	87 37       	cpi	r24, 0x77	; 119
    1e4e:	d9 f7       	brne	.-10     	; 0x1e46 <writeToEPPROM(char) [clone .part.8]+0xf2>
/home/oggy/Documents/arduinoprojects/padright_v1.5.1/padright_v1.5.1.ino:543
    EEPROM.put(cashWaitTimeAddress, cashWaitTime);
    1e50:	68 e1       	ldi	r22, 0x18	; 24
    1e52:	71 e0       	ldi	r23, 0x01	; 1
    1e54:	8d e2       	ldi	r24, 0x2D	; 45
    1e56:	90 e0       	ldi	r25, 0x00	; 0
    1e58:	d0 cf       	rjmp	.-96     	; 0x1dfa <writeToEPPROM(char) [clone .part.8]+0xa6>

00001e5a <writeToEPPROM(char)>:
writeToEPPROM():
/home/oggy/Documents/arduinoprojects/padright_v1.5.1/padright_v1.5.1.ino:512
  delay(2000);
  digitalWrite(buzzer, LOW);
  status = 'n';
  state = 0;
}
void writeToEPPROM(char status) {
    1e5a:	0f 93       	push	r16
    1e5c:	1f 93       	push	r17
    1e5e:	cf 93       	push	r28
    1e60:	df 93       	push	r29
/home/oggy/Documents/arduinoprojects/padright_v1.5.1/padright_v1.5.1.ino:514

  if (status == 'r' || status == 'f') {
    1e62:	82 37       	cpi	r24, 0x72	; 114
    1e64:	b1 f4       	brne	.+44     	; 0x1e92 <writeToEPPROM(char)+0x38>
    1e66:	ca ed       	ldi	r28, 0xDA	; 218
    1e68:	d6 e0       	ldi	r29, 0x06	; 6
/home/oggy/Documents/arduinoprojects/padright_v1.5.1/padright_v1.5.1.ino:512
  delay(2000);
  digitalWrite(buzzer, LOW);
  status = 'n';
  state = 0;
}
void writeToEPPROM(char status) {
    1e6a:	02 e2       	ldi	r16, 0x22	; 34
    1e6c:	11 e0       	ldi	r17, 0x01	; 1
/home/oggy/Documents/arduinoprojects/padright_v1.5.1/padright_v1.5.1.ino:515

  if (status == 'r' || status == 'f') {
    for (int i = 0; i < maxRack; i++) {
    1e6e:	20 91 0f 01 	lds	r18, 0x010F	; 0x80010f <maxRack>
    1e72:	c8 01       	movw	r24, r16
    1e74:	82 52       	subi	r24, 0x22	; 34
    1e76:	91 40       	sbci	r25, 0x01	; 1
    1e78:	28 17       	cp	r18, r24
    1e7a:	19 06       	cpc	r1, r25
    1e7c:	d1 f0       	breq	.+52     	; 0x1eb2 <writeToEPPROM(char)+0x58>
    1e7e:	cc f0       	brlt	.+50     	; 0x1eb2 <writeToEPPROM(char)+0x58>
/home/oggy/Documents/arduinoprojects/padright_v1.5.1/padright_v1.5.1.ino:516
      EEPROM.write(rackAddress[i], rack[i].getQuantity());
    1e80:	f8 01       	movw	r30, r16
    1e82:	81 91       	ld	r24, Z+
    1e84:	8f 01       	movw	r16, r30
    1e86:	68 81       	ld	r22, Y
    1e88:	90 e0       	ldi	r25, 0x00	; 0
    1e8a:	0e 94 a8 0e 	call	0x1d50	; 0x1d50 <EEPROMClass::write(int, unsigned char) [clone .isra.1]>
    1e8e:	24 96       	adiw	r28, 0x04	; 4
    1e90:	ee cf       	rjmp	.-36     	; 0x1e6e <writeToEPPROM(char)+0x14>
/home/oggy/Documents/arduinoprojects/padright_v1.5.1/padright_v1.5.1.ino:514
  status = 'n';
  state = 0;
}
void writeToEPPROM(char status) {

  if (status == 'r' || status == 'f') {
    1e92:	86 36       	cpi	r24, 0x66	; 102
    1e94:	41 f3       	breq	.-48     	; 0x1e66 <writeToEPPROM(char)+0xc>
/home/oggy/Documents/arduinoprojects/padright_v1.5.1/padright_v1.5.1.ino:519
    for (int i = 0; i < maxRack; i++) {
      EEPROM.write(rackAddress[i], rack[i].getQuantity());
    }
    EEPROM.write(maxRackCapacityAddress, maxRackCapacity);
  } else if (status == 'm') {
    1e96:	8d 36       	cpi	r24, 0x6D	; 109
    1e98:	b1 f4       	brne	.+44     	; 0x1ec6 <writeToEPPROM(char)+0x6c>
/home/oggy/Documents/arduinoprojects/padright_v1.5.1/padright_v1.5.1.ino:520
    writeIntIntoEEPROM(motorTimeAddress, motorTimeVariable);
    1e9a:	c0 91 0d 01 	lds	r28, 0x010D	; 0x80010d <motorTimeVariable>
    1e9e:	60 91 0e 01 	lds	r22, 0x010E	; 0x80010e <motorTimeVariable+0x1>
writeIntIntoEEPROM():
/home/oggy/Documents/arduinoprojects/padright_v1.5.1/padright_v1.5.1.ino:590
    rack[i].setMaxQuantity(maxRackCapacity);
  }
}

void writeIntIntoEEPROM(int address, int number) {
  EEPROM.write(address, number >> 8);
    1ea2:	8a e0       	ldi	r24, 0x0A	; 10
    1ea4:	90 e0       	ldi	r25, 0x00	; 0
    1ea6:	0e 94 a8 0e 	call	0x1d50	; 0x1d50 <EEPROMClass::write(int, unsigned char) [clone .isra.1]>
/home/oggy/Documents/arduinoprojects/padright_v1.5.1/padright_v1.5.1.ino:591
  EEPROM.write(address + 1, number & 0xFF);
    1eaa:	6c 2f       	mov	r22, r28
    1eac:	8b e0       	ldi	r24, 0x0B	; 11
    1eae:	90 e0       	ldi	r25, 0x00	; 0
    1eb0:	04 c0       	rjmp	.+8      	; 0x1eba <writeToEPPROM(char)+0x60>
writeToEPPROM():
/home/oggy/Documents/arduinoprojects/padright_v1.5.1/padright_v1.5.1.ino:518

  if (status == 'r' || status == 'f') {
    for (int i = 0; i < maxRack; i++) {
      EEPROM.write(rackAddress[i], rack[i].getQuantity());
    }
    EEPROM.write(maxRackCapacityAddress, maxRackCapacity);
    1eb2:	60 91 12 01 	lds	r22, 0x0112	; 0x800112 <maxRackCapacity>
    1eb6:	84 e1       	ldi	r24, 0x14	; 20
    1eb8:	90 e0       	ldi	r25, 0x00	; 0
/home/oggy/Documents/arduinoprojects/padright_v1.5.1/padright_v1.5.1.ino:545
    EEPROM.put(pulseForFiveRupeeNoteAddress, pulseForFiveRupeeNote);
    cashPulseFactor = (float)(5.0 / pulseForFiveRupeeNote);
  } else if (status == 'w') {
    EEPROM.put(cashWaitTimeAddress, cashWaitTime);
  }
}
    1eba:	df 91       	pop	r29
    1ebc:	cf 91       	pop	r28
    1ebe:	1f 91       	pop	r17
    1ec0:	0f 91       	pop	r16
writeIntIntoEEPROM():
/home/oggy/Documents/arduinoprojects/padright_v1.5.1/padright_v1.5.1.ino:591
  }
}

void writeIntIntoEEPROM(int address, int number) {
  EEPROM.write(address, number >> 8);
  EEPROM.write(address + 1, number & 0xFF);
    1ec2:	0c 94 a8 0e 	jmp	0x1d50	; 0x1d50 <EEPROMClass::write(int, unsigned char) [clone .isra.1]>
writeToEPPROM():
/home/oggy/Documents/arduinoprojects/padright_v1.5.1/padright_v1.5.1.ino:521
      EEPROM.write(rackAddress[i], rack[i].getQuantity());
    }
    EEPROM.write(maxRackCapacityAddress, maxRackCapacity);
  } else if (status == 'm') {
    writeIntIntoEEPROM(motorTimeAddress, motorTimeVariable);
  } else if (status == 'b') {
    1ec6:	82 36       	cpi	r24, 0x62	; 98
    1ec8:	29 f4       	brne	.+10     	; 0x1ed4 <writeToEPPROM(char)+0x7a>
/home/oggy/Documents/arduinoprojects/padright_v1.5.1/padright_v1.5.1.ino:522
    EEPROM.write(maxPadAddress, padAmount);
    1eca:	60 91 10 01 	lds	r22, 0x0110	; 0x800110 <padAmount>
    1ece:	8f e0       	ldi	r24, 0x0F	; 15
    1ed0:	90 e0       	ldi	r25, 0x00	; 0
    1ed2:	f3 cf       	rjmp	.-26     	; 0x1eba <writeToEPPROM(char)+0x60>
/home/oggy/Documents/arduinoprojects/padright_v1.5.1/padright_v1.5.1.ino:545
    EEPROM.put(pulseForFiveRupeeNoteAddress, pulseForFiveRupeeNote);
    cashPulseFactor = (float)(5.0 / pulseForFiveRupeeNote);
  } else if (status == 'w') {
    EEPROM.put(cashWaitTimeAddress, cashWaitTime);
  }
}
    1ed4:	df 91       	pop	r29
    1ed6:	cf 91       	pop	r28
    1ed8:	1f 91       	pop	r17
    1eda:	0f 91       	pop	r16
    1edc:	0c 94 aa 0e 	jmp	0x1d54	; 0x1d54 <writeToEPPROM(char) [clone .part.8]>

00001ee0 <fillMenu()>:
fillMenu():
/home/oggy/Documents/arduinoprojects/padright_v1.5.1/lcd.ino:216
  lcd.setCursor(0, 1);
  lcd.print(maxRack);
}

void fillMenu() {
  lcd.clear();
    1ee0:	0e 94 7e 03 	call	0x6fc	; 0x6fc <LiquidCrystal::clear() [clone .constprop.47]>
/home/oggy/Documents/arduinoprojects/padright_v1.5.1/lcd.ino:217
  lcd.setCursor(0, 0);
    1ee4:	60 e0       	ldi	r22, 0x00	; 0
    1ee6:	80 e0       	ldi	r24, 0x00	; 0
    1ee8:	0e 94 27 04 	call	0x84e	; 0x84e <LiquidCrystal::setCursor(unsigned char, unsigned char) [clone .constprop.24]>
/home/oggy/Documents/arduinoprojects/padright_v1.5.1/lcd.ino:218
  lcd.print("Enter capacity");
    1eec:	85 e6       	ldi	r24, 0x65	; 101
    1eee:	92 e0       	ldi	r25, 0x02	; 2
    1ef0:	0e 94 be 0a 	call	0x157c	; 0x157c <Print::print(char const*) [clone .constprop.41]>
/home/oggy/Documents/arduinoprojects/padright_v1.5.1/lcd.ino:219
  lcd.setCursor(0, 1);
    1ef4:	61 e0       	ldi	r22, 0x01	; 1
    1ef6:	80 e0       	ldi	r24, 0x00	; 0
    1ef8:	0e 94 27 04 	call	0x84e	; 0x84e <LiquidCrystal::setCursor(unsigned char, unsigned char) [clone .constprop.24]>
/home/oggy/Documents/arduinoprojects/padright_v1.5.1/lcd.ino:220
  lcd.print("of one Rack:");
    1efc:	84 e7       	ldi	r24, 0x74	; 116
    1efe:	92 e0       	ldi	r25, 0x02	; 2
    1f00:	0e 94 be 0a 	call	0x157c	; 0x157c <Print::print(char const*) [clone .constprop.41]>
/home/oggy/Documents/arduinoprojects/padright_v1.5.1/lcd.ino:221
  lcd.print(maxRackCapacity);
    1f04:	80 91 12 01 	lds	r24, 0x0112	; 0x800112 <maxRackCapacity>
    1f08:	90 91 13 01 	lds	r25, 0x0113	; 0x800113 <maxRackCapacity+0x1>
    1f0c:	0e 94 91 0a 	call	0x1522	; 0x1522 <Print::print(int, int) [clone .constprop.25]>
/home/oggy/Documents/arduinoprojects/padright_v1.5.1/lcd.ino:223
  // write to eeprom
  writeToEPPROM('f');
    1f10:	86 e6       	ldi	r24, 0x66	; 102
    1f12:	0c 94 2d 0f 	jmp	0x1e5a	; 0x1e5a <writeToEPPROM(char)>

00001f16 <dispenseProduct(int)>:
dispenseProduct():
/home/oggy/Documents/arduinoprojects/padright_v1.5.1/cashInterrupt.ino:196
    menu();
  }
}

// run motor when cash is accepted
void dispenseProduct(int runCount) {
    1f16:	9f 92       	push	r9
    1f18:	af 92       	push	r10
    1f1a:	bf 92       	push	r11
    1f1c:	cf 92       	push	r12
    1f1e:	df 92       	push	r13
    1f20:	ef 92       	push	r14
    1f22:	ff 92       	push	r15
    1f24:	0f 93       	push	r16
    1f26:	1f 93       	push	r17
    1f28:	cf 93       	push	r28
    1f2a:	df 93       	push	r29
    1f2c:	ec 01       	movw	r28, r24
/home/oggy/Documents/arduinoprojects/padright_v1.5.1/cashInterrupt.ino:198
  // int totalProductToDispense = runCount;
  if (getStock() != 0) {
    1f2e:	0e 94 8a 09 	call	0x1314	; 0x1314 <getStock()>
    1f32:	89 2b       	or	r24, r25
    1f34:	09 f4       	brne	.+2      	; 0x1f38 <dispenseProduct(int)+0x22>
    1f36:	dc c0       	rjmp	.+440    	; 0x20f0 <dispenseProduct(int)+0x1da>
    1f38:	0a ed       	ldi	r16, 0xDA	; 218
    1f3a:	16 e0       	ldi	r17, 0x06	; 6
    1f3c:	9c e2       	ldi	r25, 0x2C	; 44
    1f3e:	e9 2e       	mov	r14, r25
    1f40:	91 e0       	ldi	r25, 0x01	; 1
    1f42:	f9 2e       	mov	r15, r25
/home/oggy/Documents/arduinoprojects/padright_v1.5.1/cashInterrupt.ino:199
    for (int i = 0; i < maxRack && runCount > 0; i++) {
    1f44:	20 91 0f 01 	lds	r18, 0x010F	; 0x80010f <maxRack>
    1f48:	c7 01       	movw	r24, r14
    1f4a:	8c 52       	subi	r24, 0x2C	; 44
    1f4c:	91 40       	sbci	r25, 0x01	; 1
    1f4e:	28 17       	cp	r18, r24
    1f50:	19 06       	cpc	r1, r25
    1f52:	09 f0       	breq	.+2      	; 0x1f56 <dispenseProduct(int)+0x40>
    1f54:	0c f4       	brge	.+2      	; 0x1f58 <dispenseProduct(int)+0x42>
    1f56:	b2 c0       	rjmp	.+356    	; 0x20bc <dispenseProduct(int)+0x1a6>
    1f58:	1c 16       	cp	r1, r28
    1f5a:	1d 06       	cpc	r1, r29
    1f5c:	0c f0       	brlt	.+2      	; 0x1f60 <dispenseProduct(int)+0x4a>
    1f5e:	ae c0       	rjmp	.+348    	; 0x20bc <dispenseProduct(int)+0x1a6>
getQuantity():
/home/oggy/Documents/arduinoprojects/padright_v1.5.1/padrack.cpp:5
    1f60:	f8 01       	movw	r30, r16
    1f62:	a0 80       	ld	r10, Z
    1f64:	b1 80       	ldd	r11, Z+1	; 0x01
dispenseProduct():
/home/oggy/Documents/arduinoprojects/padright_v1.5.1/cashInterrupt.ino:201
      bool hadStock = rack[i].getQuantity() > 0;
      lcd.clear();
    1f66:	0e 94 7e 03 	call	0x6fc	; 0x6fc <LiquidCrystal::clear() [clone .constprop.47]>
getQuantity():
/home/oggy/Documents/arduinoprojects/padright_v1.5.1/padrack.cpp:5
    1f6a:	f8 01       	movw	r30, r16
    1f6c:	c0 80       	ld	r12, Z
    1f6e:	d1 80       	ldd	r13, Z+1	; 0x01
dispenseProduct():
/home/oggy/Documents/arduinoprojects/padright_v1.5.1/cashInterrupt.ino:202
      while (rack[i].getQuantity() > 0 && runCount > 0) {
    1f70:	1c 14       	cp	r1, r12
    1f72:	1d 04       	cpc	r1, r13
    1f74:	0c f0       	brlt	.+2      	; 0x1f78 <dispenseProduct(int)+0x62>
    1f76:	43 c0       	rjmp	.+134    	; 0x1ffe <dispenseProduct(int)+0xe8>
    1f78:	20 97       	sbiw	r28, 0x00	; 0
    1f7a:	09 f4       	brne	.+2      	; 0x1f7e <dispenseProduct(int)+0x68>
    1f7c:	99 c0       	rjmp	.+306    	; 0x20b0 <dispenseProduct(int)+0x19a>
/home/oggy/Documents/arduinoprojects/padright_v1.5.1/cashInterrupt.ino:203
        lcd.setCursor(0, 0);
    1f7e:	60 e0       	ldi	r22, 0x00	; 0
    1f80:	80 e0       	ldi	r24, 0x00	; 0
    1f82:	0e 94 27 04 	call	0x84e	; 0x84e <LiquidCrystal::setCursor(unsigned char, unsigned char) [clone .constprop.24]>
/home/oggy/Documents/arduinoprojects/padright_v1.5.1/cashInterrupt.ino:204
        lcd.print("Dispensing Pad");
    1f86:	81 e8       	ldi	r24, 0x81	; 129
    1f88:	92 e0       	ldi	r25, 0x02	; 2
    1f8a:	0e 94 be 0a 	call	0x157c	; 0x157c <Print::print(char const*) [clone .constprop.41]>
/home/oggy/Documents/arduinoprojects/padright_v1.5.1/cashInterrupt.ino:205
        lcd.setCursor(0, 1);
    1f8e:	61 e0       	ldi	r22, 0x01	; 1
    1f90:	80 e0       	ldi	r24, 0x00	; 0
    1f92:	0e 94 27 04 	call	0x84e	; 0x84e <LiquidCrystal::setCursor(unsigned char, unsigned char) [clone .constprop.24]>
/home/oggy/Documents/arduinoprojects/padright_v1.5.1/cashInterrupt.ino:206
        lcd.print("Collect Now");
    1f96:	80 e9       	ldi	r24, 0x90	; 144
    1f98:	92 e0       	ldi	r25, 0x02	; 2
    1f9a:	0e 94 be 0a 	call	0x157c	; 0x157c <Print::print(char const*) [clone .constprop.41]>
/home/oggy/Documents/arduinoprojects/padright_v1.5.1/cashInterrupt.ino:207
        digitalWrite(motor[i], HIGH);
    1f9e:	f7 01       	movw	r30, r14
    1fa0:	d0 80       	ld	r13, Z
    1fa2:	61 e0       	ldi	r22, 0x01	; 1
    1fa4:	8d 2d       	mov	r24, r13
    1fa6:	0e 94 e6 00 	call	0x1cc	; 0x1cc <digitalWrite>
/home/oggy/Documents/arduinoprojects/padright_v1.5.1/cashInterrupt.ino:208
        delay(motorTimeVariable);
    1faa:	60 91 0d 01 	lds	r22, 0x010D	; 0x80010d <motorTimeVariable>
    1fae:	70 91 0e 01 	lds	r23, 0x010E	; 0x80010e <motorTimeVariable+0x1>
    1fb2:	07 2e       	mov	r0, r23
    1fb4:	00 0c       	add	r0, r0
    1fb6:	88 0b       	sbc	r24, r24
    1fb8:	99 0b       	sbc	r25, r25
    1fba:	0e 94 80 01 	call	0x300	; 0x300 <delay>
/home/oggy/Documents/arduinoprojects/padright_v1.5.1/cashInterrupt.ino:209
        digitalWrite(motor[i], LOW);
    1fbe:	60 e0       	ldi	r22, 0x00	; 0
    1fc0:	8d 2d       	mov	r24, r13
    1fc2:	0e 94 e6 00 	call	0x1cc	; 0x1cc <digitalWrite>
decQuantity():
/home/oggy/Documents/arduinoprojects/padright_v1.5.1/padrack.cpp:13
{
    quantity = number;
}
void padrack::decQuantity()
{
    if (quantity != 0)
    1fc6:	f8 01       	movw	r30, r16
    1fc8:	80 81       	ld	r24, Z
    1fca:	91 81       	ldd	r25, Z+1	; 0x01
    1fcc:	00 97       	sbiw	r24, 0x00	; 0
    1fce:	19 f0       	breq	.+6      	; 0x1fd6 <dispenseProduct(int)+0xc0>
/home/oggy/Documents/arduinoprojects/padright_v1.5.1/padrack.cpp:15
    {
        quantity--;
    1fd0:	01 97       	sbiw	r24, 0x01	; 1
    1fd2:	91 83       	std	Z+1, r25	; 0x01
    1fd4:	80 83       	st	Z, r24
dispenseProduct():
/home/oggy/Documents/arduinoprojects/padright_v1.5.1/cashInterrupt.ino:211
        rack[i].decQuantity();
        --runCount;
    1fd6:	21 97       	sbiw	r28, 0x01	; 1
/home/oggy/Documents/arduinoprojects/padright_v1.5.1/cashInterrupt.ino:212
        success(800);
    1fd8:	80 e2       	ldi	r24, 0x20	; 32
    1fda:	93 e0       	ldi	r25, 0x03	; 3
    1fdc:	0e 94 77 09 	call	0x12ee	; 0x12ee <success(int)>
/home/oggy/Documents/arduinoprojects/padright_v1.5.1/cashInterrupt.ino:213
        delay(1050);
    1fe0:	6a e1       	ldi	r22, 0x1A	; 26
    1fe2:	74 e0       	ldi	r23, 0x04	; 4
    1fe4:	80 e0       	ldi	r24, 0x00	; 0
    1fe6:	90 e0       	ldi	r25, 0x00	; 0
    1fe8:	0e 94 80 01 	call	0x300	; 0x300 <delay>
/home/oggy/Documents/arduinoprojects/padright_v1.5.1/cashInterrupt.ino:214
        lcd.clear();
    1fec:	0e 94 7e 03 	call	0x6fc	; 0x6fc <LiquidCrystal::clear() [clone .constprop.47]>
/home/oggy/Documents/arduinoprojects/padright_v1.5.1/cashInterrupt.ino:215
        delay(150);
    1ff0:	66 e9       	ldi	r22, 0x96	; 150
    1ff2:	70 e0       	ldi	r23, 0x00	; 0
    1ff4:	80 e0       	ldi	r24, 0x00	; 0
    1ff6:	90 e0       	ldi	r25, 0x00	; 0
    1ff8:	0e 94 80 01 	call	0x300	; 0x300 <delay>
    1ffc:	b6 cf       	rjmp	.-148    	; 0x1f6a <dispenseProduct(int)+0x54>
/home/oggy/Documents/arduinoprojects/padright_v1.5.1/cashInterrupt.ino:218
      }
      //  at this movement stock fininshed at rack[i] and still more runs needed
      if (hadStock && rack[i].getQuantity() == 0 && runCount > 0) {
    1ffe:	1a 14       	cp	r1, r10
    2000:	1b 04       	cpc	r1, r11
    2002:	0c f0       	brlt	.+2      	; 0x2006 <dispenseProduct(int)+0xf0>
    2004:	55 c0       	rjmp	.+170    	; 0x20b0 <dispenseProduct(int)+0x19a>
    2006:	c1 14       	cp	r12, r1
    2008:	d1 04       	cpc	r13, r1
    200a:	09 f0       	breq	.+2      	; 0x200e <dispenseProduct(int)+0xf8>
    200c:	51 c0       	rjmp	.+162    	; 0x20b0 <dispenseProduct(int)+0x19a>
    200e:	20 97       	sbiw	r28, 0x00	; 0
    2010:	09 f4       	brne	.+2      	; 0x2014 <dispenseProduct(int)+0xfe>
    2012:	4e c0       	rjmp	.+156    	; 0x20b0 <dispenseProduct(int)+0x19a>
_Z3minIiiEDTqultfp0_fp_fp0_fp_ERKT_RKT0_():
/home/oggy/.arduino15/packages/MiniCore/hardware/avr/3.1.1/cores/MCUdude_corefiles/Arduino.h:315
		return x > 0 ? x : -x;
	}

	template<class T, class L>
	auto min(const T& a, const L& b) -> decltype((b < a) ? b : a) {
		return (b < a) ? b : a;
    2014:	5e 01       	movw	r10, r28
    2016:	c4 30       	cpi	r28, 0x04	; 4
    2018:	d1 05       	cpc	r29, r1
    201a:	1c f0       	brlt	.+6      	; 0x2022 <dispenseProduct(int)+0x10c>
dispenseProduct():
    201c:	84 e0       	ldi	r24, 0x04	; 4
    201e:	a8 2e       	mov	r10, r24
    2020:	b1 2c       	mov	r11, r1
runExtra():
/home/oggy/Documents/arduinoprojects/padright_v1.5.1/cashInterrupt.ino:246
  digitalWrite(inhibit, LOW);
}
void runExtra(int &runCount, int i) {
  int extraToRun = min(maxExtraMotorRun, runCount);
  for (int j = 0; j < extraToRun; j++) {
    lcd.setCursor(0, 0);
    2022:	60 e0       	ldi	r22, 0x00	; 0
    2024:	80 e0       	ldi	r24, 0x00	; 0
    2026:	0e 94 27 04 	call	0x84e	; 0x84e <LiquidCrystal::setCursor(unsigned char, unsigned char) [clone .constprop.24]>
/home/oggy/Documents/arduinoprojects/padright_v1.5.1/cashInterrupt.ino:247
    lcd.print("Dispensing Pad");
    202a:	81 e8       	ldi	r24, 0x81	; 129
    202c:	92 e0       	ldi	r25, 0x02	; 2
    202e:	0e 94 be 0a 	call	0x157c	; 0x157c <Print::print(char const*) [clone .constprop.41]>
/home/oggy/Documents/arduinoprojects/padright_v1.5.1/cashInterrupt.ino:248
    lcd.setCursor(0, 1);
    2032:	61 e0       	ldi	r22, 0x01	; 1
    2034:	80 e0       	ldi	r24, 0x00	; 0
    2036:	0e 94 27 04 	call	0x84e	; 0x84e <LiquidCrystal::setCursor(unsigned char, unsigned char) [clone .constprop.24]>
/home/oggy/Documents/arduinoprojects/padright_v1.5.1/cashInterrupt.ino:249
    lcd.print("Collect Now");
    203a:	80 e9       	ldi	r24, 0x90	; 144
    203c:	92 e0       	ldi	r25, 0x02	; 2
    203e:	0e 94 be 0a 	call	0x157c	; 0x157c <Print::print(char const*) [clone .constprop.41]>
/home/oggy/Documents/arduinoprojects/padright_v1.5.1/cashInterrupt.ino:250
    digitalWrite(motor[i], HIGH);
    2042:	f7 01       	movw	r30, r14
    2044:	90 80       	ld	r9, Z
    2046:	61 e0       	ldi	r22, 0x01	; 1
    2048:	89 2d       	mov	r24, r9
    204a:	0e 94 e6 00 	call	0x1cc	; 0x1cc <digitalWrite>
/home/oggy/Documents/arduinoprojects/padright_v1.5.1/cashInterrupt.ino:251
    delay(motorTimeVariable);
    204e:	60 91 0d 01 	lds	r22, 0x010D	; 0x80010d <motorTimeVariable>
    2052:	70 91 0e 01 	lds	r23, 0x010E	; 0x80010e <motorTimeVariable+0x1>
    2056:	07 2e       	mov	r0, r23
    2058:	00 0c       	add	r0, r0
    205a:	88 0b       	sbc	r24, r24
    205c:	99 0b       	sbc	r25, r25
    205e:	0e 94 80 01 	call	0x300	; 0x300 <delay>
/home/oggy/Documents/arduinoprojects/padright_v1.5.1/cashInterrupt.ino:252
    digitalWrite(motor[i], LOW);
    2062:	60 e0       	ldi	r22, 0x00	; 0
    2064:	89 2d       	mov	r24, r9
    2066:	0e 94 e6 00 	call	0x1cc	; 0x1cc <digitalWrite>
decQuantity():
/home/oggy/Documents/arduinoprojects/padright_v1.5.1/padrack.cpp:13
{
    quantity = number;
}
void padrack::decQuantity()
{
    if (quantity != 0)
    206a:	f8 01       	movw	r30, r16
    206c:	80 81       	ld	r24, Z
    206e:	91 81       	ldd	r25, Z+1	; 0x01
    2070:	00 97       	sbiw	r24, 0x00	; 0
    2072:	19 f0       	breq	.+6      	; 0x207a <dispenseProduct(int)+0x164>
/home/oggy/Documents/arduinoprojects/padright_v1.5.1/padrack.cpp:15
    {
        quantity--;
    2074:	01 97       	sbiw	r24, 0x01	; 1
    2076:	91 83       	std	Z+1, r25	; 0x01
    2078:	80 83       	st	Z, r24
runExtra():
/home/oggy/Documents/arduinoprojects/padright_v1.5.1/cashInterrupt.ino:255
    rack[i].decQuantity();
    --runCount;
    success(800);
    207a:	80 e2       	ldi	r24, 0x20	; 32
    207c:	93 e0       	ldi	r25, 0x03	; 3
    207e:	0e 94 77 09 	call	0x12ee	; 0x12ee <success(int)>
/home/oggy/Documents/arduinoprojects/padright_v1.5.1/cashInterrupt.ino:256
    delay(1050);
    2082:	6a e1       	ldi	r22, 0x1A	; 26
    2084:	74 e0       	ldi	r23, 0x04	; 4
    2086:	80 e0       	ldi	r24, 0x00	; 0
    2088:	90 e0       	ldi	r25, 0x00	; 0
    208a:	0e 94 80 01 	call	0x300	; 0x300 <delay>
/home/oggy/Documents/arduinoprojects/padright_v1.5.1/cashInterrupt.ino:257
    lcd.clear();
    208e:	0e 94 7e 03 	call	0x6fc	; 0x6fc <LiquidCrystal::clear() [clone .constprop.47]>
/home/oggy/Documents/arduinoprojects/padright_v1.5.1/cashInterrupt.ino:258
    delay(150);
    2092:	66 e9       	ldi	r22, 0x96	; 150
    2094:	70 e0       	ldi	r23, 0x00	; 0
    2096:	80 e0       	ldi	r24, 0x00	; 0
    2098:	90 e0       	ldi	r25, 0x00	; 0
    209a:	0e 94 80 01 	call	0x300	; 0x300 <delay>
/home/oggy/Documents/arduinoprojects/padright_v1.5.1/cashInterrupt.ino:245
void enableCashAcceptor() {
  digitalWrite(inhibit, LOW);
}
void runExtra(int &runCount, int i) {
  int extraToRun = min(maxExtraMotorRun, runCount);
  for (int j = 0; j < extraToRun; j++) {
    209e:	ff ef       	ldi	r31, 0xFF	; 255
    20a0:	cf 1a       	sub	r12, r31
    20a2:	df 0a       	sbc	r13, r31
    20a4:	ac 14       	cp	r10, r12
    20a6:	bd 04       	cpc	r11, r13
    20a8:	09 f0       	breq	.+2      	; 0x20ac <dispenseProduct(int)+0x196>
    20aa:	bb cf       	rjmp	.-138    	; 0x2022 <dispenseProduct(int)+0x10c>
    20ac:	ca 19       	sub	r28, r10
    20ae:	db 09       	sbc	r29, r11
    20b0:	0c 5f       	subi	r16, 0xFC	; 252
    20b2:	1f 4f       	sbci	r17, 0xFF	; 255
    20b4:	8f ef       	ldi	r24, 0xFF	; 255
    20b6:	e8 1a       	sub	r14, r24
    20b8:	f8 0a       	sbc	r15, r24
    20ba:	44 cf       	rjmp	.-376    	; 0x1f44 <dispenseProduct(int)+0x2e>
dispenseProduct():
/home/oggy/Documents/arduinoprojects/padright_v1.5.1/cashInterrupt.ino:222
      //  at this movement stock fininshed at rack[i] and still more runs needed
      if (hadStock && rack[i].getQuantity() == 0 && runCount > 0) {
        runExtra(runCount, i);
      }
    }
    writeToEPPROM('r');
    20bc:	82 e7       	ldi	r24, 0x72	; 114
    20be:	0e 94 2d 0f 	call	0x1e5a	; 0x1e5a <writeToEPPROM(char)>
/home/oggy/Documents/arduinoprojects/padright_v1.5.1/cashInterrupt.ino:232
    lcd.print("Sorry");
    lcd.setCursor(0, 1);
    lcd.print("No Stocks");
    warning();
  }
  state = 0;
    20c2:	10 92 1c 06 	sts	0x061C, r1	; 0x80061c <state+0x1>
    20c6:	10 92 1b 06 	sts	0x061B, r1	; 0x80061b <state>
/home/oggy/Documents/arduinoprojects/padright_v1.5.1/cashInterrupt.ino:233
  status = 'n';
    20ca:	8e e6       	ldi	r24, 0x6E	; 110
    20cc:	80 93 15 01 	sts	0x0115, r24	; 0x800115 <status>
/home/oggy/Documents/arduinoprojects/padright_v1.5.1/cashInterrupt.ino:234
  changeDone = true;
    20d0:	81 e0       	ldi	r24, 0x01	; 1
    20d2:	80 93 14 01 	sts	0x0114, r24	; 0x800114 <changeDone>
/home/oggy/Documents/arduinoprojects/padright_v1.5.1/cashInterrupt.ino:236
  menu();
}
    20d6:	df 91       	pop	r29
    20d8:	cf 91       	pop	r28
    20da:	1f 91       	pop	r17
    20dc:	0f 91       	pop	r16
    20de:	ff 90       	pop	r15
    20e0:	ef 90       	pop	r14
    20e2:	df 90       	pop	r13
    20e4:	cf 90       	pop	r12
    20e6:	bf 90       	pop	r11
    20e8:	af 90       	pop	r10
    20ea:	9f 90       	pop	r9
/home/oggy/Documents/arduinoprojects/padright_v1.5.1/cashInterrupt.ino:235
    warning();
  }
  state = 0;
  status = 'n';
  changeDone = true;
  menu();
    20ec:	0c 94 6a 0b 	jmp	0x16d4	; 0x16d4 <menu()>
/home/oggy/Documents/arduinoprojects/padright_v1.5.1/cashInterrupt.ino:225
      }
    }
    writeToEPPROM('r');
  } else  // print if no stock remaining
  {
    lcd.clear();
    20f0:	0e 94 7e 03 	call	0x6fc	; 0x6fc <LiquidCrystal::clear() [clone .constprop.47]>
/home/oggy/Documents/arduinoprojects/padright_v1.5.1/cashInterrupt.ino:226
    lcd.setCursor(0, 0);
    20f4:	60 e0       	ldi	r22, 0x00	; 0
    20f6:	80 e0       	ldi	r24, 0x00	; 0
    20f8:	0e 94 27 04 	call	0x84e	; 0x84e <LiquidCrystal::setCursor(unsigned char, unsigned char) [clone .constprop.24]>
/home/oggy/Documents/arduinoprojects/padright_v1.5.1/cashInterrupt.ino:227
    lcd.print("Sorry");
    20fc:	8c e9       	ldi	r24, 0x9C	; 156
    20fe:	92 e0       	ldi	r25, 0x02	; 2
    2100:	0e 94 be 0a 	call	0x157c	; 0x157c <Print::print(char const*) [clone .constprop.41]>
/home/oggy/Documents/arduinoprojects/padright_v1.5.1/cashInterrupt.ino:228
    lcd.setCursor(0, 1);
    2104:	61 e0       	ldi	r22, 0x01	; 1
    2106:	80 e0       	ldi	r24, 0x00	; 0
    2108:	0e 94 27 04 	call	0x84e	; 0x84e <LiquidCrystal::setCursor(unsigned char, unsigned char) [clone .constprop.24]>
/home/oggy/Documents/arduinoprojects/padright_v1.5.1/cashInterrupt.ino:229
    lcd.print("No Stocks");
    210c:	82 ea       	ldi	r24, 0xA2	; 162
    210e:	92 e0       	ldi	r25, 0x02	; 2
    2110:	0e 94 be 0a 	call	0x157c	; 0x157c <Print::print(char const*) [clone .constprop.41]>
/home/oggy/Documents/arduinoprojects/padright_v1.5.1/cashInterrupt.ino:230
    warning();
    2114:	0e 94 41 09 	call	0x1282	; 0x1282 <warning()>
    2118:	d4 cf       	rjmp	.-88     	; 0x20c2 <dispenseProduct(int)+0x1ac>

0000211a <__vector_16>:
__vector_16():
/home/oggy/.arduino15/packages/MiniCore/hardware/avr/3.1.1/cores/MCUdude_corefiles/wiring.c:159
#if defined(__AVR_ATtiny24__) || defined(__AVR_ATtiny44__) || defined(__AVR_ATtiny84__)
ISR(TIM0_OVF_vect)
#else
ISR(TIMER0_OVF_vect)
#endif
{
    211a:	1f 92       	push	r1
    211c:	0f 92       	push	r0
    211e:	0f b6       	in	r0, 0x3f	; 63
    2120:	0f 92       	push	r0
    2122:	11 24       	eor	r1, r1
    2124:	2f 93       	push	r18
    2126:	3f 93       	push	r19
    2128:	8f 93       	push	r24
    212a:	9f 93       	push	r25
    212c:	af 93       	push	r26
    212e:	bf 93       	push	r27
/home/oggy/.arduino15/packages/MiniCore/hardware/avr/3.1.1/cores/MCUdude_corefiles/wiring.c:167
  static unsigned char timer0_exact = 0;
#endif

  // copy these to local variables so they can be stored in registers
  // (volatile variables must be read from memory on every access, so this saves time)
  unsigned long m = timer0_millis;
    2130:	80 91 1f 06 	lds	r24, 0x061F	; 0x80061f <timer0_millis>
    2134:	90 91 20 06 	lds	r25, 0x0620	; 0x800620 <timer0_millis+0x1>
    2138:	a0 91 21 06 	lds	r26, 0x0621	; 0x800621 <timer0_millis+0x2>
    213c:	b0 91 22 06 	lds	r27, 0x0622	; 0x800622 <timer0_millis+0x3>
/home/oggy/.arduino15/packages/MiniCore/hardware/avr/3.1.1/cores/MCUdude_corefiles/wiring.c:168
  unsigned char f = timer0_fract;
    2140:	30 91 1e 06 	lds	r19, 0x061E	; 0x80061e <timer0_fract>
/home/oggy/.arduino15/packages/MiniCore/hardware/avr/3.1.1/cores/MCUdude_corefiles/wiring.c:170

  f += FRACT_INC FRACT_INC_PLUS;
    2144:	23 e0       	ldi	r18, 0x03	; 3
    2146:	23 0f       	add	r18, r19
/home/oggy/.arduino15/packages/MiniCore/hardware/avr/3.1.1/cores/MCUdude_corefiles/wiring.c:200
    ++f;
  }
#endif
#endif // CORRECT_EXACT_MILLIS

  if (f >= FRACT_MAX) {
    2148:	2d 37       	cpi	r18, 0x7D	; 125
    214a:	68 f1       	brcs	.+90     	; 0x21a6 <__vector_16+0x8c>
/home/oggy/.arduino15/packages/MiniCore/hardware/avr/3.1.1/cores/MCUdude_corefiles/wiring.c:201
    f -= FRACT_MAX;
    214c:	26 e8       	ldi	r18, 0x86	; 134
    214e:	23 0f       	add	r18, r19
/home/oggy/.arduino15/packages/MiniCore/hardware/avr/3.1.1/cores/MCUdude_corefiles/wiring.c:202
    m += MILLIS_INC + 1;
    2150:	02 96       	adiw	r24, 0x02	; 2
    2152:	a1 1d       	adc	r26, r1
    2154:	b1 1d       	adc	r27, r1
/home/oggy/.arduino15/packages/MiniCore/hardware/avr/3.1.1/cores/MCUdude_corefiles/wiring.c:208
  }
  else {
    m += MILLIS_INC;
  }

  timer0_fract = f;
    2156:	20 93 1e 06 	sts	0x061E, r18	; 0x80061e <timer0_fract>
/home/oggy/.arduino15/packages/MiniCore/hardware/avr/3.1.1/cores/MCUdude_corefiles/wiring.c:209
  timer0_millis = m;
    215a:	80 93 1f 06 	sts	0x061F, r24	; 0x80061f <timer0_millis>
    215e:	90 93 20 06 	sts	0x0620, r25	; 0x800620 <timer0_millis+0x1>
    2162:	a0 93 21 06 	sts	0x0621, r26	; 0x800621 <timer0_millis+0x2>
    2166:	b0 93 22 06 	sts	0x0622, r27	; 0x800622 <timer0_millis+0x3>
/home/oggy/.arduino15/packages/MiniCore/hardware/avr/3.1.1/cores/MCUdude_corefiles/wiring.c:211
#ifndef CORRECT_EXACT_MICROS
  timer0_overflow_count++;
    216a:	80 91 23 06 	lds	r24, 0x0623	; 0x800623 <timer0_overflow_count>
    216e:	90 91 24 06 	lds	r25, 0x0624	; 0x800624 <timer0_overflow_count+0x1>
    2172:	a0 91 25 06 	lds	r26, 0x0625	; 0x800625 <timer0_overflow_count+0x2>
    2176:	b0 91 26 06 	lds	r27, 0x0626	; 0x800626 <timer0_overflow_count+0x3>
    217a:	01 96       	adiw	r24, 0x01	; 1
    217c:	a1 1d       	adc	r26, r1
    217e:	b1 1d       	adc	r27, r1
    2180:	80 93 23 06 	sts	0x0623, r24	; 0x800623 <timer0_overflow_count>
    2184:	90 93 24 06 	sts	0x0624, r25	; 0x800624 <timer0_overflow_count+0x1>
    2188:	a0 93 25 06 	sts	0x0625, r26	; 0x800625 <timer0_overflow_count+0x2>
    218c:	b0 93 26 06 	sts	0x0626, r27	; 0x800626 <timer0_overflow_count+0x3>
/home/oggy/.arduino15/packages/MiniCore/hardware/avr/3.1.1/cores/MCUdude_corefiles/wiring.c:213
#endif
}
    2190:	bf 91       	pop	r27
    2192:	af 91       	pop	r26
    2194:	9f 91       	pop	r25
    2196:	8f 91       	pop	r24
    2198:	3f 91       	pop	r19
    219a:	2f 91       	pop	r18
    219c:	0f 90       	pop	r0
    219e:	0f be       	out	0x3f, r0	; 63
    21a0:	0f 90       	pop	r0
    21a2:	1f 90       	pop	r1
    21a4:	18 95       	reti
/home/oggy/.arduino15/packages/MiniCore/hardware/avr/3.1.1/cores/MCUdude_corefiles/wiring.c:205
  if (f >= FRACT_MAX) {
    f -= FRACT_MAX;
    m += MILLIS_INC + 1;
  }
  else {
    m += MILLIS_INC;
    21a6:	01 96       	adiw	r24, 0x01	; 1
    21a8:	a1 1d       	adc	r26, r1
    21aa:	b1 1d       	adc	r27, r1
    21ac:	d4 cf       	rjmp	.-88     	; 0x2156 <__vector_16+0x3c>

000021ae <__vector_2>:
__vector_2():
/home/oggy/.arduino15/packages/MiniCore/hardware/avr/3.1.1/cores/MCUdude_corefiles/WInterrupts.c:489
|| defined(__AVR_ATmega48PB__)  || defined(__AVR_ATmega88__)  || defined(__AVR_ATmega88P__)  \
|| defined(__AVR_ATmega88PB__)  || defined(__AVR_ATmega168__) || defined(__AVR_ATmega168P__) \
|| defined(__AVR_ATmega168PB__) || defined(__AVR_ATmega328__) || defined(__AVR_ATmega328P__) \
|| defined(__AVR_ATmega328PB__)
  IMPLEMENT_ISR(INT0_vect, EXTERNAL_INT_0)
  IMPLEMENT_ISR(INT1_vect, EXTERNAL_INT_1)
    21ae:	1f 92       	push	r1
    21b0:	0f 92       	push	r0
    21b2:	0f b6       	in	r0, 0x3f	; 63
    21b4:	0f 92       	push	r0
    21b6:	11 24       	eor	r1, r1
    21b8:	2f 93       	push	r18
    21ba:	3f 93       	push	r19
    21bc:	4f 93       	push	r20
    21be:	5f 93       	push	r21
    21c0:	6f 93       	push	r22
    21c2:	7f 93       	push	r23
    21c4:	8f 93       	push	r24
    21c6:	9f 93       	push	r25
    21c8:	af 93       	push	r26
    21ca:	bf 93       	push	r27
    21cc:	ef 93       	push	r30
    21ce:	ff 93       	push	r31
    21d0:	e0 91 02 01 	lds	r30, 0x0102	; 0x800102 <__data_start+0x2>
    21d4:	f0 91 03 01 	lds	r31, 0x0103	; 0x800103 <__data_start+0x3>
    21d8:	09 95       	icall
    21da:	ff 91       	pop	r31
    21dc:	ef 91       	pop	r30
    21de:	bf 91       	pop	r27
    21e0:	af 91       	pop	r26
    21e2:	9f 91       	pop	r25
    21e4:	8f 91       	pop	r24
    21e6:	7f 91       	pop	r23
    21e8:	6f 91       	pop	r22
    21ea:	5f 91       	pop	r21
    21ec:	4f 91       	pop	r20
    21ee:	3f 91       	pop	r19
    21f0:	2f 91       	pop	r18
    21f2:	0f 90       	pop	r0
    21f4:	0f be       	out	0x3f, r0	; 63
    21f6:	0f 90       	pop	r0
    21f8:	1f 90       	pop	r1
    21fa:	18 95       	reti

000021fc <__vector_1>:
__vector_1():
/home/oggy/.arduino15/packages/MiniCore/hardware/avr/3.1.1/cores/MCUdude_corefiles/WInterrupts.c:488
#elif defined(__AVR_ATmega8__)  || defined(__AVR_ATmega48__)  || defined(__AVR_ATmega48P__)  \
|| defined(__AVR_ATmega48PB__)  || defined(__AVR_ATmega88__)  || defined(__AVR_ATmega88P__)  \
|| defined(__AVR_ATmega88PB__)  || defined(__AVR_ATmega168__) || defined(__AVR_ATmega168P__) \
|| defined(__AVR_ATmega168PB__) || defined(__AVR_ATmega328__) || defined(__AVR_ATmega328P__) \
|| defined(__AVR_ATmega328PB__)
  IMPLEMENT_ISR(INT0_vect, EXTERNAL_INT_0)
    21fc:	1f 92       	push	r1
    21fe:	0f 92       	push	r0
    2200:	0f b6       	in	r0, 0x3f	; 63
    2202:	0f 92       	push	r0
    2204:	11 24       	eor	r1, r1
    2206:	2f 93       	push	r18
    2208:	3f 93       	push	r19
    220a:	4f 93       	push	r20
    220c:	5f 93       	push	r21
    220e:	6f 93       	push	r22
    2210:	7f 93       	push	r23
    2212:	8f 93       	push	r24
    2214:	9f 93       	push	r25
    2216:	af 93       	push	r26
    2218:	bf 93       	push	r27
    221a:	ef 93       	push	r30
    221c:	ff 93       	push	r31
    221e:	e0 91 00 01 	lds	r30, 0x0100	; 0x800100 <__data_start>
    2222:	f0 91 01 01 	lds	r31, 0x0101	; 0x800101 <__data_start+0x1>
    2226:	09 95       	icall
    2228:	ff 91       	pop	r31
    222a:	ef 91       	pop	r30
    222c:	bf 91       	pop	r27
    222e:	af 91       	pop	r26
    2230:	9f 91       	pop	r25
    2232:	8f 91       	pop	r24
    2234:	7f 91       	pop	r23
    2236:	6f 91       	pop	r22
    2238:	5f 91       	pop	r21
    223a:	4f 91       	pop	r20
    223c:	3f 91       	pop	r19
    223e:	2f 91       	pop	r18
    2240:	0f 90       	pop	r0
    2242:	0f be       	out	0x3f, r0	; 63
    2244:	0f 90       	pop	r0
    2246:	1f 90       	pop	r1
    2248:	18 95       	reti

0000224a <__vector_19>:
__vector_19():
/home/oggy/.arduino15/packages/MiniCore/hardware/avr/3.1.1/cores/MCUdude_corefiles/HardwareSerial0.cpp:63
#elif defined(USART0_UDRE_vect)
ISR(USART0_UDRE_vect)
#else
  #error "Don't know what the Data Register Empty vector is called for Serial"
#endif
{
    224a:	1f 92       	push	r1
    224c:	0f 92       	push	r0
    224e:	0f b6       	in	r0, 0x3f	; 63
    2250:	0f 92       	push	r0
    2252:	11 24       	eor	r1, r1
    2254:	2f 93       	push	r18
    2256:	3f 93       	push	r19
    2258:	4f 93       	push	r20
    225a:	5f 93       	push	r21
    225c:	6f 93       	push	r22
    225e:	7f 93       	push	r23
    2260:	8f 93       	push	r24
    2262:	9f 93       	push	r25
    2264:	af 93       	push	r26
    2266:	bf 93       	push	r27
    2268:	ef 93       	push	r30
    226a:	ff 93       	push	r31
/home/oggy/.arduino15/packages/MiniCore/hardware/avr/3.1.1/cores/MCUdude_corefiles/HardwareSerial0.cpp:64
  Serial._tx_udr_empty_irq();
    226c:	8d e3       	ldi	r24, 0x3D	; 61
    226e:	96 e0       	ldi	r25, 0x06	; 6
    2270:	0e 94 4c 02 	call	0x498	; 0x498 <HardwareSerial::_tx_udr_empty_irq()>
/home/oggy/.arduino15/packages/MiniCore/hardware/avr/3.1.1/cores/MCUdude_corefiles/HardwareSerial0.cpp:65
}
    2274:	ff 91       	pop	r31
    2276:	ef 91       	pop	r30
    2278:	bf 91       	pop	r27
    227a:	af 91       	pop	r26
    227c:	9f 91       	pop	r25
    227e:	8f 91       	pop	r24
    2280:	7f 91       	pop	r23
    2282:	6f 91       	pop	r22
    2284:	5f 91       	pop	r21
    2286:	4f 91       	pop	r20
    2288:	3f 91       	pop	r19
    228a:	2f 91       	pop	r18
    228c:	0f 90       	pop	r0
    228e:	0f be       	out	0x3f, r0	; 63
    2290:	0f 90       	pop	r0
    2292:	1f 90       	pop	r1
    2294:	18 95       	reti

00002296 <__vector_18>:
__vector_18():
/home/oggy/.arduino15/packages/MiniCore/hardware/avr/3.1.1/cores/MCUdude_corefiles/HardwareSerial0.cpp:50
#elif defined(USART_RX_vect)
  ISR(USART_RX_vect)
#else
  #error "Don't know what the Data Received vector is called for Serial"
#endif
  {
    2296:	1f 92       	push	r1
    2298:	0f 92       	push	r0
    229a:	0f b6       	in	r0, 0x3f	; 63
    229c:	0f 92       	push	r0
    229e:	11 24       	eor	r1, r1
    22a0:	2f 93       	push	r18
    22a2:	8f 93       	push	r24
    22a4:	9f 93       	push	r25
    22a6:	ef 93       	push	r30
    22a8:	ff 93       	push	r31
_rx_complete_irq():
/home/oggy/.arduino15/packages/MiniCore/hardware/avr/3.1.1/cores/MCUdude_corefiles/HardwareSerial_private.h:100

// Actual interrupt handlers //////////////////////////////////////////////////////////////

void HardwareSerial::_rx_complete_irq(void)
{
  if (bit_is_clear(*_ucsra, UPE0)) {
    22aa:	e0 91 4d 06 	lds	r30, 0x064D	; 0x80064d <Serial+0x10>
    22ae:	f0 91 4e 06 	lds	r31, 0x064E	; 0x80064e <Serial+0x11>
    22b2:	80 81       	ld	r24, Z
    22b4:	e0 91 53 06 	lds	r30, 0x0653	; 0x800653 <Serial+0x16>
    22b8:	f0 91 54 06 	lds	r31, 0x0654	; 0x800654 <Serial+0x17>
    22bc:	82 fd       	sbrc	r24, 2
    22be:	1b c0       	rjmp	.+54     	; 0x22f6 <__vector_18+0x60>
/home/oggy/.arduino15/packages/MiniCore/hardware/avr/3.1.1/cores/MCUdude_corefiles/HardwareSerial_private.h:103
    // No Parity error, read byte and store it in the buffer if there is
    // room
    unsigned char c = *_udr;
    22c0:	90 81       	ld	r25, Z
/home/oggy/.arduino15/packages/MiniCore/hardware/avr/3.1.1/cores/MCUdude_corefiles/HardwareSerial_private.h:104
    rx_buffer_index_t i = (unsigned int)(_rx_buffer_head + 1) % SERIAL_RX_BUFFER_SIZE;
    22c2:	80 91 56 06 	lds	r24, 0x0656	; 0x800656 <Serial+0x19>
    22c6:	8f 5f       	subi	r24, 0xFF	; 255
    22c8:	8f 73       	andi	r24, 0x3F	; 63
/home/oggy/.arduino15/packages/MiniCore/hardware/avr/3.1.1/cores/MCUdude_corefiles/HardwareSerial_private.h:110

    // if we should be storing the received character into the location
    // just before the tail (meaning that the head would advance to the
    // current location of the tail), we're about to overflow the buffer
    // and so we don't write the character or advance the head.
    if (i != _rx_buffer_tail) {
    22ca:	20 91 57 06 	lds	r18, 0x0657	; 0x800657 <Serial+0x1a>
    22ce:	82 17       	cp	r24, r18
    22d0:	41 f0       	breq	.+16     	; 0x22e2 <__vector_18+0x4c>
/home/oggy/.arduino15/packages/MiniCore/hardware/avr/3.1.1/cores/MCUdude_corefiles/HardwareSerial_private.h:111
      _rx_buffer[_rx_buffer_head] = c;
    22d2:	e0 91 56 06 	lds	r30, 0x0656	; 0x800656 <Serial+0x19>
    22d6:	f0 e0       	ldi	r31, 0x00	; 0
    22d8:	e3 5c       	subi	r30, 0xC3	; 195
    22da:	f9 4f       	sbci	r31, 0xF9	; 249
    22dc:	95 8f       	std	Z+29, r25	; 0x1d
/home/oggy/.arduino15/packages/MiniCore/hardware/avr/3.1.1/cores/MCUdude_corefiles/HardwareSerial_private.h:112
      _rx_buffer_head = i;
    22de:	80 93 56 06 	sts	0x0656, r24	; 0x800656 <Serial+0x19>
__vector_18():
/home/oggy/.arduino15/packages/MiniCore/hardware/avr/3.1.1/cores/MCUdude_corefiles/HardwareSerial0.cpp:52
    Serial._rx_complete_irq();
  }
    22e2:	ff 91       	pop	r31
    22e4:	ef 91       	pop	r30
    22e6:	9f 91       	pop	r25
    22e8:	8f 91       	pop	r24
    22ea:	2f 91       	pop	r18
    22ec:	0f 90       	pop	r0
    22ee:	0f be       	out	0x3f, r0	; 63
    22f0:	0f 90       	pop	r0
    22f2:	1f 90       	pop	r1
    22f4:	18 95       	reti
_rx_complete_irq():
/home/oggy/.arduino15/packages/MiniCore/hardware/avr/3.1.1/cores/MCUdude_corefiles/HardwareSerial_private.h:116
    }
  } else {
    // Parity error, read byte but discard it
    *_udr;
    22f6:	80 81       	ld	r24, Z
    22f8:	f4 cf       	rjmp	.-24     	; 0x22e2 <__vector_18+0x4c>

000022fa <global constructors keyed to 65535_0_padrack.cpp.o.3008>:
_GLOBAL__I_65535_0_padrack.cpp.o.3008():
    22fa:	ed e3       	ldi	r30, 0x3D	; 61
    22fc:	f6 e0       	ldi	r31, 0x06	; 6
    22fe:	13 82       	std	Z+3, r1	; 0x03
    2300:	12 82       	std	Z+2, r1	; 0x02
    2302:	88 ee       	ldi	r24, 0xE8	; 232
    2304:	93 e0       	ldi	r25, 0x03	; 3
    2306:	a0 e0       	ldi	r26, 0x00	; 0
    2308:	b0 e0       	ldi	r27, 0x00	; 0
    230a:	84 83       	std	Z+4, r24	; 0x04
    230c:	95 83       	std	Z+5, r25	; 0x05
    230e:	a6 83       	std	Z+6, r26	; 0x06
    2310:	b7 83       	std	Z+7, r27	; 0x07
    2312:	84 e3       	ldi	r24, 0x34	; 52
    2314:	91 e0       	ldi	r25, 0x01	; 1
    2316:	91 83       	std	Z+1, r25	; 0x01
    2318:	80 83       	st	Z, r24
    231a:	85 ec       	ldi	r24, 0xC5	; 197
    231c:	90 e0       	ldi	r25, 0x00	; 0
    231e:	95 87       	std	Z+13, r25	; 0x0d
    2320:	84 87       	std	Z+12, r24	; 0x0c
    2322:	84 ec       	ldi	r24, 0xC4	; 196
    2324:	90 e0       	ldi	r25, 0x00	; 0
    2326:	97 87       	std	Z+15, r25	; 0x0f
    2328:	86 87       	std	Z+14, r24	; 0x0e
    232a:	80 ec       	ldi	r24, 0xC0	; 192
    232c:	90 e0       	ldi	r25, 0x00	; 0
    232e:	91 8b       	std	Z+17, r25	; 0x11
    2330:	80 8b       	std	Z+16, r24	; 0x10
    2332:	81 ec       	ldi	r24, 0xC1	; 193
    2334:	90 e0       	ldi	r25, 0x00	; 0
    2336:	93 8b       	std	Z+19, r25	; 0x13
    2338:	82 8b       	std	Z+18, r24	; 0x12
    233a:	82 ec       	ldi	r24, 0xC2	; 194
    233c:	90 e0       	ldi	r25, 0x00	; 0
    233e:	95 8b       	std	Z+21, r25	; 0x15
    2340:	84 8b       	std	Z+20, r24	; 0x14
    2342:	86 ec       	ldi	r24, 0xC6	; 198
    2344:	90 e0       	ldi	r25, 0x00	; 0
    2346:	97 8b       	std	Z+23, r25	; 0x17
    2348:	86 8b       	std	Z+22, r24	; 0x16
    234a:	11 8e       	std	Z+25, r1	; 0x19
    234c:	12 8e       	std	Z+26, r1	; 0x1a
    234e:	13 8e       	std	Z+27, r1	; 0x1b
    2350:	14 8e       	std	Z+28, r1	; 0x1c
    2352:	60 91 1a 01 	lds	r22, 0x011A	; 0x80011a <pulseForFiveRupeeNote>
    2356:	70 91 1b 01 	lds	r23, 0x011B	; 0x80011b <pulseForFiveRupeeNote+0x1>
    235a:	07 2e       	mov	r0, r23
    235c:	00 0c       	add	r0, r0
    235e:	88 0b       	sbc	r24, r24
    2360:	99 0b       	sbc	r25, r25
    2362:	0e 94 71 1e 	call	0x3ce2	; 0x3ce2 <__floatsisf>
    2366:	9b 01       	movw	r18, r22
    2368:	ac 01       	movw	r20, r24
    236a:	60 e0       	ldi	r22, 0x00	; 0
    236c:	70 e0       	ldi	r23, 0x00	; 0
    236e:	80 ea       	ldi	r24, 0xA0	; 160
    2370:	90 e4       	ldi	r25, 0x40	; 64
    2372:	0e 94 b7 1f 	call	0x3f6e	; 0x3f6e <__divsf3>
    2376:	60 93 1a 07 	sts	0x071A, r22	; 0x80071a <cashPulseFactor>
    237a:	70 93 1b 07 	sts	0x071B, r23	; 0x80071b <cashPulseFactor+0x1>
    237e:	80 93 1c 07 	sts	0x071C, r24	; 0x80071c <cashPulseFactor+0x2>
    2382:	90 93 1d 07 	sts	0x071D, r25	; 0x80071d <cashPulseFactor+0x3>
    2386:	ea e0       	ldi	r30, 0x0A	; 10
    2388:	f7 e0       	ldi	r31, 0x07	; 7
    238a:	82 e5       	ldi	r24, 0x52	; 82
    238c:	91 e0       	ldi	r25, 0x01	; 1
    238e:	91 83       	std	Z+1, r25	; 0x01
    2390:	80 83       	st	Z, r24
    2392:	8a e0       	ldi	r24, 0x0A	; 10
    2394:	86 87       	std	Z+14, r24	; 0x0e
    2396:	82 e0       	ldi	r24, 0x02	; 2
    2398:	87 87       	std	Z+15, r24	; 0x0f
    239a:	e2 ef       	ldi	r30, 0xF2	; 242
    239c:	f6 e0       	ldi	r31, 0x06	; 6
    239e:	13 82       	std	Z+3, r1	; 0x03
    23a0:	12 82       	std	Z+2, r1	; 0x02
    23a2:	86 e4       	ldi	r24, 0x46	; 70
    23a4:	91 e0       	ldi	r25, 0x01	; 1
    23a6:	91 83       	std	Z+1, r25	; 0x01
    23a8:	80 83       	st	Z, r24
    23aa:	84 e0       	ldi	r24, 0x04	; 4
    23ac:	84 83       	std	Z+4, r24	; 0x04
    23ae:	8f ef       	ldi	r24, 0xFF	; 255
    23b0:	85 83       	std	Z+5, r24	; 0x05
    23b2:	85 e0       	ldi	r24, 0x05	; 5
    23b4:	86 83       	std	Z+6, r24	; 0x06
    23b6:	86 e0       	ldi	r24, 0x06	; 6
    23b8:	87 83       	std	Z+7, r24	; 0x07
    23ba:	87 e0       	ldi	r24, 0x07	; 7
    23bc:	80 87       	std	Z+8, r24	; 0x08
    23be:	88 e0       	ldi	r24, 0x08	; 8
    23c0:	81 87       	std	Z+9, r24	; 0x09
    23c2:	89 e0       	ldi	r24, 0x09	; 9
    23c4:	82 87       	std	Z+10, r24	; 0x0a
    23c6:	13 86       	std	Z+11, r1	; 0x0b
    23c8:	14 86       	std	Z+12, r1	; 0x0c
    23ca:	15 86       	std	Z+13, r1	; 0x0d
    23cc:	16 86       	std	Z+14, r1	; 0x0e
    23ce:	17 86       	std	Z+15, r1	; 0x0f
    23d0:	81 e0       	ldi	r24, 0x01	; 1
    23d2:	0e 94 85 03 	call	0x70a	; 0x70a <LiquidCrystal::begin(unsigned char, unsigned char, unsigned char) [clone .constprop.45]>
    23d6:	ea ed       	ldi	r30, 0xDA	; 218
    23d8:	f6 e0       	ldi	r31, 0x06	; 6
    23da:	11 82       	std	Z+1, r1	; 0x01
    23dc:	10 82       	st	Z, r1
    23de:	15 82       	std	Z+5, r1	; 0x05
    23e0:	14 82       	std	Z+4, r1	; 0x04
    23e2:	11 86       	std	Z+9, r1	; 0x09
    23e4:	10 86       	std	Z+8, r1	; 0x08
    23e6:	15 86       	std	Z+13, r1	; 0x0d
    23e8:	14 86       	std	Z+12, r1	; 0x0c
    23ea:	11 8a       	std	Z+17, r1	; 0x11
    23ec:	10 8a       	std	Z+16, r1	; 0x10
    23ee:	15 8a       	std	Z+21, r1	; 0x15
    23f0:	14 8a       	std	Z+20, r1	; 0x14
    23f2:	08 95       	ret

000023f4 <main>:
main():
/home/oggy/.arduino15/packages/MiniCore/hardware/avr/3.1.1/cores/MCUdude_corefiles/main.cpp:34

//void setupUSB() __attribute__((weak));
//void setupUSB() { }

int main(void)
{
    23f4:	cf 93       	push	r28
    23f6:	df 93       	push	r29
    23f8:	cd b7       	in	r28, 0x3d	; 61
    23fa:	de b7       	in	r29, 0x3e	; 62
    23fc:	68 97       	sbiw	r28, 0x18	; 24
    23fe:	0f b6       	in	r0, 0x3f	; 63
    2400:	f8 94       	cli
    2402:	de bf       	out	0x3e, r29	; 62
    2404:	0f be       	out	0x3f, r0	; 63
    2406:	cd bf       	out	0x3d, r28	; 61
init():
/home/oggy/.arduino15/packages/MiniCore/hardware/avr/3.1.1/cores/MCUdude_corefiles/wiring.c:945

void init()
{
  // this needs to be called before setup() or some functions won't
  // work there
  sei();
    2408:	78 94       	sei
/home/oggy/.arduino15/packages/MiniCore/hardware/avr/3.1.1/cores/MCUdude_corefiles/wiring.c:957

  // On the ATmega168, timer 0 is also used for fast hardware pwm
  // (using phase-correct PWM would mean that timer 0 overflowed half as often
  // resulting in different millis() behavior on the ATmega8 and ATmega168)
#if defined(TCCR0A) && defined(WGM01)
  TCCR0A |= _BV(WGM01) | _BV(WGM00);
    240a:	84 b5       	in	r24, 0x24	; 36
    240c:	83 60       	ori	r24, 0x03	; 3
    240e:	84 bd       	out	0x24, r24	; 36
/home/oggy/.arduino15/packages/MiniCore/hardware/avr/3.1.1/cores/MCUdude_corefiles/wiring.c:972
  #if defined(WGM00) && defined(WGM01) // The ATmega8 doesn't have WGM00 and WGM01
    TCCR0 |= _BV(WGM01) | _BV(WGM00);
  #endif
#elif defined(TCCR0B) && defined(CS01) && defined(CS00)
  // This combination is for the standard 168/328/640/1280/1281/2560/2561
  TCCR0B |= _BV(CS01) | _BV(CS00);
    2410:	85 b5       	in	r24, 0x25	; 37
    2412:	83 60       	ori	r24, 0x03	; 3
    2414:	85 bd       	out	0x25, r24	; 37
/home/oggy/.arduino15/packages/MiniCore/hardware/avr/3.1.1/cores/MCUdude_corefiles/wiring.c:984

// Enable timer 0 overflow interrupt
#if defined(TIMSK) && defined(TOIE0)
  TIMSK |= _BV(TOIE0);
#elif defined(TIMSK0) && defined(TOIE0)
  TIMSK0 |= _BV(TOIE0);
    2416:	80 91 6e 00 	lds	r24, 0x006E	; 0x80006e <__DATA_REGION_ORIGIN__+0xe>
    241a:	81 60       	ori	r24, 0x01	; 1
    241c:	80 93 6e 00 	sts	0x006E, r24	; 0x80006e <__DATA_REGION_ORIGIN__+0xe>
/home/oggy/.arduino15/packages/MiniCore/hardware/avr/3.1.1/cores/MCUdude_corefiles/wiring.c:995
// this is better for motors as it ensures an even waveform
// note, however, that fast pwm mode can achieve a frequency of up
// 8 MHz (with a 16 MHz clock) at 50% duty cycle

#if defined(TCCR1B) && defined(CS11) && defined(CS10)
  TCCR1B = _BV(CS11); // Set timer 1 prescale factor to 64
    2420:	92 e0       	ldi	r25, 0x02	; 2
    2422:	90 93 81 00 	sts	0x0081, r25	; 0x800081 <__DATA_REGION_ORIGIN__+0x21>
/home/oggy/.arduino15/packages/MiniCore/hardware/avr/3.1.1/cores/MCUdude_corefiles/wiring.c:997
#if F_CPU >= 8000000L
  TCCR1B |= _BV(CS10);
    2426:	80 91 81 00 	lds	r24, 0x0081	; 0x800081 <__DATA_REGION_ORIGIN__+0x21>
    242a:	81 60       	ori	r24, 0x01	; 1
    242c:	80 93 81 00 	sts	0x0081, r24	; 0x800081 <__DATA_REGION_ORIGIN__+0x21>
/home/oggy/.arduino15/packages/MiniCore/hardware/avr/3.1.1/cores/MCUdude_corefiles/wiring.c:1006
#if F_CPU >= 8000000L
  TCCR1 |= _BV(CS10);
#endif
#endif
#if defined(TCCR1A) && defined(WGM10)
  TCCR1A |= _BV(WGM10); // Put timer 1 in 8-bit phase correct pwm mode
    2430:	80 91 80 00 	lds	r24, 0x0080	; 0x800080 <__DATA_REGION_ORIGIN__+0x20>
    2434:	81 60       	ori	r24, 0x01	; 1
    2436:	80 93 80 00 	sts	0x0080, r24	; 0x800080 <__DATA_REGION_ORIGIN__+0x20>
/home/oggy/.arduino15/packages/MiniCore/hardware/avr/3.1.1/cores/MCUdude_corefiles/wiring.c:1013

// Set timer 2 prescale factor to 64
#if defined(TCCR2) && defined(CS22)
  TCCR2 |= _BV(CS22);
#elif defined(TCCR2B) && defined(CS22)
  TCCR2B |= _BV(CS22);
    243a:	80 91 b1 00 	lds	r24, 0x00B1	; 0x8000b1 <__DATA_REGION_ORIGIN__+0x51>
    243e:	84 60       	ori	r24, 0x04	; 4
    2440:	80 93 b1 00 	sts	0x00B1, r24	; 0x8000b1 <__DATA_REGION_ORIGIN__+0x51>
/home/oggy/.arduino15/packages/MiniCore/hardware/avr/3.1.1/cores/MCUdude_corefiles/wiring.c:1022

// Configure timer 2 for phase correct pwm (8-bit)
#if defined(TCCR2) && defined(WGM20)
  TCCR2 |= _BV(WGM20);
#elif defined(TCCR2A) && defined(WGM20)
  TCCR2A |= _BV(WGM20);
    2444:	80 91 b0 00 	lds	r24, 0x00B0	; 0x8000b0 <__DATA_REGION_ORIGIN__+0x50>
    2448:	81 60       	ori	r24, 0x01	; 1
    244a:	80 93 b0 00 	sts	0x00B0, r24	; 0x8000b0 <__DATA_REGION_ORIGIN__+0x50>
/home/oggy/.arduino15/packages/MiniCore/hardware/avr/3.1.1/cores/MCUdude_corefiles/wiring.c:1050
#endif

#if defined(ADCSRA)
  // set a2d prescaler so we are inside the desired 50-200 KHz range.
  #if F_CPU >= 16000000 // 16 MHz / 128 = 125 KHz
    ADCSRA = _BV(ADPS2) | _BV(ADPS1) | _BV(ADPS0) | _BV(ADEN);
    244e:	87 e8       	ldi	r24, 0x87	; 135
    2450:	80 93 7a 00 	sts	0x007A, r24	; 0x80007a <__DATA_REGION_ORIGIN__+0x1a>
/home/oggy/.arduino15/packages/MiniCore/hardware/avr/3.1.1/cores/MCUdude_corefiles/wiring.c:1070
  // here so they can be used as normal digital i/o; they will be
  // reconnected in Serial.begin()
#if defined(UCSRB)
  UCSRB = 0;
#elif defined(UCSR0B)
  UCSR0B = 0;
    2454:	10 92 c1 00 	sts	0x00C1, r1	; 0x8000c1 <__DATA_REGION_ORIGIN__+0x61>
begin():
/home/oggy/.arduino15/packages/MiniCore/hardware/avr/3.1.1/cores/MCUdude_corefiles/HardwareSerial.cpp:121

void HardwareSerial::begin(unsigned long baud, byte config)
{
  // Try u2x mode first
  uint16_t baud_setting = (F_CPU / 4 / baud - 1) / 2;
  *_ucsra = 1 << U2X0;
    2458:	e0 91 4d 06 	lds	r30, 0x064D	; 0x80064d <Serial+0x10>
    245c:	f0 91 4e 06 	lds	r31, 0x064E	; 0x80064e <Serial+0x11>
    2460:	90 83       	st	Z, r25
/home/oggy/.arduino15/packages/MiniCore/hardware/avr/3.1.1/cores/MCUdude_corefiles/HardwareSerial.cpp:135
    *_ucsra = 0;
    baud_setting = (F_CPU / 8 / baud - 1) / 2;
  }

  // assign the baud_setting, a.k.a. ubrr (USART Baud Rate Register)
  *_ubrrh = baud_setting >> 8;
    2462:	e0 91 49 06 	lds	r30, 0x0649	; 0x800649 <Serial+0xc>
    2466:	f0 91 4a 06 	lds	r31, 0x064A	; 0x80064a <Serial+0xd>
    246a:	10 82       	st	Z, r1
/home/oggy/.arduino15/packages/MiniCore/hardware/avr/3.1.1/cores/MCUdude_corefiles/HardwareSerial.cpp:136
  *_ubrrl = baud_setting;
    246c:	e0 91 4b 06 	lds	r30, 0x064B	; 0x80064b <Serial+0xe>
    2470:	f0 91 4c 06 	lds	r31, 0x064C	; 0x80064c <Serial+0xf>
    2474:	8f ec       	ldi	r24, 0xCF	; 207
    2476:	80 83       	st	Z, r24
/home/oggy/.arduino15/packages/MiniCore/hardware/avr/3.1.1/cores/MCUdude_corefiles/HardwareSerial.cpp:138

  _written = false;
    2478:	10 92 55 06 	sts	0x0655, r1	; 0x800655 <Serial+0x18>
/home/oggy/.arduino15/packages/MiniCore/hardware/avr/3.1.1/cores/MCUdude_corefiles/HardwareSerial.cpp:146
#if defined(__AVR_ATmega8__) || defined(__AVR_ATmega8515__) || defined(__AVR_ATmega162__) \
|| defined(__AVR_ATmega8535__) || defined(__AVR_ATmega16__)|| defined(__AVR_ATmega32__)   \
|| defined(__AVR_ATmega162__)
  config |= 0x80; // select UCSRC register (shared with UBRRH)
#endif
  *_ucsrc = config;
    247c:	e0 91 51 06 	lds	r30, 0x0651	; 0x800651 <Serial+0x14>
    2480:	f0 91 52 06 	lds	r31, 0x0652	; 0x800652 <Serial+0x15>
    2484:	86 e0       	ldi	r24, 0x06	; 6
    2486:	80 83       	st	Z, r24
/home/oggy/.arduino15/packages/MiniCore/hardware/avr/3.1.1/cores/MCUdude_corefiles/HardwareSerial.cpp:148
  
  *_ucsrb |= _BV(RXEN0) | _BV(TXEN0) | _BV(RXCIE0);
    2488:	e0 91 4f 06 	lds	r30, 0x064F	; 0x80064f <Serial+0x12>
    248c:	f0 91 50 06 	lds	r31, 0x0650	; 0x800650 <Serial+0x13>
    2490:	80 81       	ld	r24, Z
    2492:	88 69       	ori	r24, 0x98	; 152
    2494:	80 83       	st	Z, r24
/home/oggy/.arduino15/packages/MiniCore/hardware/avr/3.1.1/cores/MCUdude_corefiles/HardwareSerial.cpp:149
  *_ucsrb &= ~_BV(UDRIE0);
    2496:	e0 91 4f 06 	lds	r30, 0x064F	; 0x80064f <Serial+0x12>
    249a:	f0 91 50 06 	lds	r31, 0x0650	; 0x800650 <Serial+0x13>
    249e:	80 81       	ld	r24, Z
    24a0:	8f 7d       	andi	r24, 0xDF	; 223
    24a2:	80 83       	st	Z, r24
setup():
/home/oggy/Documents/arduinoprojects/padright_v1.5.1/padright_v1.5.1.ino:128
  0b00000
};

void setup() {
  Serial.begin(9600);
  lcd.begin(16, 2);  // initialize the lcd
    24a4:	82 e0       	ldi	r24, 0x02	; 2
    24a6:	0e 94 85 03 	call	0x70a	; 0x70a <LiquidCrystal::begin(unsigned char, unsigned char, unsigned char) [clone .constprop.45]>
createChar():
/home/oggy/Arduino/libraries/LiquidCrystal/src/LiquidCrystal.cpp:267

// Allows us to fill the first 8 CGRAM locations
// with custom characters
void LiquidCrystal::createChar(uint8_t location, uint8_t charmap[]) {
  location &= 0x7; // we only have 8 locations 0-7
  command(LCD_SETCGRAMADDR | (location << 3));
    24aa:	80 e4       	ldi	r24, 0x40	; 64
    24ac:	0e 94 78 03 	call	0x6f0	; 0x6f0 <LiquidCrystal::command(unsigned char) [clone .constprop.48]>
    24b0:	04 e0       	ldi	r16, 0x04	; 4
    24b2:	11 e0       	ldi	r17, 0x01	; 1
    24b4:	5c e0       	ldi	r21, 0x0C	; 12
    24b6:	e5 2e       	mov	r14, r21
    24b8:	51 e0       	ldi	r21, 0x01	; 1
    24ba:	f5 2e       	mov	r15, r21
/home/oggy/Arduino/libraries/LiquidCrystal/src/LiquidCrystal.cpp:269
  for (int i=0; i<8; i++) {
    write(charmap[i]);
    24bc:	f8 01       	movw	r30, r16
    24be:	61 91       	ld	r22, Z+
    24c0:	8f 01       	movw	r16, r30
    24c2:	82 ef       	ldi	r24, 0xF2	; 242
    24c4:	96 e0       	ldi	r25, 0x06	; 6
    24c6:	0e 94 36 04 	call	0x86c	; 0x86c <LiquidCrystal::write(unsigned char)>
/home/oggy/Arduino/libraries/LiquidCrystal/src/LiquidCrystal.cpp:268
// Allows us to fill the first 8 CGRAM locations
// with custom characters
void LiquidCrystal::createChar(uint8_t location, uint8_t charmap[]) {
  location &= 0x7; // we only have 8 locations 0-7
  command(LCD_SETCGRAMADDR | (location << 3));
  for (int i=0; i<8; i++) {
    24ca:	e0 16       	cp	r14, r16
    24cc:	f1 06       	cpc	r15, r17
    24ce:	b1 f7       	brne	.-20     	; 0x24bc <main+0xc8>
readFromEEPROM():
/home/oggy/Documents/arduinoprojects/padright_v1.5.1/padright_v1.5.1.ino:547
  } else if (status == 'w') {
    EEPROM.put(cashWaitTimeAddress, cashWaitTime);
  }
}
void readFromEEPROM() {
  padAmount = EEPROM.read(maxPadAddress);
    24d0:	8f e0       	ldi	r24, 0x0F	; 15
    24d2:	90 e0       	ldi	r25, 0x00	; 0
    24d4:	0e 94 82 0e 	call	0x1d04	; 0x1d04 <EEPROMClass::read(int) [clone .isra.0]>
    24d8:	90 e0       	ldi	r25, 0x00	; 0
    24da:	90 93 11 01 	sts	0x0111, r25	; 0x800111 <padAmount+0x1>
    24de:	80 93 10 01 	sts	0x0110, r24	; 0x800110 <padAmount>
/home/oggy/Documents/arduinoprojects/padright_v1.5.1/padright_v1.5.1.ino:548
  mType = EEPROM.read(mTypeAddress);
    24e2:	89 e1       	ldi	r24, 0x19	; 25
    24e4:	90 e0       	ldi	r25, 0x00	; 0
    24e6:	0e 94 82 0e 	call	0x1d04	; 0x1d04 <EEPROMClass::read(int) [clone .isra.0]>
    24ea:	80 93 1d 06 	sts	0x061D, r24	; 0x80061d <mType>
/home/oggy/Documents/arduinoprojects/padright_v1.5.1/padright_v1.5.1.ino:549
  maxRack = EEPROM.read(maxRackAddress);  /// upper three variable must be read first
    24ee:	8e e1       	ldi	r24, 0x1E	; 30
    24f0:	90 e0       	ldi	r25, 0x00	; 0
    24f2:	0e 94 82 0e 	call	0x1d04	; 0x1d04 <EEPROMClass::read(int) [clone .isra.0]>
    24f6:	80 93 0f 01 	sts	0x010F, r24	; 0x80010f <maxRack>
readIntFromEEPROM():
/home/oggy/Documents/arduinoprojects/padright_v1.5.1/padright_v1.5.1.ino:594
void writeIntIntoEEPROM(int address, int number) {
  EEPROM.write(address, number >> 8);
  EEPROM.write(address + 1, number & 0xFF);
}
int readIntFromEEPROM(int address) {
  return (EEPROM.read(address) << 8) + EEPROM.read(address + 1);
    24fa:	8a e0       	ldi	r24, 0x0A	; 10
    24fc:	90 e0       	ldi	r25, 0x00	; 0
    24fe:	0e 94 82 0e 	call	0x1d04	; 0x1d04 <EEPROMClass::read(int) [clone .isra.0]>
    2502:	18 2f       	mov	r17, r24
    2504:	8b e0       	ldi	r24, 0x0B	; 11
    2506:	90 e0       	ldi	r25, 0x00	; 0
    2508:	0e 94 82 0e 	call	0x1d04	; 0x1d04 <EEPROMClass::read(int) [clone .isra.0]>
    250c:	21 2f       	mov	r18, r17
    250e:	30 e0       	ldi	r19, 0x00	; 0
    2510:	32 2f       	mov	r19, r18
    2512:	22 27       	eor	r18, r18
    2514:	82 0f       	add	r24, r18
    2516:	93 2f       	mov	r25, r19
    2518:	91 1d       	adc	r25, r1
readFromEEPROM():
/home/oggy/Documents/arduinoprojects/padright_v1.5.1/padright_v1.5.1.ino:550
}
void readFromEEPROM() {
  padAmount = EEPROM.read(maxPadAddress);
  mType = EEPROM.read(mTypeAddress);
  maxRack = EEPROM.read(maxRackAddress);  /// upper three variable must be read first
  motorTimeVariable = readIntFromEEPROM(motorTimeAddress);
    251a:	90 93 0e 01 	sts	0x010E, r25	; 0x80010e <motorTimeVariable+0x1>
    251e:	80 93 0d 01 	sts	0x010D, r24	; 0x80010d <motorTimeVariable>
/home/oggy/Documents/arduinoprojects/padright_v1.5.1/padright_v1.5.1.ino:551
  EEPROM.get(cashLimitAddress, CASH_LIMIT);
    2522:	66 e1       	ldi	r22, 0x16	; 22
    2524:	71 e0       	ldi	r23, 0x01	; 1
    2526:	83 e2       	ldi	r24, 0x23	; 35
    2528:	90 e0       	ldi	r25, 0x00	; 0
    252a:	0e 94 6e 0e 	call	0x1cdc	; 0x1cdc <int& EEPROMClass::get<int>(int, int&) [clone .isra.10]>
/home/oggy/Documents/arduinoprojects/padright_v1.5.1/padright_v1.5.1.ino:552
  if (CASH_LIMIT % FIVE_RUPEES != 0 || CASH_LIMIT > MAX_CASH_LIMIT) {
    252e:	20 91 16 01 	lds	r18, 0x0116	; 0x800116 <CASH_LIMIT>
    2532:	30 91 17 01 	lds	r19, 0x0117	; 0x800117 <CASH_LIMIT+0x1>
    2536:	c9 01       	movw	r24, r18
    2538:	65 e0       	ldi	r22, 0x05	; 5
    253a:	70 e0       	ldi	r23, 0x00	; 0
    253c:	0e 94 5f 20 	call	0x40be	; 0x40be <__divmodhi4>
    2540:	89 2b       	or	r24, r25
    2542:	19 f4       	brne	.+6      	; 0x254a <main+0x156>
    2544:	2b 3f       	cpi	r18, 0xFB	; 251
    2546:	31 05       	cpc	r19, r1
    2548:	7c f0       	brlt	.+30     	; 0x2568 <main+0x174>
/home/oggy/Documents/arduinoprojects/padright_v1.5.1/padright_v1.5.1.ino:553
    CASH_LIMIT = DEFAULT_CASH_LIMIT;
    254a:	84 e1       	ldi	r24, 0x14	; 20
    254c:	90 e0       	ldi	r25, 0x00	; 0
    254e:	90 93 17 01 	sts	0x0117, r25	; 0x800117 <CASH_LIMIT+0x1>
    2552:	80 93 16 01 	sts	0x0116, r24	; 0x800116 <CASH_LIMIT>
/home/oggy/Documents/arduinoprojects/padright_v1.5.1/padright_v1.5.1.ino:554
    EEPROM.put(cashLimitAddress, DEFAULT_CASH_LIMIT);
    2556:	9a 83       	std	Y+2, r25	; 0x02
    2558:	89 83       	std	Y+1, r24	; 0x01
    255a:	be 01       	movw	r22, r28
    255c:	6f 5f       	subi	r22, 0xFF	; 255
    255e:	7f 4f       	sbci	r23, 0xFF	; 255
    2560:	83 e2       	ldi	r24, 0x23	; 35
    2562:	90 e0       	ldi	r25, 0x00	; 0
    2564:	0e 94 84 0e 	call	0x1d08	; 0x1d08 <int const& EEPROMClass::put<int>(int, int const&) [clone .isra.7]>
/home/oggy/Documents/arduinoprojects/padright_v1.5.1/padright_v1.5.1.ino:557
  }

  EEPROM.get(pulseForFiveRupeeNoteAddress, pulseForFiveRupeeNote);
    2568:	6a e1       	ldi	r22, 0x1A	; 26
    256a:	71 e0       	ldi	r23, 0x01	; 1
    256c:	88 e2       	ldi	r24, 0x28	; 40
    256e:	90 e0       	ldi	r25, 0x00	; 0
    2570:	0e 94 6e 0e 	call	0x1cdc	; 0x1cdc <int& EEPROMClass::get<int>(int, int&) [clone .isra.10]>
/home/oggy/Documents/arduinoprojects/padright_v1.5.1/padright_v1.5.1.ino:560
  bool valid = false;
  for (int i = 0; i < 4; i++) {
    if (pulseForFiveRupeeNote == availablePulses[i]) {
    2574:	80 91 1a 01 	lds	r24, 0x011A	; 0x80011a <pulseForFiveRupeeNote>
    2578:	90 91 1b 01 	lds	r25, 0x011B	; 0x80011b <pulseForFiveRupeeNote+0x1>
    257c:	9c 01       	movw	r18, r24
    257e:	21 50       	subi	r18, 0x01	; 1
    2580:	31 09       	sbc	r19, r1
    2582:	22 30       	cpi	r18, 0x02	; 2
    2584:	31 05       	cpc	r19, r1
    2586:	a8 f0       	brcs	.+42     	; 0x25b2 <main+0x1be>
    2588:	85 30       	cpi	r24, 0x05	; 5
    258a:	91 05       	cpc	r25, r1
    258c:	91 f0       	breq	.+36     	; 0x25b2 <main+0x1be>
    258e:	0a 97       	sbiw	r24, 0x0a	; 10
    2590:	81 f0       	breq	.+32     	; 0x25b2 <main+0x1be>
/home/oggy/Documents/arduinoprojects/padright_v1.5.1/padright_v1.5.1.ino:566
      valid = true;
      break;
    }
  }
  if (!valid) {
    pulseForFiveRupeeNote = availablePulses[0];
    2592:	81 e0       	ldi	r24, 0x01	; 1
    2594:	90 e0       	ldi	r25, 0x00	; 0
    2596:	90 93 1b 01 	sts	0x011B, r25	; 0x80011b <pulseForFiveRupeeNote+0x1>
    259a:	80 93 1a 01 	sts	0x011A, r24	; 0x80011a <pulseForFiveRupeeNote>
writeIntIntoEEPROM():
/home/oggy/Documents/arduinoprojects/padright_v1.5.1/padright_v1.5.1.ino:590
    rack[i].setMaxQuantity(maxRackCapacity);
  }
}

void writeIntIntoEEPROM(int address, int number) {
  EEPROM.write(address, number >> 8);
    259e:	60 e0       	ldi	r22, 0x00	; 0
    25a0:	88 e2       	ldi	r24, 0x28	; 40
    25a2:	90 e0       	ldi	r25, 0x00	; 0
    25a4:	0e 94 a8 0e 	call	0x1d50	; 0x1d50 <EEPROMClass::write(int, unsigned char) [clone .isra.1]>
/home/oggy/Documents/arduinoprojects/padright_v1.5.1/padright_v1.5.1.ino:591
  EEPROM.write(address + 1, number & 0xFF);
    25a8:	61 e0       	ldi	r22, 0x01	; 1
    25aa:	89 e2       	ldi	r24, 0x29	; 41
    25ac:	90 e0       	ldi	r25, 0x00	; 0
    25ae:	0e 94 a8 0e 	call	0x1d50	; 0x1d50 <EEPROMClass::write(int, unsigned char) [clone .isra.1]>
readFromEEPROM():
/home/oggy/Documents/arduinoprojects/padright_v1.5.1/padright_v1.5.1.ino:570
  if (!valid) {
    pulseForFiveRupeeNote = availablePulses[0];
    writeIntIntoEEPROM(pulseForFiveRupeeNoteAddress, pulseForFiveRupeeNote);
  }
  // to update cashPulseFactor
  cashPulseFactor = (float)(5.0 / pulseForFiveRupeeNote);
    25b2:	60 91 1a 01 	lds	r22, 0x011A	; 0x80011a <pulseForFiveRupeeNote>
    25b6:	70 91 1b 01 	lds	r23, 0x011B	; 0x80011b <pulseForFiveRupeeNote+0x1>
    25ba:	07 2e       	mov	r0, r23
    25bc:	00 0c       	add	r0, r0
    25be:	88 0b       	sbc	r24, r24
    25c0:	99 0b       	sbc	r25, r25
    25c2:	0e 94 71 1e 	call	0x3ce2	; 0x3ce2 <__floatsisf>
    25c6:	9b 01       	movw	r18, r22
    25c8:	ac 01       	movw	r20, r24
    25ca:	60 e0       	ldi	r22, 0x00	; 0
    25cc:	70 e0       	ldi	r23, 0x00	; 0
    25ce:	80 ea       	ldi	r24, 0xA0	; 160
    25d0:	90 e4       	ldi	r25, 0x40	; 64
    25d2:	0e 94 b7 1f 	call	0x3f6e	; 0x3f6e <__divsf3>
    25d6:	60 93 1a 07 	sts	0x071A, r22	; 0x80071a <cashPulseFactor>
    25da:	70 93 1b 07 	sts	0x071B, r23	; 0x80071b <cashPulseFactor+0x1>
    25de:	80 93 1c 07 	sts	0x071C, r24	; 0x80071c <cashPulseFactor+0x2>
    25e2:	90 93 1d 07 	sts	0x071D, r25	; 0x80071d <cashPulseFactor+0x3>
/home/oggy/Documents/arduinoprojects/padright_v1.5.1/padright_v1.5.1.ino:571
  EEPROM.get(cashWaitTimeAddress, cashWaitTime);
    25e6:	68 e1       	ldi	r22, 0x18	; 24
    25e8:	71 e0       	ldi	r23, 0x01	; 1
    25ea:	8d e2       	ldi	r24, 0x2D	; 45
    25ec:	90 e0       	ldi	r25, 0x00	; 0
    25ee:	0e 94 6e 0e 	call	0x1cdc	; 0x1cdc <int& EEPROMClass::get<int>(int, int&) [clone .isra.10]>
/home/oggy/Documents/arduinoprojects/padright_v1.5.1/padright_v1.5.1.ino:576
  if (cashWaitTime > MAX_CASH_WAIT_TIME && cashWaitTime <= 0) {
    cashWaitTime = 5000;
    EEPROM.put(cashWaitTimeAddress, cashWaitTime);
  }
  if (motorTimeVariable == -1)
    25f2:	80 91 0d 01 	lds	r24, 0x010D	; 0x80010d <motorTimeVariable>
    25f6:	90 91 0e 01 	lds	r25, 0x010E	; 0x80010e <motorTimeVariable+0x1>
    25fa:	01 96       	adiw	r24, 0x01	; 1
    25fc:	21 f4       	brne	.+8      	; 0x2606 <main+0x212>
/home/oggy/Documents/arduinoprojects/padright_v1.5.1/padright_v1.5.1.ino:577
    motorTimeVariable = 0;
    25fe:	10 92 0e 01 	sts	0x010E, r1	; 0x80010e <motorTimeVariable+0x1>
    2602:	10 92 0d 01 	sts	0x010D, r1	; 0x80010d <motorTimeVariable>
/home/oggy/Documents/arduinoprojects/padright_v1.5.1/padright_v1.5.1.ino:578
  for (int i = 0; i < maxRack; i++) {
    2606:	00 91 0f 01 	lds	r16, 0x010F	; 0x80010f <maxRack>
    260a:	10 e0       	ldi	r17, 0x00	; 0
    260c:	9a ed       	ldi	r25, 0xDA	; 218
    260e:	e9 2e       	mov	r14, r25
    2610:	96 e0       	ldi	r25, 0x06	; 6
    2612:	f9 2e       	mov	r15, r25
    2614:	22 e2       	ldi	r18, 0x22	; 34
    2616:	c2 2e       	mov	r12, r18
    2618:	21 e0       	ldi	r18, 0x01	; 1
    261a:	d2 2e       	mov	r13, r18
    261c:	c6 01       	movw	r24, r12
    261e:	82 52       	subi	r24, 0x22	; 34
    2620:	91 40       	sbci	r25, 0x01	; 1
    2622:	80 17       	cp	r24, r16
    2624:	91 07       	cpc	r25, r17
    2626:	74 f4       	brge	.+28     	; 0x2644 <main+0x250>
/home/oggy/Documents/arduinoprojects/padright_v1.5.1/padright_v1.5.1.ino:579
    rack[i].setQuantity(EEPROM.read(rackAddress[i]));
    2628:	f6 01       	movw	r30, r12
    262a:	81 91       	ld	r24, Z+
    262c:	6f 01       	movw	r12, r30
    262e:	90 e0       	ldi	r25, 0x00	; 0
    2630:	0e 94 82 0e 	call	0x1d04	; 0x1d04 <EEPROMClass::read(int) [clone .isra.0]>
    2634:	90 e0       	ldi	r25, 0x00	; 0
    2636:	f7 01       	movw	r30, r14
    2638:	91 83       	std	Z+1, r25	; 0x01
    263a:	80 83       	st	Z, r24
    263c:	f4 e0       	ldi	r31, 0x04	; 4
    263e:	ef 0e       	add	r14, r31
    2640:	f1 1c       	adc	r15, r1
    2642:	ec cf       	rjmp	.-40     	; 0x261c <main+0x228>
/home/oggy/Documents/arduinoprojects/padright_v1.5.1/padright_v1.5.1.ino:581
  }
  maxRackCapacity = EEPROM.read(maxRackCapacityAddress);
    2644:	84 e1       	ldi	r24, 0x14	; 20
    2646:	90 e0       	ldi	r25, 0x00	; 0
    2648:	0e 94 82 0e 	call	0x1d04	; 0x1d04 <EEPROMClass::read(int) [clone .isra.0]>
    264c:	90 e0       	ldi	r25, 0x00	; 0
    264e:	90 93 13 01 	sts	0x0113, r25	; 0x800113 <maxRackCapacity+0x1>
    2652:	80 93 12 01 	sts	0x0112, r24	; 0x800112 <maxRackCapacity>
    2656:	ea ed       	ldi	r30, 0xDA	; 218
    2658:	f6 e0       	ldi	r31, 0x06	; 6
main():
/home/oggy/Documents/arduinoprojects/padright_v1.5.1/padright_v1.5.1.ino:584
  if (maxRackCapacity < 0)
    maxRackCapacity = 1;
  for (int i = 0; i < maxRack; i++) {
    265a:	30 e0       	ldi	r19, 0x00	; 0
    265c:	20 e0       	ldi	r18, 0x00	; 0
readFromEEPROM():
    265e:	20 17       	cp	r18, r16
    2660:	31 07       	cpc	r19, r17
    2662:	34 f4       	brge	.+12     	; 0x2670 <main+0x27c>
setMaxQuantity():
/home/oggy/Documents/arduinoprojects/padright_v1.5.1/padrack.cpp:38
int padrack::getMaxQuantity()
{
    return maxQuantity;
}
void padrack::setMaxQuantity(int number){
    maxQuantity = number;
    2664:	93 83       	std	Z+3, r25	; 0x03
    2666:	82 83       	std	Z+2, r24	; 0x02
readFromEEPROM():
/home/oggy/Documents/arduinoprojects/padright_v1.5.1/padright_v1.5.1.ino:584
    2668:	2f 5f       	subi	r18, 0xFF	; 255
    266a:	3f 4f       	sbci	r19, 0xFF	; 255
    266c:	34 96       	adiw	r30, 0x04	; 4
    266e:	f7 cf       	rjmp	.-18     	; 0x265e <main+0x26a>
pinSetup():
/home/oggy/Documents/arduinoprojects/padright_v1.5.1/padright_v1.5.1.ino:189
  }
  // machineDetails();
}

void pinSetup() {
  pinMode(menuButton, INPUT_PULLUP);
    2670:	62 e0       	ldi	r22, 0x02	; 2
    2672:	83 e0       	ldi	r24, 0x03	; 3
    2674:	0e 94 14 01 	call	0x228	; 0x228 <pinMode>
/home/oggy/Documents/arduinoprojects/padright_v1.5.1/padright_v1.5.1.ino:190
  pinMode(selectButton, INPUT_PULLUP);
    2678:	62 e0       	ldi	r22, 0x02	; 2
    267a:	8e e0       	ldi	r24, 0x0E	; 14
    267c:	0e 94 14 01 	call	0x228	; 0x228 <pinMode>
/home/oggy/Documents/arduinoprojects/padright_v1.5.1/padright_v1.5.1.ino:191
  pinMode(okButton, INPUT_PULLUP);
    2680:	62 e0       	ldi	r22, 0x02	; 2
    2682:	8f e0       	ldi	r24, 0x0F	; 15
    2684:	0e 94 14 01 	call	0x228	; 0x228 <pinMode>
/home/oggy/Documents/arduinoprojects/padright_v1.5.1/padright_v1.5.1.ino:192
  if (mType == CASH_MACHINE) {
    2688:	d0 90 1d 06 	lds	r13, 0x061D	; 0x80061d <mType>
    268c:	21 e0       	ldi	r18, 0x01	; 1
    268e:	d2 12       	cpse	r13, r18
    2690:	08 c0       	rjmp	.+16     	; 0x26a2 <main+0x2ae>
/home/oggy/Documents/arduinoprojects/padright_v1.5.1/padright_v1.5.1.ino:193
    pinMode(inhibit, OUTPUT);
    2692:	61 e0       	ldi	r22, 0x01	; 1
    2694:	8a e0       	ldi	r24, 0x0A	; 10
    2696:	0e 94 14 01 	call	0x228	; 0x228 <pinMode>
/home/oggy/Documents/arduinoprojects/padright_v1.5.1/padright_v1.5.1.ino:194
    pinMode(interrupt, INPUT_PULLUP);
    269a:	62 e0       	ldi	r22, 0x02	; 2
    269c:	82 e0       	ldi	r24, 0x02	; 2
    269e:	0e 94 14 01 	call	0x228	; 0x228 <pinMode>
/home/oggy/Documents/arduinoprojects/padright_v1.5.1/padright_v1.5.1.ino:196
  }
  pinMode(buzzer, OUTPUT);
    26a2:	61 e0       	ldi	r22, 0x01	; 1
    26a4:	80 e1       	ldi	r24, 0x10	; 16
    26a6:	0e 94 14 01 	call	0x228	; 0x228 <pinMode>
/home/oggy/Documents/arduinoprojects/padright_v1.5.1/padright_v1.5.1.ino:197
  digitalWrite(buzzer, LOW);
    26aa:	60 e0       	ldi	r22, 0x00	; 0
    26ac:	80 e1       	ldi	r24, 0x10	; 16
    26ae:	0e 94 e6 00 	call	0x1cc	; 0x1cc <digitalWrite>
    26b2:	8c e2       	ldi	r24, 0x2C	; 44
    26b4:	e8 2e       	mov	r14, r24
    26b6:	81 e0       	ldi	r24, 0x01	; 1
    26b8:	f8 2e       	mov	r15, r24
/home/oggy/Documents/arduinoprojects/padright_v1.5.1/padright_v1.5.1.ino:198
  for (int i = 0; i < maxRack; i++) {
    26ba:	c7 01       	movw	r24, r14
    26bc:	8c 52       	subi	r24, 0x2C	; 44
    26be:	91 40       	sbci	r25, 0x01	; 1
    26c0:	80 17       	cp	r24, r16
    26c2:	91 07       	cpc	r25, r17
    26c4:	64 f4       	brge	.+24     	; 0x26de <main+0x2ea>
/home/oggy/Documents/arduinoprojects/padright_v1.5.1/padright_v1.5.1.ino:199
    pinMode(motor[i], OUTPUT);
    26c6:	f7 01       	movw	r30, r14
    26c8:	c1 90       	ld	r12, Z+
    26ca:	7f 01       	movw	r14, r30
    26cc:	61 e0       	ldi	r22, 0x01	; 1
    26ce:	8c 2d       	mov	r24, r12
    26d0:	0e 94 14 01 	call	0x228	; 0x228 <pinMode>
/home/oggy/Documents/arduinoprojects/padright_v1.5.1/padright_v1.5.1.ino:200
    digitalWrite(motor[i], LOW);
    26d4:	60 e0       	ldi	r22, 0x00	; 0
    26d6:	8c 2d       	mov	r24, r12
    26d8:	0e 94 e6 00 	call	0x1cc	; 0x1cc <digitalWrite>
    26dc:	ee cf       	rjmp	.-36     	; 0x26ba <main+0x2c6>
setup():
/home/oggy/Documents/arduinoprojects/padright_v1.5.1/padright_v1.5.1.ino:132
  Serial.begin(9600);
  lcd.begin(16, 2);  // initialize the lcd
  lcd.createChar(0, arrow);
  readFromEEPROM();
  pinSetup();
  disableCashAcceptor();
    26de:	0e 94 1d 09 	call	0x123a	; 0x123a <disableCashAcceptor()>
/home/oggy/Documents/arduinoprojects/padright_v1.5.1/padright_v1.5.1.ino:133
  if (mType == CASH_MACHINE) {
    26e2:	f1 e0       	ldi	r31, 0x01	; 1
    26e4:	df 12       	cpse	r13, r31
    26e6:	3b c1       	rjmp	.+630    	; 0x295e <main+0x56a>
attachInterrupt():
/home/oggy/.arduino15/packages/MiniCore/hardware/avr/3.1.1/cores/MCUdude_corefiles/WInterrupts.c:66

void attachInterrupt(uint8_t interruptNum, void (*userFunc)(void), int mode)
{
  if(interruptNum < EXTERNAL_NUM_INTERRUPTS)
  {
    intFunc[interruptNum] = userFunc;
    26e8:	81 e2       	ldi	r24, 0x21	; 33
    26ea:	99 e0       	ldi	r25, 0x09	; 9
    26ec:	90 93 01 01 	sts	0x0101, r25	; 0x800101 <__data_start+0x1>
    26f0:	80 93 00 01 	sts	0x0100, r24	; 0x800100 <__data_start>
/home/oggy/.arduino15/packages/MiniCore/hardware/avr/3.1.1/cores/MCUdude_corefiles/WInterrupts.c:231
      #elif defined(__AVR_ATmega48__) || defined(__AVR_ATmega48P__)  || defined(__AVR_ATmega48PB__)  \
      || defined(__AVR_ATmega88__)    || defined(__AVR_ATmega88P__)  || defined(__AVR_ATmega88PB__)  \
      || defined(__AVR_ATmega168__)   || defined(__AVR_ATmega168P__) || defined(__AVR_ATmega168PB__) \
      || defined(__AVR_ATmega328__)   || defined(__AVR_ATmega328P__) || defined(__AVR_ATmega328PB__)
        case 0:
          EICRA = (EICRA & ~((1 << ISC00) | (1 << ISC01))) | (mode << ISC00);
    26f4:	80 91 69 00 	lds	r24, 0x0069	; 0x800069 <__DATA_REGION_ORIGIN__+0x9>
    26f8:	8c 7f       	andi	r24, 0xFC	; 252
    26fa:	82 60       	ori	r24, 0x02	; 2
    26fc:	80 93 69 00 	sts	0x0069, r24	; 0x800069 <__DATA_REGION_ORIGIN__+0x9>
/home/oggy/.arduino15/packages/MiniCore/hardware/avr/3.1.1/cores/MCUdude_corefiles/WInterrupts.c:232
          EIMSK |= (1 << INT0);
    2700:	e8 9a       	sbi	0x1d, 0	; 29
setup():
/home/oggy/Documents/arduinoprojects/padright_v1.5.1/padright_v1.5.1.ino:140
  } else {
    // detachInterrupt(digitalPinToInterrupt(interrupt));
    SPI.begin();         // Init SPI bus
    mfrc522.PCD_Init();  // Init MFRC522 card
  }
  if (EEPROM.read(firstBootAddress) != firstBoot) {
    2702:	84 e6       	ldi	r24, 0x64	; 100
    2704:	90 e0       	ldi	r25, 0x00	; 0
    2706:	0e 94 82 0e 	call	0x1d04	; 0x1d04 <EEPROMClass::read(int) [clone .isra.0]>
    270a:	89 37       	cpi	r24, 0x79	; 121
    270c:	09 f4       	brne	.+2      	; 0x2710 <main+0x31c>
    270e:	eb c1       	rjmp	.+982    	; 0x2ae6 <main+0x6f2>
/home/oggy/Documents/arduinoprojects/padright_v1.5.1/padright_v1.5.1.ino:141
    Serial.println("Frist Boot");
    2710:	8c ea       	ldi	r24, 0xAC	; 172
    2712:	92 e0       	ldi	r25, 0x02	; 2
    2714:	0e 94 ac 0c 	call	0x1958	; 0x1958 <Print::println(char const*) [clone .constprop.21]>
writeToEPPROM():
    2718:	89 e7       	ldi	r24, 0x79	; 121
    271a:	0e 94 aa 0e 	call	0x1d54	; 0x1d54 <writeToEPPROM(char) [clone .part.8]>
setup():
/home/oggy/Documents/arduinoprojects/padright_v1.5.1/padright_v1.5.1.ino:143
    writeToEPPROM('y');
    delay(100);
    271e:	64 e6       	ldi	r22, 0x64	; 100
    2720:	70 e0       	ldi	r23, 0x00	; 0
    2722:	80 e0       	ldi	r24, 0x00	; 0
    2724:	90 e0       	ldi	r25, 0x00	; 0
    2726:	0e 94 80 01 	call	0x300	; 0x300 <delay>
/home/oggy/Documents/arduinoprojects/padright_v1.5.1/padright_v1.5.1.ino:144
    EEPROM.write(firstBootAddress, firstBoot);
    272a:	69 e7       	ldi	r22, 0x79	; 121
    272c:	84 e6       	ldi	r24, 0x64	; 100
    272e:	90 e0       	ldi	r25, 0x00	; 0
    2730:	0e 94 a8 0e 	call	0x1d50	; 0x1d50 <EEPROMClass::write(int, unsigned char) [clone .isra.1]>
/home/oggy/Documents/arduinoprojects/padright_v1.5.1/padright_v1.5.1.ino:153
  }
  // Serial.println(maxRackCapacity);
  // Serial.println(padAmount);
  // key for auth rfid
  for (byte i = 0; i < 6; i++) {
    key.keyByte[i] = 0xFF;
    2734:	8f ef       	ldi	r24, 0xFF	; 255
    2736:	80 93 37 06 	sts	0x0637, r24	; 0x800637 <key>
    273a:	80 93 38 06 	sts	0x0638, r24	; 0x800638 <key+0x1>
    273e:	80 93 39 06 	sts	0x0639, r24	; 0x800639 <key+0x2>
    2742:	80 93 3a 06 	sts	0x063A, r24	; 0x80063a <key+0x3>
    2746:	80 93 3b 06 	sts	0x063B, r24	; 0x80063b <key+0x4>
    274a:	80 93 3c 06 	sts	0x063C, r24	; 0x80063c <key+0x5>
startMessage():
/home/oggy/Documents/arduinoprojects/padright_v1.5.1/lcd.ino:2
void startMessage() {
  lcd.clear();
    274e:	0e 94 7e 03 	call	0x6fc	; 0x6fc <LiquidCrystal::clear() [clone .constprop.47]>
/home/oggy/Documents/arduinoprojects/padright_v1.5.1/lcd.ino:3
  lcd.setCursor(3, 0);
    2752:	60 e0       	ldi	r22, 0x00	; 0
    2754:	83 e0       	ldi	r24, 0x03	; 3
    2756:	0e 94 27 04 	call	0x84e	; 0x84e <LiquidCrystal::setCursor(unsigned char, unsigned char) [clone .constprop.24]>
/home/oggy/Documents/arduinoprojects/padright_v1.5.1/lcd.ino:4
  lcd.print("Powered By");
    275a:	87 eb       	ldi	r24, 0xB7	; 183
    275c:	92 e0       	ldi	r25, 0x02	; 2
    275e:	0e 94 be 0a 	call	0x157c	; 0x157c <Print::print(char const*) [clone .constprop.41]>
/home/oggy/Documents/arduinoprojects/padright_v1.5.1/lcd.ino:5
  lcd.setCursor(2, 1);
    2762:	61 e0       	ldi	r22, 0x01	; 1
    2764:	82 e0       	ldi	r24, 0x02	; 2
    2766:	0e 94 27 04 	call	0x84e	; 0x84e <LiquidCrystal::setCursor(unsigned char, unsigned char) [clone .constprop.24]>
/home/oggy/Documents/arduinoprojects/padright_v1.5.1/lcd.ino:6
  lcd.print("KAICHO GROUP");
    276a:	82 ec       	ldi	r24, 0xC2	; 194
    276c:	92 e0       	ldi	r25, 0x02	; 2
    276e:	0e 94 be 0a 	call	0x157c	; 0x157c <Print::print(char const*) [clone .constprop.41]>
/home/oggy/Documents/arduinoprojects/padright_v1.5.1/lcd.ino:7
  delay(3000);
    2772:	68 eb       	ldi	r22, 0xB8	; 184
    2774:	7b e0       	ldi	r23, 0x0B	; 11
    2776:	80 e0       	ldi	r24, 0x00	; 0
    2778:	90 e0       	ldi	r25, 0x00	; 0
    277a:	0e 94 80 01 	call	0x300	; 0x300 <delay>
/home/oggy/Documents/arduinoprojects/padright_v1.5.1/lcd.ino:8
  lcd.clear();
    277e:	0e 94 7e 03 	call	0x6fc	; 0x6fc <LiquidCrystal::clear() [clone .constprop.47]>
/home/oggy/Documents/arduinoprojects/padright_v1.5.1/lcd.ino:9
  lcd.setCursor(2, 0);
    2782:	60 e0       	ldi	r22, 0x00	; 0
    2784:	82 e0       	ldi	r24, 0x02	; 2
    2786:	0e 94 27 04 	call	0x84e	; 0x84e <LiquidCrystal::setCursor(unsigned char, unsigned char) [clone .constprop.24]>
/home/oggy/Documents/arduinoprojects/padright_v1.5.1/lcd.ino:10
  lcd.print("-- KAWACH --");
    278a:	8f ec       	ldi	r24, 0xCF	; 207
    278c:	92 e0       	ldi	r25, 0x02	; 2
    278e:	0e 94 be 0a 	call	0x157c	; 0x157c <Print::print(char const*) [clone .constprop.41]>
/home/oggy/Documents/arduinoprojects/padright_v1.5.1/lcd.ino:11
  lcd.setCursor(2, 1);
    2792:	61 e0       	ldi	r22, 0x01	; 1
    2794:	82 e0       	ldi	r24, 0x02	; 2
    2796:	0e 94 27 04 	call	0x84e	; 0x84e <LiquidCrystal::setCursor(unsigned char, unsigned char) [clone .constprop.24]>
/home/oggy/Documents/arduinoprojects/padright_v1.5.1/lcd.ino:12
  lcd.print("Pad Vending");
    279a:	8c ed       	ldi	r24, 0xDC	; 220
    279c:	92 e0       	ldi	r25, 0x02	; 2
    279e:	0e 94 be 0a 	call	0x157c	; 0x157c <Print::print(char const*) [clone .constprop.41]>
/home/oggy/Documents/arduinoprojects/padright_v1.5.1/lcd.ino:13
  delay(2000);
    27a2:	60 ed       	ldi	r22, 0xD0	; 208
    27a4:	77 e0       	ldi	r23, 0x07	; 7
    27a6:	80 e0       	ldi	r24, 0x00	; 0
    27a8:	90 e0       	ldi	r25, 0x00	; 0
    27aa:	0e 94 80 01 	call	0x300	; 0x300 <delay>
homePage():
/home/oggy/Documents/arduinoprojects/padright_v1.5.1/lcd.ino:17
  homePage();
}
void homePage() {
  if (changeDone == true) {
    27ae:	80 91 14 01 	lds	r24, 0x0114	; 0x800114 <changeDone>
    27b2:	81 11       	cpse	r24, r1
    27b4:	0e 94 c3 0a 	call	0x1586	; 0x1586 <homePage() [clone .part.3]>
machineDetails():
/home/oggy/Documents/arduinoprojects/padright_v1.5.1/padright_v1.5.1.ino:651
  if (padAmount > 255) {
    padAmount = 1;
  }
}
void machineDetails() {
  String var = "\nMachine Type : " + String(mType);
    27b8:	60 91 1d 06 	lds	r22, 0x061D	; 0x80061d <mType>
    27bc:	ce 01       	movw	r24, r28
    27be:	01 96       	adiw	r24, 0x01	; 1
    27c0:	0e 94 60 0d 	call	0x1ac0	; 0x1ac0 <String::String(unsigned char, unsigned char) [clone .constprop.18]>
_ZN15StringSumHelperC2EPKc():
/home/oggy/.arduino15/packages/MiniCore/hardware/avr/3.1.1/cores/MCUdude_corefiles/WString.h:217
{
public:
  StringSumHelper(const String &s) : String(s) {}
  StringSumHelper(const char *p) : String(p) {}
    27c4:	65 ef       	ldi	r22, 0xF5	; 245
    27c6:	72 e0       	ldi	r23, 0x02	; 2
    27c8:	ce 01       	movw	r24, r28
    27ca:	07 96       	adiw	r24, 0x07	; 7
    27cc:	0e 94 eb 0d 	call	0x1bd6	; 0x1bd6 <String::String(char const*)>
machineDetails():
/home/oggy/Documents/arduinoprojects/padright_v1.5.1/padright_v1.5.1.ino:651
    27d0:	be 01       	movw	r22, r28
    27d2:	6f 5f       	subi	r22, 0xFF	; 255
    27d4:	7f 4f       	sbci	r23, 0xFF	; 255
    27d6:	ce 01       	movw	r24, r28
    27d8:	07 96       	adiw	r24, 0x07	; 7
    27da:	0e 94 2c 0d 	call	0x1a58	; 0x1a58 <operator+(StringSumHelper const&, String const&)>
    27de:	bc 01       	movw	r22, r24
    27e0:	ce 01       	movw	r24, r28
    27e2:	43 96       	adiw	r24, 0x13	; 19
    27e4:	0e 94 d1 0d 	call	0x1ba2	; 0x1ba2 <String::String(String const&)>
/home/oggy/.arduino15/packages/MiniCore/hardware/avr/3.1.1/cores/MCUdude_corefiles/WString.h:213
       #if __cplusplus >= 201103L || defined(__GXX_EXPERIMENTAL_CXX0X__)
  void move(String &rhs);
  #endif
};

class StringSumHelper : public String
    27e8:	ce 01       	movw	r24, r28
    27ea:	07 96       	adiw	r24, 0x07	; 7
    27ec:	0e 94 fc 0d 	call	0x1bf8	; 0x1bf8 <String::~String()>
    27f0:	ce 01       	movw	r24, r28
    27f2:	01 96       	adiw	r24, 0x01	; 1
    27f4:	0e 94 fc 0d 	call	0x1bf8	; 0x1bf8 <String::~String()>
/home/oggy/Documents/arduinoprojects/padright_v1.5.1/padright_v1.5.1.ino:652
  var += "\nMaximum Rack: " + String(maxRack);
    27f8:	60 91 0f 01 	lds	r22, 0x010F	; 0x80010f <maxRack>
    27fc:	ce 01       	movw	r24, r28
    27fe:	01 96       	adiw	r24, 0x01	; 1
    2800:	0e 94 60 0d 	call	0x1ac0	; 0x1ac0 <String::String(unsigned char, unsigned char) [clone .constprop.18]>
_ZN15StringSumHelperC2EPKc():
/home/oggy/.arduino15/packages/MiniCore/hardware/avr/3.1.1/cores/MCUdude_corefiles/WString.h:217
{
public:
  StringSumHelper(const String &s) : String(s) {}
  StringSumHelper(const char *p) : String(p) {}
    2804:	66 e0       	ldi	r22, 0x06	; 6
    2806:	73 e0       	ldi	r23, 0x03	; 3
    2808:	ce 01       	movw	r24, r28
    280a:	07 96       	adiw	r24, 0x07	; 7
    280c:	0e 94 eb 0d 	call	0x1bd6	; 0x1bd6 <String::String(char const*)>
machineDetails():
/home/oggy/Documents/arduinoprojects/padright_v1.5.1/padright_v1.5.1.ino:652
    2810:	be 01       	movw	r22, r28
    2812:	6f 5f       	subi	r22, 0xFF	; 255
    2814:	7f 4f       	sbci	r23, 0xFF	; 255
    2816:	ce 01       	movw	r24, r28
    2818:	07 96       	adiw	r24, 0x07	; 7
    281a:	0e 94 2c 0d 	call	0x1a58	; 0x1a58 <operator+(StringSumHelper const&, String const&)>
_ZN6StringpLERKS_():
/home/oggy/.arduino15/packages/MiniCore/hardware/avr/3.1.1/cores/MCUdude_corefiles/WString.h:113
  unsigned char concat(double num);
  unsigned char concat(const __FlashStringHelper * str);

  // if there's not enough memory for the concatenated value, the string
  // will be left unchanged (but this isn't signalled in any way)
  String & operator += (const String &rhs)  {concat(rhs); return (*this);}
    281e:	bc 01       	movw	r22, r24
    2820:	ce 01       	movw	r24, r28
    2822:	43 96       	adiw	r24, 0x13	; 19
    2824:	0e 94 13 0d 	call	0x1a26	; 0x1a26 <String::concat(String const&)>
_ZN15StringSumHelperD2Ev():
/home/oggy/.arduino15/packages/MiniCore/hardware/avr/3.1.1/cores/MCUdude_corefiles/WString.h:213
       #if __cplusplus >= 201103L || defined(__GXX_EXPERIMENTAL_CXX0X__)
  void move(String &rhs);
  #endif
};

class StringSumHelper : public String
    2828:	ce 01       	movw	r24, r28
    282a:	07 96       	adiw	r24, 0x07	; 7
    282c:	0e 94 fc 0d 	call	0x1bf8	; 0x1bf8 <String::~String()>
machineDetails():
/home/oggy/Documents/arduinoprojects/padright_v1.5.1/padright_v1.5.1.ino:652
    2830:	ce 01       	movw	r24, r28
    2832:	01 96       	adiw	r24, 0x01	; 1
    2834:	0e 94 fc 0d 	call	0x1bf8	; 0x1bf8 <String::~String()>
/home/oggy/Documents/arduinoprojects/padright_v1.5.1/padright_v1.5.1.ino:653
  var += "\nRack Capacity: " + String(maxRackCapacity);
    2838:	60 91 12 01 	lds	r22, 0x0112	; 0x800112 <maxRackCapacity>
    283c:	70 91 13 01 	lds	r23, 0x0113	; 0x800113 <maxRackCapacity+0x1>
    2840:	ce 01       	movw	r24, r28
    2842:	01 96       	adiw	r24, 0x01	; 1
    2844:	0e 94 99 0d 	call	0x1b32	; 0x1b32 <String::String(int, unsigned char) [clone .constprop.19]>
_ZN15StringSumHelperC2EPKc():
/home/oggy/.arduino15/packages/MiniCore/hardware/avr/3.1.1/cores/MCUdude_corefiles/WString.h:217
{
public:
  StringSumHelper(const String &s) : String(s) {}
  StringSumHelper(const char *p) : String(p) {}
    2848:	66 e1       	ldi	r22, 0x16	; 22
    284a:	73 e0       	ldi	r23, 0x03	; 3
    284c:	ce 01       	movw	r24, r28
    284e:	07 96       	adiw	r24, 0x07	; 7
    2850:	0e 94 eb 0d 	call	0x1bd6	; 0x1bd6 <String::String(char const*)>
machineDetails():
/home/oggy/Documents/arduinoprojects/padright_v1.5.1/padright_v1.5.1.ino:653
    2854:	be 01       	movw	r22, r28
    2856:	6f 5f       	subi	r22, 0xFF	; 255
    2858:	7f 4f       	sbci	r23, 0xFF	; 255
    285a:	ce 01       	movw	r24, r28
    285c:	07 96       	adiw	r24, 0x07	; 7
    285e:	0e 94 2c 0d 	call	0x1a58	; 0x1a58 <operator+(StringSumHelper const&, String const&)>
_ZN6StringpLERKS_():
/home/oggy/.arduino15/packages/MiniCore/hardware/avr/3.1.1/cores/MCUdude_corefiles/WString.h:113
  unsigned char concat(double num);
  unsigned char concat(const __FlashStringHelper * str);

  // if there's not enough memory for the concatenated value, the string
  // will be left unchanged (but this isn't signalled in any way)
  String & operator += (const String &rhs)  {concat(rhs); return (*this);}
    2862:	bc 01       	movw	r22, r24
    2864:	ce 01       	movw	r24, r28
    2866:	43 96       	adiw	r24, 0x13	; 19
    2868:	0e 94 13 0d 	call	0x1a26	; 0x1a26 <String::concat(String const&)>
_ZN15StringSumHelperD2Ev():
/home/oggy/.arduino15/packages/MiniCore/hardware/avr/3.1.1/cores/MCUdude_corefiles/WString.h:213
       #if __cplusplus >= 201103L || defined(__GXX_EXPERIMENTAL_CXX0X__)
  void move(String &rhs);
  #endif
};

class StringSumHelper : public String
    286c:	ce 01       	movw	r24, r28
    286e:	07 96       	adiw	r24, 0x07	; 7
    2870:	0e 94 fc 0d 	call	0x1bf8	; 0x1bf8 <String::~String()>
machineDetails():
/home/oggy/Documents/arduinoprojects/padright_v1.5.1/padright_v1.5.1.ino:653
    2874:	ce 01       	movw	r24, r28
    2876:	01 96       	adiw	r24, 0x01	; 1
    2878:	0e 94 fc 0d 	call	0x1bf8	; 0x1bf8 <String::~String()>
/home/oggy/Documents/arduinoprojects/padright_v1.5.1/padright_v1.5.1.ino:654
  var += "\nPad Amount: " + String(padAmount);
    287c:	60 91 10 01 	lds	r22, 0x0110	; 0x800110 <padAmount>
    2880:	70 91 11 01 	lds	r23, 0x0111	; 0x800111 <padAmount+0x1>
    2884:	ce 01       	movw	r24, r28
    2886:	01 96       	adiw	r24, 0x01	; 1
    2888:	0e 94 99 0d 	call	0x1b32	; 0x1b32 <String::String(int, unsigned char) [clone .constprop.19]>
_ZN15StringSumHelperC2EPKc():
/home/oggy/.arduino15/packages/MiniCore/hardware/avr/3.1.1/cores/MCUdude_corefiles/WString.h:217
{
public:
  StringSumHelper(const String &s) : String(s) {}
  StringSumHelper(const char *p) : String(p) {}
    288c:	67 e2       	ldi	r22, 0x27	; 39
    288e:	73 e0       	ldi	r23, 0x03	; 3
    2890:	ce 01       	movw	r24, r28
    2892:	07 96       	adiw	r24, 0x07	; 7
    2894:	0e 94 eb 0d 	call	0x1bd6	; 0x1bd6 <String::String(char const*)>
machineDetails():
/home/oggy/Documents/arduinoprojects/padright_v1.5.1/padright_v1.5.1.ino:654
    2898:	be 01       	movw	r22, r28
    289a:	6f 5f       	subi	r22, 0xFF	; 255
    289c:	7f 4f       	sbci	r23, 0xFF	; 255
    289e:	ce 01       	movw	r24, r28
    28a0:	07 96       	adiw	r24, 0x07	; 7
    28a2:	0e 94 2c 0d 	call	0x1a58	; 0x1a58 <operator+(StringSumHelper const&, String const&)>
_ZN6StringpLERKS_():
/home/oggy/.arduino15/packages/MiniCore/hardware/avr/3.1.1/cores/MCUdude_corefiles/WString.h:113
  unsigned char concat(double num);
  unsigned char concat(const __FlashStringHelper * str);

  // if there's not enough memory for the concatenated value, the string
  // will be left unchanged (but this isn't signalled in any way)
  String & operator += (const String &rhs)  {concat(rhs); return (*this);}
    28a6:	bc 01       	movw	r22, r24
    28a8:	ce 01       	movw	r24, r28
    28aa:	43 96       	adiw	r24, 0x13	; 19
    28ac:	0e 94 13 0d 	call	0x1a26	; 0x1a26 <String::concat(String const&)>
_ZN15StringSumHelperD2Ev():
/home/oggy/.arduino15/packages/MiniCore/hardware/avr/3.1.1/cores/MCUdude_corefiles/WString.h:213
       #if __cplusplus >= 201103L || defined(__GXX_EXPERIMENTAL_CXX0X__)
  void move(String &rhs);
  #endif
};

class StringSumHelper : public String
    28b0:	ce 01       	movw	r24, r28
    28b2:	07 96       	adiw	r24, 0x07	; 7
    28b4:	0e 94 fc 0d 	call	0x1bf8	; 0x1bf8 <String::~String()>
machineDetails():
/home/oggy/Documents/arduinoprojects/padright_v1.5.1/padright_v1.5.1.ino:654
    28b8:	ce 01       	movw	r24, r28
    28ba:	01 96       	adiw	r24, 0x01	; 1
    28bc:	0e 94 fc 0d 	call	0x1bf8	; 0x1bf8 <String::~String()>
    28c0:	aa ed       	ldi	r26, 0xDA	; 218
    28c2:	ea 2e       	mov	r14, r26
    28c4:	a6 e0       	ldi	r26, 0x06	; 6
    28c6:	fa 2e       	mov	r15, r26
main():
/home/oggy/Documents/arduinoprojects/padright_v1.5.1/padright_v1.5.1.ino:655
  for (int i = 0; i < maxRack; i++) {
    28c8:	10 e0       	ldi	r17, 0x00	; 0
    28ca:	00 e0       	ldi	r16, 0x00	; 0
machineDetails():
    28cc:	80 91 0f 01 	lds	r24, 0x010F	; 0x80010f <maxRack>
    28d0:	80 17       	cp	r24, r16
    28d2:	11 06       	cpc	r1, r17
    28d4:	09 f0       	breq	.+2      	; 0x28d8 <main+0x4e4>
    28d6:	0c f4       	brge	.+2      	; 0x28da <main+0x4e6>
    28d8:	0b c1       	rjmp	.+534    	; 0x2af0 <main+0x6fc>
/home/oggy/Documents/arduinoprojects/padright_v1.5.1/padright_v1.5.1.ino:656
    var += "\nRack " + String(i + 1) + " Quantity: " + String(rack[i].getQuantity());
    28da:	f7 01       	movw	r30, r14
    28dc:	60 81       	ld	r22, Z
    28de:	71 81       	ldd	r23, Z+1	; 0x01
    28e0:	ce 01       	movw	r24, r28
    28e2:	01 96       	adiw	r24, 0x01	; 1
    28e4:	0e 94 99 0d 	call	0x1b32	; 0x1b32 <String::String(int, unsigned char) [clone .constprop.19]>
    28e8:	0f 5f       	subi	r16, 0xFF	; 255
    28ea:	1f 4f       	sbci	r17, 0xFF	; 255
    28ec:	b8 01       	movw	r22, r16
    28ee:	ce 01       	movw	r24, r28
    28f0:	07 96       	adiw	r24, 0x07	; 7
    28f2:	0e 94 99 0d 	call	0x1b32	; 0x1b32 <String::String(int, unsigned char) [clone .constprop.19]>
_ZN15StringSumHelperC2EPKc():
/home/oggy/.arduino15/packages/MiniCore/hardware/avr/3.1.1/cores/MCUdude_corefiles/WString.h:217
{
public:
  StringSumHelper(const String &s) : String(s) {}
  StringSumHelper(const char *p) : String(p) {}
    28f6:	65 e3       	ldi	r22, 0x35	; 53
    28f8:	73 e0       	ldi	r23, 0x03	; 3
    28fa:	ce 01       	movw	r24, r28
    28fc:	0d 96       	adiw	r24, 0x0d	; 13
    28fe:	0e 94 eb 0d 	call	0x1bd6	; 0x1bd6 <String::String(char const*)>
machineDetails():
/home/oggy/Documents/arduinoprojects/padright_v1.5.1/padright_v1.5.1.ino:656
    2902:	be 01       	movw	r22, r28
    2904:	69 5f       	subi	r22, 0xF9	; 249
    2906:	7f 4f       	sbci	r23, 0xFF	; 255
    2908:	ce 01       	movw	r24, r28
    290a:	0d 96       	adiw	r24, 0x0d	; 13
    290c:	0e 94 2c 0d 	call	0x1a58	; 0x1a58 <operator+(StringSumHelper const&, String const&)>
    2910:	6c 01       	movw	r12, r24
operator+():
/home/oggy/.arduino15/packages/MiniCore/hardware/avr/3.1.1/cores/MCUdude_corefiles/WString.cpp:364
    2912:	4b e0       	ldi	r20, 0x0B	; 11
    2914:	50 e0       	ldi	r21, 0x00	; 0
    2916:	6c e3       	ldi	r22, 0x3C	; 60
    2918:	73 e0       	ldi	r23, 0x03	; 3
    291a:	0e 94 e7 0c 	call	0x19ce	; 0x19ce <String::concat(char const*, unsigned int)>
    291e:	81 11       	cpse	r24, r1
    2920:	03 c0       	rjmp	.+6      	; 0x2928 <main+0x534>
    2922:	c6 01       	movw	r24, r12
    2924:	0e 94 1a 0d 	call	0x1a34	; 0x1a34 <String::invalidate()>
machineDetails():
/home/oggy/Documents/arduinoprojects/padright_v1.5.1/padright_v1.5.1.ino:656
    2928:	be 01       	movw	r22, r28
    292a:	6f 5f       	subi	r22, 0xFF	; 255
    292c:	7f 4f       	sbci	r23, 0xFF	; 255
    292e:	c6 01       	movw	r24, r12
    2930:	0e 94 2c 0d 	call	0x1a58	; 0x1a58 <operator+(StringSumHelper const&, String const&)>
_ZN6StringpLERKS_():
/home/oggy/.arduino15/packages/MiniCore/hardware/avr/3.1.1/cores/MCUdude_corefiles/WString.h:113
  unsigned char concat(double num);
  unsigned char concat(const __FlashStringHelper * str);

  // if there's not enough memory for the concatenated value, the string
  // will be left unchanged (but this isn't signalled in any way)
  String & operator += (const String &rhs)  {concat(rhs); return (*this);}
    2934:	bc 01       	movw	r22, r24
    2936:	ce 01       	movw	r24, r28
    2938:	43 96       	adiw	r24, 0x13	; 19
    293a:	0e 94 13 0d 	call	0x1a26	; 0x1a26 <String::concat(String const&)>
_ZN15StringSumHelperD2Ev():
/home/oggy/.arduino15/packages/MiniCore/hardware/avr/3.1.1/cores/MCUdude_corefiles/WString.h:213
       #if __cplusplus >= 201103L || defined(__GXX_EXPERIMENTAL_CXX0X__)
  void move(String &rhs);
  #endif
};

class StringSumHelper : public String
    293e:	ce 01       	movw	r24, r28
    2940:	0d 96       	adiw	r24, 0x0d	; 13
    2942:	0e 94 fc 0d 	call	0x1bf8	; 0x1bf8 <String::~String()>
machineDetails():
/home/oggy/Documents/arduinoprojects/padright_v1.5.1/padright_v1.5.1.ino:656
    2946:	ce 01       	movw	r24, r28
    2948:	07 96       	adiw	r24, 0x07	; 7
    294a:	0e 94 fc 0d 	call	0x1bf8	; 0x1bf8 <String::~String()>
    294e:	ce 01       	movw	r24, r28
    2950:	01 96       	adiw	r24, 0x01	; 1
    2952:	0e 94 fc 0d 	call	0x1bf8	; 0x1bf8 <String::~String()>
    2956:	f4 e0       	ldi	r31, 0x04	; 4
    2958:	ef 0e       	add	r14, r31
    295a:	f1 1c       	adc	r15, r1
    295c:	b7 cf       	rjmp	.-146    	; 0x28cc <main+0x4d8>
begin():
/home/oggy/.arduino15/packages/MiniCore/hardware/avr/3.1.1/libraries/SPI/src/SPI.cpp:28
uint8_t SPIClass::inTransactionFlag = 0;
#endif

void SPIClass::begin()
{
  uint8_t sreg = SREG;
    295e:	1f b7       	in	r17, 0x3f	; 63
/home/oggy/.arduino15/packages/MiniCore/hardware/avr/3.1.1/libraries/SPI/src/SPI.cpp:29
  noInterrupts(); // Protect from a scheduler and prevent transactionBegin
    2960:	f8 94       	cli
/home/oggy/.arduino15/packages/MiniCore/hardware/avr/3.1.1/libraries/SPI/src/SPI.cpp:30
  if (!initialized) {
    2962:	80 91 f4 05 	lds	r24, 0x05F4	; 0x8005f4 <__data_end>
    2966:	81 11       	cpse	r24, r1
    2968:	27 c0       	rjmp	.+78     	; 0x29b8 <main+0x5c4>
/home/oggy/.arduino15/packages/MiniCore/hardware/avr/3.1.1/libraries/SPI/src/SPI.cpp:32
    // Set SS to high so a connected chip will be "deselected" by default
    uint8_t port = digitalPinToPort(SS);
    296a:	e0 e9       	ldi	r30, 0x90	; 144
    296c:	f0 e0       	ldi	r31, 0x00	; 0
    296e:	84 91       	lpm	r24, Z
/home/oggy/.arduino15/packages/MiniCore/hardware/avr/3.1.1/libraries/SPI/src/SPI.cpp:33
    uint8_t bit = digitalPinToBitMask(SS);
    2970:	e7 ea       	ldi	r30, 0xA7	; 167
    2972:	f0 e0       	ldi	r31, 0x00	; 0
    2974:	94 91       	lpm	r25, Z
/home/oggy/.arduino15/packages/MiniCore/hardware/avr/3.1.1/libraries/SPI/src/SPI.cpp:34
    volatile uint8_t *reg = portModeRegister(port);
    2976:	e8 2f       	mov	r30, r24
    2978:	f0 e0       	ldi	r31, 0x00	; 0
    297a:	ee 0f       	add	r30, r30
    297c:	ff 1f       	adc	r31, r31
    297e:	e8 59       	subi	r30, 0x98	; 152
    2980:	ff 4f       	sbci	r31, 0xFF	; 255
    2982:	a5 91       	lpm	r26, Z+
    2984:	b4 91       	lpm	r27, Z
/home/oggy/.arduino15/packages/MiniCore/hardware/avr/3.1.1/libraries/SPI/src/SPI.cpp:38

    // if the SS pin is not already configured as an output
    // then set it high (to enable the internal pull-up resistor)
    if(!(*reg & bit)){
    2986:	ec 91       	ld	r30, X
    2988:	e9 23       	and	r30, r25
    298a:	21 f4       	brne	.+8      	; 0x2994 <main+0x5a0>
/home/oggy/.arduino15/packages/MiniCore/hardware/avr/3.1.1/libraries/SPI/src/SPI.cpp:39
      digitalWrite(SS, HIGH);
    298c:	61 e0       	ldi	r22, 0x01	; 1
    298e:	8a e0       	ldi	r24, 0x0A	; 10
    2990:	0e 94 e6 00 	call	0x1cc	; 0x1cc <digitalWrite>
/home/oggy/.arduino15/packages/MiniCore/hardware/avr/3.1.1/libraries/SPI/src/SPI.cpp:45
    }

    // When the SS pin is set as OUTPUT, it can be used as
    // a general purpose output port (it doesn't influence
    // SPI operations).
    pinMode(SS, OUTPUT);
    2994:	61 e0       	ldi	r22, 0x01	; 1
    2996:	8a e0       	ldi	r24, 0x0A	; 10
    2998:	0e 94 14 01 	call	0x228	; 0x228 <pinMode>
/home/oggy/.arduino15/packages/MiniCore/hardware/avr/3.1.1/libraries/SPI/src/SPI.cpp:50

    // Warning: if the SS pin ever becomes a LOW INPUT then SPI
    // automatically switches to Slave, so the data direction of
    // the SS pin MUST be kept as OUTPUT.
    SPCR |= _BV(MSTR);
    299c:	8c b5       	in	r24, 0x2c	; 44
    299e:	80 61       	ori	r24, 0x10	; 16
    29a0:	8c bd       	out	0x2c, r24	; 44
/home/oggy/.arduino15/packages/MiniCore/hardware/avr/3.1.1/libraries/SPI/src/SPI.cpp:51
    SPCR |= _BV(SPE);
    29a2:	8c b5       	in	r24, 0x2c	; 44
    29a4:	80 64       	ori	r24, 0x40	; 64
    29a6:	8c bd       	out	0x2c, r24	; 44
/home/oggy/.arduino15/packages/MiniCore/hardware/avr/3.1.1/libraries/SPI/src/SPI.cpp:59
    // MISO pin automatically overrides to INPUT.
    // By doing this AFTER enabling SPI, we avoid accidentally
    // clocking in a single bit since the lines go directly
    // from "input" to SPI control.
    // http://code.google.com/p/arduino/issues/detail?id=888
    pinMode(SCK, OUTPUT);
    29a8:	61 e0       	ldi	r22, 0x01	; 1
    29aa:	8d e0       	ldi	r24, 0x0D	; 13
    29ac:	0e 94 14 01 	call	0x228	; 0x228 <pinMode>
/home/oggy/.arduino15/packages/MiniCore/hardware/avr/3.1.1/libraries/SPI/src/SPI.cpp:60
    pinMode(MOSI, OUTPUT);
    29b0:	61 e0       	ldi	r22, 0x01	; 1
    29b2:	8b e0       	ldi	r24, 0x0B	; 11
    29b4:	0e 94 14 01 	call	0x228	; 0x228 <pinMode>
/home/oggy/.arduino15/packages/MiniCore/hardware/avr/3.1.1/libraries/SPI/src/SPI.cpp:62
  }
  initialized++; // reference count
    29b8:	80 91 f4 05 	lds	r24, 0x05F4	; 0x8005f4 <__data_end>
    29bc:	8f 5f       	subi	r24, 0xFF	; 255
    29be:	80 93 f4 05 	sts	0x05F4, r24	; 0x8005f4 <__data_end>
/home/oggy/.arduino15/packages/MiniCore/hardware/avr/3.1.1/libraries/SPI/src/SPI.cpp:63
  SREG = sreg;
    29c2:	1f bf       	out	0x3f, r17	; 63
PCD_Init():
/home/oggy/Arduino/libraries/MFRC522/src/MFRC522.cpp:202
 */
void MFRC522::PCD_Init() {
	bool hardReset = false;

	// Set the chipSelectPin as digital output, do not select the slave yet
	pinMode(_chipSelectPin, OUTPUT);
    29c4:	61 e0       	ldi	r22, 0x01	; 1
    29c6:	80 91 18 07 	lds	r24, 0x0718	; 0x800718 <mfrc522+0xe>
    29ca:	0e 94 14 01 	call	0x228	; 0x228 <pinMode>
/home/oggy/Arduino/libraries/MFRC522/src/MFRC522.cpp:203
	digitalWrite(_chipSelectPin, HIGH);
    29ce:	61 e0       	ldi	r22, 0x01	; 1
    29d0:	80 91 18 07 	lds	r24, 0x0718	; 0x800718 <mfrc522+0xe>
    29d4:	0e 94 e6 00 	call	0x1cc	; 0x1cc <digitalWrite>
/home/oggy/Arduino/libraries/MFRC522/src/MFRC522.cpp:206
	
	// If a valid pin number has been set, pull device out of power down / reset state.
	if (_resetPowerDownPin != UNUSED_PIN) {
    29d8:	80 91 19 07 	lds	r24, 0x0719	; 0x800719 <mfrc522+0xf>
    29dc:	8f 3f       	cpi	r24, 0xFF	; 255
    29de:	09 f4       	brne	.+2      	; 0x29e2 <main+0x5ee>
    29e0:	6b c0       	rjmp	.+214    	; 0x2ab8 <main+0x6c4>
/home/oggy/Arduino/libraries/MFRC522/src/MFRC522.cpp:208
		// First set the resetPowerDownPin as digital input, to check the MFRC522 power down mode.
		pinMode(_resetPowerDownPin, INPUT);
    29e2:	60 e0       	ldi	r22, 0x00	; 0
    29e4:	0e 94 14 01 	call	0x228	; 0x228 <pinMode>
/home/oggy/Arduino/libraries/MFRC522/src/MFRC522.cpp:210
	
		if (digitalRead(_resetPowerDownPin) == LOW) {	// The MFRC522 chip is in power down mode.
    29e8:	80 91 19 07 	lds	r24, 0x0719	; 0x800719 <mfrc522+0xf>
    29ec:	0e 94 bd 00 	call	0x17a	; 0x17a <digitalRead>
    29f0:	89 2b       	or	r24, r25
    29f2:	09 f0       	breq	.+2      	; 0x29f6 <main+0x602>
    29f4:	61 c0       	rjmp	.+194    	; 0x2ab8 <main+0x6c4>
/home/oggy/Arduino/libraries/MFRC522/src/MFRC522.cpp:211
			pinMode(_resetPowerDownPin, OUTPUT);		// Now set the resetPowerDownPin as digital output.
    29f6:	61 e0       	ldi	r22, 0x01	; 1
    29f8:	80 91 19 07 	lds	r24, 0x0719	; 0x800719 <mfrc522+0xf>
    29fc:	0e 94 14 01 	call	0x228	; 0x228 <pinMode>
/home/oggy/Arduino/libraries/MFRC522/src/MFRC522.cpp:212
			digitalWrite(_resetPowerDownPin, LOW);		// Make sure we have a clean LOW state.
    2a00:	60 e0       	ldi	r22, 0x00	; 0
    2a02:	80 91 19 07 	lds	r24, 0x0719	; 0x800719 <mfrc522+0xf>
    2a06:	0e 94 e6 00 	call	0x1cc	; 0x1cc <digitalWrite>
/home/oggy/Arduino/libraries/MFRC522/src/MFRC522.cpp:213
			delayMicroseconds(2);				// 8.8.1 Reset timing requirements says about 100ns. Let us be generous: 2μsl
    2a0a:	82 e0       	ldi	r24, 0x02	; 2
    2a0c:	90 e0       	ldi	r25, 0x00	; 0
    2a0e:	0e 94 50 01 	call	0x2a0	; 0x2a0 <delayMicroseconds>
/home/oggy/Arduino/libraries/MFRC522/src/MFRC522.cpp:214
			digitalWrite(_resetPowerDownPin, HIGH);		// Exit power down mode. This triggers a hard reset.
    2a12:	61 e0       	ldi	r22, 0x01	; 1
    2a14:	80 91 19 07 	lds	r24, 0x0719	; 0x800719 <mfrc522+0xf>
    2a18:	0e 94 e6 00 	call	0x1cc	; 0x1cc <digitalWrite>
/home/oggy/Arduino/libraries/MFRC522/src/MFRC522.cpp:216
			// Section 8.8.2 in the datasheet says the oscillator start-up time is the start up time of the crystal + 37,74μs. Let us be generous: 50ms.
			delay(50);
    2a1c:	62 e3       	ldi	r22, 0x32	; 50
    2a1e:	70 e0       	ldi	r23, 0x00	; 0
    2a20:	80 e0       	ldi	r24, 0x00	; 0
    2a22:	90 e0       	ldi	r25, 0x00	; 0
    2a24:	0e 94 80 01 	call	0x300	; 0x300 <delay>
/home/oggy/Arduino/libraries/MFRC522/src/MFRC522.cpp:226
	if (!hardReset) { // Perform a soft reset if we haven't triggered a hard reset above.
		PCD_Reset();
	}
	
	// Reset baud rates
	PCD_WriteRegister(TxModeReg, 0x00);
    2a28:	40 e0       	ldi	r20, 0x00	; 0
    2a2a:	64 e2       	ldi	r22, 0x24	; 36
    2a2c:	8a e0       	ldi	r24, 0x0A	; 10
    2a2e:	97 e0       	ldi	r25, 0x07	; 7
    2a30:	0e 94 a5 04 	call	0x94a	; 0x94a <MFRC522::PCD_WriteRegister(MFRC522::PCD_Register, unsigned char)>
/home/oggy/Arduino/libraries/MFRC522/src/MFRC522.cpp:227
	PCD_WriteRegister(RxModeReg, 0x00);
    2a34:	40 e0       	ldi	r20, 0x00	; 0
    2a36:	66 e2       	ldi	r22, 0x26	; 38
    2a38:	8a e0       	ldi	r24, 0x0A	; 10
    2a3a:	97 e0       	ldi	r25, 0x07	; 7
    2a3c:	0e 94 a5 04 	call	0x94a	; 0x94a <MFRC522::PCD_WriteRegister(MFRC522::PCD_Register, unsigned char)>
/home/oggy/Arduino/libraries/MFRC522/src/MFRC522.cpp:229
	// Reset ModWidthReg
	PCD_WriteRegister(ModWidthReg, 0x26);
    2a40:	46 e2       	ldi	r20, 0x26	; 38
    2a42:	68 e4       	ldi	r22, 0x48	; 72
    2a44:	8a e0       	ldi	r24, 0x0A	; 10
    2a46:	97 e0       	ldi	r25, 0x07	; 7
    2a48:	0e 94 a5 04 	call	0x94a	; 0x94a <MFRC522::PCD_WriteRegister(MFRC522::PCD_Register, unsigned char)>
/home/oggy/Arduino/libraries/MFRC522/src/MFRC522.cpp:234

	// When communicating with a PICC we need a timeout if something goes wrong.
	// f_timer = 13.56 MHz / (2*TPreScaler+1) where TPreScaler = [TPrescaler_Hi:TPrescaler_Lo].
	// TPrescaler_Hi are the four low bits in TModeReg. TPrescaler_Lo is TPrescalerReg.
	PCD_WriteRegister(TModeReg, 0x80);			// TAuto=1; timer starts automatically at the end of the transmission in all communication modes at all speeds
    2a4c:	40 e8       	ldi	r20, 0x80	; 128
    2a4e:	64 e5       	ldi	r22, 0x54	; 84
    2a50:	8a e0       	ldi	r24, 0x0A	; 10
    2a52:	97 e0       	ldi	r25, 0x07	; 7
    2a54:	0e 94 a5 04 	call	0x94a	; 0x94a <MFRC522::PCD_WriteRegister(MFRC522::PCD_Register, unsigned char)>
/home/oggy/Arduino/libraries/MFRC522/src/MFRC522.cpp:235
	PCD_WriteRegister(TPrescalerReg, 0xA9);		// TPreScaler = TModeReg[3..0]:TPrescalerReg, ie 0x0A9 = 169 => f_timer=40kHz, ie a timer period of 25μs.
    2a58:	49 ea       	ldi	r20, 0xA9	; 169
    2a5a:	66 e5       	ldi	r22, 0x56	; 86
    2a5c:	8a e0       	ldi	r24, 0x0A	; 10
    2a5e:	97 e0       	ldi	r25, 0x07	; 7
    2a60:	0e 94 a5 04 	call	0x94a	; 0x94a <MFRC522::PCD_WriteRegister(MFRC522::PCD_Register, unsigned char)>
/home/oggy/Arduino/libraries/MFRC522/src/MFRC522.cpp:236
	PCD_WriteRegister(TReloadRegH, 0x03);		// Reload timer with 0x3E8 = 1000, ie 25ms before timeout.
    2a64:	43 e0       	ldi	r20, 0x03	; 3
    2a66:	68 e5       	ldi	r22, 0x58	; 88
    2a68:	8a e0       	ldi	r24, 0x0A	; 10
    2a6a:	97 e0       	ldi	r25, 0x07	; 7
    2a6c:	0e 94 a5 04 	call	0x94a	; 0x94a <MFRC522::PCD_WriteRegister(MFRC522::PCD_Register, unsigned char)>
/home/oggy/Arduino/libraries/MFRC522/src/MFRC522.cpp:237
	PCD_WriteRegister(TReloadRegL, 0xE8);
    2a70:	48 ee       	ldi	r20, 0xE8	; 232
    2a72:	6a e5       	ldi	r22, 0x5A	; 90
    2a74:	8a e0       	ldi	r24, 0x0A	; 10
    2a76:	97 e0       	ldi	r25, 0x07	; 7
    2a78:	0e 94 a5 04 	call	0x94a	; 0x94a <MFRC522::PCD_WriteRegister(MFRC522::PCD_Register, unsigned char)>
/home/oggy/Arduino/libraries/MFRC522/src/MFRC522.cpp:239
	
	PCD_WriteRegister(TxASKReg, 0x40);		// Default 0x00. Force a 100 % ASK modulation independent of the ModGsPReg register setting
    2a7c:	40 e4       	ldi	r20, 0x40	; 64
    2a7e:	6a e2       	ldi	r22, 0x2A	; 42
    2a80:	8a e0       	ldi	r24, 0x0A	; 10
    2a82:	97 e0       	ldi	r25, 0x07	; 7
    2a84:	0e 94 a5 04 	call	0x94a	; 0x94a <MFRC522::PCD_WriteRegister(MFRC522::PCD_Register, unsigned char)>
/home/oggy/Arduino/libraries/MFRC522/src/MFRC522.cpp:240
	PCD_WriteRegister(ModeReg, 0x3D);		// Default 0x3F. Set the preset value for the CRC coprocessor for the CalcCRC command to 0x6363 (ISO 14443-3 part 6.2.4)
    2a88:	4d e3       	ldi	r20, 0x3D	; 61
    2a8a:	62 e2       	ldi	r22, 0x22	; 34
    2a8c:	8a e0       	ldi	r24, 0x0A	; 10
    2a8e:	97 e0       	ldi	r25, 0x07	; 7
    2a90:	0e 94 a5 04 	call	0x94a	; 0x94a <MFRC522::PCD_WriteRegister(MFRC522::PCD_Register, unsigned char)>
PCD_AntennaOn():
/home/oggy/Arduino/libraries/MFRC522/src/MFRC522.cpp:284
/**
 * Turns the antenna on by enabling pins TX1 and TX2.
 * After a reset these pins are disabled.
 */
void MFRC522::PCD_AntennaOn() {
	byte value = PCD_ReadRegister(TxControlReg);
    2a94:	68 e2       	ldi	r22, 0x28	; 40
    2a96:	8a e0       	ldi	r24, 0x0A	; 10
    2a98:	97 e0       	ldi	r25, 0x07	; 7
    2a9a:	0e 94 87 04 	call	0x90e	; 0x90e <MFRC522::PCD_ReadRegister(MFRC522::PCD_Register)>
/home/oggy/Arduino/libraries/MFRC522/src/MFRC522.cpp:285
	if ((value & 0x03) != 0x03) {
    2a9e:	98 2f       	mov	r25, r24
    2aa0:	93 70       	andi	r25, 0x03	; 3
    2aa2:	93 30       	cpi	r25, 0x03	; 3
    2aa4:	09 f4       	brne	.+2      	; 0x2aa8 <main+0x6b4>
    2aa6:	2d ce       	rjmp	.-934    	; 0x2702 <main+0x30e>
/home/oggy/Arduino/libraries/MFRC522/src/MFRC522.cpp:286
		PCD_WriteRegister(TxControlReg, value | 0x03);
    2aa8:	48 2f       	mov	r20, r24
    2aaa:	43 60       	ori	r20, 0x03	; 3
    2aac:	68 e2       	ldi	r22, 0x28	; 40
    2aae:	8a e0       	ldi	r24, 0x0A	; 10
    2ab0:	97 e0       	ldi	r25, 0x07	; 7
    2ab2:	0e 94 a5 04 	call	0x94a	; 0x94a <MFRC522::PCD_WriteRegister(MFRC522::PCD_Register, unsigned char)>
    2ab6:	25 ce       	rjmp	.-950    	; 0x2702 <main+0x30e>
PCD_Reset():
/home/oggy/Arduino/libraries/MFRC522/src/MFRC522.cpp:268

/**
 * Performs a soft reset on the MFRC522 chip and waits for it to be ready again.
 */
void MFRC522::PCD_Reset() {
	PCD_WriteRegister(CommandReg, PCD_SoftReset);	// Issue the SoftReset command.
    2ab8:	4f e0       	ldi	r20, 0x0F	; 15
    2aba:	62 e0       	ldi	r22, 0x02	; 2
    2abc:	8a e0       	ldi	r24, 0x0A	; 10
    2abe:	97 e0       	ldi	r25, 0x07	; 7
    2ac0:	0e 94 a5 04 	call	0x94a	; 0x94a <MFRC522::PCD_WriteRegister(MFRC522::PCD_Register, unsigned char)>
    2ac4:	13 e0       	ldi	r17, 0x03	; 3
/home/oggy/Arduino/libraries/MFRC522/src/MFRC522.cpp:275
	// But the MFRC522 might have been in soft power-down mode (triggered by bit 4 of CommandReg) 
	// Section 8.8.2 in the datasheet says the oscillator start-up time is the start up time of the crystal + 37,74μs. Let us be generous: 50ms.
	uint8_t count = 0;
	do {
		// Wait for the PowerDown bit in CommandReg to be cleared (max 3x50ms)
		delay(50);
    2ac6:	62 e3       	ldi	r22, 0x32	; 50
    2ac8:	70 e0       	ldi	r23, 0x00	; 0
    2aca:	80 e0       	ldi	r24, 0x00	; 0
    2acc:	90 e0       	ldi	r25, 0x00	; 0
    2ace:	0e 94 80 01 	call	0x300	; 0x300 <delay>
/home/oggy/Arduino/libraries/MFRC522/src/MFRC522.cpp:276
	} while ((PCD_ReadRegister(CommandReg) & (1 << 4)) && (++count) < 3);
    2ad2:	62 e0       	ldi	r22, 0x02	; 2
    2ad4:	8a e0       	ldi	r24, 0x0A	; 10
    2ad6:	97 e0       	ldi	r25, 0x07	; 7
    2ad8:	0e 94 87 04 	call	0x90e	; 0x90e <MFRC522::PCD_ReadRegister(MFRC522::PCD_Register)>
    2adc:	84 ff       	sbrs	r24, 4
    2ade:	a4 cf       	rjmp	.-184    	; 0x2a28 <main+0x634>
    2ae0:	11 50       	subi	r17, 0x01	; 1
    2ae2:	89 f7       	brne	.-30     	; 0x2ac6 <main+0x6d2>
    2ae4:	a1 cf       	rjmp	.-190    	; 0x2a28 <main+0x634>
setup():
/home/oggy/Documents/arduinoprojects/padright_v1.5.1/padright_v1.5.1.ino:146
    Serial.println("Frist Boot");
    writeToEPPROM('y');
    delay(100);
    EEPROM.write(firstBootAddress, firstBoot);
  } else {
    Serial.println("Welcome Back");
    2ae6:	88 ee       	ldi	r24, 0xE8	; 232
    2ae8:	92 e0       	ldi	r25, 0x02	; 2
    2aea:	0e 94 ac 0c 	call	0x1958	; 0x1958 <Print::println(char const*) [clone .constprop.21]>
    2aee:	22 ce       	rjmp	.-956    	; 0x2734 <main+0x340>
println():
/home/oggy/.arduino15/packages/MiniCore/hardware/avr/3.1.1/cores/MCUdude_corefiles/Print.cpp:133
  return write("\r\n");
}

size_t Print::println(const String &s)
{
  size_t n = print(s);
    2af0:	be 01       	movw	r22, r28
    2af2:	6d 5e       	subi	r22, 0xED	; 237
    2af4:	7f 4f       	sbci	r23, 0xFF	; 255
    2af6:	8d e3       	ldi	r24, 0x3D	; 61
    2af8:	96 e0       	ldi	r25, 0x06	; 6
    2afa:	0e 94 c0 01 	call	0x380	; 0x380 <Print::print(String const&)>
write():
    2afe:	68 e5       	ldi	r22, 0x58	; 88
    2b00:	72 e0       	ldi	r23, 0x02	; 2
    2b02:	8d e3       	ldi	r24, 0x3D	; 61
    2b04:	96 e0       	ldi	r25, 0x06	; 6
    2b06:	0e 94 36 0a 	call	0x146c	; 0x146c <Print::write(char const*) [clone .part.2]>
machineDetails():
/home/oggy/Documents/arduinoprojects/padright_v1.5.1/padright_v1.5.1.ino:660
  for (int i = 0; i < maxRack; i++) {
    var += "\nRack " + String(i + 1) + " Quantity: " + String(rack[i].getQuantity());
  }

  Serial.println(var);
  delay(1000);
    2b0a:	68 ee       	ldi	r22, 0xE8	; 232
    2b0c:	73 e0       	ldi	r23, 0x03	; 3
    2b0e:	80 e0       	ldi	r24, 0x00	; 0
    2b10:	90 e0       	ldi	r25, 0x00	; 0
    2b12:	0e 94 80 01 	call	0x300	; 0x300 <delay>
/home/oggy/Documents/arduinoprojects/padright_v1.5.1/padright_v1.5.1.ino:651
  if (padAmount > 255) {
    padAmount = 1;
  }
}
void machineDetails() {
  String var = "\nMachine Type : " + String(mType);
    2b16:	ce 01       	movw	r24, r28
    2b18:	43 96       	adiw	r24, 0x13	; 19
    2b1a:	0e 94 fc 0d 	call	0x1bf8	; 0x1bf8 <String::~String()>
setup():
/home/oggy/Documents/arduinoprojects/padright_v1.5.1/padright_v1.5.1.ino:159
  }
  startMessage();
  // delay(2000);
  // menu();
  machineDetails();
  if (!digitalRead(menuButton)) {
    2b1e:	83 e0       	ldi	r24, 0x03	; 3
    2b20:	0e 94 bd 00 	call	0x17a	; 0x17a <digitalRead>
    2b24:	89 2b       	or	r24, r25
    2b26:	09 f0       	breq	.+2      	; 0x2b2a <main+0x736>
    2b28:	c5 c0       	rjmp	.+394    	; 0x2cb4 <main+0x8c0>
/home/oggy/Documents/arduinoprojects/padright_v1.5.1/padright_v1.5.1.ino:160
    makeChange = true;
    2b2a:	81 e0       	ldi	r24, 0x01	; 1
    2b2c:	80 93 f7 05 	sts	0x05F7, r24	; 0x8005f7 <makeChange>
/home/oggy/Documents/arduinoprojects/padright_v1.5.1/padright_v1.5.1.ino:161
    changeDone = true;
    2b30:	80 93 14 01 	sts	0x0114, r24	; 0x800114 <changeDone>
/home/oggy/Documents/arduinoprojects/padright_v1.5.1/padright_v1.5.1.ino:162
    state = 1;
    2b34:	81 e0       	ldi	r24, 0x01	; 1
    2b36:	90 e0       	ldi	r25, 0x00	; 0
    2b38:	90 93 1c 06 	sts	0x061C, r25	; 0x80061c <state+0x1>
    2b3c:	80 93 1b 06 	sts	0x061B, r24	; 0x80061b <state>
/home/oggy/Documents/arduinoprojects/padright_v1.5.1/padright_v1.5.1.ino:163
    status = 'n';
    2b40:	8e e6       	ldi	r24, 0x6E	; 110
    2b42:	80 93 15 01 	sts	0x0115, r24	; 0x800115 <status>
/home/oggy/Documents/arduinoprojects/padright_v1.5.1/padright_v1.5.1.ino:164
    menu();
    2b46:	0e 94 6a 0b 	call	0x16d4	; 0x16d4 <menu()>
/home/oggy/Documents/arduinoprojects/padright_v1.5.1/padright_v1.5.1.ino:165
    while (!digitalRead(menuButton)) {
    2b4a:	83 e0       	ldi	r24, 0x03	; 3
    2b4c:	0e 94 bd 00 	call	0x17a	; 0x17a <digitalRead>
    2b50:	89 2b       	or	r24, r25
    2b52:	d9 f3       	breq	.-10     	; 0x2b4a <main+0x756>
menuManagement():
/home/oggy/Documents/arduinoprojects/padright_v1.5.1/padright_v1.5.1.ino:355
            // delay(300);
            if (!digitalRead(selectButton)) {
              delay(300);
              motorTimeVariable = motorTimeVariable + 100;
              if (motorTimeVariable > 5000)
                motorTimeVariable = 100;
    2b54:	64 e6       	ldi	r22, 0x64	; 100
    2b56:	26 2e       	mov	r2, r22
    2b58:	31 2c       	mov	r3, r1
cashWait():
/home/oggy/Documents/arduinoprojects/padright_v1.5.1/lcd.ino:173
  lcd.clear();
  lcd.setCursor(0, 0);
  lcd.print("Cash Wait Time");
  lcd.setCursor(0, 1);
  // enter number
  lcd.print(cashWaitTime / 1000);
    2b5a:	78 ee       	ldi	r23, 0xE8	; 232
    2b5c:	47 2e       	mov	r4, r23
    2b5e:	73 e0       	ldi	r23, 0x03	; 3
    2b60:	57 2e       	mov	r5, r23
padAmountInc():
/home/oggy/Documents/arduinoprojects/padright_v1.5.1/padright_v1.5.1.ino:647
  digitalWrite(buzzer, LOW);
}
void padAmountInc() {
  padAmount++;
  if (padAmount > 255) {
    padAmount = 1;
    2b62:	aa 24       	eor	r10, r10
    2b64:	a3 94       	inc	r10
    2b66:	b1 2c       	mov	r11, r1
menuManagement():
/home/oggy/Documents/arduinoprojects/padright_v1.5.1/padright_v1.5.1.ino:437
            // delay(300);
            if (!digitalRead(selectButton)) {
              delay(300);
              CASH_LIMIT = CASH_LIMIT + 5;
              if (CASH_LIMIT > MAX_CASH_LIMIT)
                CASH_LIMIT = 5;
    2b68:	f5 e0       	ldi	r31, 0x05	; 5
    2b6a:	8f 2e       	mov	r8, r31
    2b6c:	91 2c       	mov	r9, r1
/home/oggy/Documents/arduinoprojects/padright_v1.5.1/padright_v1.5.1.ino:267
        success(300);
        success(300);
        /// filling all rack
        fillingAllRack();
        state = 0;
        status = 'n';
    2b6e:	4e e6       	ldi	r20, 0x6E	; 110
    2b70:	d4 2e       	mov	r13, r20
    2b72:	5e e0       	ldi	r21, 0x0E	; 14
    2b74:	65 2e       	mov	r6, r21
    2b76:	56 e0       	ldi	r21, 0x06	; 6
    2b78:	75 2e       	mov	r7, r21
/home/oggy/Documents/arduinoprojects/padright_v1.5.1/padright_v1.5.1.ino:204
    pinMode(motor[i], OUTPUT);
    digitalWrite(motor[i], LOW);
  }
}
void menuManagement() {
  previous_time = millis();
    2b7a:	0e 94 b3 01 	call	0x366	; 0x366 <millis>
    2b7e:	60 93 f9 05 	sts	0x05F9, r22	; 0x8005f9 <previous_time>
    2b82:	70 93 fa 05 	sts	0x05FA, r23	; 0x8005fa <previous_time+0x1>
    2b86:	80 93 fb 05 	sts	0x05FB, r24	; 0x8005fb <previous_time+0x2>
    2b8a:	90 93 fc 05 	sts	0x05FC, r25	; 0x8005fc <previous_time+0x3>
/home/oggy/Documents/arduinoprojects/padright_v1.5.1/padright_v1.5.1.ino:206
  static bool buzzerNotification = false;
  while (!digitalRead(menuButton)) {
    2b8e:	83 e0       	ldi	r24, 0x03	; 3
    2b90:	0e 94 bd 00 	call	0x17a	; 0x17a <digitalRead>
    2b94:	89 2b       	or	r24, r25
    2b96:	09 f0       	breq	.+2      	; 0x2b9a <main+0x7a6>
    2b98:	44 c1       	rjmp	.+648    	; 0x2e22 <main+0xa2e>
/home/oggy/Documents/arduinoprojects/padright_v1.5.1/padright_v1.5.1.ino:207
    if (!digitalRead(okButton) && digitalRead(selectButton) && mType == RFID_MACHINE) {
    2b9a:	8f e0       	ldi	r24, 0x0F	; 15
    2b9c:	0e 94 bd 00 	call	0x17a	; 0x17a <digitalRead>
    2ba0:	89 2b       	or	r24, r25
    2ba2:	09 f0       	breq	.+2      	; 0x2ba6 <main+0x7b2>
    2ba4:	8a c0       	rjmp	.+276    	; 0x2cba <main+0x8c6>
    2ba6:	8e e0       	ldi	r24, 0x0E	; 14
    2ba8:	0e 94 bd 00 	call	0x17a	; 0x17a <digitalRead>
    2bac:	89 2b       	or	r24, r25
    2bae:	09 f4       	brne	.+2      	; 0x2bb2 <main+0x7be>
    2bb0:	84 c0       	rjmp	.+264    	; 0x2cba <main+0x8c6>
    2bb2:	80 91 1d 06 	lds	r24, 0x061D	; 0x80061d <mType>
    2bb6:	81 11       	cpse	r24, r1
    2bb8:	80 c0       	rjmp	.+256    	; 0x2cba <main+0x8c6>
/home/oggy/Documents/arduinoprojects/padright_v1.5.1/padright_v1.5.1.ino:208
      if (millis() - previous_time >= 5000) {
    2bba:	0e 94 b3 01 	call	0x366	; 0x366 <millis>
    2bbe:	00 91 f9 05 	lds	r16, 0x05F9	; 0x8005f9 <previous_time>
    2bc2:	10 91 fa 05 	lds	r17, 0x05FA	; 0x8005fa <previous_time+0x1>
    2bc6:	20 91 fb 05 	lds	r18, 0x05FB	; 0x8005fb <previous_time+0x2>
    2bca:	30 91 fc 05 	lds	r19, 0x05FC	; 0x8005fc <previous_time+0x3>
    2bce:	60 1b       	sub	r22, r16
    2bd0:	71 0b       	sbc	r23, r17
    2bd2:	82 0b       	sbc	r24, r18
    2bd4:	93 0b       	sbc	r25, r19
    2bd6:	68 38       	cpi	r22, 0x88	; 136
    2bd8:	73 41       	sbci	r23, 0x13	; 19
    2bda:	81 05       	cpc	r24, r1
    2bdc:	91 05       	cpc	r25, r1
    2bde:	b8 f2       	brcs	.-82     	; 0x2b8e <main+0x79a>
/home/oggy/Documents/arduinoprojects/padright_v1.5.1/padright_v1.5.1.ino:209
        if (!buzzerNotification) {
    2be0:	80 91 f8 05 	lds	r24, 0x05F8	; 0x8005f8 <menuManagement()::buzzerNotification>
    2be4:	81 11       	cpse	r24, r1
    2be6:	08 c0       	rjmp	.+16     	; 0x2bf8 <main+0x804>
/home/oggy/Documents/arduinoprojects/padright_v1.5.1/padright_v1.5.1.ino:210
          success(300);
    2be8:	8c e2       	ldi	r24, 0x2C	; 44
    2bea:	91 e0       	ldi	r25, 0x01	; 1
    2bec:	0e 94 77 09 	call	0x12ee	; 0x12ee <success(int)>
/home/oggy/Documents/arduinoprojects/padright_v1.5.1/padright_v1.5.1.ino:211
          success(300);
    2bf0:	8c e2       	ldi	r24, 0x2C	; 44
    2bf2:	91 e0       	ldi	r25, 0x01	; 1
    2bf4:	0e 94 77 09 	call	0x12ee	; 0x12ee <success(int)>
/home/oggy/Documents/arduinoprojects/padright_v1.5.1/padright_v1.5.1.ino:213
        }
        lcd.clear();
    2bf8:	0e 94 7e 03 	call	0x6fc	; 0x6fc <LiquidCrystal::clear() [clone .constprop.47]>
/home/oggy/Documents/arduinoprojects/padright_v1.5.1/padright_v1.5.1.ino:214
        lcd.setCursor(0, 0);
    2bfc:	60 e0       	ldi	r22, 0x00	; 0
    2bfe:	80 e0       	ldi	r24, 0x00	; 0
    2c00:	0e 94 27 04 	call	0x84e	; 0x84e <LiquidCrystal::setCursor(unsigned char, unsigned char) [clone .constprop.24]>
/home/oggy/Documents/arduinoprojects/padright_v1.5.1/padright_v1.5.1.ino:215
        lcd.print("Batch Write");
    2c04:	8f e1       	ldi	r24, 0x1F	; 31
    2c06:	92 e0       	ldi	r25, 0x02	; 2
    2c08:	0e 94 be 0a 	call	0x157c	; 0x157c <Print::print(char const*) [clone .constprop.41]>
/home/oggy/Documents/arduinoprojects/padright_v1.5.1/padright_v1.5.1.ino:216
        lcd.setCursor(0, 1);
    2c0c:	61 e0       	ldi	r22, 0x01	; 1
    2c0e:	80 e0       	ldi	r24, 0x00	; 0
    2c10:	0e 94 27 04 	call	0x84e	; 0x84e <LiquidCrystal::setCursor(unsigned char, unsigned char) [clone .constprop.24]>
/home/oggy/Documents/arduinoprojects/padright_v1.5.1/padright_v1.5.1.ino:217
        lcd.print("Mode");
    2c14:	88 e4       	ldi	r24, 0x48	; 72
    2c16:	93 e0       	ldi	r25, 0x03	; 3
    2c18:	0e 94 be 0a 	call	0x157c	; 0x157c <Print::print(char const*) [clone .constprop.41]>
/home/oggy/Documents/arduinoprojects/padright_v1.5.1/padright_v1.5.1.ino:218
        delay(2000);
    2c1c:	60 ed       	ldi	r22, 0xD0	; 208
    2c1e:	77 e0       	ldi	r23, 0x07	; 7
    2c20:	80 e0       	ldi	r24, 0x00	; 0
    2c22:	90 e0       	ldi	r25, 0x00	; 0
    2c24:	0e 94 80 01 	call	0x300	; 0x300 <delay>
/home/oggy/Documents/arduinoprojects/padright_v1.5.1/padright_v1.5.1.ino:219
        lcd.clear();
    2c28:	0e 94 7e 03 	call	0x6fc	; 0x6fc <LiquidCrystal::clear() [clone .constprop.47]>
/home/oggy/Documents/arduinoprojects/padright_v1.5.1/padright_v1.5.1.ino:220
        lcd.setCursor(0, 0);
    2c2c:	60 e0       	ldi	r22, 0x00	; 0
    2c2e:	80 e0       	ldi	r24, 0x00	; 0
    2c30:	0e 94 27 04 	call	0x84e	; 0x84e <LiquidCrystal::setCursor(unsigned char, unsigned char) [clone .constprop.24]>
/home/oggy/Documents/arduinoprojects/padright_v1.5.1/padright_v1.5.1.ino:221
        lcd.print("Scan Card!");
    2c34:	8d e4       	ldi	r24, 0x4D	; 77
    2c36:	93 e0       	ldi	r25, 0x03	; 3
    2c38:	0e 94 be 0a 	call	0x157c	; 0x157c <Print::print(char const*) [clone .constprop.41]>
/home/oggy/Documents/arduinoprojects/padright_v1.5.1/padright_v1.5.1.ino:223

        while (digitalRead(okButton)) {
    2c3c:	8f e0       	ldi	r24, 0x0F	; 15
    2c3e:	0e 94 bd 00 	call	0x17a	; 0x17a <digitalRead>
    2c42:	89 2b       	or	r24, r25
    2c44:	09 f4       	brne	.+2      	; 0x2c48 <main+0x854>
    2c46:	5e c0       	rjmp	.+188    	; 0x2d04 <main+0x910>
/home/oggy/Documents/arduinoprojects/padright_v1.5.1/padright_v1.5.1.ino:224
          Serial.println("inside ");
    2c48:	88 e5       	ldi	r24, 0x58	; 88
    2c4a:	93 e0       	ldi	r25, 0x03	; 3
    2c4c:	0e 94 ac 0c 	call	0x1958	; 0x1958 <Print::println(char const*) [clone .constprop.21]>
/home/oggy/Documents/arduinoprojects/padright_v1.5.1/padright_v1.5.1.ino:225
          if (mfrc522.PICC_IsNewCardPresent()) {
    2c50:	8a e0       	ldi	r24, 0x0A	; 10
    2c52:	97 e0       	ldi	r25, 0x07	; 7
    2c54:	0e 94 9d 06 	call	0xd3a	; 0xd3a <MFRC522::PICC_IsNewCardPresent()>
    2c58:	88 23       	and	r24, r24
    2c5a:	81 f3       	breq	.-32     	; 0x2c3c <main+0x848>
/home/oggy/Documents/arduinoprojects/padright_v1.5.1/padright_v1.5.1.ino:226
            if (mfrc522.PICC_ReadCardSerial()) {
    2c5c:	8a e0       	ldi	r24, 0x0A	; 10
    2c5e:	97 e0       	ldi	r25, 0x07	; 7
    2c60:	0e 94 40 04 	call	0x880	; 0x880 <MFRC522::PICC_ReadCardSerial()>
    2c64:	88 23       	and	r24, r24
    2c66:	51 f3       	breq	.-44     	; 0x2c3c <main+0x848>
/home/oggy/Documents/arduinoprojects/padright_v1.5.1/padright_v1.5.1.ino:227
              if (readCard()) {
    2c68:	0e 94 c8 08 	call	0x1190	; 0x1190 <readCard()>
    2c6c:	88 23       	and	r24, r24
    2c6e:	a9 f0       	breq	.+42     	; 0x2c9a <main+0x8a6>
/home/oggy/Documents/arduinoprojects/padright_v1.5.1/padright_v1.5.1.ino:228
                if (readByte[0] == FILLCARD || readByte[0] == RECHCARD || readByte[0] == PADCARD) {
    2c70:	80 91 fe 05 	lds	r24, 0x05FE	; 0x8005fe <readByte>
    2c74:	86 34       	cpi	r24, 0x46	; 70
    2c76:	19 f0       	breq	.+6      	; 0x2c7e <main+0x88a>
    2c78:	8d 7f       	andi	r24, 0xFD	; 253
    2c7a:	80 35       	cpi	r24, 0x50	; 80
    2c7c:	61 f5       	brne	.+88     	; 0x2cd6 <main+0x8e2>
/home/oggy/Documents/arduinoprojects/padright_v1.5.1/padright_v1.5.1.ino:229
                  lcd.setCursor(0, 1);
    2c7e:	61 e0       	ldi	r22, 0x01	; 1
    2c80:	80 e0       	ldi	r24, 0x00	; 0
    2c82:	0e 94 27 04 	call	0x84e	; 0x84e <LiquidCrystal::setCursor(unsigned char, unsigned char) [clone .constprop.24]>
/home/oggy/Documents/arduinoprojects/padright_v1.5.1/padright_v1.5.1.ino:230
                  lcd.print("Error, Menu Card");
    2c86:	80 e6       	ldi	r24, 0x60	; 96
    2c88:	93 e0       	ldi	r25, 0x03	; 3
    2c8a:	0e 94 be 0a 	call	0x157c	; 0x157c <Print::print(char const*) [clone .constprop.41]>
/home/oggy/Documents/arduinoprojects/padright_v1.5.1/padright_v1.5.1.ino:231
                  delay(1000);
    2c8e:	68 ee       	ldi	r22, 0xE8	; 232
    2c90:	73 e0       	ldi	r23, 0x03	; 3
    2c92:	80 e0       	ldi	r24, 0x00	; 0
    2c94:	90 e0       	ldi	r25, 0x00	; 0
    2c96:	0e 94 80 01 	call	0x300	; 0x300 <delay>
/home/oggy/Documents/arduinoprojects/padright_v1.5.1/padright_v1.5.1.ino:242
                    lcd.print("Done");
                    success(500);
                  }
                }
              }
              lcd.clear();
    2c9a:	0e 94 7e 03 	call	0x6fc	; 0x6fc <LiquidCrystal::clear() [clone .constprop.47]>
/home/oggy/Documents/arduinoprojects/padright_v1.5.1/padright_v1.5.1.ino:243
              lcd.setCursor(0, 0);
    2c9e:	60 e0       	ldi	r22, 0x00	; 0
    2ca0:	80 e0       	ldi	r24, 0x00	; 0
    2ca2:	0e 94 27 04 	call	0x84e	; 0x84e <LiquidCrystal::setCursor(unsigned char, unsigned char) [clone .constprop.24]>
/home/oggy/Documents/arduinoprojects/padright_v1.5.1/padright_v1.5.1.ino:244
              lcd.print("Scan Card!");
    2ca6:	8d e4       	ldi	r24, 0x4D	; 77
    2ca8:	93 e0       	ldi	r25, 0x03	; 3
    2caa:	0e 94 be 0a 	call	0x157c	; 0x157c <Print::print(char const*) [clone .constprop.41]>
/home/oggy/Documents/arduinoprojects/padright_v1.5.1/padright_v1.5.1.ino:245
              halt();
    2cae:	0e 94 82 08 	call	0x1104	; 0x1104 <halt()>
    2cb2:	c4 cf       	rjmp	.-120    	; 0x2c3c <main+0x848>
setup():
/home/oggy/Documents/arduinoprojects/padright_v1.5.1/padright_v1.5.1.ino:169
    menu();
    while (!digitalRead(menuButton)) {
      ;
    }
  } else
    enableCashAcceptor();
    2cb4:	0e 94 19 09 	call	0x1232	; 0x1232 <enableCashAcceptor()>
    2cb8:	4d cf       	rjmp	.-358    	; 0x2b54 <main+0x760>
menuManagement():
/home/oggy/Documents/arduinoprojects/padright_v1.5.1/padright_v1.5.1.ino:260
        makeChange = true;
        changeDone = true;
        buzzerNotification = !buzzerNotification;
        menu();
      }
    } else if (!digitalRead(selectButton) && digitalRead(okButton)) {
    2cba:	8e e0       	ldi	r24, 0x0E	; 14
    2cbc:	0e 94 bd 00 	call	0x17a	; 0x17a <digitalRead>
    2cc0:	89 2b       	or	r24, r25
    2cc2:	09 f4       	brne	.+2      	; 0x2cc6 <main+0x8d2>
    2cc4:	42 c0       	rjmp	.+132    	; 0x2d4a <main+0x956>
/home/oggy/Documents/arduinoprojects/padright_v1.5.1/padright_v1.5.1.ino:273
        makeChange = true;
        changeDone = true;
        menu();
      }
    } else {
      state = 0;
    2cc6:	10 92 1c 06 	sts	0x061C, r1	; 0x80061c <state+0x1>
    2cca:	10 92 1b 06 	sts	0x061B, r1	; 0x80061b <state>
/home/oggy/Documents/arduinoprojects/padright_v1.5.1/padright_v1.5.1.ino:274
      status = 'v';
    2cce:	86 e7       	ldi	r24, 0x76	; 118
    2cd0:	80 93 15 01 	sts	0x0115, r24	; 0x800115 <status>
    2cd4:	5c cf       	rjmp	.-328    	; 0x2b8e <main+0x79a>
/home/oggy/Documents/arduinoprojects/padright_v1.5.1/padright_v1.5.1.ino:233
                if (readByte[0] == FILLCARD || readByte[0] == RECHCARD || readByte[0] == PADCARD) {
                  lcd.setCursor(0, 1);
                  lcd.print("Error, Menu Card");
                  delay(1000);
                } else {
                  writeByte[0] = 0;
    2cd6:	10 92 27 06 	sts	0x0627, r1	; 0x800627 <writeByte>
/home/oggy/Documents/arduinoprojects/padright_v1.5.1/padright_v1.5.1.ino:234
                  writeByte[15] = padAmount;
    2cda:	80 91 10 01 	lds	r24, 0x0110	; 0x800110 <padAmount>
    2cde:	80 93 36 06 	sts	0x0636, r24	; 0x800636 <writeByte+0xf>
/home/oggy/Documents/arduinoprojects/padright_v1.5.1/padright_v1.5.1.ino:235
                  if (writeCard(writeByte)) {
    2ce2:	0e 94 11 0a 	call	0x1422	; 0x1422 <writeCard(unsigned char*) [clone .constprop.10]>
    2ce6:	88 23       	and	r24, r24
    2ce8:	c1 f2       	breq	.-80     	; 0x2c9a <main+0x8a6>
/home/oggy/Documents/arduinoprojects/padright_v1.5.1/padright_v1.5.1.ino:236
                    lcd.setCursor(0, 1);
    2cea:	61 e0       	ldi	r22, 0x01	; 1
    2cec:	80 e0       	ldi	r24, 0x00	; 0
    2cee:	0e 94 27 04 	call	0x84e	; 0x84e <LiquidCrystal::setCursor(unsigned char, unsigned char) [clone .constprop.24]>
/home/oggy/Documents/arduinoprojects/padright_v1.5.1/padright_v1.5.1.ino:237
                    lcd.print("Done");
    2cf2:	81 e7       	ldi	r24, 0x71	; 113
    2cf4:	93 e0       	ldi	r25, 0x03	; 3
    2cf6:	0e 94 be 0a 	call	0x157c	; 0x157c <Print::print(char const*) [clone .constprop.41]>
/home/oggy/Documents/arduinoprojects/padright_v1.5.1/padright_v1.5.1.ino:238
                    success(500);
    2cfa:	84 ef       	ldi	r24, 0xF4	; 244
    2cfc:	91 e0       	ldi	r25, 0x01	; 1
    2cfe:	0e 94 77 09 	call	0x12ee	; 0x12ee <success(int)>
    2d02:	cb cf       	rjmp	.-106    	; 0x2c9a <main+0x8a6>
/home/oggy/Documents/arduinoprojects/padright_v1.5.1/padright_v1.5.1.ino:249
              lcd.print("Scan Card!");
              halt();
            }
          }
        }
        lcd.clear();
    2d04:	0e 94 7e 03 	call	0x6fc	; 0x6fc <LiquidCrystal::clear() [clone .constprop.47]>
/home/oggy/Documents/arduinoprojects/padright_v1.5.1/padright_v1.5.1.ino:250
        lcd.setCursor(0, 0);
    2d08:	60 e0       	ldi	r22, 0x00	; 0
    2d0a:	80 e0       	ldi	r24, 0x00	; 0
    2d0c:	0e 94 27 04 	call	0x84e	; 0x84e <LiquidCrystal::setCursor(unsigned char, unsigned char) [clone .constprop.24]>
/home/oggy/Documents/arduinoprojects/padright_v1.5.1/padright_v1.5.1.ino:251
        lcd.print("Exiting...");
    2d10:	86 e7       	ldi	r24, 0x76	; 118
    2d12:	93 e0       	ldi	r25, 0x03	; 3
    2d14:	0e 94 be 0a 	call	0x157c	; 0x157c <Print::print(char const*) [clone .constprop.41]>
/home/oggy/Documents/arduinoprojects/padright_v1.5.1/padright_v1.5.1.ino:252
        delay(500);
    2d18:	64 ef       	ldi	r22, 0xF4	; 244
    2d1a:	71 e0       	ldi	r23, 0x01	; 1
    2d1c:	80 e0       	ldi	r24, 0x00	; 0
    2d1e:	90 e0       	ldi	r25, 0x00	; 0
    2d20:	0e 94 80 01 	call	0x300	; 0x300 <delay>
/home/oggy/Documents/arduinoprojects/padright_v1.5.1/padright_v1.5.1.ino:253
        state = 0;
    2d24:	10 92 1c 06 	sts	0x061C, r1	; 0x80061c <state+0x1>
    2d28:	10 92 1b 06 	sts	0x061B, r1	; 0x80061b <state>
/home/oggy/Documents/arduinoprojects/padright_v1.5.1/padright_v1.5.1.ino:254
        status = 'n';
    2d2c:	d0 92 15 01 	sts	0x0115, r13	; 0x800115 <status>
/home/oggy/Documents/arduinoprojects/padright_v1.5.1/padright_v1.5.1.ino:255
        makeChange = true;
    2d30:	91 e0       	ldi	r25, 0x01	; 1
    2d32:	90 93 f7 05 	sts	0x05F7, r25	; 0x8005f7 <makeChange>
/home/oggy/Documents/arduinoprojects/padright_v1.5.1/padright_v1.5.1.ino:256
        changeDone = true;
    2d36:	90 93 14 01 	sts	0x0114, r25	; 0x800114 <changeDone>
/home/oggy/Documents/arduinoprojects/padright_v1.5.1/padright_v1.5.1.ino:257
        buzzerNotification = !buzzerNotification;
    2d3a:	80 91 f8 05 	lds	r24, 0x05F8	; 0x8005f8 <menuManagement()::buzzerNotification>
    2d3e:	89 27       	eor	r24, r25
    2d40:	80 93 f8 05 	sts	0x05F8, r24	; 0x8005f8 <menuManagement()::buzzerNotification>
/home/oggy/Documents/arduinoprojects/padright_v1.5.1/padright_v1.5.1.ino:270
        fillingAllRack();
        state = 0;
        status = 'n';
        makeChange = true;
        changeDone = true;
        menu();
    2d44:	0e 94 6a 0b 	call	0x16d4	; 0x16d4 <menu()>
    2d48:	22 cf       	rjmp	.-444    	; 0x2b8e <main+0x79a>
/home/oggy/Documents/arduinoprojects/padright_v1.5.1/padright_v1.5.1.ino:260
        makeChange = true;
        changeDone = true;
        buzzerNotification = !buzzerNotification;
        menu();
      }
    } else if (!digitalRead(selectButton) && digitalRead(okButton)) {
    2d4a:	8f e0       	ldi	r24, 0x0F	; 15
    2d4c:	0e 94 bd 00 	call	0x17a	; 0x17a <digitalRead>
    2d50:	89 2b       	or	r24, r25
    2d52:	09 f4       	brne	.+2      	; 0x2d56 <main+0x962>
    2d54:	b8 cf       	rjmp	.-144    	; 0x2cc6 <main+0x8d2>
/home/oggy/Documents/arduinoprojects/padright_v1.5.1/padright_v1.5.1.ino:261
      if (millis() - previous_time >= 5000) {
    2d56:	0e 94 b3 01 	call	0x366	; 0x366 <millis>
    2d5a:	00 91 f9 05 	lds	r16, 0x05F9	; 0x8005f9 <previous_time>
    2d5e:	10 91 fa 05 	lds	r17, 0x05FA	; 0x8005fa <previous_time+0x1>
    2d62:	20 91 fb 05 	lds	r18, 0x05FB	; 0x8005fb <previous_time+0x2>
    2d66:	30 91 fc 05 	lds	r19, 0x05FC	; 0x8005fc <previous_time+0x3>
    2d6a:	60 1b       	sub	r22, r16
    2d6c:	71 0b       	sbc	r23, r17
    2d6e:	82 0b       	sbc	r24, r18
    2d70:	93 0b       	sbc	r25, r19
    2d72:	68 38       	cpi	r22, 0x88	; 136
    2d74:	73 41       	sbci	r23, 0x13	; 19
    2d76:	81 05       	cpc	r24, r1
    2d78:	91 05       	cpc	r25, r1
    2d7a:	08 f4       	brcc	.+2      	; 0x2d7e <main+0x98a>
    2d7c:	08 cf       	rjmp	.-496    	; 0x2b8e <main+0x79a>
/home/oggy/Documents/arduinoprojects/padright_v1.5.1/padright_v1.5.1.ino:262
        success(300);
    2d7e:	8c e2       	ldi	r24, 0x2C	; 44
    2d80:	91 e0       	ldi	r25, 0x01	; 1
    2d82:	0e 94 77 09 	call	0x12ee	; 0x12ee <success(int)>
/home/oggy/Documents/arduinoprojects/padright_v1.5.1/padright_v1.5.1.ino:263
        success(300);
    2d86:	8c e2       	ldi	r24, 0x2C	; 44
    2d88:	91 e0       	ldi	r25, 0x01	; 1
    2d8a:	0e 94 77 09 	call	0x12ee	; 0x12ee <success(int)>
fillingAllRack():
/home/oggy/Documents/arduinoprojects/padright_v1.5.1/lcd.ino:227
  // write to eeprom
  writeToEPPROM('f');
}
void fillingAllRack() {
  {
    lcd.clear();
    2d8e:	0e 94 7e 03 	call	0x6fc	; 0x6fc <LiquidCrystal::clear() [clone .constprop.47]>
/home/oggy/Documents/arduinoprojects/padright_v1.5.1/lcd.ino:228
    lcd.setCursor(0, 0);
    2d92:	60 e0       	ldi	r22, 0x00	; 0
    2d94:	80 e0       	ldi	r24, 0x00	; 0
    2d96:	0e 94 27 04 	call	0x84e	; 0x84e <LiquidCrystal::setCursor(unsigned char, unsigned char) [clone .constprop.24]>
/home/oggy/Documents/arduinoprojects/padright_v1.5.1/lcd.ino:229
    lcd.print("Fill All");
    2d9a:	81 e8       	ldi	r24, 0x81	; 129
    2d9c:	93 e0       	ldi	r25, 0x03	; 3
    2d9e:	0e 94 be 0a 	call	0x157c	; 0x157c <Print::print(char const*) [clone .constprop.41]>
/home/oggy/Documents/arduinoprojects/padright_v1.5.1/lcd.ino:230
    lcd.setCursor(0, 1);
    2da2:	61 e0       	ldi	r22, 0x01	; 1
    2da4:	80 e0       	ldi	r24, 0x00	; 0
    2da6:	0e 94 27 04 	call	0x84e	; 0x84e <LiquidCrystal::setCursor(unsigned char, unsigned char) [clone .constprop.24]>
/home/oggy/Documents/arduinoprojects/padright_v1.5.1/lcd.ino:231
    lcd.print("Rack");
    2daa:	8f e8       	ldi	r24, 0x8F	; 143
    2dac:	91 e0       	ldi	r25, 0x01	; 1
    2dae:	0e 94 be 0a 	call	0x157c	; 0x157c <Print::print(char const*) [clone .constprop.41]>
/home/oggy/Documents/arduinoprojects/padright_v1.5.1/lcd.ino:232
    delay(2000);
    2db2:	60 ed       	ldi	r22, 0xD0	; 208
    2db4:	77 e0       	ldi	r23, 0x07	; 7
    2db6:	80 e0       	ldi	r24, 0x00	; 0
    2db8:	90 e0       	ldi	r25, 0x00	; 0
    2dba:	0e 94 80 01 	call	0x300	; 0x300 <delay>
/home/oggy/Documents/arduinoprojects/padright_v1.5.1/lcd.ino:233
    lcd.clear();
    2dbe:	0e 94 7e 03 	call	0x6fc	; 0x6fc <LiquidCrystal::clear() [clone .constprop.47]>
/home/oggy/Documents/arduinoprojects/padright_v1.5.1/lcd.ino:234
    lcd.setCursor(0, 0);
    2dc2:	60 e0       	ldi	r22, 0x00	; 0
    2dc4:	80 e0       	ldi	r24, 0x00	; 0
    2dc6:	0e 94 27 04 	call	0x84e	; 0x84e <LiquidCrystal::setCursor(unsigned char, unsigned char) [clone .constprop.24]>
/home/oggy/Documents/arduinoprojects/padright_v1.5.1/lcd.ino:235
    lcd.print("Press Okay");
    2dca:	8a e8       	ldi	r24, 0x8A	; 138
    2dcc:	93 e0       	ldi	r25, 0x03	; 3
    2dce:	0e 94 be 0a 	call	0x157c	; 0x157c <Print::print(char const*) [clone .constprop.41]>
/home/oggy/Documents/arduinoprojects/padright_v1.5.1/lcd.ino:236
    while (digitalRead(okButton))
    2dd2:	8f e0       	ldi	r24, 0x0F	; 15
    2dd4:	0e 94 bd 00 	call	0x17a	; 0x17a <digitalRead>
    2dd8:	89 2b       	or	r24, r25
    2dda:	d9 f7       	brne	.-10     	; 0x2dd2 <main+0x9de>
/home/oggy/Documents/arduinoprojects/padright_v1.5.1/lcd.ino:238
      ;
    fillAll(maxRackCapacity);
    2ddc:	80 91 12 01 	lds	r24, 0x0112	; 0x800112 <maxRackCapacity>
    2de0:	90 91 13 01 	lds	r25, 0x0113	; 0x800113 <maxRackCapacity+0x1>
    2de4:	0e 94 9f 09 	call	0x133e	; 0x133e <fillAll(int)>
/home/oggy/Documents/arduinoprojects/padright_v1.5.1/lcd.ino:239
    writeToEPPROM('f');  // write to eeprom
    2de8:	86 e6       	ldi	r24, 0x66	; 102
    2dea:	0e 94 2d 0f 	call	0x1e5a	; 0x1e5a <writeToEPPROM(char)>
/home/oggy/Documents/arduinoprojects/padright_v1.5.1/lcd.ino:240
    lcd.clear();
    2dee:	0e 94 7e 03 	call	0x6fc	; 0x6fc <LiquidCrystal::clear() [clone .constprop.47]>
/home/oggy/Documents/arduinoprojects/padright_v1.5.1/lcd.ino:241
    lcd.setCursor(0, 0);
    2df2:	60 e0       	ldi	r22, 0x00	; 0
    2df4:	80 e0       	ldi	r24, 0x00	; 0
    2df6:	0e 94 27 04 	call	0x84e	; 0x84e <LiquidCrystal::setCursor(unsigned char, unsigned char) [clone .constprop.24]>
/home/oggy/Documents/arduinoprojects/padright_v1.5.1/lcd.ino:242
    lcd.print("Success..");
    2dfa:	85 e9       	ldi	r24, 0x95	; 149
    2dfc:	93 e0       	ldi	r25, 0x03	; 3
    2dfe:	0e 94 be 0a 	call	0x157c	; 0x157c <Print::print(char const*) [clone .constprop.41]>
/home/oggy/Documents/arduinoprojects/padright_v1.5.1/lcd.ino:243
    success(500);
    2e02:	84 ef       	ldi	r24, 0xF4	; 244
    2e04:	91 e0       	ldi	r25, 0x01	; 1
    2e06:	0e 94 77 09 	call	0x12ee	; 0x12ee <success(int)>
menuManagement():
/home/oggy/Documents/arduinoprojects/padright_v1.5.1/padright_v1.5.1.ino:266
        /// filling all rack
        fillingAllRack();
        state = 0;
    2e0a:	10 92 1c 06 	sts	0x061C, r1	; 0x80061c <state+0x1>
    2e0e:	10 92 1b 06 	sts	0x061B, r1	; 0x80061b <state>
/home/oggy/Documents/arduinoprojects/padright_v1.5.1/padright_v1.5.1.ino:267
        status = 'n';
    2e12:	d0 92 15 01 	sts	0x0115, r13	; 0x800115 <status>
/home/oggy/Documents/arduinoprojects/padright_v1.5.1/padright_v1.5.1.ino:268
        makeChange = true;
    2e16:	81 e0       	ldi	r24, 0x01	; 1
    2e18:	80 93 f7 05 	sts	0x05F7, r24	; 0x8005f7 <makeChange>
/home/oggy/Documents/arduinoprojects/padright_v1.5.1/padright_v1.5.1.ino:269
        changeDone = true;
    2e1c:	80 93 14 01 	sts	0x0114, r24	; 0x800114 <changeDone>
    2e20:	91 cf       	rjmp	.-222    	; 0x2d44 <main+0x950>
/home/oggy/Documents/arduinoprojects/padright_v1.5.1/padright_v1.5.1.ino:278
      state = 0;
      status = 'v';
    }
  }

  if (status == 'n') {
    2e22:	80 91 15 01 	lds	r24, 0x0115	; 0x800115 <status>
    2e26:	8e 36       	cpi	r24, 0x6E	; 110
    2e28:	09 f0       	breq	.+2      	; 0x2e2c <main+0xa38>
    2e2a:	79 c0       	rjmp	.+242    	; 0x2f1e <main+0xb2a>
/home/oggy/Documents/arduinoprojects/padright_v1.5.1/padright_v1.5.1.ino:279
    if (!digitalRead(selectButton)) {
    2e2c:	8e e0       	ldi	r24, 0x0E	; 14
    2e2e:	0e 94 bd 00 	call	0x17a	; 0x17a <digitalRead>
    2e32:	89 2b       	or	r24, r25
    2e34:	f1 f4       	brne	.+60     	; 0x2e72 <main+0xa7e>
/home/oggy/Documents/arduinoprojects/padright_v1.5.1/padright_v1.5.1.ino:280
      delay(300);
    2e36:	6c e2       	ldi	r22, 0x2C	; 44
    2e38:	71 e0       	ldi	r23, 0x01	; 1
    2e3a:	80 e0       	ldi	r24, 0x00	; 0
    2e3c:	90 e0       	ldi	r25, 0x00	; 0
    2e3e:	0e 94 80 01 	call	0x300	; 0x300 <delay>
/home/oggy/Documents/arduinoprojects/padright_v1.5.1/padright_v1.5.1.ino:281
      topMenuPosition++;
    2e42:	80 91 f5 05 	lds	r24, 0x05F5	; 0x8005f5 <topMenuPosition>
    2e46:	90 91 f6 05 	lds	r25, 0x05F6	; 0x8005f6 <topMenuPosition+0x1>
    2e4a:	01 96       	adiw	r24, 0x01	; 1
    2e4c:	90 93 f6 05 	sts	0x05F6, r25	; 0x8005f6 <topMenuPosition+0x1>
    2e50:	80 93 f5 05 	sts	0x05F5, r24	; 0x8005f5 <topMenuPosition>
/home/oggy/Documents/arduinoprojects/padright_v1.5.1/padright_v1.5.1.ino:282
      if (mType == RFID_MACHINE && topMenuPosition == 6)
    2e54:	20 91 1d 06 	lds	r18, 0x061D	; 0x80061d <mType>
    2e58:	21 11       	cpse	r18, r1
    2e5a:	de c0       	rjmp	.+444    	; 0x3018 <main+0xc24>
    2e5c:	06 97       	sbiw	r24, 0x06	; 6
    2e5e:	21 f4       	brne	.+8      	; 0x2e68 <main+0xa74>
/home/oggy/Documents/arduinoprojects/padright_v1.5.1/padright_v1.5.1.ino:283
        topMenuPosition = 0;
    2e60:	10 92 f6 05 	sts	0x05F6, r1	; 0x8005f6 <topMenuPosition+0x1>
    2e64:	10 92 f5 05 	sts	0x05F5, r1	; 0x8005f5 <topMenuPosition>
/home/oggy/Documents/arduinoprojects/padright_v1.5.1/padright_v1.5.1.ino:286
      if (mType == CASH_MACHINE && topMenuPosition >= 8)
        topMenuPosition = 0;
      makeChange = true;
    2e68:	81 e0       	ldi	r24, 0x01	; 1
    2e6a:	80 93 f7 05 	sts	0x05F7, r24	; 0x8005f7 <makeChange>
/home/oggy/Documents/arduinoprojects/padright_v1.5.1/padright_v1.5.1.ino:287
      changeDone = true;
    2e6e:	80 93 14 01 	sts	0x0114, r24	; 0x800114 <changeDone>
/home/oggy/Documents/arduinoprojects/padright_v1.5.1/padright_v1.5.1.ino:290
    }

    if (!digitalRead(okButton) && state == 1) {
    2e72:	8f e0       	ldi	r24, 0x0F	; 15
    2e74:	0e 94 bd 00 	call	0x17a	; 0x17a <digitalRead>
    2e78:	8c 01       	movw	r16, r24
    2e7a:	89 2b       	or	r24, r25
    2e7c:	09 f0       	breq	.+2      	; 0x2e80 <main+0xa8c>
    2e7e:	4f c0       	rjmp	.+158    	; 0x2f1e <main+0xb2a>
    2e80:	80 91 1b 06 	lds	r24, 0x061B	; 0x80061b <state>
    2e84:	90 91 1c 06 	lds	r25, 0x061C	; 0x80061c <state+0x1>
    2e88:	01 97       	sbiw	r24, 0x01	; 1
    2e8a:	09 f0       	breq	.+2      	; 0x2e8e <main+0xa9a>
    2e8c:	48 c0       	rjmp	.+144    	; 0x2f1e <main+0xb2a>
/home/oggy/Documents/arduinoprojects/padright_v1.5.1/padright_v1.5.1.ino:291
      delay(300);
    2e8e:	6c e2       	ldi	r22, 0x2C	; 44
    2e90:	71 e0       	ldi	r23, 0x01	; 1
    2e92:	80 e0       	ldi	r24, 0x00	; 0
    2e94:	90 e0       	ldi	r25, 0x00	; 0
    2e96:	0e 94 80 01 	call	0x300	; 0x300 <delay>
/home/oggy/Documents/arduinoprojects/padright_v1.5.1/padright_v1.5.1.ino:292
      if (state == 1 && topMenuPosition == 0)
    2e9a:	80 91 f5 05 	lds	r24, 0x05F5	; 0x8005f5 <topMenuPosition>
    2e9e:	90 91 f6 05 	lds	r25, 0x05F6	; 0x8005f6 <topMenuPosition+0x1>
    2ea2:	00 97       	sbiw	r24, 0x00	; 0
    2ea4:	09 f0       	breq	.+2      	; 0x2ea8 <main+0xab4>
    2ea6:	bf c0       	rjmp	.+382    	; 0x3026 <main+0xc32>
/home/oggy/Documents/arduinoprojects/padright_v1.5.1/padright_v1.5.1.ino:293
        status = 'r';  // pads in  rack
    2ea8:	82 e7       	ldi	r24, 0x72	; 114
/home/oggy/Documents/arduinoprojects/padright_v1.5.1/padright_v1.5.1.ino:315
      } else if (state == 1 && topMenuPosition == 6) {
        if (mType == CASH_MACHINE)
          status = 'p';  // pulses setting
      } else if (state == 1 && topMenuPosition == 7) {
        if (mType == CASH_MACHINE)
          status = 'w';  // inserting cash wait time  setting
    2eaa:	80 93 15 01 	sts	0x0115, r24	; 0x800115 <status>
/home/oggy/Documents/arduinoprojects/padright_v1.5.1/padright_v1.5.1.ino:319
      }
      // Serial.println(status);

      switch (status) {
    2eae:	80 91 15 01 	lds	r24, 0x0115	; 0x800115 <status>
    2eb2:	8d 36       	cpi	r24, 0x6D	; 109
    2eb4:	09 f4       	brne	.+2      	; 0x2eb8 <main+0xac4>
    2eb6:	cc c1       	rjmp	.+920    	; 0x3250 <main+0xe5c>
    2eb8:	0c f0       	brlt	.+2      	; 0x2ebc <main+0xac8>
    2eba:	13 c1       	rjmp	.+550    	; 0x30e2 <main+0xcee>
    2ebc:	82 36       	cpi	r24, 0x62	; 98
    2ebe:	09 f4       	brne	.+2      	; 0x2ec2 <main+0xace>
    2ec0:	26 c2       	rjmp	.+1100   	; 0x330e <main+0xf1a>
    2ec2:	0c f0       	brlt	.+2      	; 0x2ec6 <main+0xad2>
    2ec4:	e7 c0       	rjmp	.+462    	; 0x3094 <main+0xca0>
    2ec6:	8d 34       	cpi	r24, 0x4D	; 77
    2ec8:	09 f4       	brne	.+2      	; 0x2ecc <main+0xad8>
    2eca:	9c c1       	rjmp	.+824    	; 0x3204 <main+0xe10>
/home/oggy/Documents/arduinoprojects/padright_v1.5.1/padright_v1.5.1.ino:483
          }
          while (!digitalRead(okButton))
            ;
          break;
      }
      writeToEPPROM(status);
    2ecc:	80 91 15 01 	lds	r24, 0x0115	; 0x800115 <status>
    2ed0:	0e 94 2d 0f 	call	0x1e5a	; 0x1e5a <writeToEPPROM(char)>
/home/oggy/Documents/arduinoprojects/padright_v1.5.1/padright_v1.5.1.ino:484
      success(800);
    2ed4:	80 e2       	ldi	r24, 0x20	; 32
    2ed6:	93 e0       	ldi	r25, 0x03	; 3
    2ed8:	0e 94 77 09 	call	0x12ee	; 0x12ee <success(int)>
save():
/home/oggy/Documents/arduinoprojects/padright_v1.5.1/padright_v1.5.1.ino:503
  lcd.setCursor(0, 1);
  // enter number
  lcd.print(motorTimeVariable);
}
void save() {
  lcd.clear();
    2edc:	0e 94 7e 03 	call	0x6fc	; 0x6fc <LiquidCrystal::clear() [clone .constprop.47]>
/home/oggy/Documents/arduinoprojects/padright_v1.5.1/padright_v1.5.1.ino:504
  lcd.setCursor(0, 0);
    2ee0:	60 e0       	ldi	r22, 0x00	; 0
    2ee2:	80 e0       	ldi	r24, 0x00	; 0
    2ee4:	0e 94 27 04 	call	0x84e	; 0x84e <LiquidCrystal::setCursor(unsigned char, unsigned char) [clone .constprop.24]>
/home/oggy/Documents/arduinoprojects/padright_v1.5.1/padright_v1.5.1.ino:505
  lcd.print("Saving...");
    2ee8:	84 ea       	ldi	r24, 0xA4	; 164
    2eea:	93 e0       	ldi	r25, 0x03	; 3
    2eec:	0e 94 be 0a 	call	0x157c	; 0x157c <Print::print(char const*) [clone .constprop.41]>
/home/oggy/Documents/arduinoprojects/padright_v1.5.1/padright_v1.5.1.ino:506
  digitalWrite(buzzer, HIGH);
    2ef0:	61 e0       	ldi	r22, 0x01	; 1
    2ef2:	80 e1       	ldi	r24, 0x10	; 16
    2ef4:	0e 94 e6 00 	call	0x1cc	; 0x1cc <digitalWrite>
/home/oggy/Documents/arduinoprojects/padright_v1.5.1/padright_v1.5.1.ino:507
  delay(2000);
    2ef8:	60 ed       	ldi	r22, 0xD0	; 208
    2efa:	77 e0       	ldi	r23, 0x07	; 7
    2efc:	80 e0       	ldi	r24, 0x00	; 0
    2efe:	90 e0       	ldi	r25, 0x00	; 0
    2f00:	0e 94 80 01 	call	0x300	; 0x300 <delay>
/home/oggy/Documents/arduinoprojects/padright_v1.5.1/padright_v1.5.1.ino:508
  digitalWrite(buzzer, LOW);
    2f04:	60 e0       	ldi	r22, 0x00	; 0
    2f06:	80 e1       	ldi	r24, 0x10	; 16
    2f08:	0e 94 e6 00 	call	0x1cc	; 0x1cc <digitalWrite>
/home/oggy/Documents/arduinoprojects/padright_v1.5.1/padright_v1.5.1.ino:509
  status = 'n';
    2f0c:	d0 92 15 01 	sts	0x0115, r13	; 0x800115 <status>
/home/oggy/Documents/arduinoprojects/padright_v1.5.1/padright_v1.5.1.ino:510
  state = 0;
    2f10:	10 92 1c 06 	sts	0x061C, r1	; 0x80061c <state+0x1>
    2f14:	10 92 1b 06 	sts	0x061B, r1	; 0x80061b <state>
menuManagement():
/home/oggy/Documents/arduinoprojects/padright_v1.5.1/padright_v1.5.1.ino:486
          break;
      }
      writeToEPPROM(status);
      success(800);
      save();
      changeDone = true;
    2f18:	81 e0       	ldi	r24, 0x01	; 1
    2f1a:	80 93 14 01 	sts	0x0114, r24	; 0x800114 <changeDone>
/home/oggy/Documents/arduinoprojects/padright_v1.5.1/padright_v1.5.1.ino:490
    }
  }

  menu();
    2f1e:	0e 94 6a 0b 	call	0x16d4	; 0x16d4 <menu()>
/home/oggy/Documents/arduinoprojects/padright_v1.5.1/padright_v1.5.1.ino:491
  makeChange = false;
    2f22:	10 92 f7 05 	sts	0x05F7, r1	; 0x8005f7 <makeChange>
loop():
/home/oggy/Documents/arduinoprojects/padright_v1.5.1/padright_v1.5.1.ino:174
    enableCashAcceptor();
}

void loop() {
  menuManagement();
  if (mType == RFID_MACHINE) {
    2f26:	80 91 1d 06 	lds	r24, 0x061D	; 0x80061d <mType>
    2f2a:	81 11       	cpse	r24, r1
    2f2c:	a5 c4       	rjmp	.+2378   	; 0x3878 <main+0x1484>
manageRFID():
/home/oggy/Documents/arduinoprojects/padright_v1.5.1/rfid.ino:3
void manageRFID()
{
  if (mfrc522.PICC_IsNewCardPresent())
    2f2e:	8a e0       	ldi	r24, 0x0A	; 10
    2f30:	97 e0       	ldi	r25, 0x07	; 7
    2f32:	0e 94 9d 06 	call	0xd3a	; 0xd3a <MFRC522::PICC_IsNewCardPresent()>
    2f36:	88 23       	and	r24, r24
    2f38:	09 f4       	brne	.+2      	; 0x2f3c <main+0xb48>
    2f3a:	61 c0       	rjmp	.+194    	; 0x2ffe <main+0xc0a>
/home/oggy/Documents/arduinoprojects/padright_v1.5.1/rfid.ino:5
  {
    lcd.clear();
    2f3c:	0e 94 7e 03 	call	0x6fc	; 0x6fc <LiquidCrystal::clear() [clone .constprop.47]>
/home/oggy/Documents/arduinoprojects/padright_v1.5.1/rfid.ino:6
    lcd.setCursor(0, 0);
    2f40:	60 e0       	ldi	r22, 0x00	; 0
    2f42:	80 e0       	ldi	r24, 0x00	; 0
    2f44:	0e 94 27 04 	call	0x84e	; 0x84e <LiquidCrystal::setCursor(unsigned char, unsigned char) [clone .constprop.24]>
/home/oggy/Documents/arduinoprojects/padright_v1.5.1/rfid.ino:7
    lcd.print("Card Detected!");
    2f48:	8e ea       	ldi	r24, 0xAE	; 174
    2f4a:	93 e0       	ldi	r25, 0x03	; 3
    2f4c:	0e 94 be 0a 	call	0x157c	; 0x157c <Print::print(char const*) [clone .constprop.41]>
/home/oggy/Documents/arduinoprojects/padright_v1.5.1/rfid.ino:8
    lcd.setCursor(0, 1);
    2f50:	61 e0       	ldi	r22, 0x01	; 1
    2f52:	80 e0       	ldi	r24, 0x00	; 0
    2f54:	0e 94 27 04 	call	0x84e	; 0x84e <LiquidCrystal::setCursor(unsigned char, unsigned char) [clone .constprop.24]>
/home/oggy/Documents/arduinoprojects/padright_v1.5.1/rfid.ino:9
    lcd.print("Please Wait.....");
    2f58:	8d eb       	ldi	r24, 0xBD	; 189
    2f5a:	93 e0       	ldi	r25, 0x03	; 3
    2f5c:	0e 94 be 0a 	call	0x157c	; 0x157c <Print::print(char const*) [clone .constprop.41]>
/home/oggy/Documents/arduinoprojects/padright_v1.5.1/rfid.ino:10
    if (mfrc522.PICC_ReadCardSerial())
    2f60:	8a e0       	ldi	r24, 0x0A	; 10
    2f62:	97 e0       	ldi	r25, 0x07	; 7
    2f64:	0e 94 40 04 	call	0x880	; 0x880 <MFRC522::PICC_ReadCardSerial()>
    2f68:	88 23       	and	r24, r24
    2f6a:	09 f4       	brne	.+2      	; 0x2f6e <main+0xb7a>
    2f6c:	41 c0       	rjmp	.+130    	; 0x2ff0 <main+0xbfc>
/home/oggy/Documents/arduinoprojects/padright_v1.5.1/rfid.ino:12
    {
      if (readCard())
    2f6e:	0e 94 c8 08 	call	0x1190	; 0x1190 <readCard()>
    2f72:	88 23       	and	r24, r24
    2f74:	09 f4       	brne	.+2      	; 0x2f78 <main+0xb84>
    2f76:	77 c4       	rjmp	.+2286   	; 0x3866 <main+0x1472>
/home/oggy/Documents/arduinoprojects/padright_v1.5.1/rfid.ino:14
      {
        success(500);
    2f78:	84 ef       	ldi	r24, 0xF4	; 244
    2f7a:	91 e0       	ldi	r25, 0x01	; 1
    2f7c:	0e 94 77 09 	call	0x12ee	; 0x12ee <success(int)>
/home/oggy/Documents/arduinoprojects/padright_v1.5.1/rfid.ino:15
        if (readByte[0] == FILLCARD)
    2f80:	80 91 fe 05 	lds	r24, 0x05FE	; 0x8005fe <readByte>
    2f84:	86 34       	cpi	r24, 0x46	; 70
    2f86:	09 f0       	breq	.+2      	; 0x2f8a <main+0xb96>
    2f88:	8f c2       	rjmp	.+1310   	; 0x34a8 <main+0x10b4>
/home/oggy/Documents/arduinoprojects/padright_v1.5.1/rfid.ino:17
        {
          Serial.println("Card Detected as FILLCARD");
    2f8a:	8e ec       	ldi	r24, 0xCE	; 206
    2f8c:	93 e0       	ldi	r25, 0x03	; 3
    2f8e:	0e 94 ac 0c 	call	0x1958	; 0x1958 <Print::println(char const*) [clone .constprop.21]>
/home/oggy/Documents/arduinoprojects/padright_v1.5.1/rfid.ino:18
          lcd.clear();
    2f92:	0e 94 7e 03 	call	0x6fc	; 0x6fc <LiquidCrystal::clear() [clone .constprop.47]>
/home/oggy/Documents/arduinoprojects/padright_v1.5.1/rfid.ino:19
          lcd.setCursor(0, 0);
    2f96:	60 e0       	ldi	r22, 0x00	; 0
    2f98:	80 e0       	ldi	r24, 0x00	; 0
    2f9a:	0e 94 27 04 	call	0x84e	; 0x84e <LiquidCrystal::setCursor(unsigned char, unsigned char) [clone .constprop.24]>
/home/oggy/Documents/arduinoprojects/padright_v1.5.1/rfid.ino:20
          lcd.print("Filling All");
    2f9e:	88 ee       	ldi	r24, 0xE8	; 232
    2fa0:	93 e0       	ldi	r25, 0x03	; 3
    2fa2:	0e 94 be 0a 	call	0x157c	; 0x157c <Print::print(char const*) [clone .constprop.41]>
/home/oggy/Documents/arduinoprojects/padright_v1.5.1/rfid.ino:21
          lcd.setCursor(0, 1);
    2fa6:	61 e0       	ldi	r22, 0x01	; 1
    2fa8:	80 e0       	ldi	r24, 0x00	; 0
    2faa:	0e 94 27 04 	call	0x84e	; 0x84e <LiquidCrystal::setCursor(unsigned char, unsigned char) [clone .constprop.24]>
/home/oggy/Documents/arduinoprojects/padright_v1.5.1/rfid.ino:22
          lcd.print("Rack Via CARD");
    2fae:	84 ef       	ldi	r24, 0xF4	; 244
    2fb0:	93 e0       	ldi	r25, 0x03	; 3
    2fb2:	0e 94 be 0a 	call	0x157c	; 0x157c <Print::print(char const*) [clone .constprop.41]>
/home/oggy/Documents/arduinoprojects/padright_v1.5.1/rfid.ino:23
          delay(2000);
    2fb6:	60 ed       	ldi	r22, 0xD0	; 208
    2fb8:	77 e0       	ldi	r23, 0x07	; 7
    2fba:	80 e0       	ldi	r24, 0x00	; 0
    2fbc:	90 e0       	ldi	r25, 0x00	; 0
    2fbe:	0e 94 80 01 	call	0x300	; 0x300 <delay>
/home/oggy/Documents/arduinoprojects/padright_v1.5.1/rfid.ino:24
          fillAll(maxRackCapacity);
    2fc2:	80 91 12 01 	lds	r24, 0x0112	; 0x800112 <maxRackCapacity>
    2fc6:	90 91 13 01 	lds	r25, 0x0113	; 0x800113 <maxRackCapacity+0x1>
    2fca:	0e 94 9f 09 	call	0x133e	; 0x133e <fillAll(int)>
/home/oggy/Documents/arduinoprojects/padright_v1.5.1/rfid.ino:25
          writeToEPPROM('f'); // write to eeprom
    2fce:	86 e6       	ldi	r24, 0x66	; 102
    2fd0:	0e 94 2d 0f 	call	0x1e5a	; 0x1e5a <writeToEPPROM(char)>
/home/oggy/Documents/arduinoprojects/padright_v1.5.1/rfid.ino:112
          lcd.setCursor(0, 0);
          lcd.print("Pad Amount:");
          lcd.setCursor(0, 1);
          lcd.print(padAmount);
          delay(1000);
          lcd.clear();
    2fd4:	0e 94 7e 03 	call	0x6fc	; 0x6fc <LiquidCrystal::clear() [clone .constprop.47]>
/home/oggy/Documents/arduinoprojects/padright_v1.5.1/rfid.ino:113
          lcd.setCursor(0, 0);
    2fd8:	60 e0       	ldi	r22, 0x00	; 0
    2fda:	80 e0       	ldi	r24, 0x00	; 0
    2fdc:	0e 94 27 04 	call	0x84e	; 0x84e <LiquidCrystal::setCursor(unsigned char, unsigned char) [clone .constprop.24]>
/home/oggy/Documents/arduinoprojects/padright_v1.5.1/rfid.ino:114
          lcd.print("Success..");
    2fe0:	85 e9       	ldi	r24, 0x95	; 149
    2fe2:	93 e0       	ldi	r25, 0x03	; 3
    2fe4:	0e 94 be 0a 	call	0x157c	; 0x157c <Print::print(char const*) [clone .constprop.41]>
/home/oggy/Documents/arduinoprojects/padright_v1.5.1/rfid.ino:115
          success(500);
    2fe8:	84 ef       	ldi	r24, 0xF4	; 244
    2fea:	91 e0       	ldi	r25, 0x01	; 1
    2fec:	0e 94 77 09 	call	0x12ee	; 0x12ee <success(int)>
/home/oggy/Documents/arduinoprojects/padright_v1.5.1/rfid.ino:195
        lcd.setCursor(0, 1);
        lcd.print("Try Again");
        warning();
      }
    }
    halt();
    2ff0:	0e 94 82 08 	call	0x1104	; 0x1104 <halt()>
/home/oggy/Documents/arduinoprojects/padright_v1.5.1/rfid.ino:196
    status = 'n';
    2ff4:	d0 92 15 01 	sts	0x0115, r13	; 0x800115 <status>
/home/oggy/Documents/arduinoprojects/padright_v1.5.1/rfid.ino:197
    changeDone = true;
    2ff8:	81 e0       	ldi	r24, 0x01	; 1
    2ffa:	80 93 14 01 	sts	0x0114, r24	; 0x800114 <changeDone>
serialEventRun():
/home/oggy/.arduino15/packages/MiniCore/hardware/avr/3.1.1/cores/MCUdude_corefiles/HardwareSerial.cpp:67
#endif

void serialEventRun(void)
{
#if defined(HAVE_HWSERIAL0)
  if (Serial0_available && serialEvent && Serial0_available()) serialEvent();
    2ffe:	80 e0       	ldi	r24, 0x00	; 0
    3000:	90 e0       	ldi	r25, 0x00	; 0
    3002:	89 2b       	or	r24, r25
    3004:	09 f4       	brne	.+2      	; 0x3008 <main+0xc14>
    3006:	b9 cd       	rjmp	.-1166   	; 0x2b7a <main+0x786>
    3008:	0e 94 38 02 	call	0x470	; 0x470 <Serial0_available()>
    300c:	88 23       	and	r24, r24
    300e:	09 f4       	brne	.+2      	; 0x3012 <main+0xc1e>
    3010:	ae cd       	rjmp	.-1188   	; 0x2b6e <main+0x77a>
    3012:	0e 94 00 00 	call	0	; 0x0 <__vectors>
    3016:	ab cd       	rjmp	.-1194   	; 0x2b6e <main+0x77a>
menuManagement():
/home/oggy/Documents/arduinoprojects/padright_v1.5.1/padright_v1.5.1.ino:284
    if (!digitalRead(selectButton)) {
      delay(300);
      topMenuPosition++;
      if (mType == RFID_MACHINE && topMenuPosition == 6)
        topMenuPosition = 0;
      if (mType == CASH_MACHINE && topMenuPosition >= 8)
    3018:	21 30       	cpi	r18, 0x01	; 1
    301a:	09 f0       	breq	.+2      	; 0x301e <main+0xc2a>
    301c:	25 cf       	rjmp	.-438    	; 0x2e68 <main+0xa74>
    301e:	08 97       	sbiw	r24, 0x08	; 8
    3020:	0c f0       	brlt	.+2      	; 0x3024 <main+0xc30>
    3022:	1e cf       	rjmp	.-452    	; 0x2e60 <main+0xa6c>
    3024:	21 cf       	rjmp	.-446    	; 0x2e68 <main+0xa74>
/home/oggy/Documents/arduinoprojects/padright_v1.5.1/padright_v1.5.1.ino:294

    if (!digitalRead(okButton) && state == 1) {
      delay(300);
      if (state == 1 && topMenuPosition == 0)
        status = 'r';  // pads in  rack
      else if (state == 1 && topMenuPosition == 1)
    3026:	81 30       	cpi	r24, 0x01	; 1
    3028:	91 05       	cpc	r25, r1
    302a:	11 f4       	brne	.+4      	; 0x3030 <main+0xc3c>
/home/oggy/Documents/arduinoprojects/padright_v1.5.1/padright_v1.5.1.ino:295
        status = 'f';  // fill all
    302c:	86 e6       	ldi	r24, 0x66	; 102
    302e:	3d cf       	rjmp	.-390    	; 0x2eaa <main+0xab6>
/home/oggy/Documents/arduinoprojects/padright_v1.5.1/padright_v1.5.1.ino:296
      else if (state == 1 && topMenuPosition == 2)
    3030:	82 30       	cpi	r24, 0x02	; 2
    3032:	91 05       	cpc	r25, r1
    3034:	11 f4       	brne	.+4      	; 0x303a <main+0xc46>
/home/oggy/Documents/arduinoprojects/padright_v1.5.1/padright_v1.5.1.ino:297
        status = 'M';  // max racks
    3036:	8d e4       	ldi	r24, 0x4D	; 77
    3038:	38 cf       	rjmp	.-400    	; 0x2eaa <main+0xab6>
/home/oggy/Documents/arduinoprojects/padright_v1.5.1/padright_v1.5.1.ino:298
      else if (state == 1 && topMenuPosition == 3)
    303a:	83 30       	cpi	r24, 0x03	; 3
    303c:	91 05       	cpc	r25, r1
    303e:	11 f4       	brne	.+4      	; 0x3044 <main+0xc50>
/home/oggy/Documents/arduinoprojects/padright_v1.5.1/padright_v1.5.1.ino:299
        status = 'm';  // motor time
    3040:	8d e6       	ldi	r24, 0x6D	; 109
    3042:	33 cf       	rjmp	.-410    	; 0x2eaa <main+0xab6>
/home/oggy/Documents/arduinoprojects/padright_v1.5.1/padright_v1.5.1.ino:300
      else if (state == 1 && topMenuPosition == 4) {
    3044:	84 30       	cpi	r24, 0x04	; 4
    3046:	91 05       	cpc	r25, r1
    3048:	41 f4       	brne	.+16     	; 0x305a <main+0xc66>
/home/oggy/Documents/arduinoprojects/padright_v1.5.1/padright_v1.5.1.ino:301
        if (mType == RFID_MACHINE)
    304a:	80 91 1d 06 	lds	r24, 0x061D	; 0x80061d <mType>
    304e:	81 11       	cpse	r24, r1
    3050:	02 c0       	rjmp	.+4      	; 0x3056 <main+0xc62>
/home/oggy/Documents/arduinoprojects/padright_v1.5.1/padright_v1.5.1.ino:302
          status = 'b';  // batch write
    3052:	82 e6       	ldi	r24, 0x62	; 98
    3054:	2a cf       	rjmp	.-428    	; 0x2eaa <main+0xab6>
/home/oggy/Documents/arduinoprojects/padright_v1.5.1/padright_v1.5.1.ino:304
        else
          status = 't';
    3056:	84 e7       	ldi	r24, 0x74	; 116
    3058:	28 cf       	rjmp	.-432    	; 0x2eaa <main+0xab6>
/home/oggy/Documents/arduinoprojects/padright_v1.5.1/padright_v1.5.1.ino:305
      } else if (state == 1 && topMenuPosition == 5) {
    305a:	85 30       	cpi	r24, 0x05	; 5
    305c:	91 05       	cpc	r25, r1
    305e:	31 f4       	brne	.+12     	; 0x306c <main+0xc78>
/home/oggy/Documents/arduinoprojects/padright_v1.5.1/padright_v1.5.1.ino:306
        if (mType == RFID_MACHINE)
    3060:	80 91 1d 06 	lds	r24, 0x061D	; 0x80061d <mType>
    3064:	88 23       	and	r24, r24
    3066:	b9 f3       	breq	.-18     	; 0x3056 <main+0xc62>
/home/oggy/Documents/arduinoprojects/padright_v1.5.1/padright_v1.5.1.ino:309
          status = 't';
        else
          status = 'c';  // cash limiting
    3068:	83 e6       	ldi	r24, 0x63	; 99
    306a:	1f cf       	rjmp	.-450    	; 0x2eaa <main+0xab6>
/home/oggy/Documents/arduinoprojects/padright_v1.5.1/padright_v1.5.1.ino:310
      } else if (state == 1 && topMenuPosition == 6) {
    306c:	86 30       	cpi	r24, 0x06	; 6
    306e:	91 05       	cpc	r25, r1
    3070:	39 f4       	brne	.+14     	; 0x3080 <main+0xc8c>
/home/oggy/Documents/arduinoprojects/padright_v1.5.1/padright_v1.5.1.ino:311
        if (mType == CASH_MACHINE)
    3072:	80 91 1d 06 	lds	r24, 0x061D	; 0x80061d <mType>
    3076:	81 30       	cpi	r24, 0x01	; 1
    3078:	09 f0       	breq	.+2      	; 0x307c <main+0xc88>
    307a:	19 cf       	rjmp	.-462    	; 0x2eae <main+0xaba>
/home/oggy/Documents/arduinoprojects/padright_v1.5.1/padright_v1.5.1.ino:312
          status = 'p';  // pulses setting
    307c:	80 e7       	ldi	r24, 0x70	; 112
    307e:	15 cf       	rjmp	.-470    	; 0x2eaa <main+0xab6>
/home/oggy/Documents/arduinoprojects/padright_v1.5.1/padright_v1.5.1.ino:313
      } else if (state == 1 && topMenuPosition == 7) {
    3080:	07 97       	sbiw	r24, 0x07	; 7
    3082:	09 f0       	breq	.+2      	; 0x3086 <main+0xc92>
    3084:	14 cf       	rjmp	.-472    	; 0x2eae <main+0xaba>
/home/oggy/Documents/arduinoprojects/padright_v1.5.1/padright_v1.5.1.ino:314
        if (mType == CASH_MACHINE)
    3086:	80 91 1d 06 	lds	r24, 0x061D	; 0x80061d <mType>
    308a:	81 30       	cpi	r24, 0x01	; 1
    308c:	09 f0       	breq	.+2      	; 0x3090 <main+0xc9c>
    308e:	0f cf       	rjmp	.-482    	; 0x2eae <main+0xaba>
/home/oggy/Documents/arduinoprojects/padright_v1.5.1/padright_v1.5.1.ino:315
          status = 'w';  // inserting cash wait time  setting
    3090:	87 e7       	ldi	r24, 0x77	; 119
    3092:	0b cf       	rjmp	.-490    	; 0x2eaa <main+0xab6>
/home/oggy/Documents/arduinoprojects/padright_v1.5.1/padright_v1.5.1.ino:319
      }
      // Serial.println(status);

      switch (status) {
    3094:	83 36       	cpi	r24, 0x63	; 99
    3096:	09 f4       	brne	.+2      	; 0x309a <main+0xca6>
    3098:	d1 c1       	rjmp	.+930    	; 0x343c <main+0x1048>
    309a:	86 36       	cpi	r24, 0x66	; 102
    309c:	09 f0       	breq	.+2      	; 0x30a0 <main+0xcac>
    309e:	16 cf       	rjmp	.-468    	; 0x2ecc <main+0xad8>
/home/oggy/Documents/arduinoprojects/padright_v1.5.1/padright_v1.5.1.ino:321
        case 'f':
          fillMenu();
    30a0:	0e 94 70 0f 	call	0x1ee0	; 0x1ee0 <fillMenu()>
/home/oggy/Documents/arduinoprojects/padright_v1.5.1/padright_v1.5.1.ino:322
          while (digitalRead(okButton)) {
    30a4:	8f e0       	ldi	r24, 0x0F	; 15
    30a6:	0e 94 bd 00 	call	0x17a	; 0x17a <digitalRead>
    30aa:	89 2b       	or	r24, r25
    30ac:	09 f4       	brne	.+2      	; 0x30b0 <main+0xcbc>
    30ae:	a3 c0       	rjmp	.+326    	; 0x31f6 <main+0xe02>
/home/oggy/Documents/arduinoprojects/padright_v1.5.1/padright_v1.5.1.ino:324
            // delay(300);
            if (!digitalRead(selectButton)) {
    30b0:	8e e0       	ldi	r24, 0x0E	; 14
    30b2:	0e 94 bd 00 	call	0x17a	; 0x17a <digitalRead>
    30b6:	89 2b       	or	r24, r25
    30b8:	a9 f7       	brne	.-22     	; 0x30a4 <main+0xcb0>
/home/oggy/Documents/arduinoprojects/padright_v1.5.1/padright_v1.5.1.ino:325
              delay(300);
    30ba:	6c e2       	ldi	r22, 0x2C	; 44
    30bc:	71 e0       	ldi	r23, 0x01	; 1
    30be:	80 e0       	ldi	r24, 0x00	; 0
    30c0:	90 e0       	ldi	r25, 0x00	; 0
    30c2:	0e 94 80 01 	call	0x300	; 0x300 <delay>
/home/oggy/Documents/arduinoprojects/padright_v1.5.1/padright_v1.5.1.ino:326
              maxRackCapacity = maxRackCapacity + 1;
    30c6:	80 91 12 01 	lds	r24, 0x0112	; 0x800112 <maxRackCapacity>
    30ca:	90 91 13 01 	lds	r25, 0x0113	; 0x800113 <maxRackCapacity+0x1>
    30ce:	01 96       	adiw	r24, 0x01	; 1
/home/oggy/Documents/arduinoprojects/padright_v1.5.1/padright_v1.5.1.ino:327
              if (maxRackCapacity > 60)
    30d0:	8d 33       	cpi	r24, 0x3D	; 61
    30d2:	91 05       	cpc	r25, r1
    30d4:	0c f0       	brlt	.+2      	; 0x30d8 <main+0xce4>
    30d6:	8a c0       	rjmp	.+276    	; 0x31ec <main+0xdf8>
/home/oggy/Documents/arduinoprojects/padright_v1.5.1/padright_v1.5.1.ino:326
          fillMenu();
          while (digitalRead(okButton)) {
            // delay(300);
            if (!digitalRead(selectButton)) {
              delay(300);
              maxRackCapacity = maxRackCapacity + 1;
    30d8:	90 93 13 01 	sts	0x0113, r25	; 0x800113 <maxRackCapacity+0x1>
    30dc:	80 93 12 01 	sts	0x0112, r24	; 0x800112 <maxRackCapacity>
    30e0:	df cf       	rjmp	.-66     	; 0x30a0 <main+0xcac>
/home/oggy/Documents/arduinoprojects/padright_v1.5.1/padright_v1.5.1.ino:319
        if (mType == CASH_MACHINE)
          status = 'w';  // inserting cash wait time  setting
      }
      // Serial.println(status);

      switch (status) {
    30e2:	82 37       	cpi	r24, 0x72	; 114
    30e4:	09 f4       	brne	.+2      	; 0x30e8 <main+0xcf4>
    30e6:	d6 c0       	rjmp	.+428    	; 0x3294 <main+0xea0>
    30e8:	ec f5       	brge	.+122    	; 0x3164 <main+0xd70>
    30ea:	80 37       	cpi	r24, 0x70	; 112
    30ec:	09 f0       	breq	.+2      	; 0x30f0 <main+0xcfc>
    30ee:	ee ce       	rjmp	.-548    	; 0x2ecc <main+0xad8>
/home/oggy/Documents/arduinoprojects/padright_v1.5.1/padright_v1.5.1.ino:459
          }
          while (!digitalRead(okButton))
            ;
          break;
        case 'p':
          pulseLimit();
    30f0:	0e 94 fd 0a 	call	0x15fa	; 0x15fa <pulseLimit()>
/home/oggy/Documents/arduinoprojects/padright_v1.5.1/padright_v1.5.1.ino:463
          byte length = sizeof(availablePulses) / sizeof(availablePulses[0]);
          byte currentIndex = -1;
          for (int i = 0; i < length; i++) {
            if (availablePulses[i] == pulseForFiveRupeeNote) {
    30f4:	80 91 1a 01 	lds	r24, 0x011A	; 0x80011a <pulseForFiveRupeeNote>
    30f8:	90 91 1b 01 	lds	r25, 0x011B	; 0x80011b <pulseForFiveRupeeNote+0x1>
    30fc:	81 30       	cpi	r24, 0x01	; 1
    30fe:	91 05       	cpc	r25, r1
    3100:	79 f0       	breq	.+30     	; 0x3120 <main+0xd2c>
/home/oggy/Documents/arduinoprojects/padright_v1.5.1/padright_v1.5.1.ino:462
          break;
        case 'p':
          pulseLimit();
          byte length = sizeof(availablePulses) / sizeof(availablePulses[0]);
          byte currentIndex = -1;
          for (int i = 0; i < length; i++) {
    3102:	01 e0       	ldi	r16, 0x01	; 1
    3104:	10 e0       	ldi	r17, 0x00	; 0
/home/oggy/Documents/arduinoprojects/padright_v1.5.1/padright_v1.5.1.ino:463
            if (availablePulses[i] == pulseForFiveRupeeNote) {
    3106:	82 30       	cpi	r24, 0x02	; 2
    3108:	91 05       	cpc	r25, r1
    310a:	51 f0       	breq	.+20     	; 0x3120 <main+0xd2c>
/home/oggy/Documents/arduinoprojects/padright_v1.5.1/padright_v1.5.1.ino:462
          break;
        case 'p':
          pulseLimit();
          byte length = sizeof(availablePulses) / sizeof(availablePulses[0]);
          byte currentIndex = -1;
          for (int i = 0; i < length; i++) {
    310c:	02 e0       	ldi	r16, 0x02	; 2
    310e:	10 e0       	ldi	r17, 0x00	; 0
/home/oggy/Documents/arduinoprojects/padright_v1.5.1/padright_v1.5.1.ino:463
            if (availablePulses[i] == pulseForFiveRupeeNote) {
    3110:	85 30       	cpi	r24, 0x05	; 5
    3112:	91 05       	cpc	r25, r1
    3114:	29 f0       	breq	.+10     	; 0x3120 <main+0xd2c>
/home/oggy/Documents/arduinoprojects/padright_v1.5.1/padright_v1.5.1.ino:462
          break;
        case 'p':
          pulseLimit();
          byte length = sizeof(availablePulses) / sizeof(availablePulses[0]);
          byte currentIndex = -1;
          for (int i = 0; i < length; i++) {
    3116:	03 e0       	ldi	r16, 0x03	; 3
    3118:	10 e0       	ldi	r17, 0x00	; 0
/home/oggy/Documents/arduinoprojects/padright_v1.5.1/padright_v1.5.1.ino:463
            if (availablePulses[i] == pulseForFiveRupeeNote) {
    311a:	0a 97       	sbiw	r24, 0x0a	; 10
    311c:	09 f0       	breq	.+2      	; 0x3120 <main+0xd2c>
main():
/home/oggy/Documents/arduinoprojects/padright_v1.5.1/padright_v1.5.1.ino:461
            ;
          break;
        case 'p':
          pulseLimit();
          byte length = sizeof(availablePulses) / sizeof(availablePulses[0]);
          byte currentIndex = -1;
    311e:	0f ef       	ldi	r16, 0xFF	; 255
menuManagement():
/home/oggy/Documents/arduinoprojects/padright_v1.5.1/padright_v1.5.1.ino:468
            if (availablePulses[i] == pulseForFiveRupeeNote) {
              currentIndex = i;
              break;  // Stop after finding the first match
            }
          }
          while (digitalRead(okButton)) {
    3120:	8f e0       	ldi	r24, 0x0F	; 15
    3122:	0e 94 bd 00 	call	0x17a	; 0x17a <digitalRead>
    3126:	89 2b       	or	r24, r25
    3128:	09 f4       	brne	.+2      	; 0x312c <main+0xd38>
    312a:	b8 c1       	rjmp	.+880    	; 0x349c <main+0x10a8>
/home/oggy/Documents/arduinoprojects/padright_v1.5.1/padright_v1.5.1.ino:470
            // delay(300);
            if (!digitalRead(selectButton)) {
    312c:	8e e0       	ldi	r24, 0x0E	; 14
    312e:	0e 94 bd 00 	call	0x17a	; 0x17a <digitalRead>
    3132:	89 2b       	or	r24, r25
    3134:	a9 f7       	brne	.-22     	; 0x3120 <main+0xd2c>
/home/oggy/Documents/arduinoprojects/padright_v1.5.1/padright_v1.5.1.ino:471
              delay(300);
    3136:	6c e2       	ldi	r22, 0x2C	; 44
    3138:	71 e0       	ldi	r23, 0x01	; 1
    313a:	80 e0       	ldi	r24, 0x00	; 0
    313c:	90 e0       	ldi	r25, 0x00	; 0
    313e:	0e 94 80 01 	call	0x300	; 0x300 <delay>
/home/oggy/Documents/arduinoprojects/padright_v1.5.1/padright_v1.5.1.ino:472
              currentIndex++;
    3142:	0f 5f       	subi	r16, 0xFF	; 255
/home/oggy/Documents/arduinoprojects/padright_v1.5.1/padright_v1.5.1.ino:473
              if (currentIndex >= length)
    3144:	04 30       	cpi	r16, 0x04	; 4
    3146:	09 f4       	brne	.+2      	; 0x314a <main+0xd56>
main():
/home/oggy/Documents/arduinoprojects/padright_v1.5.1/padright_v1.5.1.ino:474
                currentIndex = 0;
    3148:	00 e0       	ldi	r16, 0x00	; 0
menuManagement():
/home/oggy/Documents/arduinoprojects/padright_v1.5.1/padright_v1.5.1.ino:475
              pulseForFiveRupeeNote = availablePulses[currentIndex];
    314a:	e0 2f       	mov	r30, r16
    314c:	f0 e0       	ldi	r31, 0x00	; 0
    314e:	e8 5d       	subi	r30, 0xD8	; 216
    3150:	fe 4f       	sbci	r31, 0xFE	; 254
    3152:	80 81       	ld	r24, Z
    3154:	90 e0       	ldi	r25, 0x00	; 0
    3156:	90 93 1b 01 	sts	0x011B, r25	; 0x80011b <pulseForFiveRupeeNote+0x1>
    315a:	80 93 1a 01 	sts	0x011A, r24	; 0x80011a <pulseForFiveRupeeNote>
/home/oggy/Documents/arduinoprojects/padright_v1.5.1/padright_v1.5.1.ino:476
              pulseLimit();
    315e:	0e 94 fd 0a 	call	0x15fa	; 0x15fa <pulseLimit()>
    3162:	de cf       	rjmp	.-68     	; 0x3120 <main+0xd2c>
/home/oggy/Documents/arduinoprojects/padright_v1.5.1/padright_v1.5.1.ino:319
        if (mType == CASH_MACHINE)
          status = 'w';  // inserting cash wait time  setting
      }
      // Serial.println(status);

      switch (status) {
    3164:	84 37       	cpi	r24, 0x74	; 116
    3166:	09 f4       	brne	.+2      	; 0x316a <main+0xd76>
    3168:	39 c1       	rjmp	.+626    	; 0x33dc <main+0xfe8>
    316a:	87 37       	cpi	r24, 0x77	; 119
    316c:	09 f0       	breq	.+2      	; 0x3170 <main+0xd7c>
    316e:	ae ce       	rjmp	.-676    	; 0x2ecc <main+0xad8>
/home/oggy/Documents/arduinoprojects/padright_v1.5.1/padright_v1.5.1.ino:445
          }
          while (!digitalRead(okButton))
            ;
          break;
        case 'w':
          while (digitalRead(okButton)) {
    3170:	8f e0       	ldi	r24, 0x0F	; 15
    3172:	0e 94 bd 00 	call	0x17a	; 0x17a <digitalRead>
    3176:	89 2b       	or	r24, r25
    3178:	09 f4       	brne	.+2      	; 0x317c <main+0xd88>
    317a:	8a c1       	rjmp	.+788    	; 0x3490 <main+0x109c>
/home/oggy/Documents/arduinoprojects/padright_v1.5.1/padright_v1.5.1.ino:447
            // delay(300);
            if (!digitalRead(selectButton)) {
    317c:	8e e0       	ldi	r24, 0x0E	; 14
    317e:	0e 94 bd 00 	call	0x17a	; 0x17a <digitalRead>
    3182:	89 2b       	or	r24, r25
    3184:	a9 f7       	brne	.-22     	; 0x3170 <main+0xd7c>
/home/oggy/Documents/arduinoprojects/padright_v1.5.1/padright_v1.5.1.ino:448
              delay(300);
    3186:	6c e2       	ldi	r22, 0x2C	; 44
    3188:	71 e0       	ldi	r23, 0x01	; 1
    318a:	80 e0       	ldi	r24, 0x00	; 0
    318c:	90 e0       	ldi	r25, 0x00	; 0
    318e:	0e 94 80 01 	call	0x300	; 0x300 <delay>
/home/oggy/Documents/arduinoprojects/padright_v1.5.1/padright_v1.5.1.ino:449
              cashWaitTime = cashWaitTime + 1000;
    3192:	80 91 18 01 	lds	r24, 0x0118	; 0x800118 <cashWaitTime>
    3196:	90 91 19 01 	lds	r25, 0x0119	; 0x800119 <cashWaitTime+0x1>
    319a:	88 51       	subi	r24, 0x18	; 24
    319c:	9c 4f       	sbci	r25, 0xFC	; 252
/home/oggy/Documents/arduinoprojects/padright_v1.5.1/padright_v1.5.1.ino:450
              if (cashWaitTime > MAX_CASH_WAIT_TIME)
    319e:	81 32       	cpi	r24, 0x21	; 33
    31a0:	2e e4       	ldi	r18, 0x4E	; 78
    31a2:	92 07       	cpc	r25, r18
    31a4:	0c f0       	brlt	.+2      	; 0x31a8 <main+0xdb4>
    31a6:	6f c1       	rjmp	.+734    	; 0x3486 <main+0x1092>
/home/oggy/Documents/arduinoprojects/padright_v1.5.1/padright_v1.5.1.ino:449
        case 'w':
          while (digitalRead(okButton)) {
            // delay(300);
            if (!digitalRead(selectButton)) {
              delay(300);
              cashWaitTime = cashWaitTime + 1000;
    31a8:	90 93 19 01 	sts	0x0119, r25	; 0x800119 <cashWaitTime+0x1>
    31ac:	80 93 18 01 	sts	0x0118, r24	; 0x800118 <cashWaitTime>
cashWait():
/home/oggy/Documents/arduinoprojects/padright_v1.5.1/lcd.ino:168
  } else if (mType == CASH_MACHINE) {
    lcd.print("Cash / Coin");
  }
}
void cashWait() {
  lcd.clear();
    31b0:	0e 94 7e 03 	call	0x6fc	; 0x6fc <LiquidCrystal::clear() [clone .constprop.47]>
/home/oggy/Documents/arduinoprojects/padright_v1.5.1/lcd.ino:169
  lcd.setCursor(0, 0);
    31b4:	60 e0       	ldi	r22, 0x00	; 0
    31b6:	80 e0       	ldi	r24, 0x00	; 0
    31b8:	0e 94 27 04 	call	0x84e	; 0x84e <LiquidCrystal::setCursor(unsigned char, unsigned char) [clone .constprop.24]>
/home/oggy/Documents/arduinoprojects/padright_v1.5.1/lcd.ino:170
  lcd.print("Cash Wait Time");
    31bc:	89 e3       	ldi	r24, 0x39	; 57
    31be:	92 e0       	ldi	r25, 0x02	; 2
    31c0:	0e 94 be 0a 	call	0x157c	; 0x157c <Print::print(char const*) [clone .constprop.41]>
/home/oggy/Documents/arduinoprojects/padright_v1.5.1/lcd.ino:171
  lcd.setCursor(0, 1);
    31c4:	61 e0       	ldi	r22, 0x01	; 1
    31c6:	80 e0       	ldi	r24, 0x00	; 0
    31c8:	0e 94 27 04 	call	0x84e	; 0x84e <LiquidCrystal::setCursor(unsigned char, unsigned char) [clone .constprop.24]>
/home/oggy/Documents/arduinoprojects/padright_v1.5.1/lcd.ino:173
  // enter number
  lcd.print(cashWaitTime / 1000);
    31cc:	80 91 18 01 	lds	r24, 0x0118	; 0x800118 <cashWaitTime>
    31d0:	90 91 19 01 	lds	r25, 0x0119	; 0x800119 <cashWaitTime+0x1>
    31d4:	68 ee       	ldi	r22, 0xE8	; 232
    31d6:	73 e0       	ldi	r23, 0x03	; 3
    31d8:	0e 94 5f 20 	call	0x40be	; 0x40be <__divmodhi4>
    31dc:	cb 01       	movw	r24, r22
    31de:	0e 94 91 0a 	call	0x1522	; 0x1522 <Print::print(int, int) [clone .constprop.25]>
/home/oggy/Documents/arduinoprojects/padright_v1.5.1/lcd.ino:174
  lcd.print(" Sec");
    31e2:	8f e9       	ldi	r24, 0x9F	; 159
    31e4:	93 e0       	ldi	r25, 0x03	; 3
    31e6:	0e 94 be 0a 	call	0x157c	; 0x157c <Print::print(char const*) [clone .constprop.41]>
    31ea:	c2 cf       	rjmp	.-124    	; 0x3170 <main+0xd7c>
menuManagement():
/home/oggy/Documents/arduinoprojects/padright_v1.5.1/padright_v1.5.1.ino:328
            // delay(300);
            if (!digitalRead(selectButton)) {
              delay(300);
              maxRackCapacity = maxRackCapacity + 1;
              if (maxRackCapacity > 60)
                maxRackCapacity = 1;
    31ec:	b0 92 13 01 	sts	0x0113, r11	; 0x800113 <maxRackCapacity+0x1>
    31f0:	a0 92 12 01 	sts	0x0112, r10	; 0x800112 <maxRackCapacity>
    31f4:	55 cf       	rjmp	.-342    	; 0x30a0 <main+0xcac>
/home/oggy/Documents/arduinoprojects/padright_v1.5.1/padright_v1.5.1.ino:332
              fillMenu();
            }
          }
          fillAll(maxRackCapacity);
    31f6:	80 91 12 01 	lds	r24, 0x0112	; 0x800112 <maxRackCapacity>
    31fa:	90 91 13 01 	lds	r25, 0x0113	; 0x800113 <maxRackCapacity+0x1>
    31fe:	0e 94 9f 09 	call	0x133e	; 0x133e <fillAll(int)>
    3202:	64 ce       	rjmp	.-824    	; 0x2ecc <main+0xad8>
/home/oggy/Documents/arduinoprojects/padright_v1.5.1/padright_v1.5.1.ino:335
          break;
        case 'M':  // for maximum racks setting
          _maxRack();
    3204:	0e 94 e5 0a 	call	0x15ca	; 0x15ca <_maxRack()>
/home/oggy/Documents/arduinoprojects/padright_v1.5.1/padright_v1.5.1.ino:342
            // delay(300);
            if (!digitalRead(selectButton)) {
              delay(300);
              maxRack = maxRack + 1;
              if (maxRack > availableRack)
                maxRack = 1;
    3208:	11 e0       	ldi	r17, 0x01	; 1
/home/oggy/Documents/arduinoprojects/padright_v1.5.1/padright_v1.5.1.ino:336
          }
          fillAll(maxRackCapacity);
          break;
        case 'M':  // for maximum racks setting
          _maxRack();
          while (digitalRead(okButton)) {
    320a:	8f e0       	ldi	r24, 0x0F	; 15
    320c:	0e 94 bd 00 	call	0x17a	; 0x17a <digitalRead>
    3210:	89 2b       	or	r24, r25
    3212:	09 f4       	brne	.+2      	; 0x3216 <main+0xe22>
    3214:	5b ce       	rjmp	.-842    	; 0x2ecc <main+0xad8>
/home/oggy/Documents/arduinoprojects/padright_v1.5.1/padright_v1.5.1.ino:338
            // delay(300);
            if (!digitalRead(selectButton)) {
    3216:	8e e0       	ldi	r24, 0x0E	; 14
    3218:	0e 94 bd 00 	call	0x17a	; 0x17a <digitalRead>
    321c:	89 2b       	or	r24, r25
    321e:	a9 f7       	brne	.-22     	; 0x320a <main+0xe16>
/home/oggy/Documents/arduinoprojects/padright_v1.5.1/padright_v1.5.1.ino:339
              delay(300);
    3220:	6c e2       	ldi	r22, 0x2C	; 44
    3222:	71 e0       	ldi	r23, 0x01	; 1
    3224:	80 e0       	ldi	r24, 0x00	; 0
    3226:	90 e0       	ldi	r25, 0x00	; 0
    3228:	0e 94 80 01 	call	0x300	; 0x300 <delay>
/home/oggy/Documents/arduinoprojects/padright_v1.5.1/padright_v1.5.1.ino:340
              maxRack = maxRack + 1;
    322c:	80 91 0f 01 	lds	r24, 0x010F	; 0x80010f <maxRack>
    3230:	8f 5f       	subi	r24, 0xFF	; 255
    3232:	80 93 0f 01 	sts	0x010F, r24	; 0x80010f <maxRack>
/home/oggy/Documents/arduinoprojects/padright_v1.5.1/padright_v1.5.1.ino:341
              if (maxRack > availableRack)
    3236:	90 91 0c 01 	lds	r25, 0x010C	; 0x80010c <availableRack>
    323a:	98 17       	cp	r25, r24
    323c:	10 f4       	brcc	.+4      	; 0x3242 <main+0xe4e>
/home/oggy/Documents/arduinoprojects/padright_v1.5.1/padright_v1.5.1.ino:342
                maxRack = 1;
    323e:	10 93 0f 01 	sts	0x010F, r17	; 0x80010f <maxRack>
/home/oggy/Documents/arduinoprojects/padright_v1.5.1/padright_v1.5.1.ino:343
              _maxRack();
    3242:	0e 94 e5 0a 	call	0x15ca	; 0x15ca <_maxRack()>
    3246:	e1 cf       	rjmp	.-62     	; 0x320a <main+0xe16>
/home/oggy/Documents/arduinoprojects/padright_v1.5.1/padright_v1.5.1.ino:355
            // delay(300);
            if (!digitalRead(selectButton)) {
              delay(300);
              motorTimeVariable = motorTimeVariable + 100;
              if (motorTimeVariable > 5000)
                motorTimeVariable = 100;
    3248:	30 92 0e 01 	sts	0x010E, r3	; 0x80010e <motorTimeVariable+0x1>
    324c:	20 92 0d 01 	sts	0x010D, r2	; 0x80010d <motorTimeVariable>
/home/oggy/Documents/arduinoprojects/padright_v1.5.1/padright_v1.5.1.ino:348
              _maxRack();
            }
          }
          break;
        case 'm':
          motorTime();
    3250:	0e 94 98 0c 	call	0x1930	; 0x1930 <motorTime()>
/home/oggy/Documents/arduinoprojects/padright_v1.5.1/padright_v1.5.1.ino:349
          while (digitalRead(okButton)) {
    3254:	8f e0       	ldi	r24, 0x0F	; 15
    3256:	0e 94 bd 00 	call	0x17a	; 0x17a <digitalRead>
    325a:	89 2b       	or	r24, r25
    325c:	09 f4       	brne	.+2      	; 0x3260 <main+0xe6c>
    325e:	36 ce       	rjmp	.-916    	; 0x2ecc <main+0xad8>
/home/oggy/Documents/arduinoprojects/padright_v1.5.1/padright_v1.5.1.ino:351
            // delay(300);
            if (!digitalRead(selectButton)) {
    3260:	8e e0       	ldi	r24, 0x0E	; 14
    3262:	0e 94 bd 00 	call	0x17a	; 0x17a <digitalRead>
    3266:	89 2b       	or	r24, r25
    3268:	a9 f7       	brne	.-22     	; 0x3254 <main+0xe60>
/home/oggy/Documents/arduinoprojects/padright_v1.5.1/padright_v1.5.1.ino:352
              delay(300);
    326a:	6c e2       	ldi	r22, 0x2C	; 44
    326c:	71 e0       	ldi	r23, 0x01	; 1
    326e:	80 e0       	ldi	r24, 0x00	; 0
    3270:	90 e0       	ldi	r25, 0x00	; 0
    3272:	0e 94 80 01 	call	0x300	; 0x300 <delay>
/home/oggy/Documents/arduinoprojects/padright_v1.5.1/padright_v1.5.1.ino:353
              motorTimeVariable = motorTimeVariable + 100;
    3276:	80 91 0d 01 	lds	r24, 0x010D	; 0x80010d <motorTimeVariable>
    327a:	90 91 0e 01 	lds	r25, 0x010E	; 0x80010e <motorTimeVariable+0x1>
    327e:	8c 59       	subi	r24, 0x9C	; 156
    3280:	9f 4f       	sbci	r25, 0xFF	; 255
/home/oggy/Documents/arduinoprojects/padright_v1.5.1/padright_v1.5.1.ino:354
              if (motorTimeVariable > 5000)
    3282:	89 38       	cpi	r24, 0x89	; 137
    3284:	f3 e1       	ldi	r31, 0x13	; 19
    3286:	9f 07       	cpc	r25, r31
    3288:	fc f6       	brge	.-66     	; 0x3248 <main+0xe54>
/home/oggy/Documents/arduinoprojects/padright_v1.5.1/padright_v1.5.1.ino:353
          motorTime();
          while (digitalRead(okButton)) {
            // delay(300);
            if (!digitalRead(selectButton)) {
              delay(300);
              motorTimeVariable = motorTimeVariable + 100;
    328a:	90 93 0e 01 	sts	0x010E, r25	; 0x80010e <motorTimeVariable+0x1>
    328e:	80 93 0d 01 	sts	0x010D, r24	; 0x80010d <motorTimeVariable>
    3292:	de cf       	rjmp	.-68     	; 0x3250 <main+0xe5c>
/home/oggy/Documents/arduinoprojects/padright_v1.5.1/padright_v1.5.1.ino:319
        if (mType == CASH_MACHINE)
          status = 'w';  // inserting cash wait time  setting
      }
      // Serial.println(status);

      switch (status) {
    3294:	3a ed       	ldi	r19, 0xDA	; 218
    3296:	e3 2e       	mov	r14, r19
    3298:	36 e0       	ldi	r19, 0x06	; 6
    329a:	f3 2e       	mov	r15, r19
/home/oggy/Documents/arduinoprojects/padright_v1.5.1/padright_v1.5.1.ino:361
              motorTime();
            }
          }
          break;
        case 'r':
          for (int i = 0; i < maxRack; i++) {
    329c:	80 91 0f 01 	lds	r24, 0x010F	; 0x80010f <maxRack>
    32a0:	80 17       	cp	r24, r16
    32a2:	11 06       	cpc	r1, r17
    32a4:	09 f0       	breq	.+2      	; 0x32a8 <main+0xeb4>
    32a6:	0c f4       	brge	.+2      	; 0x32aa <main+0xeb6>
    32a8:	11 ce       	rjmp	.-990    	; 0x2ecc <main+0xad8>
/home/oggy/Documents/arduinoprojects/padright_v1.5.1/padright_v1.5.1.ino:362
            manageRack(i);
    32aa:	c0 2e       	mov	r12, r16
    32ac:	80 2f       	mov	r24, r16
    32ae:	0e 94 04 0e 	call	0x1c08	; 0x1c08 <manageRack(unsigned char)>
/home/oggy/Documents/arduinoprojects/padright_v1.5.1/padright_v1.5.1.ino:363
            while (digitalRead(okButton)) {
    32b2:	8f e0       	ldi	r24, 0x0F	; 15
    32b4:	0e 94 bd 00 	call	0x17a	; 0x17a <digitalRead>
    32b8:	89 2b       	or	r24, r25
    32ba:	d1 f0       	breq	.+52     	; 0x32f0 <main+0xefc>
/home/oggy/Documents/arduinoprojects/padright_v1.5.1/padright_v1.5.1.ino:365
              // delay(300);
              if (!digitalRead(selectButton)) {
    32bc:	8e e0       	ldi	r24, 0x0E	; 14
    32be:	0e 94 bd 00 	call	0x17a	; 0x17a <digitalRead>
    32c2:	89 2b       	or	r24, r25
    32c4:	b1 f7       	brne	.-20     	; 0x32b2 <main+0xebe>
/home/oggy/Documents/arduinoprojects/padright_v1.5.1/padright_v1.5.1.ino:366
                delay(300);
    32c6:	6c e2       	ldi	r22, 0x2C	; 44
    32c8:	71 e0       	ldi	r23, 0x01	; 1
    32ca:	80 e0       	ldi	r24, 0x00	; 0
    32cc:	90 e0       	ldi	r25, 0x00	; 0
    32ce:	0e 94 80 01 	call	0x300	; 0x300 <delay>
incQuantity():
/home/oggy/Documents/arduinoprojects/padright_v1.5.1/padrack.cpp:27
        quantity = 0;
    }
}
void padrack::incQuantity()
{
    quantity++;
    32d2:	f7 01       	movw	r30, r14
    32d4:	80 81       	ld	r24, Z
    32d6:	91 81       	ldd	r25, Z+1	; 0x01
    32d8:	01 96       	adiw	r24, 0x01	; 1
    32da:	91 83       	std	Z+1, r25	; 0x01
    32dc:	80 83       	st	Z, r24
/home/oggy/Documents/arduinoprojects/padright_v1.5.1/padrack.cpp:28
    if (quantity > maxQuantity)
    32de:	22 81       	ldd	r18, Z+2	; 0x02
    32e0:	33 81       	ldd	r19, Z+3	; 0x03
    32e2:	28 17       	cp	r18, r24
    32e4:	39 07       	cpc	r19, r25
    32e6:	14 f4       	brge	.+4      	; 0x32ec <main+0xef8>
setQuantity():
/home/oggy/Documents/arduinoprojects/padright_v1.5.1/padrack.cpp:9
{
    return quantity;
}
void padrack::setQuantity(int number)
{
    quantity = number;
    32e8:	11 82       	std	Z+1, r1	; 0x01
    32ea:	10 82       	st	Z, r1
menuManagement():
/home/oggy/Documents/arduinoprojects/padright_v1.5.1/padright_v1.5.1.ino:368
                rack[i].incQuantity();
                manageRack(i);
    32ec:	8c 2d       	mov	r24, r12
    32ee:	df cf       	rjmp	.-66     	; 0x32ae <main+0xeba>
/home/oggy/Documents/arduinoprojects/padright_v1.5.1/padright_v1.5.1.ino:371
              }
            }
            while (!digitalRead(okButton))
    32f0:	8f e0       	ldi	r24, 0x0F	; 15
    32f2:	0e 94 bd 00 	call	0x17a	; 0x17a <digitalRead>
    32f6:	89 2b       	or	r24, r25
    32f8:	d9 f3       	breq	.-10     	; 0x32f0 <main+0xefc>
/home/oggy/Documents/arduinoprojects/padright_v1.5.1/padright_v1.5.1.ino:361
              motorTime();
            }
          }
          break;
        case 'r':
          for (int i = 0; i < maxRack; i++) {
    32fa:	0f 5f       	subi	r16, 0xFF	; 255
    32fc:	1f 4f       	sbci	r17, 0xFF	; 255
    32fe:	f4 e0       	ldi	r31, 0x04	; 4
    3300:	ef 0e       	add	r14, r31
    3302:	f1 1c       	adc	r15, r1
    3304:	cb cf       	rjmp	.-106    	; 0x329c <main+0xea8>
padAmountInc():
/home/oggy/Documents/arduinoprojects/padright_v1.5.1/padright_v1.5.1.ino:647
  digitalWrite(buzzer, LOW);
}
void padAmountInc() {
  padAmount++;
  if (padAmount > 255) {
    padAmount = 1;
    3306:	b0 92 11 01 	sts	0x0111, r11	; 0x800111 <padAmount+0x1>
    330a:	a0 92 10 01 	sts	0x0110, r10	; 0x800110 <padAmount>
menuManagement():
/home/oggy/Documents/arduinoprojects/padright_v1.5.1/padright_v1.5.1.ino:376
            while (!digitalRead(okButton))
              ;
          }
          break;
        case 'b':
          batchWrite();
    330e:	0e 94 56 0b 	call	0x16ac	; 0x16ac <batchWrite()>
/home/oggy/Documents/arduinoprojects/padright_v1.5.1/padright_v1.5.1.ino:377
          while (digitalRead(okButton)) {
    3312:	8f e0       	ldi	r24, 0x0F	; 15
    3314:	0e 94 bd 00 	call	0x17a	; 0x17a <digitalRead>
    3318:	89 2b       	or	r24, r25
    331a:	c9 f0       	breq	.+50     	; 0x334e <main+0xf5a>
/home/oggy/Documents/arduinoprojects/padright_v1.5.1/padright_v1.5.1.ino:378
            if (!digitalRead(selectButton)) {
    331c:	8e e0       	ldi	r24, 0x0E	; 14
    331e:	0e 94 bd 00 	call	0x17a	; 0x17a <digitalRead>
    3322:	89 2b       	or	r24, r25
    3324:	b1 f7       	brne	.-20     	; 0x3312 <main+0xf1e>
/home/oggy/Documents/arduinoprojects/padright_v1.5.1/padright_v1.5.1.ino:379
              delay(300);
    3326:	6c e2       	ldi	r22, 0x2C	; 44
    3328:	71 e0       	ldi	r23, 0x01	; 1
    332a:	80 e0       	ldi	r24, 0x00	; 0
    332c:	90 e0       	ldi	r25, 0x00	; 0
    332e:	0e 94 80 01 	call	0x300	; 0x300 <delay>
padAmountInc():
/home/oggy/Documents/arduinoprojects/padright_v1.5.1/padright_v1.5.1.ino:645
  digitalWrite(buzzer, HIGH);
  delay(400);
  digitalWrite(buzzer, LOW);
}
void padAmountInc() {
  padAmount++;
    3332:	80 91 10 01 	lds	r24, 0x0110	; 0x800110 <padAmount>
    3336:	90 91 11 01 	lds	r25, 0x0111	; 0x800111 <padAmount+0x1>
    333a:	01 96       	adiw	r24, 0x01	; 1
/home/oggy/Documents/arduinoprojects/padright_v1.5.1/padright_v1.5.1.ino:646
  if (padAmount > 255) {
    333c:	8f 3f       	cpi	r24, 0xFF	; 255
    333e:	91 05       	cpc	r25, r1
    3340:	09 f0       	breq	.+2      	; 0x3344 <main+0xf50>
    3342:	0c f7       	brge	.-62     	; 0x3306 <main+0xf12>
/home/oggy/Documents/arduinoprojects/padright_v1.5.1/padright_v1.5.1.ino:645
  digitalWrite(buzzer, HIGH);
  delay(400);
  digitalWrite(buzzer, LOW);
}
void padAmountInc() {
  padAmount++;
    3344:	90 93 11 01 	sts	0x0111, r25	; 0x800111 <padAmount+0x1>
    3348:	80 93 10 01 	sts	0x0110, r24	; 0x800110 <padAmount>
    334c:	e0 cf       	rjmp	.-64     	; 0x330e <main+0xf1a>
menuManagement():
/home/oggy/Documents/arduinoprojects/padright_v1.5.1/padright_v1.5.1.ino:384
              delay(300);
              padAmountInc();
              batchWrite();
            }
          }
          while (!digitalRead(okButton))
    334e:	8f e0       	ldi	r24, 0x0F	; 15
    3350:	0e 94 bd 00 	call	0x17a	; 0x17a <digitalRead>
    3354:	89 2b       	or	r24, r25
    3356:	d9 f3       	breq	.-10     	; 0x334e <main+0xf5a>
/home/oggy/Documents/arduinoprojects/padright_v1.5.1/padright_v1.5.1.ino:386
            ;
          lcd.clear();
    3358:	0e 94 7e 03 	call	0x6fc	; 0x6fc <LiquidCrystal::clear() [clone .constprop.47]>
/home/oggy/Documents/arduinoprojects/padright_v1.5.1/padright_v1.5.1.ino:387
          lcd.setCursor(0, 0);
    335c:	60 e0       	ldi	r22, 0x00	; 0
    335e:	80 e0       	ldi	r24, 0x00	; 0
    3360:	0e 94 27 04 	call	0x84e	; 0x84e <LiquidCrystal::setCursor(unsigned char, unsigned char) [clone .constprop.24]>
/home/oggy/Documents/arduinoprojects/padright_v1.5.1/padright_v1.5.1.ino:388
          lcd.print("Scan Card!");
    3364:	8d e4       	ldi	r24, 0x4D	; 77
    3366:	93 e0       	ldi	r25, 0x03	; 3
    3368:	0e 94 be 0a 	call	0x157c	; 0x157c <Print::print(char const*) [clone .constprop.41]>
/home/oggy/Documents/arduinoprojects/padright_v1.5.1/padright_v1.5.1.ino:389
          while (digitalRead(okButton)) {
    336c:	8f e0       	ldi	r24, 0x0F	; 15
    336e:	0e 94 bd 00 	call	0x17a	; 0x17a <digitalRead>
    3372:	89 2b       	or	r24, r25
    3374:	69 f1       	breq	.+90     	; 0x33d0 <main+0xfdc>
/home/oggy/Documents/arduinoprojects/padright_v1.5.1/padright_v1.5.1.ino:390
            if (mfrc522.PICC_IsNewCardPresent()) {
    3376:	8a e0       	ldi	r24, 0x0A	; 10
    3378:	97 e0       	ldi	r25, 0x07	; 7
    337a:	0e 94 9d 06 	call	0xd3a	; 0xd3a <MFRC522::PICC_IsNewCardPresent()>
    337e:	88 23       	and	r24, r24
    3380:	a9 f3       	breq	.-22     	; 0x336c <main+0xf78>
/home/oggy/Documents/arduinoprojects/padright_v1.5.1/padright_v1.5.1.ino:391
              if (mfrc522.PICC_ReadCardSerial()) {
    3382:	8a e0       	ldi	r24, 0x0A	; 10
    3384:	97 e0       	ldi	r25, 0x07	; 7
    3386:	0e 94 40 04 	call	0x880	; 0x880 <MFRC522::PICC_ReadCardSerial()>
    338a:	88 23       	and	r24, r24
    338c:	a1 f0       	breq	.+40     	; 0x33b6 <main+0xfc2>
/home/oggy/Documents/arduinoprojects/padright_v1.5.1/padright_v1.5.1.ino:393
                //               writeByte[0] = 0;
                writeByte[15] = padAmount;
    338e:	80 91 10 01 	lds	r24, 0x0110	; 0x800110 <padAmount>
    3392:	80 93 36 06 	sts	0x0636, r24	; 0x800636 <writeByte+0xf>
/home/oggy/Documents/arduinoprojects/padright_v1.5.1/padright_v1.5.1.ino:394
                if (writeCard(writeByte)) {
    3396:	0e 94 11 0a 	call	0x1422	; 0x1422 <writeCard(unsigned char*) [clone .constprop.10]>
    339a:	88 23       	and	r24, r24
    339c:	61 f0       	breq	.+24     	; 0x33b6 <main+0xfc2>
/home/oggy/Documents/arduinoprojects/padright_v1.5.1/padright_v1.5.1.ino:395
                  lcd.setCursor(0, 1);
    339e:	61 e0       	ldi	r22, 0x01	; 1
    33a0:	80 e0       	ldi	r24, 0x00	; 0
    33a2:	0e 94 27 04 	call	0x84e	; 0x84e <LiquidCrystal::setCursor(unsigned char, unsigned char) [clone .constprop.24]>
/home/oggy/Documents/arduinoprojects/padright_v1.5.1/padright_v1.5.1.ino:396
                  lcd.print("Done");
    33a6:	81 e7       	ldi	r24, 0x71	; 113
    33a8:	93 e0       	ldi	r25, 0x03	; 3
    33aa:	0e 94 be 0a 	call	0x157c	; 0x157c <Print::print(char const*) [clone .constprop.41]>
/home/oggy/Documents/arduinoprojects/padright_v1.5.1/padright_v1.5.1.ino:397
                  success(500);
    33ae:	84 ef       	ldi	r24, 0xF4	; 244
    33b0:	91 e0       	ldi	r25, 0x01	; 1
    33b2:	0e 94 77 09 	call	0x12ee	; 0x12ee <success(int)>
/home/oggy/Documents/arduinoprojects/padright_v1.5.1/padright_v1.5.1.ino:400
                }
              }
              lcd.clear();
    33b6:	0e 94 7e 03 	call	0x6fc	; 0x6fc <LiquidCrystal::clear() [clone .constprop.47]>
/home/oggy/Documents/arduinoprojects/padright_v1.5.1/padright_v1.5.1.ino:401
              lcd.setCursor(0, 0);
    33ba:	60 e0       	ldi	r22, 0x00	; 0
    33bc:	80 e0       	ldi	r24, 0x00	; 0
    33be:	0e 94 27 04 	call	0x84e	; 0x84e <LiquidCrystal::setCursor(unsigned char, unsigned char) [clone .constprop.24]>
/home/oggy/Documents/arduinoprojects/padright_v1.5.1/padright_v1.5.1.ino:402
              lcd.print("Scan Card!");
    33c2:	8d e4       	ldi	r24, 0x4D	; 77
    33c4:	93 e0       	ldi	r25, 0x03	; 3
    33c6:	0e 94 be 0a 	call	0x157c	; 0x157c <Print::print(char const*) [clone .constprop.41]>
/home/oggy/Documents/arduinoprojects/padright_v1.5.1/padright_v1.5.1.ino:403
              halt();
    33ca:	0e 94 82 08 	call	0x1104	; 0x1104 <halt()>
    33ce:	ce cf       	rjmp	.-100    	; 0x336c <main+0xf78>
/home/oggy/Documents/arduinoprojects/padright_v1.5.1/padright_v1.5.1.ino:407
            }
          }
          // halt();
          while (!digitalRead(okButton))
    33d0:	8f e0       	ldi	r24, 0x0F	; 15
    33d2:	0e 94 bd 00 	call	0x17a	; 0x17a <digitalRead>
    33d6:	89 2b       	or	r24, r25
    33d8:	d9 f3       	breq	.-10     	; 0x33d0 <main+0xfdc>
    33da:	78 cd       	rjmp	.-1296   	; 0x2ecc <main+0xad8>
/home/oggy/Documents/arduinoprojects/padright_v1.5.1/padright_v1.5.1.ino:412
            ;
          /////   batch code
          break;
        case 't':
          machineType();
    33dc:	0e 94 3a 0b 	call	0x1674	; 0x1674 <machineType()>
/home/oggy/Documents/arduinoprojects/padright_v1.5.1/padright_v1.5.1.ino:421
              if (mType == RFID_MACHINE) {
                mType = CASH_MACHINE;
                availableRack = 3;
              } else {
                mType = RFID_MACHINE;
                availableRack = 4;
    33e0:	14 e0       	ldi	r17, 0x04	; 4
/home/oggy/Documents/arduinoprojects/padright_v1.5.1/padright_v1.5.1.ino:417
          machineType();
          while (digitalRead(okButton)) {
            if (!digitalRead(selectButton)) {
              delay(300);
              if (mType == RFID_MACHINE) {
                mType = CASH_MACHINE;
    33e2:	01 e0       	ldi	r16, 0x01	; 1
/home/oggy/Documents/arduinoprojects/padright_v1.5.1/padright_v1.5.1.ino:418
                availableRack = 3;
    33e4:	23 e0       	ldi	r18, 0x03	; 3
    33e6:	f2 2e       	mov	r15, r18
/home/oggy/Documents/arduinoprojects/padright_v1.5.1/padright_v1.5.1.ino:413
            ;
          /////   batch code
          break;
        case 't':
          machineType();
          while (digitalRead(okButton)) {
    33e8:	8f e0       	ldi	r24, 0x0F	; 15
    33ea:	0e 94 bd 00 	call	0x17a	; 0x17a <digitalRead>
    33ee:	89 2b       	or	r24, r25
    33f0:	d9 f0       	breq	.+54     	; 0x3428 <main+0x1034>
/home/oggy/Documents/arduinoprojects/padright_v1.5.1/padright_v1.5.1.ino:414
            if (!digitalRead(selectButton)) {
    33f2:	8e e0       	ldi	r24, 0x0E	; 14
    33f4:	0e 94 bd 00 	call	0x17a	; 0x17a <digitalRead>
    33f8:	89 2b       	or	r24, r25
    33fa:	b1 f7       	brne	.-20     	; 0x33e8 <main+0xff4>
/home/oggy/Documents/arduinoprojects/padright_v1.5.1/padright_v1.5.1.ino:415
              delay(300);
    33fc:	6c e2       	ldi	r22, 0x2C	; 44
    33fe:	71 e0       	ldi	r23, 0x01	; 1
    3400:	80 e0       	ldi	r24, 0x00	; 0
    3402:	90 e0       	ldi	r25, 0x00	; 0
    3404:	0e 94 80 01 	call	0x300	; 0x300 <delay>
/home/oggy/Documents/arduinoprojects/padright_v1.5.1/padright_v1.5.1.ino:416
              if (mType == RFID_MACHINE) {
    3408:	80 91 1d 06 	lds	r24, 0x061D	; 0x80061d <mType>
    340c:	81 11       	cpse	r24, r1
    340e:	07 c0       	rjmp	.+14     	; 0x341e <main+0x102a>
/home/oggy/Documents/arduinoprojects/padright_v1.5.1/padright_v1.5.1.ino:417
                mType = CASH_MACHINE;
    3410:	00 93 1d 06 	sts	0x061D, r16	; 0x80061d <mType>
/home/oggy/Documents/arduinoprojects/padright_v1.5.1/padright_v1.5.1.ino:418
                availableRack = 3;
    3414:	f0 92 0c 01 	sts	0x010C, r15	; 0x80010c <availableRack>
/home/oggy/Documents/arduinoprojects/padright_v1.5.1/padright_v1.5.1.ino:423
              } else {
                mType = RFID_MACHINE;
                availableRack = 4;
              }
              machineType();
    3418:	0e 94 3a 0b 	call	0x1674	; 0x1674 <machineType()>
    341c:	e5 cf       	rjmp	.-54     	; 0x33e8 <main+0xff4>
/home/oggy/Documents/arduinoprojects/padright_v1.5.1/padright_v1.5.1.ino:420
              delay(300);
              if (mType == RFID_MACHINE) {
                mType = CASH_MACHINE;
                availableRack = 3;
              } else {
                mType = RFID_MACHINE;
    341e:	10 92 1d 06 	sts	0x061D, r1	; 0x80061d <mType>
/home/oggy/Documents/arduinoprojects/padright_v1.5.1/padright_v1.5.1.ino:421
                availableRack = 4;
    3422:	10 93 0c 01 	sts	0x010C, r17	; 0x80010c <availableRack>
    3426:	f8 cf       	rjmp	.-16     	; 0x3418 <main+0x1024>
/home/oggy/Documents/arduinoprojects/padright_v1.5.1/padright_v1.5.1.ino:426
              }
              machineType();
            }
          }
          while (!digitalRead(okButton))
    3428:	8f e0       	ldi	r24, 0x0F	; 15
    342a:	0e 94 bd 00 	call	0x17a	; 0x17a <digitalRead>
    342e:	89 2b       	or	r24, r25
    3430:	d9 f3       	breq	.-10     	; 0x3428 <main+0x1034>
    3432:	4c cd       	rjmp	.-1384   	; 0x2ecc <main+0xad8>
/home/oggy/Documents/arduinoprojects/padright_v1.5.1/padright_v1.5.1.ino:437
            // delay(300);
            if (!digitalRead(selectButton)) {
              delay(300);
              CASH_LIMIT = CASH_LIMIT + 5;
              if (CASH_LIMIT > MAX_CASH_LIMIT)
                CASH_LIMIT = 5;
    3434:	90 92 17 01 	sts	0x0117, r9	; 0x800117 <CASH_LIMIT+0x1>
    3438:	80 92 16 01 	sts	0x0116, r8	; 0x800116 <CASH_LIMIT>
/home/oggy/Documents/arduinoprojects/padright_v1.5.1/padright_v1.5.1.ino:430
          }
          while (!digitalRead(okButton))
            ;
          break;
        case 'c':
          cashLimit();
    343c:	0e 94 22 0b 	call	0x1644	; 0x1644 <cashLimit()>
/home/oggy/Documents/arduinoprojects/padright_v1.5.1/padright_v1.5.1.ino:431
          while (digitalRead(okButton)) {
    3440:	8f e0       	ldi	r24, 0x0F	; 15
    3442:	0e 94 bd 00 	call	0x17a	; 0x17a <digitalRead>
    3446:	89 2b       	or	r24, r25
    3448:	c1 f0       	breq	.+48     	; 0x347a <main+0x1086>
/home/oggy/Documents/arduinoprojects/padright_v1.5.1/padright_v1.5.1.ino:433
            // delay(300);
            if (!digitalRead(selectButton)) {
    344a:	8e e0       	ldi	r24, 0x0E	; 14
    344c:	0e 94 bd 00 	call	0x17a	; 0x17a <digitalRead>
    3450:	89 2b       	or	r24, r25
    3452:	b1 f7       	brne	.-20     	; 0x3440 <main+0x104c>
/home/oggy/Documents/arduinoprojects/padright_v1.5.1/padright_v1.5.1.ino:434
              delay(300);
    3454:	6c e2       	ldi	r22, 0x2C	; 44
    3456:	71 e0       	ldi	r23, 0x01	; 1
    3458:	80 e0       	ldi	r24, 0x00	; 0
    345a:	90 e0       	ldi	r25, 0x00	; 0
    345c:	0e 94 80 01 	call	0x300	; 0x300 <delay>
/home/oggy/Documents/arduinoprojects/padright_v1.5.1/padright_v1.5.1.ino:435
              CASH_LIMIT = CASH_LIMIT + 5;
    3460:	80 91 16 01 	lds	r24, 0x0116	; 0x800116 <CASH_LIMIT>
    3464:	90 91 17 01 	lds	r25, 0x0117	; 0x800117 <CASH_LIMIT+0x1>
    3468:	05 96       	adiw	r24, 0x05	; 5
/home/oggy/Documents/arduinoprojects/padright_v1.5.1/padright_v1.5.1.ino:436
              if (CASH_LIMIT > MAX_CASH_LIMIT)
    346a:	8b 3f       	cpi	r24, 0xFB	; 251
    346c:	91 05       	cpc	r25, r1
    346e:	14 f7       	brge	.-60     	; 0x3434 <main+0x1040>
/home/oggy/Documents/arduinoprojects/padright_v1.5.1/padright_v1.5.1.ino:435
          cashLimit();
          while (digitalRead(okButton)) {
            // delay(300);
            if (!digitalRead(selectButton)) {
              delay(300);
              CASH_LIMIT = CASH_LIMIT + 5;
    3470:	90 93 17 01 	sts	0x0117, r25	; 0x800117 <CASH_LIMIT+0x1>
    3474:	80 93 16 01 	sts	0x0116, r24	; 0x800116 <CASH_LIMIT>
    3478:	e1 cf       	rjmp	.-62     	; 0x343c <main+0x1048>
/home/oggy/Documents/arduinoprojects/padright_v1.5.1/padright_v1.5.1.ino:441
              if (CASH_LIMIT > MAX_CASH_LIMIT)
                CASH_LIMIT = 5;
              cashLimit();
            }
          }
          while (!digitalRead(okButton))
    347a:	8f e0       	ldi	r24, 0x0F	; 15
    347c:	0e 94 bd 00 	call	0x17a	; 0x17a <digitalRead>
    3480:	89 2b       	or	r24, r25
    3482:	d9 f3       	breq	.-10     	; 0x347a <main+0x1086>
    3484:	23 cd       	rjmp	.-1466   	; 0x2ecc <main+0xad8>
/home/oggy/Documents/arduinoprojects/padright_v1.5.1/padright_v1.5.1.ino:451
            // delay(300);
            if (!digitalRead(selectButton)) {
              delay(300);
              cashWaitTime = cashWaitTime + 1000;
              if (cashWaitTime > MAX_CASH_WAIT_TIME)
                cashWaitTime = 1000;
    3486:	50 92 19 01 	sts	0x0119, r5	; 0x800119 <cashWaitTime+0x1>
    348a:	40 92 18 01 	sts	0x0118, r4	; 0x800118 <cashWaitTime>
    348e:	90 ce       	rjmp	.-736    	; 0x31b0 <main+0xdbc>
/home/oggy/Documents/arduinoprojects/padright_v1.5.1/padright_v1.5.1.ino:455
              cashWait();
            }
          }
          while (!digitalRead(okButton))
    3490:	8f e0       	ldi	r24, 0x0F	; 15
    3492:	0e 94 bd 00 	call	0x17a	; 0x17a <digitalRead>
    3496:	89 2b       	or	r24, r25
    3498:	d9 f3       	breq	.-10     	; 0x3490 <main+0x109c>
    349a:	18 cd       	rjmp	.-1488   	; 0x2ecc <main+0xad8>
/home/oggy/Documents/arduinoprojects/padright_v1.5.1/padright_v1.5.1.ino:479
                currentIndex = 0;
              pulseForFiveRupeeNote = availablePulses[currentIndex];
              pulseLimit();
            }
          }
          while (!digitalRead(okButton))
    349c:	8f e0       	ldi	r24, 0x0F	; 15
    349e:	0e 94 bd 00 	call	0x17a	; 0x17a <digitalRead>
    34a2:	89 2b       	or	r24, r25
    34a4:	d9 f3       	breq	.-10     	; 0x349c <main+0x10a8>
    34a6:	12 cd       	rjmp	.-1500   	; 0x2ecc <main+0xad8>
manageRFID():
/home/oggy/Documents/arduinoprojects/padright_v1.5.1/rfid.ino:31
          lcd.clear();
          lcd.setCursor(0, 0);
          lcd.print("Success..");
          success(500);
        }
        else if (readByte[0] == RECHCARD)
    34a8:	82 35       	cpi	r24, 0x52	; 82
    34aa:	09 f0       	breq	.+2      	; 0x34ae <main+0x10ba>
    34ac:	94 c0       	rjmp	.+296    	; 0x35d6 <main+0x11e2>
/home/oggy/Documents/arduinoprojects/padright_v1.5.1/rfid.ino:33
        {
          Serial.println("Card Detected as RECHCARD");
    34ae:	82 e0       	ldi	r24, 0x02	; 2
    34b0:	94 e0       	ldi	r25, 0x04	; 4
    34b2:	0e 94 ac 0c 	call	0x1958	; 0x1958 <Print::println(char const*) [clone .constprop.21]>
/home/oggy/Documents/arduinoprojects/padright_v1.5.1/rfid.ino:34
          lcd.clear();
    34b6:	0e 94 7e 03 	call	0x6fc	; 0x6fc <LiquidCrystal::clear() [clone .constprop.47]>
/home/oggy/Documents/arduinoprojects/padright_v1.5.1/rfid.ino:35
          lcd.setCursor(0, 0);
    34ba:	60 e0       	ldi	r22, 0x00	; 0
    34bc:	80 e0       	ldi	r24, 0x00	; 0
    34be:	0e 94 27 04 	call	0x84e	; 0x84e <LiquidCrystal::setCursor(unsigned char, unsigned char) [clone .constprop.24]>
/home/oggy/Documents/arduinoprojects/padright_v1.5.1/rfid.ino:36
          lcd.print("Batch Write");
    34c2:	8f e1       	ldi	r24, 0x1F	; 31
    34c4:	92 e0       	ldi	r25, 0x02	; 2
    34c6:	0e 94 be 0a 	call	0x157c	; 0x157c <Print::print(char const*) [clone .constprop.41]>
/home/oggy/Documents/arduinoprojects/padright_v1.5.1/rfid.ino:37
          lcd.setCursor(0, 1);
    34ca:	61 e0       	ldi	r22, 0x01	; 1
    34cc:	80 e0       	ldi	r24, 0x00	; 0
    34ce:	0e 94 27 04 	call	0x84e	; 0x84e <LiquidCrystal::setCursor(unsigned char, unsigned char) [clone .constprop.24]>
/home/oggy/Documents/arduinoprojects/padright_v1.5.1/rfid.ino:38
          lcd.print("Mode Via CARD");
    34d2:	8c e1       	ldi	r24, 0x1C	; 28
    34d4:	94 e0       	ldi	r25, 0x04	; 4
    34d6:	0e 94 be 0a 	call	0x157c	; 0x157c <Print::print(char const*) [clone .constprop.41]>
/home/oggy/Documents/arduinoprojects/padright_v1.5.1/rfid.ino:39
          delay(2000);
    34da:	60 ed       	ldi	r22, 0xD0	; 208
    34dc:	77 e0       	ldi	r23, 0x07	; 7
    34de:	80 e0       	ldi	r24, 0x00	; 0
    34e0:	90 e0       	ldi	r25, 0x00	; 0
    34e2:	0e 94 80 01 	call	0x300	; 0x300 <delay>
/home/oggy/Documents/arduinoprojects/padright_v1.5.1/rfid.ino:40
          lcd.clear();
    34e6:	0e 94 7e 03 	call	0x6fc	; 0x6fc <LiquidCrystal::clear() [clone .constprop.47]>
/home/oggy/Documents/arduinoprojects/padright_v1.5.1/rfid.ino:41
          lcd.setCursor(0, 0);
    34ea:	60 e0       	ldi	r22, 0x00	; 0
    34ec:	80 e0       	ldi	r24, 0x00	; 0
    34ee:	0e 94 27 04 	call	0x84e	; 0x84e <LiquidCrystal::setCursor(unsigned char, unsigned char) [clone .constprop.24]>
/home/oggy/Documents/arduinoprojects/padright_v1.5.1/rfid.ino:42
          lcd.print("Scan Card!");
    34f2:	8d e4       	ldi	r24, 0x4D	; 77
    34f4:	93 e0       	ldi	r25, 0x03	; 3
    34f6:	0e 94 be 0a 	call	0x157c	; 0x157c <Print::print(char const*) [clone .constprop.41]>
/home/oggy/Documents/arduinoprojects/padright_v1.5.1/rfid.ino:43
          halt();
    34fa:	0e 94 82 08 	call	0x1104	; 0x1104 <halt()>
/home/oggy/Documents/arduinoprojects/padright_v1.5.1/rfid.ino:44
          rechCardDetected = true;
    34fe:	81 e0       	ldi	r24, 0x01	; 1
    3500:	80 93 fd 05 	sts	0x05FD, r24	; 0x8005fd <rechCardDetected>
/home/oggy/Documents/arduinoprojects/padright_v1.5.1/rfid.ino:45
          while (rechCardDetected)
    3504:	80 91 fd 05 	lds	r24, 0x05FD	; 0x8005fd <rechCardDetected>
    3508:	88 23       	and	r24, r24
    350a:	09 f4       	brne	.+2      	; 0x350e <main+0x111a>
    350c:	71 cd       	rjmp	.-1310   	; 0x2ff0 <main+0xbfc>
/home/oggy/Documents/arduinoprojects/padright_v1.5.1/rfid.ino:48
          {
            // Serial.println("inside ");
            if (mfrc522.PICC_IsNewCardPresent())
    350e:	8a e0       	ldi	r24, 0x0A	; 10
    3510:	97 e0       	ldi	r25, 0x07	; 7
    3512:	0e 94 9d 06 	call	0xd3a	; 0xd3a <MFRC522::PICC_IsNewCardPresent()>
    3516:	88 23       	and	r24, r24
    3518:	a9 f3       	breq	.-22     	; 0x3504 <main+0x1110>
/home/oggy/Documents/arduinoprojects/padright_v1.5.1/rfid.ino:50
            {
              if (mfrc522.PICC_ReadCardSerial())
    351a:	8a e0       	ldi	r24, 0x0A	; 10
    351c:	97 e0       	ldi	r25, 0x07	; 7
    351e:	0e 94 40 04 	call	0x880	; 0x880 <MFRC522::PICC_ReadCardSerial()>
    3522:	88 23       	and	r24, r24
    3524:	29 f1       	breq	.+74     	; 0x3570 <main+0x117c>
/home/oggy/Documents/arduinoprojects/padright_v1.5.1/rfid.ino:53
              {
                // writeByte[0] = 107;
                if (readCard())
    3526:	0e 94 c8 08 	call	0x1190	; 0x1190 <readCard()>
    352a:	88 23       	and	r24, r24
    352c:	09 f1       	breq	.+66     	; 0x3570 <main+0x117c>
/home/oggy/Documents/arduinoprojects/padright_v1.5.1/rfid.ino:55
                {
                  if (readByte[0] == FILLCARD || readByte[0] == RECHCARD || readByte[0] == PADCARD)
    352e:	80 91 fe 05 	lds	r24, 0x05FE	; 0x8005fe <readByte>
    3532:	86 34       	cpi	r24, 0x46	; 70
    3534:	19 f0       	breq	.+6      	; 0x353c <main+0x1148>
    3536:	8d 7f       	andi	r24, 0xFD	; 253
    3538:	80 35       	cpi	r24, 0x50	; 80
    353a:	c1 f5       	brne	.+112    	; 0x35ac <main+0x11b8>
/home/oggy/Documents/arduinoprojects/padright_v1.5.1/rfid.ino:57
                  {
                    Serial.println("This is Menu card");
    353c:	8a e2       	ldi	r24, 0x2A	; 42
    353e:	94 e0       	ldi	r25, 0x04	; 4
    3540:	0e 94 ac 0c 	call	0x1958	; 0x1958 <Print::println(char const*) [clone .constprop.21]>
/home/oggy/Documents/arduinoprojects/padright_v1.5.1/rfid.ino:58
                    if (readByte[0] == RECHCARD)
    3544:	80 91 fe 05 	lds	r24, 0x05FE	; 0x8005fe <readByte>
    3548:	82 35       	cpi	r24, 0x52	; 82
    354a:	f9 f4       	brne	.+62     	; 0x358a <main+0x1196>
/home/oggy/Documents/arduinoprojects/padright_v1.5.1/rfid.ino:60
                    {
                      rechCardDetected = false;
    354c:	10 92 fd 05 	sts	0x05FD, r1	; 0x8005fd <rechCardDetected>
/home/oggy/Documents/arduinoprojects/padright_v1.5.1/rfid.ino:61
                      lcd.clear();
    3550:	0e 94 7e 03 	call	0x6fc	; 0x6fc <LiquidCrystal::clear() [clone .constprop.47]>
/home/oggy/Documents/arduinoprojects/padright_v1.5.1/rfid.ino:62
                      lcd.setCursor(0, 0);
    3554:	60 e0       	ldi	r22, 0x00	; 0
    3556:	80 e0       	ldi	r24, 0x00	; 0
    3558:	0e 94 27 04 	call	0x84e	; 0x84e <LiquidCrystal::setCursor(unsigned char, unsigned char) [clone .constprop.24]>
/home/oggy/Documents/arduinoprojects/padright_v1.5.1/rfid.ino:63
                      lcd.print("Exiting..");
    355c:	8c e3       	ldi	r24, 0x3C	; 60
    355e:	94 e0       	ldi	r25, 0x04	; 4
/home/oggy/Documents/arduinoprojects/padright_v1.5.1/rfid.ino:72
                    {
                      lcd.clear();
                      lcd.setCursor(0, 0);
                      lcd.print("Use RECH CARD");
                      lcd.setCursor(0, 1);
                      lcd.print("to exit..");
    3560:	0e 94 be 0a 	call	0x157c	; 0x157c <Print::print(char const*) [clone .constprop.41]>
/home/oggy/Documents/arduinoprojects/padright_v1.5.1/rfid.ino:73
                      delay(1000);
    3564:	68 ee       	ldi	r22, 0xE8	; 232
    3566:	73 e0       	ldi	r23, 0x03	; 3
    3568:	80 e0       	ldi	r24, 0x00	; 0
    356a:	90 e0       	ldi	r25, 0x00	; 0
    356c:	0e 94 80 01 	call	0x300	; 0x300 <delay>
/home/oggy/Documents/arduinoprojects/padright_v1.5.1/rfid.ino:88
                      success(500);
                    }
                  }
                }
              }
              lcd.clear();
    3570:	0e 94 7e 03 	call	0x6fc	; 0x6fc <LiquidCrystal::clear() [clone .constprop.47]>
/home/oggy/Documents/arduinoprojects/padright_v1.5.1/rfid.ino:89
              lcd.setCursor(0, 0);
    3574:	60 e0       	ldi	r22, 0x00	; 0
    3576:	80 e0       	ldi	r24, 0x00	; 0
    3578:	0e 94 27 04 	call	0x84e	; 0x84e <LiquidCrystal::setCursor(unsigned char, unsigned char) [clone .constprop.24]>
/home/oggy/Documents/arduinoprojects/padright_v1.5.1/rfid.ino:90
              lcd.print("Scan Card!");
    357c:	8d e4       	ldi	r24, 0x4D	; 77
    357e:	93 e0       	ldi	r25, 0x03	; 3
    3580:	0e 94 be 0a 	call	0x157c	; 0x157c <Print::print(char const*) [clone .constprop.41]>
/home/oggy/Documents/arduinoprojects/padright_v1.5.1/rfid.ino:91
              halt();
    3584:	0e 94 82 08 	call	0x1104	; 0x1104 <halt()>
    3588:	bd cf       	rjmp	.-134    	; 0x3504 <main+0x1110>
/home/oggy/Documents/arduinoprojects/padright_v1.5.1/rfid.ino:68
                      lcd.print("Exiting..");
                      delay(1000);
                    }
                    else
                    {
                      lcd.clear();
    358a:	0e 94 7e 03 	call	0x6fc	; 0x6fc <LiquidCrystal::clear() [clone .constprop.47]>
/home/oggy/Documents/arduinoprojects/padright_v1.5.1/rfid.ino:69
                      lcd.setCursor(0, 0);
    358e:	60 e0       	ldi	r22, 0x00	; 0
    3590:	80 e0       	ldi	r24, 0x00	; 0
    3592:	0e 94 27 04 	call	0x84e	; 0x84e <LiquidCrystal::setCursor(unsigned char, unsigned char) [clone .constprop.24]>
/home/oggy/Documents/arduinoprojects/padright_v1.5.1/rfid.ino:70
                      lcd.print("Use RECH CARD");
    3596:	86 e4       	ldi	r24, 0x46	; 70
    3598:	94 e0       	ldi	r25, 0x04	; 4
    359a:	0e 94 be 0a 	call	0x157c	; 0x157c <Print::print(char const*) [clone .constprop.41]>
/home/oggy/Documents/arduinoprojects/padright_v1.5.1/rfid.ino:71
                      lcd.setCursor(0, 1);
    359e:	61 e0       	ldi	r22, 0x01	; 1
    35a0:	80 e0       	ldi	r24, 0x00	; 0
    35a2:	0e 94 27 04 	call	0x84e	; 0x84e <LiquidCrystal::setCursor(unsigned char, unsigned char) [clone .constprop.24]>
/home/oggy/Documents/arduinoprojects/padright_v1.5.1/rfid.ino:72
                      lcd.print("to exit..");
    35a6:	84 e5       	ldi	r24, 0x54	; 84
    35a8:	94 e0       	ldi	r25, 0x04	; 4
    35aa:	da cf       	rjmp	.-76     	; 0x3560 <main+0x116c>
/home/oggy/Documents/arduinoprojects/padright_v1.5.1/rfid.ino:78
                      delay(1000);
                    }
                  }
                  else
                  {
                    writeByte[15] = padAmount;
    35ac:	80 91 10 01 	lds	r24, 0x0110	; 0x800110 <padAmount>
    35b0:	80 93 36 06 	sts	0x0636, r24	; 0x800636 <writeByte+0xf>
/home/oggy/Documents/arduinoprojects/padright_v1.5.1/rfid.ino:79
                    if (writeCard(writeByte))
    35b4:	0e 94 11 0a 	call	0x1422	; 0x1422 <writeCard(unsigned char*) [clone .constprop.10]>
    35b8:	88 23       	and	r24, r24
    35ba:	d1 f2       	breq	.-76     	; 0x3570 <main+0x117c>
/home/oggy/Documents/arduinoprojects/padright_v1.5.1/rfid.ino:81
                    {
                      lcd.setCursor(0, 1);
    35bc:	61 e0       	ldi	r22, 0x01	; 1
    35be:	80 e0       	ldi	r24, 0x00	; 0
    35c0:	0e 94 27 04 	call	0x84e	; 0x84e <LiquidCrystal::setCursor(unsigned char, unsigned char) [clone .constprop.24]>
/home/oggy/Documents/arduinoprojects/padright_v1.5.1/rfid.ino:82
                      lcd.print("Done");
    35c4:	81 e7       	ldi	r24, 0x71	; 113
    35c6:	93 e0       	ldi	r25, 0x03	; 3
    35c8:	0e 94 be 0a 	call	0x157c	; 0x157c <Print::print(char const*) [clone .constprop.41]>
/home/oggy/Documents/arduinoprojects/padright_v1.5.1/rfid.ino:83
                      success(500);
    35cc:	84 ef       	ldi	r24, 0xF4	; 244
    35ce:	91 e0       	ldi	r25, 0x01	; 1
    35d0:	0e 94 77 09 	call	0x12ee	; 0x12ee <success(int)>
    35d4:	cd cf       	rjmp	.-102    	; 0x3570 <main+0x117c>
/home/oggy/Documents/arduinoprojects/padright_v1.5.1/rfid.ino:95
              lcd.print("Scan Card!");
              halt();
            }
          }
        }
        else if (readByte[0] == PADCARD)
    35d6:	80 35       	cpi	r24, 0x50	; 80
    35d8:	09 f0       	breq	.+2      	; 0x35dc <main+0x11e8>
    35da:	41 c0       	rjmp	.+130    	; 0x365e <main+0x126a>
/home/oggy/Documents/arduinoprojects/padright_v1.5.1/rfid.ino:97
        {
          Serial.println("Card Detected as PADCARD");
    35dc:	8e e5       	ldi	r24, 0x5E	; 94
    35de:	94 e0       	ldi	r25, 0x04	; 4
    35e0:	0e 94 ac 0c 	call	0x1958	; 0x1958 <Print::println(char const*) [clone .constprop.21]>
/home/oggy/Documents/arduinoprojects/padright_v1.5.1/rfid.ino:98
          padAmount = int(readByte[15]);
    35e4:	80 91 0d 06 	lds	r24, 0x060D	; 0x80060d <readByte+0xf>
    35e8:	90 e0       	ldi	r25, 0x00	; 0
    35ea:	90 93 11 01 	sts	0x0111, r25	; 0x800111 <padAmount+0x1>
    35ee:	80 93 10 01 	sts	0x0110, r24	; 0x800110 <padAmount>
/home/oggy/Documents/arduinoprojects/padright_v1.5.1/rfid.ino:99
          writeToEPPROM('b');
    35f2:	82 e6       	ldi	r24, 0x62	; 98
    35f4:	0e 94 2d 0f 	call	0x1e5a	; 0x1e5a <writeToEPPROM(char)>
/home/oggy/Documents/arduinoprojects/padright_v1.5.1/rfid.ino:100
          lcd.clear();
    35f8:	0e 94 7e 03 	call	0x6fc	; 0x6fc <LiquidCrystal::clear() [clone .constprop.47]>
/home/oggy/Documents/arduinoprojects/padright_v1.5.1/rfid.ino:101
          lcd.setCursor(0, 0);
    35fc:	60 e0       	ldi	r22, 0x00	; 0
    35fe:	80 e0       	ldi	r24, 0x00	; 0
    3600:	0e 94 27 04 	call	0x84e	; 0x84e <LiquidCrystal::setCursor(unsigned char, unsigned char) [clone .constprop.24]>
/home/oggy/Documents/arduinoprojects/padright_v1.5.1/rfid.ino:102
          lcd.print("Set Pad Amount");
    3604:	87 e7       	ldi	r24, 0x77	; 119
    3606:	94 e0       	ldi	r25, 0x04	; 4
    3608:	0e 94 be 0a 	call	0x157c	; 0x157c <Print::print(char const*) [clone .constprop.41]>
/home/oggy/Documents/arduinoprojects/padright_v1.5.1/rfid.ino:103
          lcd.setCursor(0, 1);
    360c:	61 e0       	ldi	r22, 0x01	; 1
    360e:	80 e0       	ldi	r24, 0x00	; 0
    3610:	0e 94 27 04 	call	0x84e	; 0x84e <LiquidCrystal::setCursor(unsigned char, unsigned char) [clone .constprop.24]>
/home/oggy/Documents/arduinoprojects/padright_v1.5.1/rfid.ino:104
          lcd.print("via CARD");
    3614:	86 e8       	ldi	r24, 0x86	; 134
    3616:	94 e0       	ldi	r25, 0x04	; 4
    3618:	0e 94 be 0a 	call	0x157c	; 0x157c <Print::print(char const*) [clone .constprop.41]>
/home/oggy/Documents/arduinoprojects/padright_v1.5.1/rfid.ino:105
          delay(1000);
    361c:	68 ee       	ldi	r22, 0xE8	; 232
    361e:	73 e0       	ldi	r23, 0x03	; 3
    3620:	80 e0       	ldi	r24, 0x00	; 0
    3622:	90 e0       	ldi	r25, 0x00	; 0
    3624:	0e 94 80 01 	call	0x300	; 0x300 <delay>
/home/oggy/Documents/arduinoprojects/padright_v1.5.1/rfid.ino:106
          lcd.clear();
    3628:	0e 94 7e 03 	call	0x6fc	; 0x6fc <LiquidCrystal::clear() [clone .constprop.47]>
/home/oggy/Documents/arduinoprojects/padright_v1.5.1/rfid.ino:107
          lcd.setCursor(0, 0);
    362c:	60 e0       	ldi	r22, 0x00	; 0
    362e:	80 e0       	ldi	r24, 0x00	; 0
    3630:	0e 94 27 04 	call	0x84e	; 0x84e <LiquidCrystal::setCursor(unsigned char, unsigned char) [clone .constprop.24]>
/home/oggy/Documents/arduinoprojects/padright_v1.5.1/rfid.ino:108
          lcd.print("Pad Amount:");
    3634:	8f e8       	ldi	r24, 0x8F	; 143
    3636:	94 e0       	ldi	r25, 0x04	; 4
    3638:	0e 94 be 0a 	call	0x157c	; 0x157c <Print::print(char const*) [clone .constprop.41]>
/home/oggy/Documents/arduinoprojects/padright_v1.5.1/rfid.ino:109
          lcd.setCursor(0, 1);
    363c:	61 e0       	ldi	r22, 0x01	; 1
    363e:	80 e0       	ldi	r24, 0x00	; 0
    3640:	0e 94 27 04 	call	0x84e	; 0x84e <LiquidCrystal::setCursor(unsigned char, unsigned char) [clone .constprop.24]>
/home/oggy/Documents/arduinoprojects/padright_v1.5.1/rfid.ino:110
          lcd.print(padAmount);
    3644:	80 91 10 01 	lds	r24, 0x0110	; 0x800110 <padAmount>
    3648:	90 91 11 01 	lds	r25, 0x0111	; 0x800111 <padAmount+0x1>
    364c:	0e 94 91 0a 	call	0x1522	; 0x1522 <Print::print(int, int) [clone .constprop.25]>
/home/oggy/Documents/arduinoprojects/padright_v1.5.1/rfid.ino:111
          delay(1000);
    3650:	68 ee       	ldi	r22, 0xE8	; 232
    3652:	73 e0       	ldi	r23, 0x03	; 3
    3654:	80 e0       	ldi	r24, 0x00	; 0
    3656:	90 e0       	ldi	r25, 0x00	; 0
    3658:	0e 94 80 01 	call	0x300	; 0x300 <delay>
    365c:	bb cc       	rjmp	.-1674   	; 0x2fd4 <main+0xbe0>
/home/oggy/Documents/arduinoprojects/padright_v1.5.1/rfid.ino:117
          lcd.clear();
          lcd.setCursor(0, 0);
          lcd.print("Success..");
          success(500);
        }
        else if (readByte[15] != 0) // && readByte[0] == 107) // verify the card and available quantity on card
    365e:	80 91 0d 06 	lds	r24, 0x060D	; 0x80060d <readByte+0xf>
    3662:	88 23       	and	r24, r24
    3664:	09 f4       	brne	.+2      	; 0x3668 <main+0x1274>
    3666:	ee c0       	rjmp	.+476    	; 0x3844 <main+0x1450>
    3668:	0e ef       	ldi	r16, 0xFE	; 254
    366a:	15 e0       	ldi	r17, 0x05	; 5
    366c:	97 e2       	ldi	r25, 0x27	; 39
    366e:	e9 2e       	mov	r14, r25
    3670:	96 e0       	ldi	r25, 0x06	; 6
    3672:	f9 2e       	mov	r15, r25
dumpToWriteVar():
/home/oggy/Documents/arduinoprojects/padright_v1.5.1/rfid.ino:230
}
void dumpToWriteVar(byte *buffer, byte bufferSize)
{
  for (byte i = 0; i < bufferSize; i++)
  {
    Serial.print(buffer[i]);
    3674:	f8 01       	movw	r30, r16
    3676:	41 91       	ld	r20, Z+
    3678:	8f 01       	movw	r16, r30
print():
/home/oggy/.arduino15/packages/MiniCore/hardware/avr/3.1.1/cores/MCUdude_corefiles/Print.cpp:74
  return write(c);
}

size_t Print::print(unsigned char b, int base)
{
  return print((unsigned long) b, base);
    367a:	50 e0       	ldi	r21, 0x00	; 0
    367c:	70 e0       	ldi	r23, 0x00	; 0
    367e:	60 e0       	ldi	r22, 0x00	; 0
/home/oggy/.arduino15/packages/MiniCore/hardware/avr/3.1.1/cores/MCUdude_corefiles/Print.cpp:106
}

size_t Print::print(unsigned long n, int base)
{
  if (base == 0) return write(n);
  else return printNumber(n, base);
    3680:	2a e0       	ldi	r18, 0x0A	; 10
    3682:	8d e3       	ldi	r24, 0x3D	; 61
    3684:	96 e0       	ldi	r25, 0x06	; 6
    3686:	0e 94 45 0a 	call	0x148a	; 0x148a <Print::printNumber(unsigned long, unsigned char)>
dumpToWriteVar():
/home/oggy/Documents/arduinoprojects/padright_v1.5.1/rfid.ino:231
    writeByte[i] = buffer[i];
    368a:	f8 01       	movw	r30, r16
    368c:	31 97       	sbiw	r30, 0x01	; 1
    368e:	80 81       	ld	r24, Z
    3690:	f7 01       	movw	r30, r14
    3692:	81 93       	st	Z+, r24
    3694:	7f 01       	movw	r14, r30
/home/oggy/Documents/arduinoprojects/padright_v1.5.1/rfid.ino:228
  }
  return true;
}
void dumpToWriteVar(byte *buffer, byte bufferSize)
{
  for (byte i = 0; i < bufferSize; i++)
    3696:	60 16       	cp	r6, r16
    3698:	71 06       	cpc	r7, r17
    369a:	61 f7       	brne	.-40     	; 0x3674 <main+0x1280>
/home/oggy/Documents/arduinoprojects/padright_v1.5.1/rfid.ino:233
  {
    Serial.print(buffer[i]);
    writeByte[i] = buffer[i];
  }
  writeByte[15]--;
    369c:	80 91 36 06 	lds	r24, 0x0636	; 0x800636 <writeByte+0xf>
    36a0:	81 50       	subi	r24, 0x01	; 1
    36a2:	80 93 36 06 	sts	0x0636, r24	; 0x800636 <writeByte+0xf>
manageRFID():
/home/oggy/Documents/arduinoprojects/padright_v1.5.1/rfid.ino:120
          success(500);
        }
        else if (readByte[15] != 0) // && readByte[0] == 107) // verify the card and available quantity on card
        {
          dumpToWriteVar(readByte, 16);
          if (!writeCard(writeByte))
    36a6:	0e 94 11 0a 	call	0x1422	; 0x1422 <writeCard(unsigned char*) [clone .constprop.10]>
    36aa:	81 11       	cpse	r24, r1
    36ac:	11 c0       	rjmp	.+34     	; 0x36d0 <main+0x12dc>
/home/oggy/Documents/arduinoprojects/padright_v1.5.1/rfid.ino:122
          {
            lcd.clear();
    36ae:	0e 94 7e 03 	call	0x6fc	; 0x6fc <LiquidCrystal::clear() [clone .constprop.47]>
/home/oggy/Documents/arduinoprojects/padright_v1.5.1/rfid.ino:123
            lcd.setCursor(0, 0);
    36b2:	60 e0       	ldi	r22, 0x00	; 0
    36b4:	80 e0       	ldi	r24, 0x00	; 0
    36b6:	0e 94 27 04 	call	0x84e	; 0x84e <LiquidCrystal::setCursor(unsigned char, unsigned char) [clone .constprop.24]>
/home/oggy/Documents/arduinoprojects/padright_v1.5.1/rfid.ino:124
            lcd.print("Write Failed");
    36ba:	8b e9       	ldi	r24, 0x9B	; 155
    36bc:	94 e0       	ldi	r25, 0x04	; 4
/home/oggy/Documents/arduinoprojects/padright_v1.5.1/rfid.ino:189
      }
      else
      {
        lcd.clear();
        lcd.setCursor(0, 0);
        lcd.print("Error Reading");
    36be:	0e 94 be 0a 	call	0x157c	; 0x157c <Print::print(char const*) [clone .constprop.41]>
/home/oggy/Documents/arduinoprojects/padright_v1.5.1/rfid.ino:190
        lcd.setCursor(0, 1);
    36c2:	61 e0       	ldi	r22, 0x01	; 1
    36c4:	80 e0       	ldi	r24, 0x00	; 0
    36c6:	0e 94 27 04 	call	0x84e	; 0x84e <LiquidCrystal::setCursor(unsigned char, unsigned char) [clone .constprop.24]>
/home/oggy/Documents/arduinoprojects/padright_v1.5.1/rfid.ino:191
        lcd.print("Try Again");
    36ca:	88 ea       	ldi	r24, 0xA8	; 168
    36cc:	94 e0       	ldi	r25, 0x04	; 4
    36ce:	a4 c0       	rjmp	.+328    	; 0x3818 <main+0x1424>
/home/oggy/Documents/arduinoprojects/padright_v1.5.1/rfid.ino:131
            lcd.print("Try Again");
            warning();
          }
          else
          {
            byte lastData = readByte[15];
    36d0:	10 91 0d 06 	lds	r17, 0x060D	; 0x80060d <readByte+0xf>
/home/oggy/Documents/arduinoprojects/padright_v1.5.1/rfid.ino:132
            readCard();
    36d4:	0e 94 c8 08 	call	0x1190	; 0x1190 <readCard()>
/home/oggy/Documents/arduinoprojects/padright_v1.5.1/rfid.ino:133
            if (getStock() != 0) // check the stock before proceeding
    36d8:	0e 94 8a 09 	call	0x1314	; 0x1314 <getStock()>
    36dc:	89 2b       	or	r24, r25
    36de:	09 f4       	brne	.+2      	; 0x36e2 <main+0x12ee>
    36e0:	a0 c0       	rjmp	.+320    	; 0x3822 <main+0x142e>
/home/oggy/Documents/arduinoprojects/padright_v1.5.1/rfid.ino:135
            {
              if (lastData != readByte[15]) // check the stock before proceeding
    36e2:	80 91 0d 06 	lds	r24, 0x060D	; 0x80060d <readByte+0xf>
    36e6:	18 17       	cp	r17, r24
    36e8:	09 f4       	brne	.+2      	; 0x36ec <main+0x12f8>
    36ea:	86 c0       	rjmp	.+268    	; 0x37f8 <main+0x1404>
/home/oggy/Documents/arduinoprojects/padright_v1.5.1/rfid.ino:137
              {
                delay(500);
    36ec:	64 ef       	ldi	r22, 0xF4	; 244
    36ee:	71 e0       	ldi	r23, 0x01	; 1
    36f0:	80 e0       	ldi	r24, 0x00	; 0
    36f2:	90 e0       	ldi	r25, 0x00	; 0
    36f4:	0e 94 80 01 	call	0x300	; 0x300 <delay>
/home/oggy/Documents/arduinoprojects/padright_v1.5.1/rfid.ino:138
                lcd.clear();
    36f8:	0e 94 7e 03 	call	0x6fc	; 0x6fc <LiquidCrystal::clear() [clone .constprop.47]>
/home/oggy/Documents/arduinoprojects/padright_v1.5.1/rfid.ino:139
                lcd.setCursor(0, 0);
    36fc:	60 e0       	ldi	r22, 0x00	; 0
    36fe:	80 e0       	ldi	r24, 0x00	; 0
    3700:	0e 94 27 04 	call	0x84e	; 0x84e <LiquidCrystal::setCursor(unsigned char, unsigned char) [clone .constprop.24]>
/home/oggy/Documents/arduinoprojects/padright_v1.5.1/rfid.ino:140
                lcd.print("Left for Card:");
    3704:	82 eb       	ldi	r24, 0xB2	; 178
    3706:	94 e0       	ldi	r25, 0x04	; 4
    3708:	0e 94 be 0a 	call	0x157c	; 0x157c <Print::print(char const*) [clone .constprop.41]>
/home/oggy/Documents/arduinoprojects/padright_v1.5.1/rfid.ino:141
                lcd.setCursor(0, 1);
    370c:	61 e0       	ldi	r22, 0x01	; 1
    370e:	80 e0       	ldi	r24, 0x00	; 0
    3710:	0e 94 27 04 	call	0x84e	; 0x84e <LiquidCrystal::setCursor(unsigned char, unsigned char) [clone .constprop.24]>
print():
/home/oggy/.arduino15/packages/MiniCore/hardware/avr/3.1.1/cores/MCUdude_corefiles/Print.cpp:74
  return write(c);
}

size_t Print::print(unsigned char b, int base)
{
  return print((unsigned long) b, base);
    3714:	40 91 36 06 	lds	r20, 0x0636	; 0x800636 <writeByte+0xf>
    3718:	50 e0       	ldi	r21, 0x00	; 0
    371a:	70 e0       	ldi	r23, 0x00	; 0
    371c:	60 e0       	ldi	r22, 0x00	; 0
/home/oggy/.arduino15/packages/MiniCore/hardware/avr/3.1.1/cores/MCUdude_corefiles/Print.cpp:106
}

size_t Print::print(unsigned long n, int base)
{
  if (base == 0) return write(n);
  else return printNumber(n, base);
    371e:	2a e0       	ldi	r18, 0x0A	; 10
    3720:	82 ef       	ldi	r24, 0xF2	; 242
    3722:	96 e0       	ldi	r25, 0x06	; 6
    3724:	0e 94 45 0a 	call	0x148a	; 0x148a <Print::printNumber(unsigned long, unsigned char)>
manageRFID():
/home/oggy/Documents/arduinoprojects/padright_v1.5.1/rfid.ino:143
                lcd.print(writeByte[15]);
                delay(3000);
    3728:	68 eb       	ldi	r22, 0xB8	; 184
    372a:	7b e0       	ldi	r23, 0x0B	; 11
    372c:	80 e0       	ldi	r24, 0x00	; 0
    372e:	90 e0       	ldi	r25, 0x00	; 0
    3730:	0e 94 80 01 	call	0x300	; 0x300 <delay>
/home/oggy/Documents/arduinoprojects/padright_v1.5.1/rfid.ino:144
                lcd.clear();
    3734:	0e 94 7e 03 	call	0x6fc	; 0x6fc <LiquidCrystal::clear() [clone .constprop.47]>
/home/oggy/Documents/arduinoprojects/padright_v1.5.1/rfid.ino:145
                lcd.setCursor(0, 0);
    3738:	60 e0       	ldi	r22, 0x00	; 0
    373a:	80 e0       	ldi	r24, 0x00	; 0
    373c:	0e 94 27 04 	call	0x84e	; 0x84e <LiquidCrystal::setCursor(unsigned char, unsigned char) [clone .constprop.24]>
/home/oggy/Documents/arduinoprojects/padright_v1.5.1/rfid.ino:146
                lcd.print("Receive Pad");
    3740:	81 ec       	ldi	r24, 0xC1	; 193
    3742:	94 e0       	ldi	r25, 0x04	; 4
    3744:	0e 94 be 0a 	call	0x157c	; 0x157c <Print::print(char const*) [clone .constprop.41]>
/home/oggy/Documents/arduinoprojects/padright_v1.5.1/rfid.ino:147
                lcd.setCursor(0, 1);
    3748:	61 e0       	ldi	r22, 0x01	; 1
    374a:	80 e0       	ldi	r24, 0x00	; 0
    374c:	0e 94 27 04 	call	0x84e	; 0x84e <LiquidCrystal::setCursor(unsigned char, unsigned char) [clone .constprop.24]>
/home/oggy/Documents/arduinoprojects/padright_v1.5.1/rfid.ino:148
                lcd.print("Thank you!");
    3750:	8d ec       	ldi	r24, 0xCD	; 205
    3752:	94 e0       	ldi	r25, 0x04	; 4
    3754:	0e 94 be 0a 	call	0x157c	; 0x157c <Print::print(char const*) [clone .constprop.41]>
runMotor():
/home/oggy/Documents/arduinoprojects/padright_v1.5.1/padright_v1.5.1.ino:598
int readIntFromEEPROM(int address) {
  return (EEPROM.read(address) << 8) + EEPROM.read(address + 1);
}

void runMotor() {
  Serial.println("motor running");
    3758:	88 ed       	ldi	r24, 0xD8	; 216
    375a:	94 e0       	ldi	r25, 0x04	; 4
    375c:	0e 94 ac 0c 	call	0x1958	; 0x1958 <Print::println(char const*) [clone .constprop.21]>
/home/oggy/Documents/arduinoprojects/padright_v1.5.1/padright_v1.5.1.ino:599
  if (getStock() > 0) {
    3760:	0e 94 8a 09 	call	0x1314	; 0x1314 <getStock()>
    3764:	18 16       	cp	r1, r24
    3766:	19 06       	cpc	r1, r25
    3768:	cc f5       	brge	.+114    	; 0x37dc <main+0x13e8>
/home/oggy/Documents/arduinoprojects/padright_v1.5.1/padright_v1.5.1.ino:600
    for (int i = 0; i < maxRack; i++) {
    376a:	80 91 0f 01 	lds	r24, 0x010F	; 0x80010f <maxRack>
    376e:	90 e0       	ldi	r25, 0x00	; 0
    3770:	2a ed       	ldi	r18, 0xDA	; 218
    3772:	36 e0       	ldi	r19, 0x06	; 6
main():
    3774:	10 e0       	ldi	r17, 0x00	; 0
    3776:	00 e0       	ldi	r16, 0x00	; 0
runMotor():
    3778:	08 17       	cp	r16, r24
    377a:	19 07       	cpc	r17, r25
    377c:	64 f5       	brge	.+88     	; 0x37d6 <main+0x13e2>
    377e:	2c 5f       	subi	r18, 0xFC	; 252
    3780:	3f 4f       	sbci	r19, 0xFF	; 255
getQuantity():
/home/oggy/Documents/arduinoprojects/padright_v1.5.1/padrack.cpp:5
#include "padrack.h"

int padrack::getQuantity()
{
    return quantity;
    3782:	f9 01       	movw	r30, r18
    3784:	34 97       	sbiw	r30, 0x04	; 4
runMotor():
/home/oggy/Documents/arduinoprojects/padright_v1.5.1/padright_v1.5.1.ino:601
      if (rack[i].getQuantity() != 0) {
    3786:	40 81       	ld	r20, Z
    3788:	51 81       	ldd	r21, Z+1	; 0x01
    378a:	45 2b       	or	r20, r21
    378c:	91 f1       	breq	.+100    	; 0x37f2 <main+0x13fe>
/home/oggy/Documents/arduinoprojects/padright_v1.5.1/padright_v1.5.1.ino:603
        // Serial.println("motor");
        digitalWrite(motor[i], HIGH);
    378e:	f8 01       	movw	r30, r16
    3790:	e4 5d       	subi	r30, 0xD4	; 212
    3792:	fe 4f       	sbci	r31, 0xFE	; 254
    3794:	f0 80       	ld	r15, Z
    3796:	61 e0       	ldi	r22, 0x01	; 1
    3798:	8f 2d       	mov	r24, r15
    379a:	0e 94 e6 00 	call	0x1cc	; 0x1cc <digitalWrite>
/home/oggy/Documents/arduinoprojects/padright_v1.5.1/padright_v1.5.1.ino:604
        delay(motorTimeVariable);
    379e:	60 91 0d 01 	lds	r22, 0x010D	; 0x80010d <motorTimeVariable>
    37a2:	70 91 0e 01 	lds	r23, 0x010E	; 0x80010e <motorTimeVariable+0x1>
    37a6:	07 2e       	mov	r0, r23
    37a8:	00 0c       	add	r0, r0
    37aa:	88 0b       	sbc	r24, r24
    37ac:	99 0b       	sbc	r25, r25
    37ae:	0e 94 80 01 	call	0x300	; 0x300 <delay>
/home/oggy/Documents/arduinoprojects/padright_v1.5.1/padright_v1.5.1.ino:605
        digitalWrite(motor[i], LOW);
    37b2:	60 e0       	ldi	r22, 0x00	; 0
    37b4:	8f 2d       	mov	r24, r15
    37b6:	0e 94 e6 00 	call	0x1cc	; 0x1cc <digitalWrite>
decQuantity():
/home/oggy/Documents/arduinoprojects/padright_v1.5.1/padrack.cpp:13
{
    quantity = number;
}
void padrack::decQuantity()
{
    if (quantity != 0)
    37ba:	00 0f       	add	r16, r16
    37bc:	11 1f       	adc	r17, r17
    37be:	00 0f       	add	r16, r16
    37c0:	11 1f       	adc	r17, r17
    37c2:	f8 01       	movw	r30, r16
    37c4:	e6 52       	subi	r30, 0x26	; 38
    37c6:	f9 4f       	sbci	r31, 0xF9	; 249
    37c8:	80 81       	ld	r24, Z
    37ca:	91 81       	ldd	r25, Z+1	; 0x01
    37cc:	00 97       	sbiw	r24, 0x00	; 0
    37ce:	19 f0       	breq	.+6      	; 0x37d6 <main+0x13e2>
/home/oggy/Documents/arduinoprojects/padright_v1.5.1/padrack.cpp:15
    {
        quantity--;
    37d0:	01 97       	sbiw	r24, 0x01	; 1
    37d2:	91 83       	std	Z+1, r25	; 0x01
    37d4:	80 83       	st	Z, r24
runMotor():
/home/oggy/Documents/arduinoprojects/padright_v1.5.1/padright_v1.5.1.ino:610
        rack[i].decQuantity();
        break;
      }
    }
    writeToEPPROM('r');
    37d6:	82 e7       	ldi	r24, 0x72	; 114
    37d8:	0e 94 2d 0f 	call	0x1e5a	; 0x1e5a <writeToEPPROM(char)>
manageRFID():
/home/oggy/Documents/arduinoprojects/padright_v1.5.1/rfid.ino:150
                runMotor();
                success(800);
    37dc:	80 e2       	ldi	r24, 0x20	; 32
    37de:	93 e0       	ldi	r25, 0x03	; 3
    37e0:	0e 94 77 09 	call	0x12ee	; 0x12ee <success(int)>
/home/oggy/Documents/arduinoprojects/padright_v1.5.1/rfid.ino:151
                delay(1000);
    37e4:	68 ee       	ldi	r22, 0xE8	; 232
    37e6:	73 e0       	ldi	r23, 0x03	; 3
    37e8:	80 e0       	ldi	r24, 0x00	; 0
    37ea:	90 e0       	ldi	r25, 0x00	; 0
    37ec:	0e 94 80 01 	call	0x300	; 0x300 <delay>
    37f0:	ff cb       	rjmp	.-2050   	; 0x2ff0 <main+0xbfc>
runMotor():
/home/oggy/Documents/arduinoprojects/padright_v1.5.1/padright_v1.5.1.ino:600
}

void runMotor() {
  Serial.println("motor running");
  if (getStock() > 0) {
    for (int i = 0; i < maxRack; i++) {
    37f2:	0f 5f       	subi	r16, 0xFF	; 255
    37f4:	1f 4f       	sbci	r17, 0xFF	; 255
    37f6:	c0 cf       	rjmp	.-128    	; 0x3778 <main+0x1384>
manageRFID():
/home/oggy/Documents/arduinoprojects/padright_v1.5.1/rfid.ino:155
              }
              else // print if card scan time is fast
              {
                lcd.clear();
    37f8:	0e 94 7e 03 	call	0x6fc	; 0x6fc <LiquidCrystal::clear() [clone .constprop.47]>
/home/oggy/Documents/arduinoprojects/padright_v1.5.1/rfid.ino:156
                lcd.setCursor(0, 0);
    37fc:	60 e0       	ldi	r22, 0x00	; 0
    37fe:	80 e0       	ldi	r24, 0x00	; 0
    3800:	0e 94 27 04 	call	0x84e	; 0x84e <LiquidCrystal::setCursor(unsigned char, unsigned char) [clone .constprop.24]>
/home/oggy/Documents/arduinoprojects/padright_v1.5.1/rfid.ino:157
                lcd.print("Sorry");
    3804:	8c e9       	ldi	r24, 0x9C	; 156
    3806:	92 e0       	ldi	r25, 0x02	; 2
    3808:	0e 94 be 0a 	call	0x157c	; 0x157c <Print::print(char const*) [clone .constprop.41]>
/home/oggy/Documents/arduinoprojects/padright_v1.5.1/rfid.ino:158
                lcd.setCursor(0, 1);
    380c:	61 e0       	ldi	r22, 0x01	; 1
    380e:	80 e0       	ldi	r24, 0x00	; 0
    3810:	0e 94 27 04 	call	0x84e	; 0x84e <LiquidCrystal::setCursor(unsigned char, unsigned char) [clone .constprop.24]>
/home/oggy/Documents/arduinoprojects/padright_v1.5.1/rfid.ino:159
                lcd.print("Hold card for 1Sec");
    3814:	86 ee       	ldi	r24, 0xE6	; 230
    3816:	94 e0       	ldi	r25, 0x04	; 4
/home/oggy/Documents/arduinoprojects/padright_v1.5.1/rfid.ino:191
      {
        lcd.clear();
        lcd.setCursor(0, 0);
        lcd.print("Error Reading");
        lcd.setCursor(0, 1);
        lcd.print("Try Again");
    3818:	0e 94 be 0a 	call	0x157c	; 0x157c <Print::print(char const*) [clone .constprop.41]>
/home/oggy/Documents/arduinoprojects/padright_v1.5.1/rfid.ino:192
        warning();
    381c:	0e 94 41 09 	call	0x1282	; 0x1282 <warning()>
    3820:	e7 cb       	rjmp	.-2098   	; 0x2ff0 <main+0xbfc>
/home/oggy/Documents/arduinoprojects/padright_v1.5.1/rfid.ino:166
              }
            }

            else // print if no stock remaining
            {
              lcd.clear();
    3822:	0e 94 7e 03 	call	0x6fc	; 0x6fc <LiquidCrystal::clear() [clone .constprop.47]>
/home/oggy/Documents/arduinoprojects/padright_v1.5.1/rfid.ino:167
              lcd.setCursor(0, 0);
    3826:	60 e0       	ldi	r22, 0x00	; 0
    3828:	80 e0       	ldi	r24, 0x00	; 0
    382a:	0e 94 27 04 	call	0x84e	; 0x84e <LiquidCrystal::setCursor(unsigned char, unsigned char) [clone .constprop.24]>
/home/oggy/Documents/arduinoprojects/padright_v1.5.1/rfid.ino:168
              lcd.print("Sorry");
    382e:	8c e9       	ldi	r24, 0x9C	; 156
    3830:	92 e0       	ldi	r25, 0x02	; 2
    3832:	0e 94 be 0a 	call	0x157c	; 0x157c <Print::print(char const*) [clone .constprop.41]>
/home/oggy/Documents/arduinoprojects/padright_v1.5.1/rfid.ino:169
              lcd.setCursor(0, 1);
    3836:	61 e0       	ldi	r22, 0x01	; 1
    3838:	80 e0       	ldi	r24, 0x00	; 0
    383a:	0e 94 27 04 	call	0x84e	; 0x84e <LiquidCrystal::setCursor(unsigned char, unsigned char) [clone .constprop.24]>
/home/oggy/Documents/arduinoprojects/padright_v1.5.1/rfid.ino:170
              lcd.print("No Stocks");
    383e:	82 ea       	ldi	r24, 0xA2	; 162
    3840:	92 e0       	ldi	r25, 0x02	; 2
    3842:	ea cf       	rjmp	.-44     	; 0x3818 <main+0x1424>
/home/oggy/Documents/arduinoprojects/padright_v1.5.1/rfid.ino:177
            }
          }
        }
        else
        {
          lcd.clear();
    3844:	0e 94 7e 03 	call	0x6fc	; 0x6fc <LiquidCrystal::clear() [clone .constprop.47]>
/home/oggy/Documents/arduinoprojects/padright_v1.5.1/rfid.ino:178
          lcd.setCursor(0, 0);
    3848:	60 e0       	ldi	r22, 0x00	; 0
    384a:	80 e0       	ldi	r24, 0x00	; 0
    384c:	0e 94 27 04 	call	0x84e	; 0x84e <LiquidCrystal::setCursor(unsigned char, unsigned char) [clone .constprop.24]>
/home/oggy/Documents/arduinoprojects/padright_v1.5.1/rfid.ino:179
          lcd.print("Opps!");
    3850:	89 ef       	ldi	r24, 0xF9	; 249
    3852:	94 e0       	ldi	r25, 0x04	; 4
    3854:	0e 94 be 0a 	call	0x157c	; 0x157c <Print::print(char const*) [clone .constprop.41]>
/home/oggy/Documents/arduinoprojects/padright_v1.5.1/rfid.ino:180
          lcd.setCursor(0, 1);
    3858:	61 e0       	ldi	r22, 0x01	; 1
    385a:	80 e0       	ldi	r24, 0x00	; 0
    385c:	0e 94 27 04 	call	0x84e	; 0x84e <LiquidCrystal::setCursor(unsigned char, unsigned char) [clone .constprop.24]>
/home/oggy/Documents/arduinoprojects/padright_v1.5.1/rfid.ino:181
          lcd.print("Zero Balance");
    3860:	8f ef       	ldi	r24, 0xFF	; 255
    3862:	94 e0       	ldi	r25, 0x04	; 4
    3864:	d9 cf       	rjmp	.-78     	; 0x3818 <main+0x1424>
/home/oggy/Documents/arduinoprojects/padright_v1.5.1/rfid.ino:187
          warning();
        }
      }
      else
      {
        lcd.clear();
    3866:	0e 94 7e 03 	call	0x6fc	; 0x6fc <LiquidCrystal::clear() [clone .constprop.47]>
/home/oggy/Documents/arduinoprojects/padright_v1.5.1/rfid.ino:188
        lcd.setCursor(0, 0);
    386a:	60 e0       	ldi	r22, 0x00	; 0
    386c:	80 e0       	ldi	r24, 0x00	; 0
    386e:	0e 94 27 04 	call	0x84e	; 0x84e <LiquidCrystal::setCursor(unsigned char, unsigned char) [clone .constprop.24]>
/home/oggy/Documents/arduinoprojects/padright_v1.5.1/rfid.ino:189
        lcd.print("Error Reading");
    3872:	8c e0       	ldi	r24, 0x0C	; 12
    3874:	95 e0       	ldi	r25, 0x05	; 5
    3876:	23 cf       	rjmp	.-442    	; 0x36be <main+0x12ca>
loop():
/home/oggy/Documents/arduinoprojects/padright_v1.5.1/padright_v1.5.1.ino:176

void loop() {
  menuManagement();
  if (mType == RFID_MACHINE) {
    manageRFID();  // when machine is rfid type
  } else if (mType == CASH_MACHINE) {
    3878:	81 30       	cpi	r24, 0x01	; 1
    387a:	09 f0       	breq	.+2      	; 0x387e <main+0x148a>
    387c:	c0 cb       	rjmp	.-2176   	; 0x2ffe <main+0xc0a>
/home/oggy/Documents/arduinoprojects/padright_v1.5.1/padright_v1.5.1.ino:178
    // disable cash acceptor when stock is out
    if (getStock() > 0 && state == 0) {
    387e:	0e 94 8a 09 	call	0x1314	; 0x1314 <getStock()>
    3882:	18 16       	cp	r1, r24
    3884:	19 06       	cpc	r1, r25
    3886:	0c f0       	brlt	.+2      	; 0x388a <main+0x1496>
    3888:	04 c1       	rjmp	.+520    	; 0x3a92 <main+0x169e>
    388a:	80 91 1b 06 	lds	r24, 0x061B	; 0x80061b <state>
    388e:	90 91 1c 06 	lds	r25, 0x061C	; 0x80061c <state+0x1>
    3892:	89 2b       	or	r24, r25
    3894:	09 f0       	breq	.+2      	; 0x3898 <main+0x14a4>
    3896:	fd c0       	rjmp	.+506    	; 0x3a92 <main+0x169e>
/home/oggy/Documents/arduinoprojects/padright_v1.5.1/padright_v1.5.1.ino:179
      enableCashAcceptor();
    3898:	0e 94 19 09 	call	0x1232	; 0x1232 <enableCashAcceptor()>
mangaeCash():
/home/oggy/Documents/arduinoprojects/padright_v1.5.1/cashInterrupt.ino:15
    // lcd.setCursor(0, 0);
    // lcd.print(String(cashPulseCounter));
  }
}
void mangaeCash() {
  if (isInterrupt) {
    389c:	80 91 1a 06 	lds	r24, 0x061A	; 0x80061a <isInterrupt>
    38a0:	88 23       	and	r24, r24
    38a2:	09 f4       	brne	.+2      	; 0x38a6 <main+0x14b2>
    38a4:	ac cb       	rjmp	.-2216   	; 0x2ffe <main+0xc0a>
/home/oggy/Documents/arduinoprojects/padright_v1.5.1/cashInterrupt.ino:16
    disableCashAcceptor();
    38a6:	0e 94 1d 09 	call	0x123a	; 0x123a <disableCashAcceptor()>
/home/oggy/Documents/arduinoprojects/padright_v1.5.1/cashInterrupt.ino:17
    previous_time2 = millis();
    38aa:	0e 94 b3 01 	call	0x366	; 0x366 <millis>
    38ae:	60 93 16 06 	sts	0x0616, r22	; 0x800616 <previous_time2>
    38b2:	70 93 17 06 	sts	0x0617, r23	; 0x800617 <previous_time2+0x1>
    38b6:	80 93 18 06 	sts	0x0618, r24	; 0x800618 <previous_time2+0x2>
    38ba:	90 93 19 06 	sts	0x0619, r25	; 0x800619 <previous_time2+0x3>
/home/oggy/Documents/arduinoprojects/padright_v1.5.1/cashInterrupt.ino:18
    totalCash = 0;
    38be:	10 92 15 06 	sts	0x0615, r1	; 0x800615 <totalCash+0x1>
    38c2:	10 92 14 06 	sts	0x0614, r1	; 0x800614 <totalCash>
/home/oggy/Documents/arduinoprojects/padright_v1.5.1/cashInterrupt.ino:19
    while (millis() - previous_time2 < cashWaitTime) {
    38c6:	0e 94 b3 01 	call	0x366	; 0x366 <millis>
    38ca:	00 91 16 06 	lds	r16, 0x0616	; 0x800616 <previous_time2>
    38ce:	10 91 17 06 	lds	r17, 0x0617	; 0x800617 <previous_time2+0x1>
    38d2:	20 91 18 06 	lds	r18, 0x0618	; 0x800618 <previous_time2+0x2>
    38d6:	30 91 19 06 	lds	r19, 0x0619	; 0x800619 <previous_time2+0x3>
    38da:	ab 01       	movw	r20, r22
    38dc:	bc 01       	movw	r22, r24
    38de:	40 1b       	sub	r20, r16
    38e0:	51 0b       	sbc	r21, r17
    38e2:	62 0b       	sbc	r22, r18
    38e4:	73 0b       	sbc	r23, r19
    38e6:	80 91 18 01 	lds	r24, 0x0118	; 0x800118 <cashWaitTime>
    38ea:	90 91 19 01 	lds	r25, 0x0119	; 0x800119 <cashWaitTime+0x1>
    38ee:	09 2e       	mov	r0, r25
    38f0:	00 0c       	add	r0, r0
    38f2:	aa 0b       	sbc	r26, r26
    38f4:	bb 0b       	sbc	r27, r27
    38f6:	48 17       	cp	r20, r24
    38f8:	59 07       	cpc	r21, r25
    38fa:	6a 07       	cpc	r22, r26
    38fc:	7b 07       	cpc	r23, r27
    38fe:	08 f0       	brcs	.+2      	; 0x3902 <main+0x150e>
    3900:	9e c0       	rjmp	.+316    	; 0x3a3e <main+0x164a>
/home/oggy/Documents/arduinoprojects/padright_v1.5.1/cashInterrupt.ino:20
      if (isInterrupt) {
    3902:	80 91 1a 06 	lds	r24, 0x061A	; 0x80061a <isInterrupt>
    3906:	88 23       	and	r24, r24
    3908:	f1 f2       	breq	.-68     	; 0x38c6 <main+0x14d2>
/home/oggy/Documents/arduinoprojects/padright_v1.5.1/cashInterrupt.ino:21
        lcd.clear();
    390a:	0e 94 7e 03 	call	0x6fc	; 0x6fc <LiquidCrystal::clear() [clone .constprop.47]>
/home/oggy/Documents/arduinoprojects/padright_v1.5.1/cashInterrupt.ino:22
        lcd.setCursor(0, 0);
    390e:	60 e0       	ldi	r22, 0x00	; 0
    3910:	80 e0       	ldi	r24, 0x00	; 0
    3912:	0e 94 27 04 	call	0x84e	; 0x84e <LiquidCrystal::setCursor(unsigned char, unsigned char) [clone .constprop.24]>
/home/oggy/Documents/arduinoprojects/padright_v1.5.1/cashInterrupt.ino:23
        lcd.print("Receiving Cash");
    3916:	8a e1       	ldi	r24, 0x1A	; 26
    3918:	95 e0       	ldi	r25, 0x05	; 5
    391a:	0e 94 be 0a 	call	0x157c	; 0x157c <Print::print(char const*) [clone .constprop.41]>
/home/oggy/Documents/arduinoprojects/padright_v1.5.1/cashInterrupt.ino:24
        lcd.setCursor(0, 1);
    391e:	61 e0       	ldi	r22, 0x01	; 1
    3920:	80 e0       	ldi	r24, 0x00	; 0
    3922:	0e 94 27 04 	call	0x84e	; 0x84e <LiquidCrystal::setCursor(unsigned char, unsigned char) [clone .constprop.24]>
/home/oggy/Documents/arduinoprojects/padright_v1.5.1/cashInterrupt.ino:25
        lcd.print("Please wait...");
    3926:	89 e2       	ldi	r24, 0x29	; 41
    3928:	95 e0       	ldi	r25, 0x05	; 5
    392a:	0e 94 be 0a 	call	0x157c	; 0x157c <Print::print(char const*) [clone .constprop.41]>
/home/oggy/Documents/arduinoprojects/padright_v1.5.1/cashInterrupt.ino:26
        success(200);
    392e:	88 ec       	ldi	r24, 0xC8	; 200
    3930:	90 e0       	ldi	r25, 0x00	; 0
    3932:	0e 94 77 09 	call	0x12ee	; 0x12ee <success(int)>
/home/oggy/Documents/arduinoprojects/padright_v1.5.1/cashInterrupt.ino:27
        delay(500);
    3936:	64 ef       	ldi	r22, 0xF4	; 244
    3938:	71 e0       	ldi	r23, 0x01	; 1
    393a:	80 e0       	ldi	r24, 0x00	; 0
    393c:	90 e0       	ldi	r25, 0x00	; 0
    393e:	0e 94 80 01 	call	0x300	; 0x300 <delay>
/home/oggy/Documents/arduinoprojects/padright_v1.5.1/cashInterrupt.ino:28
        delay(1000);
    3942:	68 ee       	ldi	r22, 0xE8	; 232
    3944:	73 e0       	ldi	r23, 0x03	; 3
    3946:	80 e0       	ldi	r24, 0x00	; 0
    3948:	90 e0       	ldi	r25, 0x00	; 0
    394a:	0e 94 80 01 	call	0x300	; 0x300 <delay>
/home/oggy/Documents/arduinoprojects/padright_v1.5.1/cashInterrupt.ino:29
        isInterrupt = false;
    394e:	10 92 1a 06 	sts	0x061A, r1	; 0x80061a <isInterrupt>
/home/oggy/Documents/arduinoprojects/padright_v1.5.1/cashInterrupt.ino:30
        if (isInterrupt)
    3952:	80 91 1a 06 	lds	r24, 0x061A	; 0x80061a <isInterrupt>
    3956:	81 11       	cpse	r24, r1
    3958:	b6 cf       	rjmp	.-148    	; 0x38c6 <main+0x14d2>
/home/oggy/Documents/arduinoprojects/padright_v1.5.1/cashInterrupt.ino:32
          continue;
        currentCash = (int)(cashPulseCounter * cashPulseFactor);
    395a:	60 91 12 06 	lds	r22, 0x0612	; 0x800612 <cashPulseCounter>
    395e:	70 91 13 06 	lds	r23, 0x0613	; 0x800613 <cashPulseCounter+0x1>
    3962:	07 2e       	mov	r0, r23
    3964:	00 0c       	add	r0, r0
    3966:	88 0b       	sbc	r24, r24
    3968:	99 0b       	sbc	r25, r25
    396a:	0e 94 71 1e 	call	0x3ce2	; 0x3ce2 <__floatsisf>
    396e:	20 91 1a 07 	lds	r18, 0x071A	; 0x80071a <cashPulseFactor>
    3972:	30 91 1b 07 	lds	r19, 0x071B	; 0x80071b <cashPulseFactor+0x1>
    3976:	40 91 1c 07 	lds	r20, 0x071C	; 0x80071c <cashPulseFactor+0x2>
    397a:	50 91 1d 07 	lds	r21, 0x071D	; 0x80071d <cashPulseFactor+0x3>
    397e:	0e 94 ac 1e 	call	0x3d58	; 0x3d58 <__mulsf3>
    3982:	0e 94 29 20 	call	0x4052	; 0x4052 <__fixsfsi>
    3986:	8b 01       	movw	r16, r22
    3988:	70 93 11 06 	sts	0x0611, r23	; 0x800611 <currentCash+0x1>
    398c:	60 93 10 06 	sts	0x0610, r22	; 0x800610 <currentCash>
/home/oggy/Documents/arduinoprojects/padright_v1.5.1/cashInterrupt.ino:33
        totalCash += currentCash;
    3990:	20 91 14 06 	lds	r18, 0x0614	; 0x800614 <totalCash>
    3994:	30 91 15 06 	lds	r19, 0x0615	; 0x800615 <totalCash+0x1>
    3998:	c9 01       	movw	r24, r18
    399a:	86 0f       	add	r24, r22
    399c:	97 1f       	adc	r25, r23
    399e:	90 93 15 06 	sts	0x0615, r25	; 0x800615 <totalCash+0x1>
    39a2:	80 93 14 06 	sts	0x0614, r24	; 0x800614 <totalCash>
/home/oggy/Documents/arduinoprojects/padright_v1.5.1/cashInterrupt.ino:34
        previous_time2 = millis();
    39a6:	0e 94 b3 01 	call	0x366	; 0x366 <millis>
    39aa:	60 93 16 06 	sts	0x0616, r22	; 0x800616 <previous_time2>
    39ae:	70 93 17 06 	sts	0x0617, r23	; 0x800617 <previous_time2+0x1>
    39b2:	80 93 18 06 	sts	0x0618, r24	; 0x800618 <previous_time2+0x2>
    39b6:	90 93 19 06 	sts	0x0619, r25	; 0x800619 <previous_time2+0x3>
/home/oggy/Documents/arduinoprojects/padright_v1.5.1/cashInterrupt.ino:35
        switch (currentCash) {
    39ba:	09 31       	cpi	r16, 0x19	; 25
    39bc:	11 05       	cpc	r17, r1
    39be:	09 f4       	brne	.+2      	; 0x39c2 <main+0x15ce>
    39c0:	df c0       	rjmp	.+446    	; 0x3b80 <main+0x178c>
    39c2:	0c f0       	brlt	.+2      	; 0x39c6 <main+0x15d2>
    39c4:	7a c0       	rjmp	.+244    	; 0x3aba <main+0x16c6>
    39c6:	0a 30       	cpi	r16, 0x0A	; 10
    39c8:	11 05       	cpc	r17, r1
    39ca:	09 f4       	brne	.+2      	; 0x39ce <main+0x15da>
    39cc:	c7 c0       	rjmp	.+398    	; 0x3b5c <main+0x1768>
    39ce:	0c f0       	brlt	.+2      	; 0x39d2 <main+0x15de>
    39d0:	63 c0       	rjmp	.+198    	; 0x3a98 <main+0x16a4>
    39d2:	05 30       	cpi	r16, 0x05	; 5
    39d4:	11 05       	cpc	r17, r1
    39d6:	09 f4       	brne	.+2      	; 0x39da <main+0x15e6>
    39d8:	97 c0       	rjmp	.+302    	; 0x3b08 <main+0x1714>
/home/oggy/Documents/arduinoprojects/padright_v1.5.1/cashInterrupt.ino:127
            lcd.print("Total: ");
            lcd.print(String(totalCash));
            cashPulseCounter = 0;
            break;
        }
        if (totalCash >= CASH_LIMIT) {
    39da:	20 91 14 06 	lds	r18, 0x0614	; 0x800614 <totalCash>
    39de:	30 91 15 06 	lds	r19, 0x0615	; 0x800615 <totalCash+0x1>
    39e2:	80 91 16 01 	lds	r24, 0x0116	; 0x800116 <CASH_LIMIT>
    39e6:	90 91 17 01 	lds	r25, 0x0117	; 0x800117 <CASH_LIMIT+0x1>
    39ea:	28 17       	cp	r18, r24
    39ec:	39 07       	cpc	r19, r25
    39ee:	0c f4       	brge	.+2      	; 0x39f2 <main+0x15fe>
    39f0:	eb c0       	rjmp	.+470    	; 0x3bc8 <main+0x17d4>
/home/oggy/Documents/arduinoprojects/padright_v1.5.1/cashInterrupt.ino:128
          delay(1000);
    39f2:	68 ee       	ldi	r22, 0xE8	; 232
    39f4:	73 e0       	ldi	r23, 0x03	; 3
    39f6:	80 e0       	ldi	r24, 0x00	; 0
    39f8:	90 e0       	ldi	r25, 0x00	; 0
    39fa:	0e 94 80 01 	call	0x300	; 0x300 <delay>
/home/oggy/Documents/arduinoprojects/padright_v1.5.1/cashInterrupt.ino:129
          lcd.clear();
    39fe:	0e 94 7e 03 	call	0x6fc	; 0x6fc <LiquidCrystal::clear() [clone .constprop.47]>
/home/oggy/Documents/arduinoprojects/padright_v1.5.1/cashInterrupt.ino:130
          lcd.setCursor(0, 0);
    3a02:	60 e0       	ldi	r22, 0x00	; 0
    3a04:	80 e0       	ldi	r24, 0x00	; 0
    3a06:	0e 94 27 04 	call	0x84e	; 0x84e <LiquidCrystal::setCursor(unsigned char, unsigned char) [clone .constprop.24]>
/home/oggy/Documents/arduinoprojects/padright_v1.5.1/cashInterrupt.ino:131
          lcd.print("Cash Limit");
    3a0a:	8c eb       	ldi	r24, 0xBC	; 188
    3a0c:	91 e0       	ldi	r25, 0x01	; 1
    3a0e:	0e 94 be 0a 	call	0x157c	; 0x157c <Print::print(char const*) [clone .constprop.41]>
/home/oggy/Documents/arduinoprojects/padright_v1.5.1/cashInterrupt.ino:132
          lcd.setCursor(0, 1);
    3a12:	61 e0       	ldi	r22, 0x01	; 1
    3a14:	80 e0       	ldi	r24, 0x00	; 0
    3a16:	0e 94 27 04 	call	0x84e	; 0x84e <LiquidCrystal::setCursor(unsigned char, unsigned char) [clone .constprop.24]>
/home/oggy/Documents/arduinoprojects/padright_v1.5.1/cashInterrupt.ino:133
          lcd.print("Reached");
    3a1a:	85 ed       	ldi	r24, 0xD5	; 213
    3a1c:	95 e0       	ldi	r25, 0x05	; 5
    3a1e:	0e 94 be 0a 	call	0x157c	; 0x157c <Print::print(char const*) [clone .constprop.41]>
/home/oggy/Documents/arduinoprojects/padright_v1.5.1/cashInterrupt.ino:134
          delay(1000);
    3a22:	68 ee       	ldi	r22, 0xE8	; 232
    3a24:	73 e0       	ldi	r23, 0x03	; 3
    3a26:	80 e0       	ldi	r24, 0x00	; 0
    3a28:	90 e0       	ldi	r25, 0x00	; 0
    3a2a:	0e 94 80 01 	call	0x300	; 0x300 <delay>
/home/oggy/Documents/arduinoprojects/padright_v1.5.1/cashInterrupt.ino:135
          totalCash = CASH_LIMIT;
    3a2e:	80 91 16 01 	lds	r24, 0x0116	; 0x800116 <CASH_LIMIT>
    3a32:	90 91 17 01 	lds	r25, 0x0117	; 0x800117 <CASH_LIMIT+0x1>
    3a36:	90 93 15 06 	sts	0x0615, r25	; 0x800615 <totalCash+0x1>
    3a3a:	80 93 14 06 	sts	0x0614, r24	; 0x800614 <totalCash>
/home/oggy/Documents/arduinoprojects/padright_v1.5.1/cashInterrupt.ino:142
        } else {
          enableCashAcceptor();
        }
      }
    }
    disableCashAcceptor();
    3a3e:	0e 94 1d 09 	call	0x123a	; 0x123a <disableCashAcceptor()>
/home/oggy/Documents/arduinoprojects/padright_v1.5.1/cashInterrupt.ino:143
    switch (totalCash) {
    3a42:	80 91 14 06 	lds	r24, 0x0614	; 0x800614 <totalCash>
    3a46:	90 91 15 06 	lds	r25, 0x0615	; 0x800615 <totalCash+0x1>
    3a4a:	89 31       	cpi	r24, 0x19	; 25
    3a4c:	91 05       	cpc	r25, r1
    3a4e:	09 f4       	brne	.+2      	; 0x3a52 <main+0x165e>
    3a50:	05 c1       	rjmp	.+522    	; 0x3c5c <main+0x1868>
    3a52:	0c f0       	brlt	.+2      	; 0x3a56 <main+0x1662>
    3a54:	c6 c0       	rjmp	.+396    	; 0x3be2 <main+0x17ee>
    3a56:	8a 30       	cpi	r24, 0x0A	; 10
    3a58:	91 05       	cpc	r25, r1
    3a5a:	09 f4       	brne	.+2      	; 0x3a5e <main+0x166a>
    3a5c:	f9 c0       	rjmp	.+498    	; 0x3c50 <main+0x185c>
    3a5e:	0c f0       	brlt	.+2      	; 0x3a62 <main+0x166e>
    3a60:	b6 c0       	rjmp	.+364    	; 0x3bce <main+0x17da>
    3a62:	05 97       	sbiw	r24, 0x05	; 5
    3a64:	09 f4       	brne	.+2      	; 0x3a68 <main+0x1674>
    3a66:	d4 c0       	rjmp	.+424    	; 0x3c10 <main+0x181c>
/home/oggy/Documents/arduinoprojects/padright_v1.5.1/cashInterrupt.ino:175
        break;
      case FIFTY_RUPEES:
        dispenseProduct(10);
        break;
      default:
        lcd.clear();
    3a68:	0e 94 7e 03 	call	0x6fc	; 0x6fc <LiquidCrystal::clear() [clone .constprop.47]>
/home/oggy/Documents/arduinoprojects/padright_v1.5.1/cashInterrupt.ino:176
        lcd.setCursor(0, 0);
    3a6c:	60 e0       	ldi	r22, 0x00	; 0
    3a6e:	80 e0       	ldi	r24, 0x00	; 0
    3a70:	0e 94 27 04 	call	0x84e	; 0x84e <LiquidCrystal::setCursor(unsigned char, unsigned char) [clone .constprop.24]>
/home/oggy/Documents/arduinoprojects/padright_v1.5.1/cashInterrupt.ino:177
        lcd.print("Invalid Amount");
    3a74:	8d ed       	ldi	r24, 0xDD	; 221
    3a76:	95 e0       	ldi	r25, 0x05	; 5
    3a78:	0e 94 be 0a 	call	0x157c	; 0x157c <Print::print(char const*) [clone .constprop.41]>
/home/oggy/Documents/arduinoprojects/padright_v1.5.1/cashInterrupt.ino:178
        lcd.setCursor(0, 0);
    3a7c:	60 e0       	ldi	r22, 0x00	; 0
    3a7e:	80 e0       	ldi	r24, 0x00	; 0
    3a80:	0e 94 27 04 	call	0x84e	; 0x84e <LiquidCrystal::setCursor(unsigned char, unsigned char) [clone .constprop.24]>
/home/oggy/Documents/arduinoprojects/padright_v1.5.1/cashInterrupt.ino:179
        lcd.print("Error!!");
    3a84:	8c ee       	ldi	r24, 0xEC	; 236
    3a86:	95 e0       	ldi	r25, 0x05	; 5
    3a88:	0e 94 be 0a 	call	0x157c	; 0x157c <Print::print(char const*) [clone .constprop.41]>
/home/oggy/Documents/arduinoprojects/padright_v1.5.1/cashInterrupt.ino:180
        warning();
    3a8c:	0e 94 41 09 	call	0x1282	; 0x1282 <warning()>
    3a90:	c3 c0       	rjmp	.+390    	; 0x3c18 <main+0x1824>
loop():
/home/oggy/Documents/arduinoprojects/padright_v1.5.1/padright_v1.5.1.ino:181
    } else {
      disableCashAcceptor();
    3a92:	0e 94 1d 09 	call	0x123a	; 0x123a <disableCashAcceptor()>
    3a96:	02 cf       	rjmp	.-508    	; 0x389c <main+0x14a8>
mangaeCash():
/home/oggy/Documents/arduinoprojects/padright_v1.5.1/cashInterrupt.ino:35
        if (isInterrupt)
          continue;
        currentCash = (int)(cashPulseCounter * cashPulseFactor);
        totalCash += currentCash;
        previous_time2 = millis();
        switch (currentCash) {
    3a98:	0f 30       	cpi	r16, 0x0F	; 15
    3a9a:	11 05       	cpc	r17, r1
    3a9c:	09 f4       	brne	.+2      	; 0x3aa0 <main+0x16ac>
    3a9e:	67 c0       	rjmp	.+206    	; 0x3b6e <main+0x177a>
    3aa0:	04 31       	cpi	r16, 0x14	; 20
    3aa2:	11 05       	cpc	r17, r1
    3aa4:	09 f0       	breq	.+2      	; 0x3aa8 <main+0x16b4>
    3aa6:	99 cf       	rjmp	.-206    	; 0x39da <main+0x15e6>
/home/oggy/Documents/arduinoprojects/padright_v1.5.1/cashInterrupt.ino:64
            lcd.print("Total: ");
            lcd.print(String(totalCash));
            cashPulseCounter = 0;
            break;
          case TWENTY_RUPEES:
            lcd.clear();
    3aa8:	0e 94 7e 03 	call	0x6fc	; 0x6fc <LiquidCrystal::clear() [clone .constprop.47]>
/home/oggy/Documents/arduinoprojects/padright_v1.5.1/cashInterrupt.ino:65
            lcd.setCursor(0, 0);
    3aac:	60 e0       	ldi	r22, 0x00	; 0
    3aae:	80 e0       	ldi	r24, 0x00	; 0
    3ab0:	0e 94 27 04 	call	0x84e	; 0x84e <LiquidCrystal::setCursor(unsigned char, unsigned char) [clone .constprop.24]>
/home/oggy/Documents/arduinoprojects/padright_v1.5.1/cashInterrupt.ino:66
            lcd.print("Received Rs.20");
    3ab4:	8c e6       	ldi	r24, 0x6C	; 108
    3ab6:	95 e0       	ldi	r25, 0x05	; 5
    3ab8:	2f c0       	rjmp	.+94     	; 0x3b18 <main+0x1724>
/home/oggy/Documents/arduinoprojects/padright_v1.5.1/cashInterrupt.ino:35
        if (isInterrupt)
          continue;
        currentCash = (int)(cashPulseCounter * cashPulseFactor);
        totalCash += currentCash;
        previous_time2 = millis();
        switch (currentCash) {
    3aba:	08 32       	cpi	r16, 0x28	; 40
    3abc:	11 05       	cpc	r17, r1
    3abe:	09 f4       	brne	.+2      	; 0x3ac2 <main+0x16ce>
    3ac0:	71 c0       	rjmp	.+226    	; 0x3ba4 <main+0x17b0>
    3ac2:	8c f4       	brge	.+34     	; 0x3ae6 <main+0x16f2>
    3ac4:	0e 31       	cpi	r16, 0x1E	; 30
    3ac6:	11 05       	cpc	r17, r1
    3ac8:	09 f4       	brne	.+2      	; 0x3acc <main+0x16d8>
    3aca:	63 c0       	rjmp	.+198    	; 0x3b92 <main+0x179e>
    3acc:	03 32       	cpi	r16, 0x23	; 35
    3ace:	11 05       	cpc	r17, r1
    3ad0:	09 f0       	breq	.+2      	; 0x3ad4 <main+0x16e0>
    3ad2:	83 cf       	rjmp	.-250    	; 0x39da <main+0x15e6>
/home/oggy/Documents/arduinoprojects/padright_v1.5.1/cashInterrupt.ino:91
            lcd.print("Total: ");
            lcd.print(String(totalCash));
            cashPulseCounter = 0;
            break;
          case THITY_FIVE_RUPEES:
            lcd.clear();
    3ad4:	0e 94 7e 03 	call	0x6fc	; 0x6fc <LiquidCrystal::clear() [clone .constprop.47]>
/home/oggy/Documents/arduinoprojects/padright_v1.5.1/cashInterrupt.ino:92
            lcd.setCursor(0, 0);
    3ad8:	60 e0       	ldi	r22, 0x00	; 0
    3ada:	80 e0       	ldi	r24, 0x00	; 0
    3adc:	0e 94 27 04 	call	0x84e	; 0x84e <LiquidCrystal::setCursor(unsigned char, unsigned char) [clone .constprop.24]>
/home/oggy/Documents/arduinoprojects/padright_v1.5.1/cashInterrupt.ino:93
            lcd.print("Received Rs.35");
    3ae0:	89 e9       	ldi	r24, 0x99	; 153
    3ae2:	95 e0       	ldi	r25, 0x05	; 5
    3ae4:	19 c0       	rjmp	.+50     	; 0x3b18 <main+0x1724>
/home/oggy/Documents/arduinoprojects/padright_v1.5.1/cashInterrupt.ino:35
        if (isInterrupt)
          continue;
        currentCash = (int)(cashPulseCounter * cashPulseFactor);
        totalCash += currentCash;
        previous_time2 = millis();
        switch (currentCash) {
    3ae6:	0d 32       	cpi	r16, 0x2D	; 45
    3ae8:	11 05       	cpc	r17, r1
    3aea:	09 f4       	brne	.+2      	; 0x3aee <main+0x16fa>
    3aec:	64 c0       	rjmp	.+200    	; 0x3bb6 <main+0x17c2>
    3aee:	02 33       	cpi	r16, 0x32	; 50
    3af0:	11 05       	cpc	r17, r1
    3af2:	09 f0       	breq	.+2      	; 0x3af6 <main+0x1702>
    3af4:	72 cf       	rjmp	.-284    	; 0x39da <main+0x15e6>
/home/oggy/Documents/arduinoprojects/padright_v1.5.1/cashInterrupt.ino:118
            lcd.print("Total: ");
            lcd.print(String(totalCash));
            cashPulseCounter = 0;
            break;
          case FIFTY_RUPEES:
            lcd.clear();
    3af6:	0e 94 7e 03 	call	0x6fc	; 0x6fc <LiquidCrystal::clear() [clone .constprop.47]>
/home/oggy/Documents/arduinoprojects/padright_v1.5.1/cashInterrupt.ino:119
            lcd.setCursor(0, 0);
    3afa:	60 e0       	ldi	r22, 0x00	; 0
    3afc:	80 e0       	ldi	r24, 0x00	; 0
    3afe:	0e 94 27 04 	call	0x84e	; 0x84e <LiquidCrystal::setCursor(unsigned char, unsigned char) [clone .constprop.24]>
/home/oggy/Documents/arduinoprojects/padright_v1.5.1/cashInterrupt.ino:120
            lcd.print("Received Rs.50");
    3b02:	86 ec       	ldi	r24, 0xC6	; 198
    3b04:	95 e0       	ldi	r25, 0x05	; 5
    3b06:	08 c0       	rjmp	.+16     	; 0x3b18 <main+0x1724>
/home/oggy/Documents/arduinoprojects/padright_v1.5.1/cashInterrupt.ino:37
        currentCash = (int)(cashPulseCounter * cashPulseFactor);
        totalCash += currentCash;
        previous_time2 = millis();
        switch (currentCash) {
          case FIVE_RUPEES:
            lcd.clear();
    3b08:	0e 94 7e 03 	call	0x6fc	; 0x6fc <LiquidCrystal::clear() [clone .constprop.47]>
/home/oggy/Documents/arduinoprojects/padright_v1.5.1/cashInterrupt.ino:38
            lcd.setCursor(0, 0);
    3b0c:	60 e0       	ldi	r22, 0x00	; 0
    3b0e:	80 e0       	ldi	r24, 0x00	; 0
    3b10:	0e 94 27 04 	call	0x84e	; 0x84e <LiquidCrystal::setCursor(unsigned char, unsigned char) [clone .constprop.24]>
/home/oggy/Documents/arduinoprojects/padright_v1.5.1/cashInterrupt.ino:39
            lcd.print("Received Rs.5");
    3b14:	88 e3       	ldi	r24, 0x38	; 56
    3b16:	95 e0       	ldi	r25, 0x05	; 5
/home/oggy/Documents/arduinoprojects/padright_v1.5.1/cashInterrupt.ino:120
            cashPulseCounter = 0;
            break;
          case FIFTY_RUPEES:
            lcd.clear();
            lcd.setCursor(0, 0);
            lcd.print("Received Rs.50");
    3b18:	0e 94 be 0a 	call	0x157c	; 0x157c <Print::print(char const*) [clone .constprop.41]>
/home/oggy/Documents/arduinoprojects/padright_v1.5.1/cashInterrupt.ino:121
            lcd.setCursor(0, 1);
    3b1c:	61 e0       	ldi	r22, 0x01	; 1
    3b1e:	80 e0       	ldi	r24, 0x00	; 0
    3b20:	0e 94 27 04 	call	0x84e	; 0x84e <LiquidCrystal::setCursor(unsigned char, unsigned char) [clone .constprop.24]>
/home/oggy/Documents/arduinoprojects/padright_v1.5.1/cashInterrupt.ino:122
            lcd.print("Total: ");
    3b24:	86 e4       	ldi	r24, 0x46	; 70
    3b26:	95 e0       	ldi	r25, 0x05	; 5
    3b28:	0e 94 be 0a 	call	0x157c	; 0x157c <Print::print(char const*) [clone .constprop.41]>
/home/oggy/Documents/arduinoprojects/padright_v1.5.1/cashInterrupt.ino:123
            lcd.print(String(totalCash));
    3b2c:	60 91 14 06 	lds	r22, 0x0614	; 0x800614 <totalCash>
    3b30:	70 91 15 06 	lds	r23, 0x0615	; 0x800615 <totalCash+0x1>
    3b34:	ce 01       	movw	r24, r28
    3b36:	01 96       	adiw	r24, 0x01	; 1
    3b38:	0e 94 99 0d 	call	0x1b32	; 0x1b32 <String::String(int, unsigned char) [clone .constprop.19]>
    3b3c:	be 01       	movw	r22, r28
    3b3e:	6f 5f       	subi	r22, 0xFF	; 255
    3b40:	7f 4f       	sbci	r23, 0xFF	; 255
    3b42:	82 ef       	ldi	r24, 0xF2	; 242
    3b44:	96 e0       	ldi	r25, 0x06	; 6
    3b46:	0e 94 c0 01 	call	0x380	; 0x380 <Print::print(String const&)>
    3b4a:	ce 01       	movw	r24, r28
    3b4c:	01 96       	adiw	r24, 0x01	; 1
    3b4e:	0e 94 fc 0d 	call	0x1bf8	; 0x1bf8 <String::~String()>
/home/oggy/Documents/arduinoprojects/padright_v1.5.1/cashInterrupt.ino:124
            cashPulseCounter = 0;
    3b52:	10 92 13 06 	sts	0x0613, r1	; 0x800613 <cashPulseCounter+0x1>
    3b56:	10 92 12 06 	sts	0x0612, r1	; 0x800612 <cashPulseCounter>
    3b5a:	3f cf       	rjmp	.-386    	; 0x39da <main+0x15e6>
/home/oggy/Documents/arduinoprojects/padright_v1.5.1/cashInterrupt.ino:46
            lcd.print("Total: ");
            lcd.print(String(totalCash));
            cashPulseCounter = 0;
            break;
          case TEN_RUPEES:
            lcd.clear();
    3b5c:	0e 94 7e 03 	call	0x6fc	; 0x6fc <LiquidCrystal::clear() [clone .constprop.47]>
/home/oggy/Documents/arduinoprojects/padright_v1.5.1/cashInterrupt.ino:47
            lcd.setCursor(0, 0);
    3b60:	60 e0       	ldi	r22, 0x00	; 0
    3b62:	80 e0       	ldi	r24, 0x00	; 0
    3b64:	0e 94 27 04 	call	0x84e	; 0x84e <LiquidCrystal::setCursor(unsigned char, unsigned char) [clone .constprop.24]>
/home/oggy/Documents/arduinoprojects/padright_v1.5.1/cashInterrupt.ino:48
            lcd.print("Received Rs.10");
    3b68:	8e e4       	ldi	r24, 0x4E	; 78
    3b6a:	95 e0       	ldi	r25, 0x05	; 5
    3b6c:	d5 cf       	rjmp	.-86     	; 0x3b18 <main+0x1724>
/home/oggy/Documents/arduinoprojects/padright_v1.5.1/cashInterrupt.ino:55
            lcd.print("Total: ");
            lcd.print(String(totalCash));
            cashPulseCounter = 0;
            break;
          case FIFTEEN_RUPEES:
            lcd.clear();
    3b6e:	0e 94 7e 03 	call	0x6fc	; 0x6fc <LiquidCrystal::clear() [clone .constprop.47]>
/home/oggy/Documents/arduinoprojects/padright_v1.5.1/cashInterrupt.ino:56
            lcd.setCursor(0, 0);
    3b72:	60 e0       	ldi	r22, 0x00	; 0
    3b74:	80 e0       	ldi	r24, 0x00	; 0
    3b76:	0e 94 27 04 	call	0x84e	; 0x84e <LiquidCrystal::setCursor(unsigned char, unsigned char) [clone .constprop.24]>
/home/oggy/Documents/arduinoprojects/padright_v1.5.1/cashInterrupt.ino:57
            lcd.print("Received Rs.15");
    3b7a:	8d e5       	ldi	r24, 0x5D	; 93
    3b7c:	95 e0       	ldi	r25, 0x05	; 5
    3b7e:	cc cf       	rjmp	.-104    	; 0x3b18 <main+0x1724>
/home/oggy/Documents/arduinoprojects/padright_v1.5.1/cashInterrupt.ino:73
            lcd.print("Total: ");
            lcd.print(String(totalCash));
            cashPulseCounter = 0;
            break;
          case TWENTY_FIVE_RUPEES:
            lcd.clear();
    3b80:	0e 94 7e 03 	call	0x6fc	; 0x6fc <LiquidCrystal::clear() [clone .constprop.47]>
/home/oggy/Documents/arduinoprojects/padright_v1.5.1/cashInterrupt.ino:74
            lcd.setCursor(0, 0);
    3b84:	60 e0       	ldi	r22, 0x00	; 0
    3b86:	80 e0       	ldi	r24, 0x00	; 0
    3b88:	0e 94 27 04 	call	0x84e	; 0x84e <LiquidCrystal::setCursor(unsigned char, unsigned char) [clone .constprop.24]>
/home/oggy/Documents/arduinoprojects/padright_v1.5.1/cashInterrupt.ino:75
            lcd.print("Received Rs.25");
    3b8c:	8b e7       	ldi	r24, 0x7B	; 123
    3b8e:	95 e0       	ldi	r25, 0x05	; 5
    3b90:	c3 cf       	rjmp	.-122    	; 0x3b18 <main+0x1724>
/home/oggy/Documents/arduinoprojects/padright_v1.5.1/cashInterrupt.ino:82
            lcd.print("Total: ");
            lcd.print(String(totalCash));
            cashPulseCounter = 0;
            break;
          case THIRTY_RUPEES:
            lcd.clear();
    3b92:	0e 94 7e 03 	call	0x6fc	; 0x6fc <LiquidCrystal::clear() [clone .constprop.47]>
/home/oggy/Documents/arduinoprojects/padright_v1.5.1/cashInterrupt.ino:83
            lcd.setCursor(0, 0);
    3b96:	60 e0       	ldi	r22, 0x00	; 0
    3b98:	80 e0       	ldi	r24, 0x00	; 0
    3b9a:	0e 94 27 04 	call	0x84e	; 0x84e <LiquidCrystal::setCursor(unsigned char, unsigned char) [clone .constprop.24]>
/home/oggy/Documents/arduinoprojects/padright_v1.5.1/cashInterrupt.ino:84
            lcd.print("Received Rs.30");
    3b9e:	8a e8       	ldi	r24, 0x8A	; 138
    3ba0:	95 e0       	ldi	r25, 0x05	; 5
    3ba2:	ba cf       	rjmp	.-140    	; 0x3b18 <main+0x1724>
/home/oggy/Documents/arduinoprojects/padright_v1.5.1/cashInterrupt.ino:100
            lcd.print("Total: ");
            lcd.print(String(totalCash));
            cashPulseCounter = 0;
            break;
          case FOURTY_RUPEES:
            lcd.clear();
    3ba4:	0e 94 7e 03 	call	0x6fc	; 0x6fc <LiquidCrystal::clear() [clone .constprop.47]>
/home/oggy/Documents/arduinoprojects/padright_v1.5.1/cashInterrupt.ino:101
            lcd.setCursor(0, 0);
    3ba8:	60 e0       	ldi	r22, 0x00	; 0
    3baa:	80 e0       	ldi	r24, 0x00	; 0
    3bac:	0e 94 27 04 	call	0x84e	; 0x84e <LiquidCrystal::setCursor(unsigned char, unsigned char) [clone .constprop.24]>
/home/oggy/Documents/arduinoprojects/padright_v1.5.1/cashInterrupt.ino:102
            lcd.print("Received Rs.40");
    3bb0:	88 ea       	ldi	r24, 0xA8	; 168
    3bb2:	95 e0       	ldi	r25, 0x05	; 5
    3bb4:	b1 cf       	rjmp	.-158    	; 0x3b18 <main+0x1724>
/home/oggy/Documents/arduinoprojects/padright_v1.5.1/cashInterrupt.ino:109
            lcd.print("Total: ");
            lcd.print(String(totalCash));
            cashPulseCounter = 0;
            break;
          case FOURTY_FIVE_RUPEES:
            lcd.clear();
    3bb6:	0e 94 7e 03 	call	0x6fc	; 0x6fc <LiquidCrystal::clear() [clone .constprop.47]>
/home/oggy/Documents/arduinoprojects/padright_v1.5.1/cashInterrupt.ino:110
            lcd.setCursor(0, 0);
    3bba:	60 e0       	ldi	r22, 0x00	; 0
    3bbc:	80 e0       	ldi	r24, 0x00	; 0
    3bbe:	0e 94 27 04 	call	0x84e	; 0x84e <LiquidCrystal::setCursor(unsigned char, unsigned char) [clone .constprop.24]>
/home/oggy/Documents/arduinoprojects/padright_v1.5.1/cashInterrupt.ino:111
            lcd.print("Received Rs.45");
    3bc2:	87 eb       	ldi	r24, 0xB7	; 183
    3bc4:	95 e0       	ldi	r25, 0x05	; 5
    3bc6:	a8 cf       	rjmp	.-176    	; 0x3b18 <main+0x1724>
/home/oggy/Documents/arduinoprojects/padright_v1.5.1/cashInterrupt.ino:138
          lcd.print("Reached");
          delay(1000);
          totalCash = CASH_LIMIT;
          break;
        } else {
          enableCashAcceptor();
    3bc8:	0e 94 19 09 	call	0x1232	; 0x1232 <enableCashAcceptor()>
    3bcc:	7c ce       	rjmp	.-776    	; 0x38c6 <main+0x14d2>
/home/oggy/Documents/arduinoprojects/padright_v1.5.1/cashInterrupt.ino:143
        }
      }
    }
    disableCashAcceptor();
    switch (totalCash) {
    3bce:	8f 30       	cpi	r24, 0x0F	; 15
    3bd0:	91 05       	cpc	r25, r1
    3bd2:	09 f4       	brne	.+2      	; 0x3bd6 <main+0x17e2>
    3bd4:	40 c0       	rjmp	.+128    	; 0x3c56 <main+0x1862>
    3bd6:	44 97       	sbiw	r24, 0x14	; 20
    3bd8:	09 f0       	breq	.+2      	; 0x3bdc <main+0x17e8>
    3bda:	46 cf       	rjmp	.-372    	; 0x3a68 <main+0x1674>
/home/oggy/Documents/arduinoprojects/padright_v1.5.1/cashInterrupt.ino:154
        break;
      case FIFTEEN_RUPEES:
        dispenseProduct(3);
        break;
      case TWENTY_RUPEES:
        dispenseProduct(4);
    3bdc:	84 e0       	ldi	r24, 0x04	; 4
    3bde:	90 e0       	ldi	r25, 0x00	; 0
    3be0:	19 c0       	rjmp	.+50     	; 0x3c14 <main+0x1820>
/home/oggy/Documents/arduinoprojects/padright_v1.5.1/cashInterrupt.ino:143
          enableCashAcceptor();
        }
      }
    }
    disableCashAcceptor();
    switch (totalCash) {
    3be2:	88 32       	cpi	r24, 0x28	; 40
    3be4:	91 05       	cpc	r25, r1
    3be6:	09 f4       	brne	.+2      	; 0x3bea <main+0x17f6>
    3be8:	3f c0       	rjmp	.+126    	; 0x3c68 <main+0x1874>
    3bea:	4c f4       	brge	.+18     	; 0x3bfe <main+0x180a>
    3bec:	8e 31       	cpi	r24, 0x1E	; 30
    3bee:	91 05       	cpc	r25, r1
    3bf0:	c1 f1       	breq	.+112    	; 0x3c62 <main+0x186e>
    3bf2:	83 97       	sbiw	r24, 0x23	; 35
    3bf4:	09 f0       	breq	.+2      	; 0x3bf8 <main+0x1804>
    3bf6:	38 cf       	rjmp	.-400    	; 0x3a68 <main+0x1674>
/home/oggy/Documents/arduinoprojects/padright_v1.5.1/cashInterrupt.ino:163
        break;
      case THIRTY_RUPEES:
        dispenseProduct(6);
        break;
      case THITY_FIVE_RUPEES:
        dispenseProduct(7);
    3bf8:	87 e0       	ldi	r24, 0x07	; 7
    3bfa:	90 e0       	ldi	r25, 0x00	; 0
    3bfc:	0b c0       	rjmp	.+22     	; 0x3c14 <main+0x1820>
/home/oggy/Documents/arduinoprojects/padright_v1.5.1/cashInterrupt.ino:143
          enableCashAcceptor();
        }
      }
    }
    disableCashAcceptor();
    switch (totalCash) {
    3bfe:	8d 32       	cpi	r24, 0x2D	; 45
    3c00:	91 05       	cpc	r25, r1
    3c02:	a9 f1       	breq	.+106    	; 0x3c6e <main+0x187a>
    3c04:	c2 97       	sbiw	r24, 0x32	; 50
    3c06:	09 f0       	breq	.+2      	; 0x3c0a <main+0x1816>
    3c08:	2f cf       	rjmp	.-418    	; 0x3a68 <main+0x1674>
/home/oggy/Documents/arduinoprojects/padright_v1.5.1/cashInterrupt.ino:172
        break;
      case FOURTY_FIVE_RUPEES:
        dispenseProduct(9);
        break;
      case FIFTY_RUPEES:
        dispenseProduct(10);
    3c0a:	8a e0       	ldi	r24, 0x0A	; 10
    3c0c:	90 e0       	ldi	r25, 0x00	; 0
    3c0e:	02 c0       	rjmp	.+4      	; 0x3c14 <main+0x1820>
/home/oggy/Documents/arduinoprojects/padright_v1.5.1/cashInterrupt.ino:145
      }
    }
    disableCashAcceptor();
    switch (totalCash) {
      case FIVE_RUPEES:
        dispenseProduct(1);
    3c10:	81 e0       	ldi	r24, 0x01	; 1
    3c12:	90 e0       	ldi	r25, 0x00	; 0
/home/oggy/Documents/arduinoprojects/padright_v1.5.1/cashInterrupt.ino:148
        break;
      case TEN_RUPEES:
        dispenseProduct(2);
    3c14:	0e 94 8b 0f 	call	0x1f16	; 0x1f16 <dispenseProduct(int)>
/home/oggy/Documents/arduinoprojects/padright_v1.5.1/cashInterrupt.ino:183
        lcd.setCursor(0, 0);
        lcd.print("Error!!");
        warning();
        break;
    }
    currentCash = 0;
    3c18:	10 92 11 06 	sts	0x0611, r1	; 0x800611 <currentCash+0x1>
    3c1c:	10 92 10 06 	sts	0x0610, r1	; 0x800610 <currentCash>
/home/oggy/Documents/arduinoprojects/padright_v1.5.1/cashInterrupt.ino:184
    totalCash = 0;
    3c20:	10 92 15 06 	sts	0x0615, r1	; 0x800615 <totalCash+0x1>
    3c24:	10 92 14 06 	sts	0x0614, r1	; 0x800614 <totalCash>
/home/oggy/Documents/arduinoprojects/padright_v1.5.1/cashInterrupt.ino:185
    cashPulseCounter = 0;
    3c28:	10 92 13 06 	sts	0x0613, r1	; 0x800613 <cashPulseCounter+0x1>
    3c2c:	10 92 12 06 	sts	0x0612, r1	; 0x800612 <cashPulseCounter>
/home/oggy/Documents/arduinoprojects/padright_v1.5.1/cashInterrupt.ino:186
    enableCashAcceptor();
    3c30:	0e 94 19 09 	call	0x1232	; 0x1232 <enableCashAcceptor()>
/home/oggy/Documents/arduinoprojects/padright_v1.5.1/cashInterrupt.ino:187
    isInterrupt = false;
    3c34:	10 92 1a 06 	sts	0x061A, r1	; 0x80061a <isInterrupt>
/home/oggy/Documents/arduinoprojects/padright_v1.5.1/cashInterrupt.ino:188
    state = 0;
    3c38:	10 92 1c 06 	sts	0x061C, r1	; 0x80061c <state+0x1>
    3c3c:	10 92 1b 06 	sts	0x061B, r1	; 0x80061b <state>
/home/oggy/Documents/arduinoprojects/padright_v1.5.1/cashInterrupt.ino:189
    status = 'n';
    3c40:	d0 92 15 01 	sts	0x0115, r13	; 0x800115 <status>
/home/oggy/Documents/arduinoprojects/padright_v1.5.1/cashInterrupt.ino:190
    changeDone = true;
    3c44:	81 e0       	ldi	r24, 0x01	; 1
    3c46:	80 93 14 01 	sts	0x0114, r24	; 0x800114 <changeDone>
/home/oggy/Documents/arduinoprojects/padright_v1.5.1/cashInterrupt.ino:191
    menu();
    3c4a:	0e 94 6a 0b 	call	0x16d4	; 0x16d4 <menu()>
    3c4e:	d7 c9       	rjmp	.-3154   	; 0x2ffe <main+0xc0a>
/home/oggy/Documents/arduinoprojects/padright_v1.5.1/cashInterrupt.ino:148
    switch (totalCash) {
      case FIVE_RUPEES:
        dispenseProduct(1);
        break;
      case TEN_RUPEES:
        dispenseProduct(2);
    3c50:	82 e0       	ldi	r24, 0x02	; 2
    3c52:	90 e0       	ldi	r25, 0x00	; 0
    3c54:	df cf       	rjmp	.-66     	; 0x3c14 <main+0x1820>
/home/oggy/Documents/arduinoprojects/padright_v1.5.1/cashInterrupt.ino:151
        break;
      case FIFTEEN_RUPEES:
        dispenseProduct(3);
    3c56:	83 e0       	ldi	r24, 0x03	; 3
    3c58:	90 e0       	ldi	r25, 0x00	; 0
    3c5a:	dc cf       	rjmp	.-72     	; 0x3c14 <main+0x1820>
/home/oggy/Documents/arduinoprojects/padright_v1.5.1/cashInterrupt.ino:157
        break;
      case TWENTY_RUPEES:
        dispenseProduct(4);
        break;
      case TWENTY_FIVE_RUPEES:
        dispenseProduct(5);
    3c5c:	85 e0       	ldi	r24, 0x05	; 5
    3c5e:	90 e0       	ldi	r25, 0x00	; 0
    3c60:	d9 cf       	rjmp	.-78     	; 0x3c14 <main+0x1820>
/home/oggy/Documents/arduinoprojects/padright_v1.5.1/cashInterrupt.ino:160
        break;
      case THIRTY_RUPEES:
        dispenseProduct(6);
    3c62:	86 e0       	ldi	r24, 0x06	; 6
    3c64:	90 e0       	ldi	r25, 0x00	; 0
    3c66:	d6 cf       	rjmp	.-84     	; 0x3c14 <main+0x1820>
/home/oggy/Documents/arduinoprojects/padright_v1.5.1/cashInterrupt.ino:166
        break;
      case THITY_FIVE_RUPEES:
        dispenseProduct(7);
        break;
      case FOURTY_RUPEES:
        dispenseProduct(8);
    3c68:	88 e0       	ldi	r24, 0x08	; 8
    3c6a:	90 e0       	ldi	r25, 0x00	; 0
    3c6c:	d3 cf       	rjmp	.-90     	; 0x3c14 <main+0x1820>
/home/oggy/Documents/arduinoprojects/padright_v1.5.1/cashInterrupt.ino:169
        break;
      case FOURTY_FIVE_RUPEES:
        dispenseProduct(9);
    3c6e:	89 e0       	ldi	r24, 0x09	; 9
    3c70:	90 e0       	ldi	r25, 0x00	; 0
    3c72:	d0 cf       	rjmp	.-96     	; 0x3c14 <main+0x1820>

00003c74 <__itoa_ncheck>:
__itoa_ncheck():
    3c74:	bb 27       	eor	r27, r27
    3c76:	4a 30       	cpi	r20, 0x0A	; 10
    3c78:	31 f4       	brne	.+12     	; 0x3c86 <__itoa_ncheck+0x12>
    3c7a:	99 23       	and	r25, r25
    3c7c:	22 f4       	brpl	.+8      	; 0x3c86 <__itoa_ncheck+0x12>
    3c7e:	bd e2       	ldi	r27, 0x2D	; 45
    3c80:	90 95       	com	r25
    3c82:	81 95       	neg	r24
    3c84:	9f 4f       	sbci	r25, 0xFF	; 255
    3c86:	0c 94 46 1e 	jmp	0x3c8c	; 0x3c8c <__utoa_common>

00003c8a <__utoa_ncheck>:
__utoa_ncheck():
    3c8a:	bb 27       	eor	r27, r27

00003c8c <__utoa_common>:
    3c8c:	fb 01       	movw	r30, r22
    3c8e:	55 27       	eor	r21, r21
    3c90:	aa 27       	eor	r26, r26
    3c92:	88 0f       	add	r24, r24
    3c94:	99 1f       	adc	r25, r25
    3c96:	aa 1f       	adc	r26, r26
    3c98:	a4 17       	cp	r26, r20
    3c9a:	10 f0       	brcs	.+4      	; 0x3ca0 <__utoa_common+0x14>
    3c9c:	a4 1b       	sub	r26, r20
    3c9e:	83 95       	inc	r24
    3ca0:	50 51       	subi	r21, 0x10	; 16
    3ca2:	b9 f7       	brne	.-18     	; 0x3c92 <__utoa_common+0x6>
    3ca4:	a0 5d       	subi	r26, 0xD0	; 208
    3ca6:	aa 33       	cpi	r26, 0x3A	; 58
    3ca8:	08 f0       	brcs	.+2      	; 0x3cac <__utoa_common+0x20>
    3caa:	a9 5d       	subi	r26, 0xD9	; 217
    3cac:	a1 93       	st	Z+, r26
    3cae:	00 97       	sbiw	r24, 0x00	; 0
    3cb0:	79 f7       	brne	.-34     	; 0x3c90 <__utoa_common+0x4>
    3cb2:	b1 11       	cpse	r27, r1
    3cb4:	b1 93       	st	Z+, r27
    3cb6:	11 92       	st	Z+, r1
    3cb8:	cb 01       	movw	r24, r22
    3cba:	0c 94 5f 1e 	jmp	0x3cbe	; 0x3cbe <strrev>

00003cbe <strrev>:
strrev():
    3cbe:	dc 01       	movw	r26, r24
    3cc0:	fc 01       	movw	r30, r24
    3cc2:	67 2f       	mov	r22, r23
    3cc4:	71 91       	ld	r23, Z+
    3cc6:	77 23       	and	r23, r23
    3cc8:	e1 f7       	brne	.-8      	; 0x3cc2 <strrev+0x4>
    3cca:	32 97       	sbiw	r30, 0x02	; 2
    3ccc:	04 c0       	rjmp	.+8      	; 0x3cd6 <strrev+0x18>
    3cce:	7c 91       	ld	r23, X
    3cd0:	6d 93       	st	X+, r22
    3cd2:	70 83       	st	Z, r23
    3cd4:	62 91       	ld	r22, -Z
    3cd6:	ae 17       	cp	r26, r30
    3cd8:	bf 07       	cpc	r27, r31
    3cda:	c8 f3       	brcs	.-14     	; 0x3cce <strrev+0x10>
    3cdc:	08 95       	ret

00003cde <__floatunsisf>:
__floatunsisf():
    3cde:	e8 94       	clt
    3ce0:	09 c0       	rjmp	.+18     	; 0x3cf4 <__floatsisf+0x12>

00003ce2 <__floatsisf>:
    3ce2:	97 fb       	bst	r25, 7
    3ce4:	3e f4       	brtc	.+14     	; 0x3cf4 <__floatsisf+0x12>
    3ce6:	90 95       	com	r25
    3ce8:	80 95       	com	r24
    3cea:	70 95       	com	r23
    3cec:	61 95       	neg	r22
    3cee:	7f 4f       	sbci	r23, 0xFF	; 255
    3cf0:	8f 4f       	sbci	r24, 0xFF	; 255
    3cf2:	9f 4f       	sbci	r25, 0xFF	; 255
    3cf4:	99 23       	and	r25, r25
    3cf6:	a9 f0       	breq	.+42     	; 0x3d22 <__floatsisf+0x40>
    3cf8:	f9 2f       	mov	r31, r25
    3cfa:	96 e9       	ldi	r25, 0x96	; 150
    3cfc:	bb 27       	eor	r27, r27
    3cfe:	93 95       	inc	r25
    3d00:	f6 95       	lsr	r31
    3d02:	87 95       	ror	r24
    3d04:	77 95       	ror	r23
    3d06:	67 95       	ror	r22
    3d08:	b7 95       	ror	r27
    3d0a:	f1 11       	cpse	r31, r1
    3d0c:	f8 cf       	rjmp	.-16     	; 0x3cfe <__floatsisf+0x1c>
    3d0e:	fa f4       	brpl	.+62     	; 0x3d4e <__floatsisf+0x6c>
    3d10:	bb 0f       	add	r27, r27
    3d12:	11 f4       	brne	.+4      	; 0x3d18 <__floatsisf+0x36>
    3d14:	60 ff       	sbrs	r22, 0
    3d16:	1b c0       	rjmp	.+54     	; 0x3d4e <__floatsisf+0x6c>
    3d18:	6f 5f       	subi	r22, 0xFF	; 255
    3d1a:	7f 4f       	sbci	r23, 0xFF	; 255
    3d1c:	8f 4f       	sbci	r24, 0xFF	; 255
    3d1e:	9f 4f       	sbci	r25, 0xFF	; 255
    3d20:	16 c0       	rjmp	.+44     	; 0x3d4e <__floatsisf+0x6c>
    3d22:	88 23       	and	r24, r24
    3d24:	11 f0       	breq	.+4      	; 0x3d2a <__floatsisf+0x48>
    3d26:	96 e9       	ldi	r25, 0x96	; 150
    3d28:	11 c0       	rjmp	.+34     	; 0x3d4c <__floatsisf+0x6a>
    3d2a:	77 23       	and	r23, r23
    3d2c:	21 f0       	breq	.+8      	; 0x3d36 <__floatsisf+0x54>
    3d2e:	9e e8       	ldi	r25, 0x8E	; 142
    3d30:	87 2f       	mov	r24, r23
    3d32:	76 2f       	mov	r23, r22
    3d34:	05 c0       	rjmp	.+10     	; 0x3d40 <__floatsisf+0x5e>
    3d36:	66 23       	and	r22, r22
    3d38:	71 f0       	breq	.+28     	; 0x3d56 <__floatsisf+0x74>
    3d3a:	96 e8       	ldi	r25, 0x86	; 134
    3d3c:	86 2f       	mov	r24, r22
    3d3e:	70 e0       	ldi	r23, 0x00	; 0
    3d40:	60 e0       	ldi	r22, 0x00	; 0
    3d42:	2a f0       	brmi	.+10     	; 0x3d4e <__floatsisf+0x6c>
    3d44:	9a 95       	dec	r25
    3d46:	66 0f       	add	r22, r22
    3d48:	77 1f       	adc	r23, r23
    3d4a:	88 1f       	adc	r24, r24
    3d4c:	da f7       	brpl	.-10     	; 0x3d44 <__floatsisf+0x62>
    3d4e:	88 0f       	add	r24, r24
    3d50:	96 95       	lsr	r25
    3d52:	87 95       	ror	r24
    3d54:	97 f9       	bld	r25, 7
    3d56:	08 95       	ret

00003d58 <__mulsf3>:
__mulsf3():
    3d58:	0e 94 bf 1e 	call	0x3d7e	; 0x3d7e <__mulsf3x>
    3d5c:	0c 94 30 1f 	jmp	0x3e60	; 0x3e60 <__fp_round>
    3d60:	0e 94 22 1f 	call	0x3e44	; 0x3e44 <__fp_pscA>
    3d64:	38 f0       	brcs	.+14     	; 0x3d74 <__mulsf3+0x1c>
    3d66:	0e 94 29 1f 	call	0x3e52	; 0x3e52 <__fp_pscB>
    3d6a:	20 f0       	brcs	.+8      	; 0x3d74 <__mulsf3+0x1c>
    3d6c:	95 23       	and	r25, r21
    3d6e:	11 f0       	breq	.+4      	; 0x3d74 <__mulsf3+0x1c>
    3d70:	0c 94 19 1f 	jmp	0x3e32	; 0x3e32 <__fp_inf>
    3d74:	0c 94 1f 1f 	jmp	0x3e3e	; 0x3e3e <__fp_nan>
    3d78:	11 24       	eor	r1, r1
    3d7a:	0c 94 64 1f 	jmp	0x3ec8	; 0x3ec8 <__fp_szero>

00003d7e <__mulsf3x>:
__mulsf3x():
    3d7e:	0e 94 41 1f 	call	0x3e82	; 0x3e82 <__fp_split3>
    3d82:	70 f3       	brcs	.-36     	; 0x3d60 <__mulsf3+0x8>

00003d84 <__mulsf3_pse>:
    3d84:	95 9f       	mul	r25, r21
    3d86:	c1 f3       	breq	.-16     	; 0x3d78 <__mulsf3+0x20>
    3d88:	95 0f       	add	r25, r21
    3d8a:	50 e0       	ldi	r21, 0x00	; 0
    3d8c:	55 1f       	adc	r21, r21
    3d8e:	62 9f       	mul	r22, r18
    3d90:	f0 01       	movw	r30, r0
    3d92:	72 9f       	mul	r23, r18
    3d94:	bb 27       	eor	r27, r27
    3d96:	f0 0d       	add	r31, r0
    3d98:	b1 1d       	adc	r27, r1
    3d9a:	63 9f       	mul	r22, r19
    3d9c:	aa 27       	eor	r26, r26
    3d9e:	f0 0d       	add	r31, r0
    3da0:	b1 1d       	adc	r27, r1
    3da2:	aa 1f       	adc	r26, r26
    3da4:	64 9f       	mul	r22, r20
    3da6:	66 27       	eor	r22, r22
    3da8:	b0 0d       	add	r27, r0
    3daa:	a1 1d       	adc	r26, r1
    3dac:	66 1f       	adc	r22, r22
    3dae:	82 9f       	mul	r24, r18
    3db0:	22 27       	eor	r18, r18
    3db2:	b0 0d       	add	r27, r0
    3db4:	a1 1d       	adc	r26, r1
    3db6:	62 1f       	adc	r22, r18
    3db8:	73 9f       	mul	r23, r19
    3dba:	b0 0d       	add	r27, r0
    3dbc:	a1 1d       	adc	r26, r1
    3dbe:	62 1f       	adc	r22, r18
    3dc0:	83 9f       	mul	r24, r19
    3dc2:	a0 0d       	add	r26, r0
    3dc4:	61 1d       	adc	r22, r1
    3dc6:	22 1f       	adc	r18, r18
    3dc8:	74 9f       	mul	r23, r20
    3dca:	33 27       	eor	r19, r19
    3dcc:	a0 0d       	add	r26, r0
    3dce:	61 1d       	adc	r22, r1
    3dd0:	23 1f       	adc	r18, r19
    3dd2:	84 9f       	mul	r24, r20
    3dd4:	60 0d       	add	r22, r0
    3dd6:	21 1d       	adc	r18, r1
    3dd8:	82 2f       	mov	r24, r18
    3dda:	76 2f       	mov	r23, r22
    3ddc:	6a 2f       	mov	r22, r26
    3dde:	11 24       	eor	r1, r1
    3de0:	9f 57       	subi	r25, 0x7F	; 127
    3de2:	50 40       	sbci	r21, 0x00	; 0
    3de4:	9a f0       	brmi	.+38     	; 0x3e0c <__mulsf3_pse+0x88>
    3de6:	f1 f0       	breq	.+60     	; 0x3e24 <__mulsf3_pse+0xa0>
    3de8:	88 23       	and	r24, r24
    3dea:	4a f0       	brmi	.+18     	; 0x3dfe <__mulsf3_pse+0x7a>
    3dec:	ee 0f       	add	r30, r30
    3dee:	ff 1f       	adc	r31, r31
    3df0:	bb 1f       	adc	r27, r27
    3df2:	66 1f       	adc	r22, r22
    3df4:	77 1f       	adc	r23, r23
    3df6:	88 1f       	adc	r24, r24
    3df8:	91 50       	subi	r25, 0x01	; 1
    3dfa:	50 40       	sbci	r21, 0x00	; 0
    3dfc:	a9 f7       	brne	.-22     	; 0x3de8 <__mulsf3_pse+0x64>
    3dfe:	9e 3f       	cpi	r25, 0xFE	; 254
    3e00:	51 05       	cpc	r21, r1
    3e02:	80 f0       	brcs	.+32     	; 0x3e24 <__mulsf3_pse+0xa0>
    3e04:	0c 94 19 1f 	jmp	0x3e32	; 0x3e32 <__fp_inf>
    3e08:	0c 94 64 1f 	jmp	0x3ec8	; 0x3ec8 <__fp_szero>
    3e0c:	5f 3f       	cpi	r21, 0xFF	; 255
    3e0e:	e4 f3       	brlt	.-8      	; 0x3e08 <__mulsf3_pse+0x84>
    3e10:	98 3e       	cpi	r25, 0xE8	; 232
    3e12:	d4 f3       	brlt	.-12     	; 0x3e08 <__mulsf3_pse+0x84>
    3e14:	86 95       	lsr	r24
    3e16:	77 95       	ror	r23
    3e18:	67 95       	ror	r22
    3e1a:	b7 95       	ror	r27
    3e1c:	f7 95       	ror	r31
    3e1e:	e7 95       	ror	r30
    3e20:	9f 5f       	subi	r25, 0xFF	; 255
    3e22:	c1 f7       	brne	.-16     	; 0x3e14 <__mulsf3_pse+0x90>
    3e24:	fe 2b       	or	r31, r30
    3e26:	88 0f       	add	r24, r24
    3e28:	91 1d       	adc	r25, r1
    3e2a:	96 95       	lsr	r25
    3e2c:	87 95       	ror	r24
    3e2e:	97 f9       	bld	r25, 7
    3e30:	08 95       	ret

00003e32 <__fp_inf>:
    3e32:	97 f9       	bld	r25, 7
    3e34:	9f 67       	ori	r25, 0x7F	; 127
    3e36:	80 e8       	ldi	r24, 0x80	; 128
    3e38:	70 e0       	ldi	r23, 0x00	; 0
    3e3a:	60 e0       	ldi	r22, 0x00	; 0
    3e3c:	08 95       	ret

00003e3e <__fp_nan>:
    3e3e:	9f ef       	ldi	r25, 0xFF	; 255
    3e40:	80 ec       	ldi	r24, 0xC0	; 192
    3e42:	08 95       	ret

00003e44 <__fp_pscA>:
    3e44:	00 24       	eor	r0, r0
    3e46:	0a 94       	dec	r0
    3e48:	16 16       	cp	r1, r22
    3e4a:	17 06       	cpc	r1, r23
    3e4c:	18 06       	cpc	r1, r24
    3e4e:	09 06       	cpc	r0, r25
__fp_pscA():
    3e50:	08 95       	ret

00003e52 <__fp_pscB>:
__fp_pscB():
    3e52:	00 24       	eor	r0, r0
    3e54:	0a 94       	dec	r0
    3e56:	12 16       	cp	r1, r18
    3e58:	13 06       	cpc	r1, r19
    3e5a:	14 06       	cpc	r1, r20
    3e5c:	05 06       	cpc	r0, r21
    3e5e:	08 95       	ret

00003e60 <__fp_round>:
__fp_round():
    3e60:	09 2e       	mov	r0, r25
    3e62:	03 94       	inc	r0
    3e64:	00 0c       	add	r0, r0
    3e66:	11 f4       	brne	.+4      	; 0x3e6c <__fp_round+0xc>
    3e68:	88 23       	and	r24, r24
    3e6a:	52 f0       	brmi	.+20     	; 0x3e80 <__fp_round+0x20>
    3e6c:	bb 0f       	add	r27, r27
    3e6e:	40 f4       	brcc	.+16     	; 0x3e80 <__fp_round+0x20>
    3e70:	bf 2b       	or	r27, r31
    3e72:	11 f4       	brne	.+4      	; 0x3e78 <__fp_round+0x18>
    3e74:	60 ff       	sbrs	r22, 0
    3e76:	04 c0       	rjmp	.+8      	; 0x3e80 <__fp_round+0x20>
    3e78:	6f 5f       	subi	r22, 0xFF	; 255
    3e7a:	7f 4f       	sbci	r23, 0xFF	; 255
    3e7c:	8f 4f       	sbci	r24, 0xFF	; 255
    3e7e:	9f 4f       	sbci	r25, 0xFF	; 255
    3e80:	08 95       	ret

00003e82 <__fp_split3>:
__fp_split3():
    3e82:	57 fd       	sbrc	r21, 7
    3e84:	90 58       	subi	r25, 0x80	; 128
    3e86:	44 0f       	add	r20, r20
    3e88:	55 1f       	adc	r21, r21
    3e8a:	59 f0       	breq	.+22     	; 0x3ea2 <__fp_splitA+0x10>
    3e8c:	5f 3f       	cpi	r21, 0xFF	; 255
    3e8e:	71 f0       	breq	.+28     	; 0x3eac <__fp_splitA+0x1a>
    3e90:	47 95       	ror	r20

00003e92 <__fp_splitA>:
    3e92:	88 0f       	add	r24, r24
    3e94:	97 fb       	bst	r25, 7
    3e96:	99 1f       	adc	r25, r25
    3e98:	61 f0       	breq	.+24     	; 0x3eb2 <__fp_splitA+0x20>
    3e9a:	9f 3f       	cpi	r25, 0xFF	; 255
    3e9c:	79 f0       	breq	.+30     	; 0x3ebc <__fp_splitA+0x2a>
    3e9e:	87 95       	ror	r24
    3ea0:	08 95       	ret
    3ea2:	12 16       	cp	r1, r18
    3ea4:	13 06       	cpc	r1, r19
    3ea6:	14 06       	cpc	r1, r20
    3ea8:	55 1f       	adc	r21, r21
    3eaa:	f2 cf       	rjmp	.-28     	; 0x3e90 <__fp_split3+0xe>
    3eac:	46 95       	lsr	r20
    3eae:	f1 df       	rcall	.-30     	; 0x3e92 <__fp_splitA>
    3eb0:	08 c0       	rjmp	.+16     	; 0x3ec2 <__fp_splitA+0x30>
    3eb2:	16 16       	cp	r1, r22
    3eb4:	17 06       	cpc	r1, r23
    3eb6:	18 06       	cpc	r1, r24
    3eb8:	99 1f       	adc	r25, r25
    3eba:	f1 cf       	rjmp	.-30     	; 0x3e9e <__fp_splitA+0xc>
    3ebc:	86 95       	lsr	r24
    3ebe:	71 05       	cpc	r23, r1
    3ec0:	61 05       	cpc	r22, r1
    3ec2:	08 94       	sec
    3ec4:	08 95       	ret

00003ec6 <__fp_zero>:
__fp_zero():
    3ec6:	e8 94       	clt

00003ec8 <__fp_szero>:
    3ec8:	bb 27       	eor	r27, r27
    3eca:	66 27       	eor	r22, r22
    3ecc:	77 27       	eor	r23, r23
    3ece:	cb 01       	movw	r24, r22
    3ed0:	97 f9       	bld	r25, 7
    3ed2:	08 95       	ret

00003ed4 <eeprom_read_byte>:
eeprom_read_byte():
    3ed4:	f9 99       	sbic	0x1f, 1	; 31
    3ed6:	fe cf       	rjmp	.-4      	; 0x3ed4 <eeprom_read_byte>
    3ed8:	92 bd       	out	0x22, r25	; 34
    3eda:	81 bd       	out	0x21, r24	; 33
    3edc:	f8 9a       	sbi	0x1f, 0	; 31
    3ede:	99 27       	eor	r25, r25
    3ee0:	80 b5       	in	r24, 0x20	; 32
    3ee2:	08 95       	ret

00003ee4 <eeprom_write_byte>:
eeprom_write_byte():
    3ee4:	26 2f       	mov	r18, r22

00003ee6 <eeprom_write_r18>:
    3ee6:	f9 99       	sbic	0x1f, 1	; 31
    3ee8:	fe cf       	rjmp	.-4      	; 0x3ee6 <eeprom_write_r18>
    3eea:	1f ba       	out	0x1f, r1	; 31
    3eec:	92 bd       	out	0x22, r25	; 34
    3eee:	81 bd       	out	0x21, r24	; 33
    3ef0:	20 bd       	out	0x20, r18	; 32
    3ef2:	0f b6       	in	r0, 0x3f	; 63
    3ef4:	f8 94       	cli
    3ef6:	fa 9a       	sbi	0x1f, 2	; 31
    3ef8:	f9 9a       	sbi	0x1f, 1	; 31
    3efa:	0f be       	out	0x3f, r0	; 63
    3efc:	01 96       	adiw	r24, 0x01	; 1
    3efe:	08 95       	ret

00003f00 <__prologue_saves__>:
__prologue_saves__():
/home/jenkins/workspace/avr-gcc-staging/label/debian7-x86_64/gcc-build/avr/avr5/libgcc/../../../../gcc/libgcc/config/avr/lib1funcs.S:2169
    3f00:	2f 92       	push	r2
/home/jenkins/workspace/avr-gcc-staging/label/debian7-x86_64/gcc-build/avr/avr5/libgcc/../../../../gcc/libgcc/config/avr/lib1funcs.S:2170
    3f02:	3f 92       	push	r3
/home/jenkins/workspace/avr-gcc-staging/label/debian7-x86_64/gcc-build/avr/avr5/libgcc/../../../../gcc/libgcc/config/avr/lib1funcs.S:2171
    3f04:	4f 92       	push	r4
/home/jenkins/workspace/avr-gcc-staging/label/debian7-x86_64/gcc-build/avr/avr5/libgcc/../../../../gcc/libgcc/config/avr/lib1funcs.S:2172
    3f06:	5f 92       	push	r5
/home/jenkins/workspace/avr-gcc-staging/label/debian7-x86_64/gcc-build/avr/avr5/libgcc/../../../../gcc/libgcc/config/avr/lib1funcs.S:2173
    3f08:	6f 92       	push	r6
/home/jenkins/workspace/avr-gcc-staging/label/debian7-x86_64/gcc-build/avr/avr5/libgcc/../../../../gcc/libgcc/config/avr/lib1funcs.S:2174
    3f0a:	7f 92       	push	r7
/home/jenkins/workspace/avr-gcc-staging/label/debian7-x86_64/gcc-build/avr/avr5/libgcc/../../../../gcc/libgcc/config/avr/lib1funcs.S:2175
    3f0c:	8f 92       	push	r8
/home/jenkins/workspace/avr-gcc-staging/label/debian7-x86_64/gcc-build/avr/avr5/libgcc/../../../../gcc/libgcc/config/avr/lib1funcs.S:2176
    3f0e:	9f 92       	push	r9
/home/jenkins/workspace/avr-gcc-staging/label/debian7-x86_64/gcc-build/avr/avr5/libgcc/../../../../gcc/libgcc/config/avr/lib1funcs.S:2177
    3f10:	af 92       	push	r10
/home/jenkins/workspace/avr-gcc-staging/label/debian7-x86_64/gcc-build/avr/avr5/libgcc/../../../../gcc/libgcc/config/avr/lib1funcs.S:2178
    3f12:	bf 92       	push	r11
/home/jenkins/workspace/avr-gcc-staging/label/debian7-x86_64/gcc-build/avr/avr5/libgcc/../../../../gcc/libgcc/config/avr/lib1funcs.S:2179
    3f14:	cf 92       	push	r12
/home/jenkins/workspace/avr-gcc-staging/label/debian7-x86_64/gcc-build/avr/avr5/libgcc/../../../../gcc/libgcc/config/avr/lib1funcs.S:2180
    3f16:	df 92       	push	r13
/home/jenkins/workspace/avr-gcc-staging/label/debian7-x86_64/gcc-build/avr/avr5/libgcc/../../../../gcc/libgcc/config/avr/lib1funcs.S:2181
    3f18:	ef 92       	push	r14
/home/jenkins/workspace/avr-gcc-staging/label/debian7-x86_64/gcc-build/avr/avr5/libgcc/../../../../gcc/libgcc/config/avr/lib1funcs.S:2182
    3f1a:	ff 92       	push	r15
/home/jenkins/workspace/avr-gcc-staging/label/debian7-x86_64/gcc-build/avr/avr5/libgcc/../../../../gcc/libgcc/config/avr/lib1funcs.S:2183
    3f1c:	0f 93       	push	r16
/home/jenkins/workspace/avr-gcc-staging/label/debian7-x86_64/gcc-build/avr/avr5/libgcc/../../../../gcc/libgcc/config/avr/lib1funcs.S:2184
    3f1e:	1f 93       	push	r17
/home/jenkins/workspace/avr-gcc-staging/label/debian7-x86_64/gcc-build/avr/avr5/libgcc/../../../../gcc/libgcc/config/avr/lib1funcs.S:2185
    3f20:	cf 93       	push	r28
/home/jenkins/workspace/avr-gcc-staging/label/debian7-x86_64/gcc-build/avr/avr5/libgcc/../../../../gcc/libgcc/config/avr/lib1funcs.S:2186
    3f22:	df 93       	push	r29
/home/jenkins/workspace/avr-gcc-staging/label/debian7-x86_64/gcc-build/avr/avr5/libgcc/../../../../gcc/libgcc/config/avr/lib1funcs.S:2200
    3f24:	cd b7       	in	r28, 0x3d	; 61
/home/jenkins/workspace/avr-gcc-staging/label/debian7-x86_64/gcc-build/avr/avr5/libgcc/../../../../gcc/libgcc/config/avr/lib1funcs.S:2201
    3f26:	de b7       	in	r29, 0x3e	; 62
/home/jenkins/workspace/avr-gcc-staging/label/debian7-x86_64/gcc-build/avr/avr5/libgcc/../../../../gcc/libgcc/config/avr/lib1funcs.S:2202
    3f28:	ca 1b       	sub	r28, r26
/home/jenkins/workspace/avr-gcc-staging/label/debian7-x86_64/gcc-build/avr/avr5/libgcc/../../../../gcc/libgcc/config/avr/lib1funcs.S:2203
    3f2a:	db 0b       	sbc	r29, r27
/home/jenkins/workspace/avr-gcc-staging/label/debian7-x86_64/gcc-build/avr/avr5/libgcc/../../../../gcc/libgcc/config/avr/lib1funcs.S:2204
    3f2c:	0f b6       	in	r0, 0x3f	; 63
/home/jenkins/workspace/avr-gcc-staging/label/debian7-x86_64/gcc-build/avr/avr5/libgcc/../../../../gcc/libgcc/config/avr/lib1funcs.S:2205
    3f2e:	f8 94       	cli
/home/jenkins/workspace/avr-gcc-staging/label/debian7-x86_64/gcc-build/avr/avr5/libgcc/../../../../gcc/libgcc/config/avr/lib1funcs.S:2206
    3f30:	de bf       	out	0x3e, r29	; 62
/home/jenkins/workspace/avr-gcc-staging/label/debian7-x86_64/gcc-build/avr/avr5/libgcc/../../../../gcc/libgcc/config/avr/lib1funcs.S:2207
    3f32:	0f be       	out	0x3f, r0	; 63
/home/jenkins/workspace/avr-gcc-staging/label/debian7-x86_64/gcc-build/avr/avr5/libgcc/../../../../gcc/libgcc/config/avr/lib1funcs.S:2208
    3f34:	cd bf       	out	0x3d, r28	; 61
/home/jenkins/workspace/avr-gcc-staging/label/debian7-x86_64/gcc-build/avr/avr5/libgcc/../../../../gcc/libgcc/config/avr/lib1funcs.S:2211
    3f36:	09 94       	ijmp

00003f38 <__epilogue_restores__>:
__epilogue_restores__():
/home/jenkins/workspace/avr-gcc-staging/label/debian7-x86_64/gcc-build/avr/avr5/libgcc/../../../../gcc/libgcc/config/avr/lib1funcs.S:2222
    3f38:	2a 88       	ldd	r2, Y+18	; 0x12
/home/jenkins/workspace/avr-gcc-staging/label/debian7-x86_64/gcc-build/avr/avr5/libgcc/../../../../gcc/libgcc/config/avr/lib1funcs.S:2223
    3f3a:	39 88       	ldd	r3, Y+17	; 0x11
/home/jenkins/workspace/avr-gcc-staging/label/debian7-x86_64/gcc-build/avr/avr5/libgcc/../../../../gcc/libgcc/config/avr/lib1funcs.S:2224
    3f3c:	48 88       	ldd	r4, Y+16	; 0x10
/home/jenkins/workspace/avr-gcc-staging/label/debian7-x86_64/gcc-build/avr/avr5/libgcc/../../../../gcc/libgcc/config/avr/lib1funcs.S:2225
    3f3e:	5f 84       	ldd	r5, Y+15	; 0x0f
/home/jenkins/workspace/avr-gcc-staging/label/debian7-x86_64/gcc-build/avr/avr5/libgcc/../../../../gcc/libgcc/config/avr/lib1funcs.S:2226
    3f40:	6e 84       	ldd	r6, Y+14	; 0x0e
/home/jenkins/workspace/avr-gcc-staging/label/debian7-x86_64/gcc-build/avr/avr5/libgcc/../../../../gcc/libgcc/config/avr/lib1funcs.S:2227
    3f42:	7d 84       	ldd	r7, Y+13	; 0x0d
/home/jenkins/workspace/avr-gcc-staging/label/debian7-x86_64/gcc-build/avr/avr5/libgcc/../../../../gcc/libgcc/config/avr/lib1funcs.S:2228
    3f44:	8c 84       	ldd	r8, Y+12	; 0x0c
/home/jenkins/workspace/avr-gcc-staging/label/debian7-x86_64/gcc-build/avr/avr5/libgcc/../../../../gcc/libgcc/config/avr/lib1funcs.S:2229
    3f46:	9b 84       	ldd	r9, Y+11	; 0x0b
/home/jenkins/workspace/avr-gcc-staging/label/debian7-x86_64/gcc-build/avr/avr5/libgcc/../../../../gcc/libgcc/config/avr/lib1funcs.S:2230
    3f48:	aa 84       	ldd	r10, Y+10	; 0x0a
/home/jenkins/workspace/avr-gcc-staging/label/debian7-x86_64/gcc-build/avr/avr5/libgcc/../../../../gcc/libgcc/config/avr/lib1funcs.S:2231
    3f4a:	b9 84       	ldd	r11, Y+9	; 0x09
/home/jenkins/workspace/avr-gcc-staging/label/debian7-x86_64/gcc-build/avr/avr5/libgcc/../../../../gcc/libgcc/config/avr/lib1funcs.S:2232
    3f4c:	c8 84       	ldd	r12, Y+8	; 0x08
/home/jenkins/workspace/avr-gcc-staging/label/debian7-x86_64/gcc-build/avr/avr5/libgcc/../../../../gcc/libgcc/config/avr/lib1funcs.S:2233
    3f4e:	df 80       	ldd	r13, Y+7	; 0x07
/home/jenkins/workspace/avr-gcc-staging/label/debian7-x86_64/gcc-build/avr/avr5/libgcc/../../../../gcc/libgcc/config/avr/lib1funcs.S:2234
    3f50:	ee 80       	ldd	r14, Y+6	; 0x06
/home/jenkins/workspace/avr-gcc-staging/label/debian7-x86_64/gcc-build/avr/avr5/libgcc/../../../../gcc/libgcc/config/avr/lib1funcs.S:2235
    3f52:	fd 80       	ldd	r15, Y+5	; 0x05
/home/jenkins/workspace/avr-gcc-staging/label/debian7-x86_64/gcc-build/avr/avr5/libgcc/../../../../gcc/libgcc/config/avr/lib1funcs.S:2236
    3f54:	0c 81       	ldd	r16, Y+4	; 0x04
/home/jenkins/workspace/avr-gcc-staging/label/debian7-x86_64/gcc-build/avr/avr5/libgcc/../../../../gcc/libgcc/config/avr/lib1funcs.S:2237
    3f56:	1b 81       	ldd	r17, Y+3	; 0x03
/home/jenkins/workspace/avr-gcc-staging/label/debian7-x86_64/gcc-build/avr/avr5/libgcc/../../../../gcc/libgcc/config/avr/lib1funcs.S:2238
    3f58:	aa 81       	ldd	r26, Y+2	; 0x02
/home/jenkins/workspace/avr-gcc-staging/label/debian7-x86_64/gcc-build/avr/avr5/libgcc/../../../../gcc/libgcc/config/avr/lib1funcs.S:2252
    3f5a:	b9 81       	ldd	r27, Y+1	; 0x01
/home/jenkins/workspace/avr-gcc-staging/label/debian7-x86_64/gcc-build/avr/avr5/libgcc/../../../../gcc/libgcc/config/avr/lib1funcs.S:2253
    3f5c:	ce 0f       	add	r28, r30
/home/jenkins/workspace/avr-gcc-staging/label/debian7-x86_64/gcc-build/avr/avr5/libgcc/../../../../gcc/libgcc/config/avr/lib1funcs.S:2254
    3f5e:	d1 1d       	adc	r29, r1
/home/jenkins/workspace/avr-gcc-staging/label/debian7-x86_64/gcc-build/avr/avr5/libgcc/../../../../gcc/libgcc/config/avr/lib1funcs.S:2255
    3f60:	0f b6       	in	r0, 0x3f	; 63
/home/jenkins/workspace/avr-gcc-staging/label/debian7-x86_64/gcc-build/avr/avr5/libgcc/../../../../gcc/libgcc/config/avr/lib1funcs.S:2256
    3f62:	f8 94       	cli
/home/jenkins/workspace/avr-gcc-staging/label/debian7-x86_64/gcc-build/avr/avr5/libgcc/../../../../gcc/libgcc/config/avr/lib1funcs.S:2257
    3f64:	de bf       	out	0x3e, r29	; 62
/home/jenkins/workspace/avr-gcc-staging/label/debian7-x86_64/gcc-build/avr/avr5/libgcc/../../../../gcc/libgcc/config/avr/lib1funcs.S:2258
    3f66:	0f be       	out	0x3f, r0	; 63
/home/jenkins/workspace/avr-gcc-staging/label/debian7-x86_64/gcc-build/avr/avr5/libgcc/../../../../gcc/libgcc/config/avr/lib1funcs.S:2259
    3f68:	cd bf       	out	0x3d, r28	; 61
/home/jenkins/workspace/avr-gcc-staging/label/debian7-x86_64/gcc-build/avr/avr5/libgcc/../../../../gcc/libgcc/config/avr/lib1funcs.S:2260
    3f6a:	ed 01       	movw	r28, r26
/home/jenkins/workspace/avr-gcc-staging/label/debian7-x86_64/gcc-build/avr/avr5/libgcc/../../../../gcc/libgcc/config/avr/lib1funcs.S:2263
    3f6c:	08 95       	ret

00003f6e <__divsf3>:
__divsf3():
    3f6e:	0e 94 cb 1f 	call	0x3f96	; 0x3f96 <__divsf3x>
    3f72:	0c 94 30 1f 	jmp	0x3e60	; 0x3e60 <__fp_round>
    3f76:	0e 94 29 1f 	call	0x3e52	; 0x3e52 <__fp_pscB>
    3f7a:	58 f0       	brcs	.+22     	; 0x3f92 <__divsf3+0x24>
    3f7c:	0e 94 22 1f 	call	0x3e44	; 0x3e44 <__fp_pscA>
    3f80:	40 f0       	brcs	.+16     	; 0x3f92 <__divsf3+0x24>
    3f82:	29 f4       	brne	.+10     	; 0x3f8e <__divsf3+0x20>
    3f84:	5f 3f       	cpi	r21, 0xFF	; 255
    3f86:	29 f0       	breq	.+10     	; 0x3f92 <__divsf3+0x24>
    3f88:	0c 94 19 1f 	jmp	0x3e32	; 0x3e32 <__fp_inf>
    3f8c:	51 11       	cpse	r21, r1
    3f8e:	0c 94 64 1f 	jmp	0x3ec8	; 0x3ec8 <__fp_szero>
    3f92:	0c 94 1f 1f 	jmp	0x3e3e	; 0x3e3e <__fp_nan>

00003f96 <__divsf3x>:
__divsf3x():
    3f96:	0e 94 41 1f 	call	0x3e82	; 0x3e82 <__fp_split3>
    3f9a:	68 f3       	brcs	.-38     	; 0x3f76 <__divsf3+0x8>

00003f9c <__divsf3_pse>:
    3f9c:	99 23       	and	r25, r25
    3f9e:	b1 f3       	breq	.-20     	; 0x3f8c <__divsf3+0x1e>
    3fa0:	55 23       	and	r21, r21
    3fa2:	91 f3       	breq	.-28     	; 0x3f88 <__divsf3+0x1a>
    3fa4:	95 1b       	sub	r25, r21
    3fa6:	55 0b       	sbc	r21, r21
    3fa8:	bb 27       	eor	r27, r27
    3faa:	aa 27       	eor	r26, r26
    3fac:	62 17       	cp	r22, r18
    3fae:	73 07       	cpc	r23, r19
    3fb0:	84 07       	cpc	r24, r20
    3fb2:	38 f0       	brcs	.+14     	; 0x3fc2 <__divsf3_pse+0x26>
    3fb4:	9f 5f       	subi	r25, 0xFF	; 255
    3fb6:	5f 4f       	sbci	r21, 0xFF	; 255
    3fb8:	22 0f       	add	r18, r18
    3fba:	33 1f       	adc	r19, r19
    3fbc:	44 1f       	adc	r20, r20
    3fbe:	aa 1f       	adc	r26, r26
    3fc0:	a9 f3       	breq	.-22     	; 0x3fac <__divsf3_pse+0x10>
    3fc2:	35 d0       	rcall	.+106    	; 0x402e <__divsf3_pse+0x92>
    3fc4:	0e 2e       	mov	r0, r30
    3fc6:	3a f0       	brmi	.+14     	; 0x3fd6 <__divsf3_pse+0x3a>
    3fc8:	e0 e8       	ldi	r30, 0x80	; 128
    3fca:	32 d0       	rcall	.+100    	; 0x4030 <__divsf3_pse+0x94>
    3fcc:	91 50       	subi	r25, 0x01	; 1
    3fce:	50 40       	sbci	r21, 0x00	; 0
    3fd0:	e6 95       	lsr	r30
    3fd2:	00 1c       	adc	r0, r0
    3fd4:	ca f7       	brpl	.-14     	; 0x3fc8 <__divsf3_pse+0x2c>
    3fd6:	2b d0       	rcall	.+86     	; 0x402e <__divsf3_pse+0x92>
    3fd8:	fe 2f       	mov	r31, r30
    3fda:	29 d0       	rcall	.+82     	; 0x402e <__divsf3_pse+0x92>
    3fdc:	66 0f       	add	r22, r22
    3fde:	77 1f       	adc	r23, r23
    3fe0:	88 1f       	adc	r24, r24
    3fe2:	bb 1f       	adc	r27, r27
    3fe4:	26 17       	cp	r18, r22
    3fe6:	37 07       	cpc	r19, r23
    3fe8:	48 07       	cpc	r20, r24
    3fea:	ab 07       	cpc	r26, r27
    3fec:	b0 e8       	ldi	r27, 0x80	; 128
    3fee:	09 f0       	breq	.+2      	; 0x3ff2 <__divsf3_pse+0x56>
    3ff0:	bb 0b       	sbc	r27, r27
    3ff2:	80 2d       	mov	r24, r0
    3ff4:	bf 01       	movw	r22, r30
    3ff6:	ff 27       	eor	r31, r31
    3ff8:	93 58       	subi	r25, 0x83	; 131
    3ffa:	5f 4f       	sbci	r21, 0xFF	; 255
    3ffc:	3a f0       	brmi	.+14     	; 0x400c <__divsf3_pse+0x70>
    3ffe:	9e 3f       	cpi	r25, 0xFE	; 254
    4000:	51 05       	cpc	r21, r1
    4002:	78 f0       	brcs	.+30     	; 0x4022 <__divsf3_pse+0x86>
    4004:	0c 94 19 1f 	jmp	0x3e32	; 0x3e32 <__fp_inf>
    4008:	0c 94 64 1f 	jmp	0x3ec8	; 0x3ec8 <__fp_szero>
    400c:	5f 3f       	cpi	r21, 0xFF	; 255
    400e:	e4 f3       	brlt	.-8      	; 0x4008 <__divsf3_pse+0x6c>
    4010:	98 3e       	cpi	r25, 0xE8	; 232
    4012:	d4 f3       	brlt	.-12     	; 0x4008 <__divsf3_pse+0x6c>
    4014:	86 95       	lsr	r24
    4016:	77 95       	ror	r23
    4018:	67 95       	ror	r22
    401a:	b7 95       	ror	r27
    401c:	f7 95       	ror	r31
    401e:	9f 5f       	subi	r25, 0xFF	; 255
    4020:	c9 f7       	brne	.-14     	; 0x4014 <__divsf3_pse+0x78>
    4022:	88 0f       	add	r24, r24
    4024:	91 1d       	adc	r25, r1
    4026:	96 95       	lsr	r25
    4028:	87 95       	ror	r24
    402a:	97 f9       	bld	r25, 7
    402c:	08 95       	ret
    402e:	e1 e0       	ldi	r30, 0x01	; 1
    4030:	66 0f       	add	r22, r22
    4032:	77 1f       	adc	r23, r23
    4034:	88 1f       	adc	r24, r24
    4036:	bb 1f       	adc	r27, r27
    4038:	62 17       	cp	r22, r18
    403a:	73 07       	cpc	r23, r19
    403c:	84 07       	cpc	r24, r20
    403e:	ba 07       	cpc	r27, r26
    4040:	20 f0       	brcs	.+8      	; 0x404a <__divsf3_pse+0xae>
    4042:	62 1b       	sub	r22, r18
    4044:	73 0b       	sbc	r23, r19
    4046:	84 0b       	sbc	r24, r20
    4048:	ba 0b       	sbc	r27, r26
    404a:	ee 1f       	adc	r30, r30
    404c:	88 f7       	brcc	.-30     	; 0x4030 <__divsf3_pse+0x94>
    404e:	e0 95       	com	r30
    4050:	08 95       	ret

00004052 <__fixsfsi>:
    4052:	0e 94 30 20 	call	0x4060	; 0x4060 <__fixunssfsi>
    4056:	68 94       	set
    4058:	b1 11       	cpse	r27, r1
    405a:	0c 94 64 1f 	jmp	0x3ec8	; 0x3ec8 <__fp_szero>
    405e:	08 95       	ret

00004060 <__fixunssfsi>:
    4060:	0e 94 49 1f 	call	0x3e92	; 0x3e92 <__fp_splitA>
    4064:	88 f0       	brcs	.+34     	; 0x4088 <__fixunssfsi+0x28>
    4066:	9f 57       	subi	r25, 0x7F	; 127
    4068:	98 f0       	brcs	.+38     	; 0x4090 <__fixunssfsi+0x30>
    406a:	b9 2f       	mov	r27, r25
    406c:	99 27       	eor	r25, r25
    406e:	b7 51       	subi	r27, 0x17	; 23
    4070:	b0 f0       	brcs	.+44     	; 0x409e <__fixunssfsi+0x3e>
__fixunssfsi():
    4072:	e1 f0       	breq	.+56     	; 0x40ac <__fixunssfsi+0x4c>
    4074:	66 0f       	add	r22, r22
    4076:	77 1f       	adc	r23, r23
    4078:	88 1f       	adc	r24, r24
    407a:	99 1f       	adc	r25, r25
    407c:	1a f0       	brmi	.+6      	; 0x4084 <__fixunssfsi+0x24>
    407e:	ba 95       	dec	r27
    4080:	c9 f7       	brne	.-14     	; 0x4074 <__fixunssfsi+0x14>
    4082:	14 c0       	rjmp	.+40     	; 0x40ac <__fixunssfsi+0x4c>
    4084:	b1 30       	cpi	r27, 0x01	; 1
    4086:	91 f0       	breq	.+36     	; 0x40ac <__fixunssfsi+0x4c>
    4088:	0e 94 63 1f 	call	0x3ec6	; 0x3ec6 <__fp_zero>
    408c:	b1 e0       	ldi	r27, 0x01	; 1
    408e:	08 95       	ret
    4090:	0c 94 63 1f 	jmp	0x3ec6	; 0x3ec6 <__fp_zero>
    4094:	67 2f       	mov	r22, r23
    4096:	78 2f       	mov	r23, r24
    4098:	88 27       	eor	r24, r24
    409a:	b8 5f       	subi	r27, 0xF8	; 248
    409c:	39 f0       	breq	.+14     	; 0x40ac <__fixunssfsi+0x4c>
    409e:	b9 3f       	cpi	r27, 0xF9	; 249
    40a0:	cc f3       	brlt	.-14     	; 0x4094 <__fixunssfsi+0x34>
    40a2:	86 95       	lsr	r24
    40a4:	77 95       	ror	r23
    40a6:	67 95       	ror	r22
    40a8:	b3 95       	inc	r27
    40aa:	d9 f7       	brne	.-10     	; 0x40a2 <__fixunssfsi+0x42>
    40ac:	3e f4       	brtc	.+14     	; 0x40bc <__fixunssfsi+0x5c>
    40ae:	90 95       	com	r25
    40b0:	80 95       	com	r24
    40b2:	70 95       	com	r23
    40b4:	61 95       	neg	r22
    40b6:	7f 4f       	sbci	r23, 0xFF	; 255
    40b8:	8f 4f       	sbci	r24, 0xFF	; 255
    40ba:	9f 4f       	sbci	r25, 0xFF	; 255
    40bc:	08 95       	ret

000040be <__divmodhi4>:
__divmodhi4():
/home/jenkins/workspace/avr-gcc-staging/label/debian7-x86_64/gcc-build/avr/avr5/libgcc/../../../../gcc/libgcc/config/avr/lib1funcs.S:1440
    40be:	97 fb       	bst	r25, 7
/home/jenkins/workspace/avr-gcc-staging/label/debian7-x86_64/gcc-build/avr/avr5/libgcc/../../../../gcc/libgcc/config/avr/lib1funcs.S:1441
    40c0:	07 2e       	mov	r0, r23
/home/jenkins/workspace/avr-gcc-staging/label/debian7-x86_64/gcc-build/avr/avr5/libgcc/../../../../gcc/libgcc/config/avr/lib1funcs.S:1442
    40c2:	16 f4       	brtc	.+4      	; 0x40c8 <__divmodhi4+0xa>
/home/jenkins/workspace/avr-gcc-staging/label/debian7-x86_64/gcc-build/avr/avr5/libgcc/../../../../gcc/libgcc/config/avr/lib1funcs.S:1443
    40c4:	00 94       	com	r0
/home/jenkins/workspace/avr-gcc-staging/label/debian7-x86_64/gcc-build/avr/avr5/libgcc/../../../../gcc/libgcc/config/avr/lib1funcs.S:1444
    40c6:	07 d0       	rcall	.+14     	; 0x40d6 <__divmodhi4_neg1>
/home/jenkins/workspace/avr-gcc-staging/label/debian7-x86_64/gcc-build/avr/avr5/libgcc/../../../../gcc/libgcc/config/avr/lib1funcs.S:1446
    40c8:	77 fd       	sbrc	r23, 7
/home/jenkins/workspace/avr-gcc-staging/label/debian7-x86_64/gcc-build/avr/avr5/libgcc/../../../../gcc/libgcc/config/avr/lib1funcs.S:1447
    40ca:	09 d0       	rcall	.+18     	; 0x40de <__divmodhi4_neg2>
/home/jenkins/workspace/avr-gcc-staging/label/debian7-x86_64/gcc-build/avr/avr5/libgcc/../../../../gcc/libgcc/config/avr/lib1funcs.S:1448
    40cc:	0e 94 9b 20 	call	0x4136	; 0x4136 <__udivmodhi4>
/home/jenkins/workspace/avr-gcc-staging/label/debian7-x86_64/gcc-build/avr/avr5/libgcc/../../../../gcc/libgcc/config/avr/lib1funcs.S:1449
    40d0:	07 fc       	sbrc	r0, 7
/home/jenkins/workspace/avr-gcc-staging/label/debian7-x86_64/gcc-build/avr/avr5/libgcc/../../../../gcc/libgcc/config/avr/lib1funcs.S:1450
    40d2:	05 d0       	rcall	.+10     	; 0x40de <__divmodhi4_neg2>
/home/jenkins/workspace/avr-gcc-staging/label/debian7-x86_64/gcc-build/avr/avr5/libgcc/../../../../gcc/libgcc/config/avr/lib1funcs.S:1451
    40d4:	3e f4       	brtc	.+14     	; 0x40e4 <__divmodhi4_exit>

000040d6 <__divmodhi4_neg1>:
/home/jenkins/workspace/avr-gcc-staging/label/debian7-x86_64/gcc-build/avr/avr5/libgcc/../../../../gcc/libgcc/config/avr/lib1funcs.S:1454
    40d6:	90 95       	com	r25
/home/jenkins/workspace/avr-gcc-staging/label/debian7-x86_64/gcc-build/avr/avr5/libgcc/../../../../gcc/libgcc/config/avr/lib1funcs.S:1455
    40d8:	81 95       	neg	r24
/home/jenkins/workspace/avr-gcc-staging/label/debian7-x86_64/gcc-build/avr/avr5/libgcc/../../../../gcc/libgcc/config/avr/lib1funcs.S:1456
    40da:	9f 4f       	sbci	r25, 0xFF	; 255
/home/jenkins/workspace/avr-gcc-staging/label/debian7-x86_64/gcc-build/avr/avr5/libgcc/../../../../gcc/libgcc/config/avr/lib1funcs.S:1457
    40dc:	08 95       	ret

000040de <__divmodhi4_neg2>:
/home/jenkins/workspace/avr-gcc-staging/label/debian7-x86_64/gcc-build/avr/avr5/libgcc/../../../../gcc/libgcc/config/avr/lib1funcs.S:1460
    40de:	70 95       	com	r23
/home/jenkins/workspace/avr-gcc-staging/label/debian7-x86_64/gcc-build/avr/avr5/libgcc/../../../../gcc/libgcc/config/avr/lib1funcs.S:1461
    40e0:	61 95       	neg	r22
/home/jenkins/workspace/avr-gcc-staging/label/debian7-x86_64/gcc-build/avr/avr5/libgcc/../../../../gcc/libgcc/config/avr/lib1funcs.S:1462
    40e2:	7f 4f       	sbci	r23, 0xFF	; 255

000040e4 <__divmodhi4_exit>:
/home/jenkins/workspace/avr-gcc-staging/label/debian7-x86_64/gcc-build/avr/avr5/libgcc/../../../../gcc/libgcc/config/avr/lib1funcs.S:1464
    40e4:	08 95       	ret

000040e6 <__udivmodsi4>:
__udivmodsi4():
/home/jenkins/workspace/avr-gcc-staging/label/debian7-x86_64/gcc-build/avr/avr5/libgcc/../../../../gcc/libgcc/config/avr/lib1funcs.S:1638
    40e6:	a1 e2       	ldi	r26, 0x21	; 33
/home/jenkins/workspace/avr-gcc-staging/label/debian7-x86_64/gcc-build/avr/avr5/libgcc/../../../../gcc/libgcc/config/avr/lib1funcs.S:1639
    40e8:	1a 2e       	mov	r1, r26
/home/jenkins/workspace/avr-gcc-staging/label/debian7-x86_64/gcc-build/avr/avr5/libgcc/../../../../gcc/libgcc/config/avr/lib1funcs.S:1640
    40ea:	aa 1b       	sub	r26, r26
/home/jenkins/workspace/avr-gcc-staging/label/debian7-x86_64/gcc-build/avr/avr5/libgcc/../../../../gcc/libgcc/config/avr/lib1funcs.S:1641
    40ec:	bb 1b       	sub	r27, r27
/home/jenkins/workspace/avr-gcc-staging/label/debian7-x86_64/gcc-build/avr/avr5/libgcc/../../../../gcc/libgcc/config/avr/lib1funcs.S:1642
    40ee:	fd 01       	movw	r30, r26
/home/jenkins/workspace/avr-gcc-staging/label/debian7-x86_64/gcc-build/avr/avr5/libgcc/../../../../gcc/libgcc/config/avr/lib1funcs.S:1644
    40f0:	0d c0       	rjmp	.+26     	; 0x410c <__udivmodsi4_ep>

000040f2 <__udivmodsi4_loop>:
/home/jenkins/workspace/avr-gcc-staging/label/debian7-x86_64/gcc-build/avr/avr5/libgcc/../../../../gcc/libgcc/config/avr/lib1funcs.S:1646
    40f2:	aa 1f       	adc	r26, r26
/home/jenkins/workspace/avr-gcc-staging/label/debian7-x86_64/gcc-build/avr/avr5/libgcc/../../../../gcc/libgcc/config/avr/lib1funcs.S:1647
    40f4:	bb 1f       	adc	r27, r27
/home/jenkins/workspace/avr-gcc-staging/label/debian7-x86_64/gcc-build/avr/avr5/libgcc/../../../../gcc/libgcc/config/avr/lib1funcs.S:1648
    40f6:	ee 1f       	adc	r30, r30
/home/jenkins/workspace/avr-gcc-staging/label/debian7-x86_64/gcc-build/avr/avr5/libgcc/../../../../gcc/libgcc/config/avr/lib1funcs.S:1649
    40f8:	ff 1f       	adc	r31, r31
/home/jenkins/workspace/avr-gcc-staging/label/debian7-x86_64/gcc-build/avr/avr5/libgcc/../../../../gcc/libgcc/config/avr/lib1funcs.S:1650
    40fa:	a2 17       	cp	r26, r18
/home/jenkins/workspace/avr-gcc-staging/label/debian7-x86_64/gcc-build/avr/avr5/libgcc/../../../../gcc/libgcc/config/avr/lib1funcs.S:1651
    40fc:	b3 07       	cpc	r27, r19
/home/jenkins/workspace/avr-gcc-staging/label/debian7-x86_64/gcc-build/avr/avr5/libgcc/../../../../gcc/libgcc/config/avr/lib1funcs.S:1652
    40fe:	e4 07       	cpc	r30, r20
/home/jenkins/workspace/avr-gcc-staging/label/debian7-x86_64/gcc-build/avr/avr5/libgcc/../../../../gcc/libgcc/config/avr/lib1funcs.S:1653
    4100:	f5 07       	cpc	r31, r21
/home/jenkins/workspace/avr-gcc-staging/label/debian7-x86_64/gcc-build/avr/avr5/libgcc/../../../../gcc/libgcc/config/avr/lib1funcs.S:1654
    4102:	20 f0       	brcs	.+8      	; 0x410c <__udivmodsi4_ep>
/home/jenkins/workspace/avr-gcc-staging/label/debian7-x86_64/gcc-build/avr/avr5/libgcc/../../../../gcc/libgcc/config/avr/lib1funcs.S:1655
    4104:	a2 1b       	sub	r26, r18
/home/jenkins/workspace/avr-gcc-staging/label/debian7-x86_64/gcc-build/avr/avr5/libgcc/../../../../gcc/libgcc/config/avr/lib1funcs.S:1656
    4106:	b3 0b       	sbc	r27, r19
/home/jenkins/workspace/avr-gcc-staging/label/debian7-x86_64/gcc-build/avr/avr5/libgcc/../../../../gcc/libgcc/config/avr/lib1funcs.S:1657
    4108:	e4 0b       	sbc	r30, r20
/home/jenkins/workspace/avr-gcc-staging/label/debian7-x86_64/gcc-build/avr/avr5/libgcc/../../../../gcc/libgcc/config/avr/lib1funcs.S:1658
    410a:	f5 0b       	sbc	r31, r21

0000410c <__udivmodsi4_ep>:
/home/jenkins/workspace/avr-gcc-staging/label/debian7-x86_64/gcc-build/avr/avr5/libgcc/../../../../gcc/libgcc/config/avr/lib1funcs.S:1660
    410c:	66 1f       	adc	r22, r22
/home/jenkins/workspace/avr-gcc-staging/label/debian7-x86_64/gcc-build/avr/avr5/libgcc/../../../../gcc/libgcc/config/avr/lib1funcs.S:1661
    410e:	77 1f       	adc	r23, r23
/home/jenkins/workspace/avr-gcc-staging/label/debian7-x86_64/gcc-build/avr/avr5/libgcc/../../../../gcc/libgcc/config/avr/lib1funcs.S:1662
    4110:	88 1f       	adc	r24, r24
/home/jenkins/workspace/avr-gcc-staging/label/debian7-x86_64/gcc-build/avr/avr5/libgcc/../../../../gcc/libgcc/config/avr/lib1funcs.S:1663
    4112:	99 1f       	adc	r25, r25
/home/jenkins/workspace/avr-gcc-staging/label/debian7-x86_64/gcc-build/avr/avr5/libgcc/../../../../gcc/libgcc/config/avr/lib1funcs.S:1664
    4114:	1a 94       	dec	r1
/home/jenkins/workspace/avr-gcc-staging/label/debian7-x86_64/gcc-build/avr/avr5/libgcc/../../../../gcc/libgcc/config/avr/lib1funcs.S:1665
    4116:	69 f7       	brne	.-38     	; 0x40f2 <__udivmodsi4_loop>
/home/jenkins/workspace/avr-gcc-staging/label/debian7-x86_64/gcc-build/avr/avr5/libgcc/../../../../gcc/libgcc/config/avr/lib1funcs.S:1667
    4118:	60 95       	com	r22
/home/jenkins/workspace/avr-gcc-staging/label/debian7-x86_64/gcc-build/avr/avr5/libgcc/../../../../gcc/libgcc/config/avr/lib1funcs.S:1668
    411a:	70 95       	com	r23
/home/jenkins/workspace/avr-gcc-staging/label/debian7-x86_64/gcc-build/avr/avr5/libgcc/../../../../gcc/libgcc/config/avr/lib1funcs.S:1669
    411c:	80 95       	com	r24
/home/jenkins/workspace/avr-gcc-staging/label/debian7-x86_64/gcc-build/avr/avr5/libgcc/../../../../gcc/libgcc/config/avr/lib1funcs.S:1670
    411e:	90 95       	com	r25
/home/jenkins/workspace/avr-gcc-staging/label/debian7-x86_64/gcc-build/avr/avr5/libgcc/../../../../gcc/libgcc/config/avr/lib1funcs.S:1672
    4120:	9b 01       	movw	r18, r22
/home/jenkins/workspace/avr-gcc-staging/label/debian7-x86_64/gcc-build/avr/avr5/libgcc/../../../../gcc/libgcc/config/avr/lib1funcs.S:1674
    4122:	ac 01       	movw	r20, r24
/home/jenkins/workspace/avr-gcc-staging/label/debian7-x86_64/gcc-build/avr/avr5/libgcc/../../../../gcc/libgcc/config/avr/lib1funcs.S:1676
    4124:	bd 01       	movw	r22, r26
/home/jenkins/workspace/avr-gcc-staging/label/debian7-x86_64/gcc-build/avr/avr5/libgcc/../../../../gcc/libgcc/config/avr/lib1funcs.S:1678
    4126:	cf 01       	movw	r24, r30
/home/jenkins/workspace/avr-gcc-staging/label/debian7-x86_64/gcc-build/avr/avr5/libgcc/../../../../gcc/libgcc/config/avr/lib1funcs.S:1680
    4128:	08 95       	ret

0000412a <__tablejump2__>:
__tablejump2__():
/home/jenkins/workspace/avr-gcc-staging/label/debian7-x86_64/gcc-build/avr/avr5/libgcc/../../../../gcc/libgcc/config/avr/lib1funcs.S:2296
    412a:	ee 0f       	add	r30, r30
/home/jenkins/workspace/avr-gcc-staging/label/debian7-x86_64/gcc-build/avr/avr5/libgcc/../../../../gcc/libgcc/config/avr/lib1funcs.S:2297
    412c:	ff 1f       	adc	r31, r31
/home/jenkins/workspace/avr-gcc-staging/label/debian7-x86_64/gcc-build/avr/avr5/libgcc/../../../../gcc/libgcc/config/avr/lib1funcs.S:2328
    412e:	05 90       	lpm	r0, Z+
/home/jenkins/workspace/avr-gcc-staging/label/debian7-x86_64/gcc-build/avr/avr5/libgcc/../../../../gcc/libgcc/config/avr/lib1funcs.S:2329
    4130:	f4 91       	lpm	r31, Z
/home/jenkins/workspace/avr-gcc-staging/label/debian7-x86_64/gcc-build/avr/avr5/libgcc/../../../../gcc/libgcc/config/avr/lib1funcs.S:2330
    4132:	e0 2d       	mov	r30, r0
/home/jenkins/workspace/avr-gcc-staging/label/debian7-x86_64/gcc-build/avr/avr5/libgcc/../../../../gcc/libgcc/config/avr/lib1funcs.S:2331
    4134:	09 94       	ijmp

00004136 <__udivmodhi4>:
__udivmodhi4():
/home/jenkins/workspace/avr-gcc-staging/label/debian7-x86_64/gcc-build/avr/avr5/libgcc/../../../../gcc/libgcc/config/avr/lib1funcs.S:1408
    4136:	aa 1b       	sub	r26, r26
/home/jenkins/workspace/avr-gcc-staging/label/debian7-x86_64/gcc-build/avr/avr5/libgcc/../../../../gcc/libgcc/config/avr/lib1funcs.S:1409
    4138:	bb 1b       	sub	r27, r27
/home/jenkins/workspace/avr-gcc-staging/label/debian7-x86_64/gcc-build/avr/avr5/libgcc/../../../../gcc/libgcc/config/avr/lib1funcs.S:1410
    413a:	51 e1       	ldi	r21, 0x11	; 17
/home/jenkins/workspace/avr-gcc-staging/label/debian7-x86_64/gcc-build/avr/avr5/libgcc/../../../../gcc/libgcc/config/avr/lib1funcs.S:1411
    413c:	07 c0       	rjmp	.+14     	; 0x414c <__udivmodhi4_ep>

0000413e <__udivmodhi4_loop>:
/home/jenkins/workspace/avr-gcc-staging/label/debian7-x86_64/gcc-build/avr/avr5/libgcc/../../../../gcc/libgcc/config/avr/lib1funcs.S:1413
    413e:	aa 1f       	adc	r26, r26
/home/jenkins/workspace/avr-gcc-staging/label/debian7-x86_64/gcc-build/avr/avr5/libgcc/../../../../gcc/libgcc/config/avr/lib1funcs.S:1414
    4140:	bb 1f       	adc	r27, r27
/home/jenkins/workspace/avr-gcc-staging/label/debian7-x86_64/gcc-build/avr/avr5/libgcc/../../../../gcc/libgcc/config/avr/lib1funcs.S:1415
    4142:	a6 17       	cp	r26, r22
/home/jenkins/workspace/avr-gcc-staging/label/debian7-x86_64/gcc-build/avr/avr5/libgcc/../../../../gcc/libgcc/config/avr/lib1funcs.S:1416
    4144:	b7 07       	cpc	r27, r23
/home/jenkins/workspace/avr-gcc-staging/label/debian7-x86_64/gcc-build/avr/avr5/libgcc/../../../../gcc/libgcc/config/avr/lib1funcs.S:1417
    4146:	10 f0       	brcs	.+4      	; 0x414c <__udivmodhi4_ep>
/home/jenkins/workspace/avr-gcc-staging/label/debian7-x86_64/gcc-build/avr/avr5/libgcc/../../../../gcc/libgcc/config/avr/lib1funcs.S:1418
    4148:	a6 1b       	sub	r26, r22
/home/jenkins/workspace/avr-gcc-staging/label/debian7-x86_64/gcc-build/avr/avr5/libgcc/../../../../gcc/libgcc/config/avr/lib1funcs.S:1419
    414a:	b7 0b       	sbc	r27, r23

0000414c <__udivmodhi4_ep>:
/home/jenkins/workspace/avr-gcc-staging/label/debian7-x86_64/gcc-build/avr/avr5/libgcc/../../../../gcc/libgcc/config/avr/lib1funcs.S:1421
    414c:	88 1f       	adc	r24, r24
/home/jenkins/workspace/avr-gcc-staging/label/debian7-x86_64/gcc-build/avr/avr5/libgcc/../../../../gcc/libgcc/config/avr/lib1funcs.S:1422
    414e:	99 1f       	adc	r25, r25
/home/jenkins/workspace/avr-gcc-staging/label/debian7-x86_64/gcc-build/avr/avr5/libgcc/../../../../gcc/libgcc/config/avr/lib1funcs.S:1423
    4150:	5a 95       	dec	r21
/home/jenkins/workspace/avr-gcc-staging/label/debian7-x86_64/gcc-build/avr/avr5/libgcc/../../../../gcc/libgcc/config/avr/lib1funcs.S:1424
    4152:	a9 f7       	brne	.-22     	; 0x413e <__udivmodhi4_loop>
/home/jenkins/workspace/avr-gcc-staging/label/debian7-x86_64/gcc-build/avr/avr5/libgcc/../../../../gcc/libgcc/config/avr/lib1funcs.S:1425
    4154:	80 95       	com	r24
/home/jenkins/workspace/avr-gcc-staging/label/debian7-x86_64/gcc-build/avr/avr5/libgcc/../../../../gcc/libgcc/config/avr/lib1funcs.S:1426
    4156:	90 95       	com	r25
/home/jenkins/workspace/avr-gcc-staging/label/debian7-x86_64/gcc-build/avr/avr5/libgcc/../../../../gcc/libgcc/config/avr/lib1funcs.S:1428
    4158:	bc 01       	movw	r22, r24
/home/jenkins/workspace/avr-gcc-staging/label/debian7-x86_64/gcc-build/avr/avr5/libgcc/../../../../gcc/libgcc/config/avr/lib1funcs.S:1430
    415a:	cd 01       	movw	r24, r26
/home/jenkins/workspace/avr-gcc-staging/label/debian7-x86_64/gcc-build/avr/avr5/libgcc/../../../../gcc/libgcc/config/avr/lib1funcs.S:1432
    415c:	08 95       	ret

0000415e <malloc>:
malloc():
    415e:	0f 93       	push	r16
    4160:	1f 93       	push	r17
    4162:	cf 93       	push	r28
    4164:	df 93       	push	r29
    4166:	82 30       	cpi	r24, 0x02	; 2
    4168:	91 05       	cpc	r25, r1
    416a:	10 f4       	brcc	.+4      	; 0x4170 <malloc+0x12>
    416c:	82 e0       	ldi	r24, 0x02	; 2
    416e:	90 e0       	ldi	r25, 0x00	; 0
    4170:	e0 91 20 07 	lds	r30, 0x0720	; 0x800720 <__flp>
    4174:	f0 91 21 07 	lds	r31, 0x0721	; 0x800721 <__flp+0x1>
    4178:	30 e0       	ldi	r19, 0x00	; 0
    417a:	20 e0       	ldi	r18, 0x00	; 0
    417c:	b0 e0       	ldi	r27, 0x00	; 0
    417e:	a0 e0       	ldi	r26, 0x00	; 0
    4180:	30 97       	sbiw	r30, 0x00	; 0
    4182:	99 f4       	brne	.+38     	; 0x41aa <malloc+0x4c>
    4184:	21 15       	cp	r18, r1
    4186:	31 05       	cpc	r19, r1
    4188:	09 f4       	brne	.+2      	; 0x418c <malloc+0x2e>
    418a:	4a c0       	rjmp	.+148    	; 0x4220 <malloc+0xc2>
    418c:	28 1b       	sub	r18, r24
    418e:	39 0b       	sbc	r19, r25
    4190:	24 30       	cpi	r18, 0x04	; 4
    4192:	31 05       	cpc	r19, r1
    4194:	d8 f5       	brcc	.+118    	; 0x420c <malloc+0xae>
    4196:	8a 81       	ldd	r24, Y+2	; 0x02
    4198:	9b 81       	ldd	r25, Y+3	; 0x03
    419a:	61 15       	cp	r22, r1
    419c:	71 05       	cpc	r23, r1
    419e:	89 f1       	breq	.+98     	; 0x4202 <malloc+0xa4>
    41a0:	fb 01       	movw	r30, r22
    41a2:	93 83       	std	Z+3, r25	; 0x03
    41a4:	82 83       	std	Z+2, r24	; 0x02
    41a6:	fe 01       	movw	r30, r28
    41a8:	11 c0       	rjmp	.+34     	; 0x41cc <malloc+0x6e>
    41aa:	40 81       	ld	r20, Z
    41ac:	51 81       	ldd	r21, Z+1	; 0x01
    41ae:	02 81       	ldd	r16, Z+2	; 0x02
    41b0:	13 81       	ldd	r17, Z+3	; 0x03
    41b2:	48 17       	cp	r20, r24
    41b4:	59 07       	cpc	r21, r25
    41b6:	e0 f0       	brcs	.+56     	; 0x41f0 <malloc+0x92>
    41b8:	48 17       	cp	r20, r24
    41ba:	59 07       	cpc	r21, r25
    41bc:	99 f4       	brne	.+38     	; 0x41e4 <malloc+0x86>
    41be:	10 97       	sbiw	r26, 0x00	; 0
    41c0:	61 f0       	breq	.+24     	; 0x41da <malloc+0x7c>
    41c2:	12 96       	adiw	r26, 0x02	; 2
    41c4:	0c 93       	st	X, r16
    41c6:	12 97       	sbiw	r26, 0x02	; 2
    41c8:	13 96       	adiw	r26, 0x03	; 3
    41ca:	1c 93       	st	X, r17
    41cc:	32 96       	adiw	r30, 0x02	; 2
    41ce:	cf 01       	movw	r24, r30
    41d0:	df 91       	pop	r29
    41d2:	cf 91       	pop	r28
    41d4:	1f 91       	pop	r17
    41d6:	0f 91       	pop	r16
    41d8:	08 95       	ret
    41da:	00 93 20 07 	sts	0x0720, r16	; 0x800720 <__flp>
    41de:	10 93 21 07 	sts	0x0721, r17	; 0x800721 <__flp+0x1>
    41e2:	f4 cf       	rjmp	.-24     	; 0x41cc <malloc+0x6e>
    41e4:	21 15       	cp	r18, r1
    41e6:	31 05       	cpc	r19, r1
    41e8:	51 f0       	breq	.+20     	; 0x41fe <malloc+0xa0>
    41ea:	42 17       	cp	r20, r18
    41ec:	53 07       	cpc	r21, r19
    41ee:	38 f0       	brcs	.+14     	; 0x41fe <malloc+0xa0>
    41f0:	a9 01       	movw	r20, r18
    41f2:	db 01       	movw	r26, r22
    41f4:	9a 01       	movw	r18, r20
    41f6:	bd 01       	movw	r22, r26
    41f8:	df 01       	movw	r26, r30
    41fa:	f8 01       	movw	r30, r16
    41fc:	c1 cf       	rjmp	.-126    	; 0x4180 <malloc+0x22>
    41fe:	ef 01       	movw	r28, r30
    4200:	f9 cf       	rjmp	.-14     	; 0x41f4 <malloc+0x96>
    4202:	90 93 21 07 	sts	0x0721, r25	; 0x800721 <__flp+0x1>
    4206:	80 93 20 07 	sts	0x0720, r24	; 0x800720 <__flp>
    420a:	cd cf       	rjmp	.-102    	; 0x41a6 <malloc+0x48>
    420c:	fe 01       	movw	r30, r28
    420e:	e2 0f       	add	r30, r18
    4210:	f3 1f       	adc	r31, r19
    4212:	81 93       	st	Z+, r24
    4214:	91 93       	st	Z+, r25
    4216:	22 50       	subi	r18, 0x02	; 2
    4218:	31 09       	sbc	r19, r1
    421a:	39 83       	std	Y+1, r19	; 0x01
    421c:	28 83       	st	Y, r18
    421e:	d7 cf       	rjmp	.-82     	; 0x41ce <malloc+0x70>
    4220:	20 91 1e 07 	lds	r18, 0x071E	; 0x80071e <__brkval>
    4224:	30 91 1f 07 	lds	r19, 0x071F	; 0x80071f <__brkval+0x1>
    4228:	23 2b       	or	r18, r19
    422a:	41 f4       	brne	.+16     	; 0x423c <malloc+0xde>
    422c:	20 91 1e 01 	lds	r18, 0x011E	; 0x80011e <__malloc_heap_start>
    4230:	30 91 1f 01 	lds	r19, 0x011F	; 0x80011f <__malloc_heap_start+0x1>
    4234:	30 93 1f 07 	sts	0x071F, r19	; 0x80071f <__brkval+0x1>
    4238:	20 93 1e 07 	sts	0x071E, r18	; 0x80071e <__brkval>
    423c:	20 91 1c 01 	lds	r18, 0x011C	; 0x80011c <__malloc_heap_end>
    4240:	30 91 1d 01 	lds	r19, 0x011D	; 0x80011d <__malloc_heap_end+0x1>
    4244:	21 15       	cp	r18, r1
    4246:	31 05       	cpc	r19, r1
    4248:	41 f4       	brne	.+16     	; 0x425a <malloc+0xfc>
    424a:	2d b7       	in	r18, 0x3d	; 61
    424c:	3e b7       	in	r19, 0x3e	; 62
    424e:	40 91 20 01 	lds	r20, 0x0120	; 0x800120 <__malloc_margin>
    4252:	50 91 21 01 	lds	r21, 0x0121	; 0x800121 <__malloc_margin+0x1>
    4256:	24 1b       	sub	r18, r20
    4258:	35 0b       	sbc	r19, r21
    425a:	e0 91 1e 07 	lds	r30, 0x071E	; 0x80071e <__brkval>
    425e:	f0 91 1f 07 	lds	r31, 0x071F	; 0x80071f <__brkval+0x1>
    4262:	e2 17       	cp	r30, r18
    4264:	f3 07       	cpc	r31, r19
    4266:	a0 f4       	brcc	.+40     	; 0x4290 <malloc+0x132>
    4268:	2e 1b       	sub	r18, r30
    426a:	3f 0b       	sbc	r19, r31
    426c:	28 17       	cp	r18, r24
    426e:	39 07       	cpc	r19, r25
    4270:	78 f0       	brcs	.+30     	; 0x4290 <malloc+0x132>
    4272:	ac 01       	movw	r20, r24
    4274:	4e 5f       	subi	r20, 0xFE	; 254
    4276:	5f 4f       	sbci	r21, 0xFF	; 255
    4278:	24 17       	cp	r18, r20
    427a:	35 07       	cpc	r19, r21
    427c:	48 f0       	brcs	.+18     	; 0x4290 <malloc+0x132>
    427e:	4e 0f       	add	r20, r30
    4280:	5f 1f       	adc	r21, r31
    4282:	50 93 1f 07 	sts	0x071F, r21	; 0x80071f <__brkval+0x1>
    4286:	40 93 1e 07 	sts	0x071E, r20	; 0x80071e <__brkval>
    428a:	81 93       	st	Z+, r24
    428c:	91 93       	st	Z+, r25
    428e:	9f cf       	rjmp	.-194    	; 0x41ce <malloc+0x70>
    4290:	f0 e0       	ldi	r31, 0x00	; 0
    4292:	e0 e0       	ldi	r30, 0x00	; 0
    4294:	9c cf       	rjmp	.-200    	; 0x41ce <malloc+0x70>

00004296 <free>:
free():
    4296:	cf 93       	push	r28
    4298:	df 93       	push	r29
    429a:	00 97       	sbiw	r24, 0x00	; 0
    429c:	e9 f0       	breq	.+58     	; 0x42d8 <free+0x42>
    429e:	fc 01       	movw	r30, r24
    42a0:	32 97       	sbiw	r30, 0x02	; 2
    42a2:	13 82       	std	Z+3, r1	; 0x03
    42a4:	12 82       	std	Z+2, r1	; 0x02
    42a6:	a0 91 20 07 	lds	r26, 0x0720	; 0x800720 <__flp>
    42aa:	b0 91 21 07 	lds	r27, 0x0721	; 0x800721 <__flp+0x1>
    42ae:	ed 01       	movw	r28, r26
    42b0:	30 e0       	ldi	r19, 0x00	; 0
    42b2:	20 e0       	ldi	r18, 0x00	; 0
    42b4:	10 97       	sbiw	r26, 0x00	; 0
    42b6:	a1 f4       	brne	.+40     	; 0x42e0 <free+0x4a>
    42b8:	20 81       	ld	r18, Z
    42ba:	31 81       	ldd	r19, Z+1	; 0x01
    42bc:	82 0f       	add	r24, r18
    42be:	93 1f       	adc	r25, r19
    42c0:	20 91 1e 07 	lds	r18, 0x071E	; 0x80071e <__brkval>
    42c4:	30 91 1f 07 	lds	r19, 0x071F	; 0x80071f <__brkval+0x1>
    42c8:	28 17       	cp	r18, r24
    42ca:	39 07       	cpc	r19, r25
    42cc:	09 f0       	breq	.+2      	; 0x42d0 <free+0x3a>
    42ce:	61 c0       	rjmp	.+194    	; 0x4392 <free+0xfc>
    42d0:	f0 93 1f 07 	sts	0x071F, r31	; 0x80071f <__brkval+0x1>
    42d4:	e0 93 1e 07 	sts	0x071E, r30	; 0x80071e <__brkval>
    42d8:	df 91       	pop	r29
    42da:	cf 91       	pop	r28
    42dc:	08 95       	ret
    42de:	ea 01       	movw	r28, r20
    42e0:	ce 17       	cp	r28, r30
    42e2:	df 07       	cpc	r29, r31
    42e4:	e8 f5       	brcc	.+122    	; 0x4360 <free+0xca>
    42e6:	4a 81       	ldd	r20, Y+2	; 0x02
    42e8:	5b 81       	ldd	r21, Y+3	; 0x03
    42ea:	9e 01       	movw	r18, r28
    42ec:	41 15       	cp	r20, r1
    42ee:	51 05       	cpc	r21, r1
    42f0:	b1 f7       	brne	.-20     	; 0x42de <free+0x48>
    42f2:	e9 01       	movw	r28, r18
    42f4:	fb 83       	std	Y+3, r31	; 0x03
    42f6:	ea 83       	std	Y+2, r30	; 0x02
    42f8:	49 91       	ld	r20, Y+
    42fa:	59 91       	ld	r21, Y+
    42fc:	c4 0f       	add	r28, r20
    42fe:	d5 1f       	adc	r29, r21
    4300:	ec 17       	cp	r30, r28
    4302:	fd 07       	cpc	r31, r29
    4304:	61 f4       	brne	.+24     	; 0x431e <free+0x88>
    4306:	80 81       	ld	r24, Z
    4308:	91 81       	ldd	r25, Z+1	; 0x01
    430a:	02 96       	adiw	r24, 0x02	; 2
    430c:	84 0f       	add	r24, r20
    430e:	95 1f       	adc	r25, r21
    4310:	e9 01       	movw	r28, r18
    4312:	99 83       	std	Y+1, r25	; 0x01
    4314:	88 83       	st	Y, r24
    4316:	82 81       	ldd	r24, Z+2	; 0x02
    4318:	93 81       	ldd	r25, Z+3	; 0x03
    431a:	9b 83       	std	Y+3, r25	; 0x03
    431c:	8a 83       	std	Y+2, r24	; 0x02
    431e:	f0 e0       	ldi	r31, 0x00	; 0
    4320:	e0 e0       	ldi	r30, 0x00	; 0
    4322:	12 96       	adiw	r26, 0x02	; 2
    4324:	8d 91       	ld	r24, X+
    4326:	9c 91       	ld	r25, X
    4328:	13 97       	sbiw	r26, 0x03	; 3
    432a:	00 97       	sbiw	r24, 0x00	; 0
    432c:	b9 f5       	brne	.+110    	; 0x439c <free+0x106>
    432e:	2d 91       	ld	r18, X+
    4330:	3c 91       	ld	r19, X
    4332:	11 97       	sbiw	r26, 0x01	; 1
    4334:	cd 01       	movw	r24, r26
    4336:	02 96       	adiw	r24, 0x02	; 2
    4338:	82 0f       	add	r24, r18
    433a:	93 1f       	adc	r25, r19
    433c:	20 91 1e 07 	lds	r18, 0x071E	; 0x80071e <__brkval>
    4340:	30 91 1f 07 	lds	r19, 0x071F	; 0x80071f <__brkval+0x1>
    4344:	28 17       	cp	r18, r24
    4346:	39 07       	cpc	r19, r25
    4348:	39 f6       	brne	.-114    	; 0x42d8 <free+0x42>
    434a:	30 97       	sbiw	r30, 0x00	; 0
    434c:	51 f5       	brne	.+84     	; 0x43a2 <free+0x10c>
    434e:	10 92 21 07 	sts	0x0721, r1	; 0x800721 <__flp+0x1>
    4352:	10 92 20 07 	sts	0x0720, r1	; 0x800720 <__flp>
    4356:	b0 93 1f 07 	sts	0x071F, r27	; 0x80071f <__brkval+0x1>
    435a:	a0 93 1e 07 	sts	0x071E, r26	; 0x80071e <__brkval>
    435e:	bc cf       	rjmp	.-136    	; 0x42d8 <free+0x42>
    4360:	d3 83       	std	Z+3, r29	; 0x03
    4362:	c2 83       	std	Z+2, r28	; 0x02
    4364:	40 81       	ld	r20, Z
    4366:	51 81       	ldd	r21, Z+1	; 0x01
    4368:	84 0f       	add	r24, r20
    436a:	95 1f       	adc	r25, r21
    436c:	c8 17       	cp	r28, r24
    436e:	d9 07       	cpc	r29, r25
    4370:	61 f4       	brne	.+24     	; 0x438a <free+0xf4>
    4372:	4e 5f       	subi	r20, 0xFE	; 254
    4374:	5f 4f       	sbci	r21, 0xFF	; 255
    4376:	88 81       	ld	r24, Y
    4378:	99 81       	ldd	r25, Y+1	; 0x01
    437a:	48 0f       	add	r20, r24
    437c:	59 1f       	adc	r21, r25
    437e:	51 83       	std	Z+1, r21	; 0x01
    4380:	40 83       	st	Z, r20
    4382:	8a 81       	ldd	r24, Y+2	; 0x02
    4384:	9b 81       	ldd	r25, Y+3	; 0x03
    4386:	93 83       	std	Z+3, r25	; 0x03
    4388:	82 83       	std	Z+2, r24	; 0x02
    438a:	21 15       	cp	r18, r1
    438c:	31 05       	cpc	r19, r1
    438e:	09 f0       	breq	.+2      	; 0x4392 <free+0xfc>
    4390:	b0 cf       	rjmp	.-160    	; 0x42f2 <free+0x5c>
    4392:	f0 93 21 07 	sts	0x0721, r31	; 0x800721 <__flp+0x1>
    4396:	e0 93 20 07 	sts	0x0720, r30	; 0x800720 <__flp>
    439a:	9e cf       	rjmp	.-196    	; 0x42d8 <free+0x42>
    439c:	fd 01       	movw	r30, r26
    439e:	dc 01       	movw	r26, r24
    43a0:	c0 cf       	rjmp	.-128    	; 0x4322 <free+0x8c>
    43a2:	13 82       	std	Z+3, r1	; 0x03
    43a4:	12 82       	std	Z+2, r1	; 0x02
    43a6:	d7 cf       	rjmp	.-82     	; 0x4356 <free+0xc0>

000043a8 <realloc>:
realloc():
    43a8:	b0 e0       	ldi	r27, 0x00	; 0
    43aa:	a0 e0       	ldi	r26, 0x00	; 0
    43ac:	ea ed       	ldi	r30, 0xDA	; 218
    43ae:	f1 e2       	ldi	r31, 0x21	; 33
    43b0:	0c 94 82 1f 	jmp	0x3f04	; 0x3f04 <__prologue_saves__+0x4>
    43b4:	8c 01       	movw	r16, r24
    43b6:	00 97       	sbiw	r24, 0x00	; 0
    43b8:	51 f4       	brne	.+20     	; 0x43ce <realloc+0x26>
    43ba:	cb 01       	movw	r24, r22
    43bc:	0e 94 af 20 	call	0x415e	; 0x415e <malloc>
    43c0:	8c 01       	movw	r16, r24
    43c2:	c8 01       	movw	r24, r16
    43c4:	cd b7       	in	r28, 0x3d	; 61
    43c6:	de b7       	in	r29, 0x3e	; 62
    43c8:	e0 e1       	ldi	r30, 0x10	; 16
    43ca:	0c 94 9e 1f 	jmp	0x3f3c	; 0x3f3c <__epilogue_restores__+0x4>
    43ce:	fc 01       	movw	r30, r24
    43d0:	e6 0f       	add	r30, r22
    43d2:	f7 1f       	adc	r31, r23
    43d4:	9c 01       	movw	r18, r24
    43d6:	22 50       	subi	r18, 0x02	; 2
    43d8:	31 09       	sbc	r19, r1
    43da:	e2 17       	cp	r30, r18
    43dc:	f3 07       	cpc	r31, r19
    43de:	08 f4       	brcc	.+2      	; 0x43e2 <realloc+0x3a>
    43e0:	9d c0       	rjmp	.+314    	; 0x451c <realloc+0x174>
    43e2:	d9 01       	movw	r26, r18
    43e4:	cd 91       	ld	r28, X+
    43e6:	dc 91       	ld	r29, X
    43e8:	11 97       	sbiw	r26, 0x01	; 1
    43ea:	c6 17       	cp	r28, r22
    43ec:	d7 07       	cpc	r29, r23
    43ee:	98 f0       	brcs	.+38     	; 0x4416 <realloc+0x6e>
    43f0:	c5 30       	cpi	r28, 0x05	; 5
    43f2:	d1 05       	cpc	r29, r1
    43f4:	30 f3       	brcs	.-52     	; 0x43c2 <realloc+0x1a>
    43f6:	ce 01       	movw	r24, r28
    43f8:	04 97       	sbiw	r24, 0x04	; 4
    43fa:	86 17       	cp	r24, r22
    43fc:	97 07       	cpc	r25, r23
    43fe:	08 f3       	brcs	.-62     	; 0x43c2 <realloc+0x1a>
    4400:	c6 1b       	sub	r28, r22
    4402:	d7 0b       	sbc	r29, r23
    4404:	22 97       	sbiw	r28, 0x02	; 2
    4406:	c1 93       	st	Z+, r28
    4408:	d1 93       	st	Z+, r29
    440a:	6d 93       	st	X+, r22
    440c:	7c 93       	st	X, r23
    440e:	cf 01       	movw	r24, r30
    4410:	0e 94 4b 21 	call	0x4296	; 0x4296 <free>
    4414:	d6 cf       	rjmp	.-84     	; 0x43c2 <realloc+0x1a>
    4416:	5b 01       	movw	r10, r22
    4418:	ac 1a       	sub	r10, r28
    441a:	bd 0a       	sbc	r11, r29
    441c:	4c 01       	movw	r8, r24
    441e:	8c 0e       	add	r8, r28
    4420:	9d 1e       	adc	r9, r29
    4422:	a0 91 20 07 	lds	r26, 0x0720	; 0x800720 <__flp>
    4426:	b0 91 21 07 	lds	r27, 0x0721	; 0x800721 <__flp+0x1>
    442a:	51 2c       	mov	r5, r1
    442c:	41 2c       	mov	r4, r1
    442e:	f1 2c       	mov	r15, r1
    4430:	e1 2c       	mov	r14, r1
    4432:	10 97       	sbiw	r26, 0x00	; 0
    4434:	31 f5       	brne	.+76     	; 0x4482 <realloc+0xda>
    4436:	80 91 1e 07 	lds	r24, 0x071E	; 0x80071e <__brkval>
    443a:	90 91 1f 07 	lds	r25, 0x071F	; 0x80071f <__brkval+0x1>
    443e:	88 15       	cp	r24, r8
    4440:	99 05       	cpc	r25, r9
    4442:	09 f0       	breq	.+2      	; 0x4446 <realloc+0x9e>
    4444:	5c c0       	rjmp	.+184    	; 0x44fe <realloc+0x156>
    4446:	46 16       	cp	r4, r22
    4448:	57 06       	cpc	r5, r23
    444a:	08 f0       	brcs	.+2      	; 0x444e <realloc+0xa6>
    444c:	58 c0       	rjmp	.+176    	; 0x44fe <realloc+0x156>
    444e:	80 91 1c 01 	lds	r24, 0x011C	; 0x80011c <__malloc_heap_end>
    4452:	90 91 1d 01 	lds	r25, 0x011D	; 0x80011d <__malloc_heap_end+0x1>
    4456:	00 97       	sbiw	r24, 0x00	; 0
    4458:	41 f4       	brne	.+16     	; 0x446a <realloc+0xc2>
    445a:	8d b7       	in	r24, 0x3d	; 61
    445c:	9e b7       	in	r25, 0x3e	; 62
    445e:	40 91 20 01 	lds	r20, 0x0120	; 0x800120 <__malloc_margin>
    4462:	50 91 21 01 	lds	r21, 0x0121	; 0x800121 <__malloc_margin+0x1>
    4466:	84 1b       	sub	r24, r20
    4468:	95 0b       	sbc	r25, r21
    446a:	e8 17       	cp	r30, r24
    446c:	f9 07       	cpc	r31, r25
    446e:	08 f0       	brcs	.+2      	; 0x4472 <realloc+0xca>
    4470:	55 c0       	rjmp	.+170    	; 0x451c <realloc+0x174>
    4472:	f0 93 1f 07 	sts	0x071F, r31	; 0x80071f <__brkval+0x1>
    4476:	e0 93 1e 07 	sts	0x071E, r30	; 0x80071e <__brkval>
    447a:	f9 01       	movw	r30, r18
    447c:	71 83       	std	Z+1, r23	; 0x01
    447e:	60 83       	st	Z, r22
    4480:	a0 cf       	rjmp	.-192    	; 0x43c2 <realloc+0x1a>
    4482:	8d 91       	ld	r24, X+
    4484:	9c 91       	ld	r25, X
    4486:	11 97       	sbiw	r26, 0x01	; 1
    4488:	12 96       	adiw	r26, 0x02	; 2
    448a:	6c 90       	ld	r6, X
    448c:	12 97       	sbiw	r26, 0x02	; 2
    448e:	13 96       	adiw	r26, 0x03	; 3
    4490:	7c 90       	ld	r7, X
    4492:	13 97       	sbiw	r26, 0x03	; 3
    4494:	a8 15       	cp	r26, r8
    4496:	b9 05       	cpc	r27, r9
    4498:	59 f5       	brne	.+86     	; 0x44f0 <realloc+0x148>
    449a:	6c 01       	movw	r12, r24
    449c:	42 e0       	ldi	r20, 0x02	; 2
    449e:	c4 0e       	add	r12, r20
    44a0:	d1 1c       	adc	r13, r1
    44a2:	ca 14       	cp	r12, r10
    44a4:	db 04       	cpc	r13, r11
    44a6:	20 f1       	brcs	.+72     	; 0x44f0 <realloc+0x148>
    44a8:	ac 01       	movw	r20, r24
    44aa:	4a 19       	sub	r20, r10
    44ac:	5b 09       	sbc	r21, r11
    44ae:	da 01       	movw	r26, r20
    44b0:	12 96       	adiw	r26, 0x02	; 2
    44b2:	15 97       	sbiw	r26, 0x05	; 5
    44b4:	80 f0       	brcs	.+32     	; 0x44d6 <realloc+0x12e>
    44b6:	62 82       	std	Z+2, r6	; 0x02
    44b8:	73 82       	std	Z+3, r7	; 0x03
    44ba:	51 83       	std	Z+1, r21	; 0x01
    44bc:	40 83       	st	Z, r20
    44be:	d9 01       	movw	r26, r18
    44c0:	6d 93       	st	X+, r22
    44c2:	7c 93       	st	X, r23
    44c4:	e1 14       	cp	r14, r1
    44c6:	f1 04       	cpc	r15, r1
    44c8:	71 f0       	breq	.+28     	; 0x44e6 <realloc+0x13e>
    44ca:	d7 01       	movw	r26, r14
    44cc:	13 96       	adiw	r26, 0x03	; 3
    44ce:	fc 93       	st	X, r31
    44d0:	ee 93       	st	-X, r30
    44d2:	12 97       	sbiw	r26, 0x02	; 2
    44d4:	76 cf       	rjmp	.-276    	; 0x43c2 <realloc+0x1a>
    44d6:	22 96       	adiw	r28, 0x02	; 2
    44d8:	8c 0f       	add	r24, r28
    44da:	9d 1f       	adc	r25, r29
    44dc:	f9 01       	movw	r30, r18
    44de:	91 83       	std	Z+1, r25	; 0x01
    44e0:	80 83       	st	Z, r24
    44e2:	f3 01       	movw	r30, r6
    44e4:	ef cf       	rjmp	.-34     	; 0x44c4 <realloc+0x11c>
    44e6:	f0 93 21 07 	sts	0x0721, r31	; 0x800721 <__flp+0x1>
    44ea:	e0 93 20 07 	sts	0x0720, r30	; 0x800720 <__flp>
    44ee:	69 cf       	rjmp	.-302    	; 0x43c2 <realloc+0x1a>
    44f0:	48 16       	cp	r4, r24
    44f2:	59 06       	cpc	r5, r25
    44f4:	08 f4       	brcc	.+2      	; 0x44f8 <realloc+0x150>
    44f6:	2c 01       	movw	r4, r24
    44f8:	7d 01       	movw	r14, r26
    44fa:	d3 01       	movw	r26, r6
    44fc:	9a cf       	rjmp	.-204    	; 0x4432 <realloc+0x8a>
    44fe:	cb 01       	movw	r24, r22
    4500:	0e 94 af 20 	call	0x415e	; 0x415e <malloc>
    4504:	7c 01       	movw	r14, r24
    4506:	00 97       	sbiw	r24, 0x00	; 0
    4508:	49 f0       	breq	.+18     	; 0x451c <realloc+0x174>
    450a:	ae 01       	movw	r20, r28
    450c:	b8 01       	movw	r22, r16
    450e:	0e 94 91 22 	call	0x4522	; 0x4522 <memcpy>
    4512:	c8 01       	movw	r24, r16
    4514:	0e 94 4b 21 	call	0x4296	; 0x4296 <free>
    4518:	87 01       	movw	r16, r14
    451a:	53 cf       	rjmp	.-346    	; 0x43c2 <realloc+0x1a>
    451c:	10 e0       	ldi	r17, 0x00	; 0
    451e:	00 e0       	ldi	r16, 0x00	; 0
    4520:	50 cf       	rjmp	.-352    	; 0x43c2 <realloc+0x1a>

00004522 <memcpy>:
memcpy():
    4522:	fb 01       	movw	r30, r22
    4524:	dc 01       	movw	r26, r24
    4526:	02 c0       	rjmp	.+4      	; 0x452c <memcpy+0xa>
    4528:	01 90       	ld	r0, Z+
    452a:	0d 92       	st	X+, r0
    452c:	41 50       	subi	r20, 0x01	; 1
    452e:	50 40       	sbci	r21, 0x00	; 0
    4530:	d8 f7       	brcc	.-10     	; 0x4528 <memcpy+0x6>
    4532:	08 95       	ret

00004534 <strcpy>:
strcpy():
    4534:	fb 01       	movw	r30, r22
    4536:	dc 01       	movw	r26, r24
    4538:	01 90       	ld	r0, Z+
    453a:	0d 92       	st	X+, r0
    453c:	00 20       	and	r0, r0
    453e:	e1 f7       	brne	.-8      	; 0x4538 <strcpy+0x4>
    4540:	08 95       	ret

00004542 <_exit>:
exit():
/home/jenkins/workspace/avr-gcc-staging/label/debian7-x86_64/gcc-build/avr/avr5/libgcc/../../../../gcc/libgcc/config/avr/lib1funcs.S:2278
    4542:	f8 94       	cli

00004544 <__stop_program>:
__stop_program():
/home/jenkins/workspace/avr-gcc-staging/label/debian7-x86_64/gcc-build/avr/avr5/libgcc/../../../../gcc/libgcc/config/avr/lib1funcs.S:2280
    4544:	ff cf       	rjmp	.-2      	; 0x4544 <__stop_program>
