
/home/oggy/.cache/arduino/sketches/C2BCAA055C09BC6E39F03F23FDD3DB91/padright_v1.5.2.ino.elf:     file format elf32-avr


Disassembly of section .text:

00000000 <__vectors>:
__vectors():
       0:	0c 94 6c 00 	jmp	0xd8	; 0xd8 <__ctors_end>
       4:	0c 94 6a 10 	jmp	0x20d4	; 0x20d4 <__vector_1>
       8:	0c 94 43 10 	jmp	0x2086	; 0x2086 <__vector_2>
       c:	0c 94 94 00 	jmp	0x128	; 0x128 <__bad_interrupt>
      10:	0c 94 94 00 	jmp	0x128	; 0x128 <__bad_interrupt>
      14:	0c 94 94 00 	jmp	0x128	; 0x128 <__bad_interrupt>
      18:	0c 94 94 00 	jmp	0x128	; 0x128 <__bad_interrupt>
      1c:	0c 94 94 00 	jmp	0x128	; 0x128 <__bad_interrupt>
      20:	0c 94 94 00 	jmp	0x128	; 0x128 <__bad_interrupt>
      24:	0c 94 94 00 	jmp	0x128	; 0x128 <__bad_interrupt>
      28:	0c 94 94 00 	jmp	0x128	; 0x128 <__bad_interrupt>
      2c:	0c 94 94 00 	jmp	0x128	; 0x128 <__bad_interrupt>
      30:	0c 94 94 00 	jmp	0x128	; 0x128 <__bad_interrupt>
      34:	0c 94 94 00 	jmp	0x128	; 0x128 <__bad_interrupt>
      38:	0c 94 94 00 	jmp	0x128	; 0x128 <__bad_interrupt>
      3c:	0c 94 94 00 	jmp	0x128	; 0x128 <__bad_interrupt>
      40:	0c 94 f9 0f 	jmp	0x1ff2	; 0x1ff2 <__vector_16>
      44:	0c 94 94 00 	jmp	0x128	; 0x128 <__bad_interrupt>
      48:	0c 94 b7 10 	jmp	0x216e	; 0x216e <__vector_18>
      4c:	0c 94 91 10 	jmp	0x2122	; 0x2122 <__vector_19>
      50:	0c 94 94 00 	jmp	0x128	; 0x128 <__bad_interrupt>
      54:	0c 94 94 00 	jmp	0x128	; 0x128 <__bad_interrupt>
      58:	0c 94 94 00 	jmp	0x128	; 0x128 <__bad_interrupt>
      5c:	0c 94 94 00 	jmp	0x128	; 0x128 <__bad_interrupt>
      60:	0c 94 94 00 	jmp	0x128	; 0x128 <__bad_interrupt>
      64:	0c 94 94 00 	jmp	0x128	; 0x128 <__bad_interrupt>

00000068 <__trampolines_end>:
__trampolines_start():
      68:	46 72       	andi	r20, 0x26	; 38
      6a:	69 73       	andi	r22, 0x39	; 57
      6c:	74 20       	and	r7, r4
      6e:	42 6f       	ori	r20, 0xF2	; 242
      70:	6f 74       	andi	r22, 0x4F	; 79
	...

00000073 <port_to_mode_PGM>:
      73:	00 00 00 00 24 00 27 00 2a 00                       ....$.'.*.

0000007d <port_to_output_PGM>:
      7d:	00 00 00 00 25 00 28 00 2b 00                       ....%.(.+.

00000087 <port_to_input_PGM>:
      87:	00 00 00 00 23 00 26 00 29 00                       ....#.&.).

00000091 <digital_pin_to_port_PGM>:
      91:	04 04 04 04 04 04 04 04 02 02 02 02 02 02 03 03     ................
      a1:	03 03 03 03 02 02 03                                .......

000000a8 <digital_pin_to_bit_mask_PGM>:
      a8:	01 02 04 08 10 20 40 80 01 02 04 08 10 20 01 02     ..... @...... ..
      b8:	04 08 10 20 40 80 40                                ... @.@

000000bf <digital_pin_to_timer_PGM>:
      bf:	00 00 00 09 00 03 02 00 00 04 05 08 00 00 00 00     ................
      cf:	00 00 00 00 00 00 00                                .......

000000d6 <__ctors_start>:
__ctors_start():
      d6:	e9 10       	cpse	r14, r9

000000d8 <__ctors_end>:
__dtors_end():
      d8:	11 24       	eor	r1, r1
      da:	1f be       	out	0x3f, r1	; 63
      dc:	cf ef       	ldi	r28, 0xFF	; 255
      de:	d8 e0       	ldi	r29, 0x08	; 8
      e0:	de bf       	out	0x3e, r29	; 62
      e2:	cd bf       	out	0x3d, r28	; 61

000000e4 <__do_clear_bss>:
__do_clear_bss():
/home/jenkins/workspace/avr-gcc-staging/label/debian7-x86_64/gcc-build/avr/avr5/libgcc/../../../../gcc/libgcc/config/avr/lib1funcs.S:2441
      e4:	27 e0       	ldi	r18, 0x07	; 7
/home/jenkins/workspace/avr-gcc-staging/label/debian7-x86_64/gcc-build/avr/avr5/libgcc/../../../../gcc/libgcc/config/avr/lib1funcs.S:2442
      e6:	ac e1       	ldi	r26, 0x1C	; 28
/home/jenkins/workspace/avr-gcc-staging/label/debian7-x86_64/gcc-build/avr/avr5/libgcc/../../../../gcc/libgcc/config/avr/lib1funcs.S:2443
      e8:	b6 e0       	ldi	r27, 0x06	; 6
/home/jenkins/workspace/avr-gcc-staging/label/debian7-x86_64/gcc-build/avr/avr5/libgcc/../../../../gcc/libgcc/config/avr/lib1funcs.S:2444
      ea:	01 c0       	rjmp	.+2      	; 0xee <.do_clear_bss_start>

000000ec <.do_clear_bss_loop>:
/home/jenkins/workspace/avr-gcc-staging/label/debian7-x86_64/gcc-build/avr/avr5/libgcc/../../../../gcc/libgcc/config/avr/lib1funcs.S:2446
      ec:	1d 92       	st	X+, r1

000000ee <.do_clear_bss_start>:
/home/jenkins/workspace/avr-gcc-staging/label/debian7-x86_64/gcc-build/avr/avr5/libgcc/../../../../gcc/libgcc/config/avr/lib1funcs.S:2448
      ee:	a7 34       	cpi	r26, 0x47	; 71
/home/jenkins/workspace/avr-gcc-staging/label/debian7-x86_64/gcc-build/avr/avr5/libgcc/../../../../gcc/libgcc/config/avr/lib1funcs.S:2449
      f0:	b2 07       	cpc	r27, r18
/home/jenkins/workspace/avr-gcc-staging/label/debian7-x86_64/gcc-build/avr/avr5/libgcc/../../../../gcc/libgcc/config/avr/lib1funcs.S:2450
      f2:	e1 f7       	brne	.-8      	; 0xec <.do_clear_bss_loop>

000000f4 <__do_copy_data>:
__do_copy_data():
/home/jenkins/workspace/avr-gcc-staging/label/debian7-x86_64/gcc-build/avr/avr5/libgcc/../../../../gcc/libgcc/config/avr/lib1funcs.S:2409
      f4:	16 e0       	ldi	r17, 0x06	; 6
/home/jenkins/workspace/avr-gcc-staging/label/debian7-x86_64/gcc-build/avr/avr5/libgcc/../../../../gcc/libgcc/config/avr/lib1funcs.S:2410
      f6:	a0 e0       	ldi	r26, 0x00	; 0
/home/jenkins/workspace/avr-gcc-staging/label/debian7-x86_64/gcc-build/avr/avr5/libgcc/../../../../gcc/libgcc/config/avr/lib1funcs.S:2411
      f8:	b1 e0       	ldi	r27, 0x01	; 1
/home/jenkins/workspace/avr-gcc-staging/label/debian7-x86_64/gcc-build/avr/avr5/libgcc/../../../../gcc/libgcc/config/avr/lib1funcs.S:2412
      fa:	ec e4       	ldi	r30, 0x4C	; 76
/home/jenkins/workspace/avr-gcc-staging/label/debian7-x86_64/gcc-build/avr/avr5/libgcc/../../../../gcc/libgcc/config/avr/lib1funcs.S:2413
      fc:	fa e4       	ldi	r31, 0x4A	; 74
/home/jenkins/workspace/avr-gcc-staging/label/debian7-x86_64/gcc-build/avr/avr5/libgcc/../../../../gcc/libgcc/config/avr/lib1funcs.S:2414
      fe:	02 c0       	rjmp	.+4      	; 0x104 <__do_copy_data+0x10>
/home/jenkins/workspace/avr-gcc-staging/label/debian7-x86_64/gcc-build/avr/avr5/libgcc/../../../../gcc/libgcc/config/avr/lib1funcs.S:2417
     100:	05 90       	lpm	r0, Z+
/home/jenkins/workspace/avr-gcc-staging/label/debian7-x86_64/gcc-build/avr/avr5/libgcc/../../../../gcc/libgcc/config/avr/lib1funcs.S:2422
     102:	0d 92       	st	X+, r0
/home/jenkins/workspace/avr-gcc-staging/label/debian7-x86_64/gcc-build/avr/avr5/libgcc/../../../../gcc/libgcc/config/avr/lib1funcs.S:2424
     104:	ac 31       	cpi	r26, 0x1C	; 28
/home/jenkins/workspace/avr-gcc-staging/label/debian7-x86_64/gcc-build/avr/avr5/libgcc/../../../../gcc/libgcc/config/avr/lib1funcs.S:2425
     106:	b1 07       	cpc	r27, r17
/home/jenkins/workspace/avr-gcc-staging/label/debian7-x86_64/gcc-build/avr/avr5/libgcc/../../../../gcc/libgcc/config/avr/lib1funcs.S:2426
     108:	d9 f7       	brne	.-10     	; 0x100 <__do_copy_data+0xc>

0000010a <__do_global_ctors>:
__do_global_ctors():
/home/jenkins/workspace/avr-gcc-staging/label/debian7-x86_64/gcc-build/avr/avr5/libgcc/../../../../gcc/libgcc/config/avr/lib1funcs.S:2466
     10a:	10 e0       	ldi	r17, 0x00	; 0
/home/jenkins/workspace/avr-gcc-staging/label/debian7-x86_64/gcc-build/avr/avr5/libgcc/../../../../gcc/libgcc/config/avr/lib1funcs.S:2467
     10c:	cc e6       	ldi	r28, 0x6C	; 108
/home/jenkins/workspace/avr-gcc-staging/label/debian7-x86_64/gcc-build/avr/avr5/libgcc/../../../../gcc/libgcc/config/avr/lib1funcs.S:2468
     10e:	d0 e0       	ldi	r29, 0x00	; 0
/home/jenkins/workspace/avr-gcc-staging/label/debian7-x86_64/gcc-build/avr/avr5/libgcc/../../../../gcc/libgcc/config/avr/lib1funcs.S:2472
     110:	04 c0       	rjmp	.+8      	; 0x11a <__do_global_ctors+0x10>
/home/jenkins/workspace/avr-gcc-staging/label/debian7-x86_64/gcc-build/avr/avr5/libgcc/../../../../gcc/libgcc/config/avr/lib1funcs.S:2474
     112:	21 97       	sbiw	r28, 0x01	; 1
/home/jenkins/workspace/avr-gcc-staging/label/debian7-x86_64/gcc-build/avr/avr5/libgcc/../../../../gcc/libgcc/config/avr/lib1funcs.S:2480
     114:	fe 01       	movw	r30, r28
/home/jenkins/workspace/avr-gcc-staging/label/debian7-x86_64/gcc-build/avr/avr5/libgcc/../../../../gcc/libgcc/config/avr/lib1funcs.S:2481
     116:	0e 94 18 23 	call	0x4630	; 0x4630 <__tablejump2__>
/home/jenkins/workspace/avr-gcc-staging/label/debian7-x86_64/gcc-build/avr/avr5/libgcc/../../../../gcc/libgcc/config/avr/lib1funcs.S:2483
     11a:	cb 36       	cpi	r28, 0x6B	; 107
/home/jenkins/workspace/avr-gcc-staging/label/debian7-x86_64/gcc-build/avr/avr5/libgcc/../../../../gcc/libgcc/config/avr/lib1funcs.S:2484
     11c:	d1 07       	cpc	r29, r17
/home/jenkins/workspace/avr-gcc-staging/label/debian7-x86_64/gcc-build/avr/avr5/libgcc/../../../../gcc/libgcc/config/avr/lib1funcs.S:2489
     11e:	c9 f7       	brne	.-14     	; 0x112 <__do_global_ctors+0x8>
     120:	0e 94 66 11 	call	0x22cc	; 0x22cc <main>
     124:	0c 94 24 25 	jmp	0x4a48	; 0x4a48 <_exit>

00000128 <__bad_interrupt>:
__vector_22():
     128:	0c 94 00 00 	jmp	0	; 0x0 <__vectors>

0000012c <SPIClass::beginTransaction(SPISettings) [clone .constprop.44]>:
beginTransaction():
/home/oggy/.arduino15/packages/MiniCore/hardware/avr/3.1.2/libraries/SPI/src/SPI.h:206
      digitalWrite(SPI_TRANSACTION_MISMATCH_LED, HIGH);
    }
    inTransactionFlag = 1;
    #endif

    SPCR = settings.spcr;
     12c:	8c bd       	out	0x2c, r24	; 44
/home/oggy/.arduino15/packages/MiniCore/hardware/avr/3.1.2/libraries/SPI/src/SPI.h:207
    SPSR = settings.spsr;
     12e:	9d bd       	out	0x2d, r25	; 45
/home/oggy/.arduino15/packages/MiniCore/hardware/avr/3.1.2/libraries/SPI/src/SPI.h:208
  }
     130:	08 95       	ret

00000132 <turnOffPWM>:
turnOffPWM():
/home/oggy/.arduino15/packages/MiniCore/hardware/avr/3.1.2/cores/MCUdude_corefiles/wiring_digital.c:77
//
//static inline void turnOffPWM(uint8_t timer) __attribute__ ((always_inline));
//static inline void turnOffPWM(uint8_t timer)
static void turnOffPWM(uint8_t timer)
{
  switch (timer)
     132:	84 30       	cpi	r24, 0x04	; 4
     134:	81 f0       	breq	.+32     	; 0x156 <turnOffPWM+0x24>
     136:	28 f4       	brcc	.+10     	; 0x142 <turnOffPWM+0x10>
     138:	82 30       	cpi	r24, 0x02	; 2
     13a:	e9 f0       	breq	.+58     	; 0x176 <turnOffPWM+0x44>
     13c:	83 30       	cpi	r24, 0x03	; 3
     13e:	f9 f0       	breq	.+62     	; 0x17e <turnOffPWM+0x4c>
     140:	08 95       	ret
     142:	88 30       	cpi	r24, 0x08	; 8
     144:	71 f0       	breq	.+28     	; 0x162 <turnOffPWM+0x30>
     146:	89 30       	cpi	r24, 0x09	; 9
     148:	91 f0       	breq	.+36     	; 0x16e <turnOffPWM+0x3c>
     14a:	85 30       	cpi	r24, 0x05	; 5
     14c:	b9 f4       	brne	.+46     	; 0x17c <turnOffPWM+0x4a>
/home/oggy/.arduino15/packages/MiniCore/hardware/avr/3.1.2/cores/MCUdude_corefiles/wiring_digital.c:87
        TCCR1A &= ~_BV(COM1A1);
        break;
    #endif
    #if defined(TCCR1A) && defined(COM1B1)
      case TIMER1B:
        TCCR1A &= ~_BV(COM1B1);
     14e:	80 91 80 00 	lds	r24, 0x0080	; 0x800080 <__DATA_REGION_ORIGIN__+0x20>
     152:	8f 7d       	andi	r24, 0xDF	; 223
     154:	03 c0       	rjmp	.+6      	; 0x15c <turnOffPWM+0x2a>
/home/oggy/.arduino15/packages/MiniCore/hardware/avr/3.1.2/cores/MCUdude_corefiles/wiring_digital.c:82
  switch (timer)
  {
    // Timer1
    #if defined(TCCR1A) && defined(COM1A1)
      case TIMER1A:
        TCCR1A &= ~_BV(COM1A1);
     156:	80 91 80 00 	lds	r24, 0x0080	; 0x800080 <__DATA_REGION_ORIGIN__+0x20>
     15a:	8f 77       	andi	r24, 0x7F	; 127
/home/oggy/.arduino15/packages/MiniCore/hardware/avr/3.1.2/cores/MCUdude_corefiles/wiring_digital.c:87
        break;
    #endif
    #if defined(TCCR1A) && defined(COM1B1)
      case TIMER1B:
        TCCR1A &= ~_BV(COM1B1);
     15c:	80 93 80 00 	sts	0x0080, r24	; 0x800080 <__DATA_REGION_ORIGIN__+0x20>
     160:	08 95       	ret
/home/oggy/.arduino15/packages/MiniCore/hardware/avr/3.1.2/cores/MCUdude_corefiles/wiring_digital.c:104
        TCCR2 &= ~_BV(COM21);
        break;
    #endif
    #if defined(TCCR2A) && defined(COM2A1)
      case TIMER2A:
        TCCR2A &= ~_BV(COM2A1);
     162:	80 91 b0 00 	lds	r24, 0x00B0	; 0x8000b0 <__DATA_REGION_ORIGIN__+0x50>
     166:	8f 77       	andi	r24, 0x7F	; 127
/home/oggy/.arduino15/packages/MiniCore/hardware/avr/3.1.2/cores/MCUdude_corefiles/wiring_digital.c:109
        break;
    #endif
    #if defined(TCCR2A) && defined(COM2B1)
      case TIMER2B:
        TCCR2A &= ~_BV(COM2B1);
     168:	80 93 b0 00 	sts	0x00B0, r24	; 0x8000b0 <__DATA_REGION_ORIGIN__+0x50>
     16c:	08 95       	ret
     16e:	80 91 b0 00 	lds	r24, 0x00B0	; 0x8000b0 <__DATA_REGION_ORIGIN__+0x50>
     172:	8f 7d       	andi	r24, 0xDF	; 223
     174:	f9 cf       	rjmp	.-14     	; 0x168 <turnOffPWM+0x36>
/home/oggy/.arduino15/packages/MiniCore/hardware/avr/3.1.2/cores/MCUdude_corefiles/wiring_digital.c:176
        TCCR0 &= ~_BV(COM01);
        break;
    #endif
    #if defined(TCCR0A) && defined(COM0A1)
      case TIMER0A:
        TCCR0A &= ~_BV(COM0A1);
     176:	84 b5       	in	r24, 0x24	; 36
     178:	8f 77       	andi	r24, 0x7F	; 127
/home/oggy/.arduino15/packages/MiniCore/hardware/avr/3.1.2/cores/MCUdude_corefiles/wiring_digital.c:181
        break;
    #endif
    #if defined(TCCR0A) && defined(COM0B1)
      case TIMER0B:
        TCCR0A &= ~_BV(COM0B1);
     17a:	84 bd       	out	0x24, r24	; 36
/home/oggy/.arduino15/packages/MiniCore/hardware/avr/3.1.2/cores/MCUdude_corefiles/wiring_digital.c:185
        break;
    #endif
  }
}
     17c:	08 95       	ret
/home/oggy/.arduino15/packages/MiniCore/hardware/avr/3.1.2/cores/MCUdude_corefiles/wiring_digital.c:181
        TCCR0A &= ~_BV(COM0A1);
        break;
    #endif
    #if defined(TCCR0A) && defined(COM0B1)
      case TIMER0B:
        TCCR0A &= ~_BV(COM0B1);
     17e:	84 b5       	in	r24, 0x24	; 36
     180:	8f 7d       	andi	r24, 0xDF	; 223
     182:	fb cf       	rjmp	.-10     	; 0x17a <turnOffPWM+0x48>

00000184 <digitalRead>:
digitalRead():
/home/oggy/.arduino15/packages/MiniCore/hardware/avr/3.1.2/cores/MCUdude_corefiles/wiring_digital.c:215

  SREG = oldSREG;
}

int digitalRead(uint8_t pin)
{
     184:	cf 93       	push	r28
     186:	df 93       	push	r29
/home/oggy/.arduino15/packages/MiniCore/hardware/avr/3.1.2/cores/MCUdude_corefiles/wiring_digital.c:216
  uint8_t timer = digitalPinToTimer(pin);
     188:	28 2f       	mov	r18, r24
     18a:	30 e0       	ldi	r19, 0x00	; 0
     18c:	f9 01       	movw	r30, r18
     18e:	e1 54       	subi	r30, 0x41	; 65
     190:	ff 4f       	sbci	r31, 0xFF	; 255
     192:	84 91       	lpm	r24, Z
/home/oggy/.arduino15/packages/MiniCore/hardware/avr/3.1.2/cores/MCUdude_corefiles/wiring_digital.c:217
  uint8_t bit = digitalPinToBitMask(pin);
     194:	f9 01       	movw	r30, r18
     196:	e8 55       	subi	r30, 0x58	; 88
     198:	ff 4f       	sbci	r31, 0xFF	; 255
     19a:	d4 91       	lpm	r29, Z
/home/oggy/.arduino15/packages/MiniCore/hardware/avr/3.1.2/cores/MCUdude_corefiles/wiring_digital.c:218
  uint8_t port = digitalPinToPort(pin);
     19c:	f9 01       	movw	r30, r18
     19e:	ef 56       	subi	r30, 0x6F	; 111
     1a0:	ff 4f       	sbci	r31, 0xFF	; 255
     1a2:	c4 91       	lpm	r28, Z
/home/oggy/.arduino15/packages/MiniCore/hardware/avr/3.1.2/cores/MCUdude_corefiles/wiring_digital.c:220

  if (port == NOT_A_PIN) return LOW;
     1a4:	cc 23       	and	r28, r28
     1a6:	a1 f0       	breq	.+40     	; 0x1d0 <digitalRead+0x4c>
/home/oggy/.arduino15/packages/MiniCore/hardware/avr/3.1.2/cores/MCUdude_corefiles/wiring_digital.c:224

  // If the pin that support PWM output, we need to turn it off
  // before getting a digital reading.
  if (timer != NOT_ON_TIMER) turnOffPWM(timer);
     1a8:	81 11       	cpse	r24, r1
     1aa:	0e 94 99 00 	call	0x132	; 0x132 <turnOffPWM>
/home/oggy/.arduino15/packages/MiniCore/hardware/avr/3.1.2/cores/MCUdude_corefiles/wiring_digital.c:226

  if (*portInputRegister(port) & bit) return HIGH;
     1ae:	ec 2f       	mov	r30, r28
     1b0:	f0 e0       	ldi	r31, 0x00	; 0
     1b2:	ee 0f       	add	r30, r30
     1b4:	ff 1f       	adc	r31, r31
     1b6:	e9 57       	subi	r30, 0x79	; 121
     1b8:	ff 4f       	sbci	r31, 0xFF	; 255
     1ba:	a5 91       	lpm	r26, Z+
     1bc:	b4 91       	lpm	r27, Z
     1be:	ec 91       	ld	r30, X
     1c0:	ed 23       	and	r30, r29
     1c2:	81 e0       	ldi	r24, 0x01	; 1
     1c4:	90 e0       	ldi	r25, 0x00	; 0
     1c6:	09 f4       	brne	.+2      	; 0x1ca <digitalRead+0x46>
     1c8:	80 e0       	ldi	r24, 0x00	; 0
/home/oggy/.arduino15/packages/MiniCore/hardware/avr/3.1.2/cores/MCUdude_corefiles/wiring_digital.c:228
  return LOW;
}
     1ca:	df 91       	pop	r29
     1cc:	cf 91       	pop	r28
     1ce:	08 95       	ret
/home/oggy/.arduino15/packages/MiniCore/hardware/avr/3.1.2/cores/MCUdude_corefiles/wiring_digital.c:220
{
  uint8_t timer = digitalPinToTimer(pin);
  uint8_t bit = digitalPinToBitMask(pin);
  uint8_t port = digitalPinToPort(pin);

  if (port == NOT_A_PIN) return LOW;
     1d0:	80 e0       	ldi	r24, 0x00	; 0
     1d2:	90 e0       	ldi	r25, 0x00	; 0
     1d4:	fa cf       	rjmp	.-12     	; 0x1ca <digitalRead+0x46>

000001d6 <digitalWrite>:
digitalWrite():
/home/oggy/.arduino15/packages/MiniCore/hardware/avr/3.1.2/cores/MCUdude_corefiles/wiring_digital.c:188
    #endif
  }
}

void digitalWrite(uint8_t pin, uint8_t val)
{
     1d6:	1f 93       	push	r17
     1d8:	cf 93       	push	r28
     1da:	df 93       	push	r29
/home/oggy/.arduino15/packages/MiniCore/hardware/avr/3.1.2/cores/MCUdude_corefiles/wiring_digital.c:189
  uint8_t timer = digitalPinToTimer(pin);
     1dc:	28 2f       	mov	r18, r24
     1de:	30 e0       	ldi	r19, 0x00	; 0
     1e0:	f9 01       	movw	r30, r18
     1e2:	e1 54       	subi	r30, 0x41	; 65
     1e4:	ff 4f       	sbci	r31, 0xFF	; 255
     1e6:	84 91       	lpm	r24, Z
/home/oggy/.arduino15/packages/MiniCore/hardware/avr/3.1.2/cores/MCUdude_corefiles/wiring_digital.c:190
  uint8_t bit = digitalPinToBitMask(pin);
     1e8:	f9 01       	movw	r30, r18
     1ea:	e8 55       	subi	r30, 0x58	; 88
     1ec:	ff 4f       	sbci	r31, 0xFF	; 255
     1ee:	d4 91       	lpm	r29, Z
/home/oggy/.arduino15/packages/MiniCore/hardware/avr/3.1.2/cores/MCUdude_corefiles/wiring_digital.c:191
  uint8_t port = digitalPinToPort(pin);
     1f0:	f9 01       	movw	r30, r18
     1f2:	ef 56       	subi	r30, 0x6F	; 111
     1f4:	ff 4f       	sbci	r31, 0xFF	; 255
     1f6:	c4 91       	lpm	r28, Z
/home/oggy/.arduino15/packages/MiniCore/hardware/avr/3.1.2/cores/MCUdude_corefiles/wiring_digital.c:194
  volatile uint8_t *out;

  if (port == NOT_A_PIN) return;
     1f8:	cc 23       	and	r28, r28
     1fa:	a9 f0       	breq	.+42     	; 0x226 <digitalWrite+0x50>
     1fc:	16 2f       	mov	r17, r22
/home/oggy/.arduino15/packages/MiniCore/hardware/avr/3.1.2/cores/MCUdude_corefiles/wiring_digital.c:198

  // If the pin that support PWM output, we need to turn it off
  // before doing a digital write.
  if (timer != NOT_ON_TIMER) turnOffPWM(timer);
     1fe:	81 11       	cpse	r24, r1
     200:	0e 94 99 00 	call	0x132	; 0x132 <turnOffPWM>
/home/oggy/.arduino15/packages/MiniCore/hardware/avr/3.1.2/cores/MCUdude_corefiles/wiring_digital.c:200

  out = portOutputRegister(port);
     204:	ec 2f       	mov	r30, r28
     206:	f0 e0       	ldi	r31, 0x00	; 0
     208:	ee 0f       	add	r30, r30
     20a:	ff 1f       	adc	r31, r31
     20c:	e3 58       	subi	r30, 0x83	; 131
     20e:	ff 4f       	sbci	r31, 0xFF	; 255
     210:	a5 91       	lpm	r26, Z+
     212:	b4 91       	lpm	r27, Z
/home/oggy/.arduino15/packages/MiniCore/hardware/avr/3.1.2/cores/MCUdude_corefiles/wiring_digital.c:202

  uint8_t oldSREG = SREG;
     214:	8f b7       	in	r24, 0x3f	; 63
/home/oggy/.arduino15/packages/MiniCore/hardware/avr/3.1.2/cores/MCUdude_corefiles/wiring_digital.c:203
  cli();
     216:	f8 94       	cli
/home/oggy/.arduino15/packages/MiniCore/hardware/avr/3.1.2/cores/MCUdude_corefiles/wiring_digital.c:206

  if (val == LOW) {
    *out &= ~bit;
     218:	ec 91       	ld	r30, X
/home/oggy/.arduino15/packages/MiniCore/hardware/avr/3.1.2/cores/MCUdude_corefiles/wiring_digital.c:205
  out = portOutputRegister(port);

  uint8_t oldSREG = SREG;
  cli();

  if (val == LOW) {
     21a:	11 11       	cpse	r17, r1
     21c:	08 c0       	rjmp	.+16     	; 0x22e <digitalWrite+0x58>
/home/oggy/.arduino15/packages/MiniCore/hardware/avr/3.1.2/cores/MCUdude_corefiles/wiring_digital.c:206
    *out &= ~bit;
     21e:	d0 95       	com	r29
     220:	de 23       	and	r29, r30
/home/oggy/.arduino15/packages/MiniCore/hardware/avr/3.1.2/cores/MCUdude_corefiles/wiring_digital.c:208
  } else {
    *out |= bit;
     222:	dc 93       	st	X, r29
/home/oggy/.arduino15/packages/MiniCore/hardware/avr/3.1.2/cores/MCUdude_corefiles/wiring_digital.c:211
  }

  SREG = oldSREG;
     224:	8f bf       	out	0x3f, r24	; 63
/home/oggy/.arduino15/packages/MiniCore/hardware/avr/3.1.2/cores/MCUdude_corefiles/wiring_digital.c:212
}
     226:	df 91       	pop	r29
     228:	cf 91       	pop	r28
     22a:	1f 91       	pop	r17
     22c:	08 95       	ret
/home/oggy/.arduino15/packages/MiniCore/hardware/avr/3.1.2/cores/MCUdude_corefiles/wiring_digital.c:208
  cli();

  if (val == LOW) {
    *out &= ~bit;
  } else {
    *out |= bit;
     22e:	de 2b       	or	r29, r30
     230:	f8 cf       	rjmp	.-16     	; 0x222 <digitalWrite+0x4c>

00000232 <pinMode>:
pinMode():
/home/oggy/.arduino15/packages/MiniCore/hardware/avr/3.1.2/cores/MCUdude_corefiles/wiring_digital.c:30
#define ARDUINO_MAIN
#include "wiring_private.h"
#include "pins_arduino.h"

void pinMode(uint8_t pin, uint8_t mode)
{
     232:	cf 93       	push	r28
     234:	df 93       	push	r29
/home/oggy/.arduino15/packages/MiniCore/hardware/avr/3.1.2/cores/MCUdude_corefiles/wiring_digital.c:31
  uint8_t bit = digitalPinToBitMask(pin);
     236:	90 e0       	ldi	r25, 0x00	; 0
     238:	fc 01       	movw	r30, r24
     23a:	e8 55       	subi	r30, 0x58	; 88
     23c:	ff 4f       	sbci	r31, 0xFF	; 255
     23e:	24 91       	lpm	r18, Z
/home/oggy/.arduino15/packages/MiniCore/hardware/avr/3.1.2/cores/MCUdude_corefiles/wiring_digital.c:32
  uint8_t port = digitalPinToPort(pin);
     240:	8f 56       	subi	r24, 0x6F	; 111
     242:	9f 4f       	sbci	r25, 0xFF	; 255
     244:	fc 01       	movw	r30, r24
     246:	84 91       	lpm	r24, Z
/home/oggy/.arduino15/packages/MiniCore/hardware/avr/3.1.2/cores/MCUdude_corefiles/wiring_digital.c:35
  volatile uint8_t *reg, *out;

  if (port == NOT_A_PIN) return;
     248:	88 23       	and	r24, r24
     24a:	c9 f0       	breq	.+50     	; 0x27e <pinMode+0x4c>
/home/oggy/.arduino15/packages/MiniCore/hardware/avr/3.1.2/cores/MCUdude_corefiles/wiring_digital.c:38

  // JWS: can I let the optimizer do this?
  reg = portModeRegister(port);
     24c:	90 e0       	ldi	r25, 0x00	; 0
     24e:	88 0f       	add	r24, r24
     250:	99 1f       	adc	r25, r25
     252:	fc 01       	movw	r30, r24
     254:	ed 58       	subi	r30, 0x8D	; 141
     256:	ff 4f       	sbci	r31, 0xFF	; 255
     258:	a5 91       	lpm	r26, Z+
     25a:	b4 91       	lpm	r27, Z
/home/oggy/.arduino15/packages/MiniCore/hardware/avr/3.1.2/cores/MCUdude_corefiles/wiring_digital.c:39
  out = portOutputRegister(port);
     25c:	fc 01       	movw	r30, r24
     25e:	e3 58       	subi	r30, 0x83	; 131
     260:	ff 4f       	sbci	r31, 0xFF	; 255
     262:	c5 91       	lpm	r28, Z+
     264:	d4 91       	lpm	r29, Z
/home/oggy/.arduino15/packages/MiniCore/hardware/avr/3.1.2/cores/MCUdude_corefiles/wiring_digital.c:41

  if (mode == INPUT) { 
     266:	61 11       	cpse	r22, r1
     268:	0d c0       	rjmp	.+26     	; 0x284 <pinMode+0x52>
/home/oggy/.arduino15/packages/MiniCore/hardware/avr/3.1.2/cores/MCUdude_corefiles/wiring_digital.c:42
    uint8_t oldSREG = SREG;
     26a:	9f b7       	in	r25, 0x3f	; 63
/home/oggy/.arduino15/packages/MiniCore/hardware/avr/3.1.2/cores/MCUdude_corefiles/wiring_digital.c:43
    cli();
     26c:	f8 94       	cli
/home/oggy/.arduino15/packages/MiniCore/hardware/avr/3.1.2/cores/MCUdude_corefiles/wiring_digital.c:44
    *reg &= ~bit;
     26e:	8c 91       	ld	r24, X
     270:	20 95       	com	r18
     272:	82 23       	and	r24, r18
     274:	8c 93       	st	X, r24
/home/oggy/.arduino15/packages/MiniCore/hardware/avr/3.1.2/cores/MCUdude_corefiles/wiring_digital.c:45
    *out &= ~bit;
     276:	88 81       	ld	r24, Y
     278:	28 23       	and	r18, r24
/home/oggy/.arduino15/packages/MiniCore/hardware/avr/3.1.2/cores/MCUdude_corefiles/wiring_digital.c:51
    SREG = oldSREG;
  } else if (mode == INPUT_PULLUP) {
    uint8_t oldSREG = SREG;
    cli();
    *reg &= ~bit;
    *out |= bit;
     27a:	28 83       	st	Y, r18
/home/oggy/.arduino15/packages/MiniCore/hardware/avr/3.1.2/cores/MCUdude_corefiles/wiring_digital.c:52
    SREG = oldSREG;
     27c:	9f bf       	out	0x3f, r25	; 63
/home/oggy/.arduino15/packages/MiniCore/hardware/avr/3.1.2/cores/MCUdude_corefiles/wiring_digital.c:59
    uint8_t oldSREG = SREG;
    cli();
    *reg |= bit;
    SREG = oldSREG;
  }
}
     27e:	df 91       	pop	r29
     280:	cf 91       	pop	r28
     282:	08 95       	ret
/home/oggy/.arduino15/packages/MiniCore/hardware/avr/3.1.2/cores/MCUdude_corefiles/wiring_digital.c:47
    uint8_t oldSREG = SREG;
    cli();
    *reg &= ~bit;
    *out &= ~bit;
    SREG = oldSREG;
  } else if (mode == INPUT_PULLUP) {
     284:	62 30       	cpi	r22, 0x02	; 2
     286:	51 f4       	brne	.+20     	; 0x29c <pinMode+0x6a>
/home/oggy/.arduino15/packages/MiniCore/hardware/avr/3.1.2/cores/MCUdude_corefiles/wiring_digital.c:48
    uint8_t oldSREG = SREG;
     288:	9f b7       	in	r25, 0x3f	; 63
/home/oggy/.arduino15/packages/MiniCore/hardware/avr/3.1.2/cores/MCUdude_corefiles/wiring_digital.c:49
    cli();
     28a:	f8 94       	cli
/home/oggy/.arduino15/packages/MiniCore/hardware/avr/3.1.2/cores/MCUdude_corefiles/wiring_digital.c:50
    *reg &= ~bit;
     28c:	3c 91       	ld	r19, X
     28e:	82 2f       	mov	r24, r18
     290:	80 95       	com	r24
     292:	83 23       	and	r24, r19
     294:	8c 93       	st	X, r24
/home/oggy/.arduino15/packages/MiniCore/hardware/avr/3.1.2/cores/MCUdude_corefiles/wiring_digital.c:51
    *out |= bit;
     296:	e8 81       	ld	r30, Y
     298:	2e 2b       	or	r18, r30
     29a:	ef cf       	rjmp	.-34     	; 0x27a <pinMode+0x48>
/home/oggy/.arduino15/packages/MiniCore/hardware/avr/3.1.2/cores/MCUdude_corefiles/wiring_digital.c:54
    SREG = oldSREG;
  } else {
    uint8_t oldSREG = SREG;
     29c:	8f b7       	in	r24, 0x3f	; 63
/home/oggy/.arduino15/packages/MiniCore/hardware/avr/3.1.2/cores/MCUdude_corefiles/wiring_digital.c:55
    cli();
     29e:	f8 94       	cli
/home/oggy/.arduino15/packages/MiniCore/hardware/avr/3.1.2/cores/MCUdude_corefiles/wiring_digital.c:56
    *reg |= bit;
     2a0:	ec 91       	ld	r30, X
     2a2:	2e 2b       	or	r18, r30
     2a4:	2c 93       	st	X, r18
/home/oggy/.arduino15/packages/MiniCore/hardware/avr/3.1.2/cores/MCUdude_corefiles/wiring_digital.c:57
    SREG = oldSREG;
     2a6:	8f bf       	out	0x3f, r24	; 63
     2a8:	ea cf       	rjmp	.-44     	; 0x27e <pinMode+0x4c>

000002aa <delayMicroseconds>:
delayMicroseconds():
/home/oggy/.arduino15/packages/MiniCore/hardware/avr/3.1.2/cores/MCUdude_corefiles/wiring.c:619
  us -= 7; // = 2 cycles

#elif F_CPU >= 16000000L
  // for a one-microsecond delay, simply return.  the overhead
  // of the function call takes 14 (16) cycles, which is 1 us
  if (us <= 1) return; //  = 3 cycles, (4 when true)
     2aa:	81 30       	cpi	r24, 0x01	; 1
     2ac:	91 05       	cpc	r25, r1
     2ae:	39 f0       	breq	.+14     	; 0x2be <delayMicroseconds+0x14>
/home/oggy/.arduino15/packages/MiniCore/hardware/avr/3.1.2/cores/MCUdude_corefiles/wiring.c:624

  // the following loop takes 1/4 of a microsecond (4 cycles)
  // per iteration, so execute it four times for each microsecond of
  // delay requested.
  us <<= 2; // x4 us, = 4 cycles
     2b0:	88 0f       	add	r24, r24
     2b2:	99 1f       	adc	r25, r25
     2b4:	88 0f       	add	r24, r24
     2b6:	99 1f       	adc	r25, r25
/home/oggy/.arduino15/packages/MiniCore/hardware/avr/3.1.2/cores/MCUdude_corefiles/wiring.c:629

  // account for the time taken in the preceeding commands.
  // we just burned 19 (21) cycles above, remove 5, (5*4=20)
  // to 2nd us is at least 8 so we can substract 5
  us -= 5; // = 2 cycles,
     2b8:	05 97       	sbiw	r24, 0x05	; 5
/home/oggy/.arduino15/packages/MiniCore/hardware/avr/3.1.2/cores/MCUdude_corefiles/wiring.c:929
  us >>= 2; // us div 4, = 4 cycles

#endif

  // busy wait
  __asm__ __volatile__ (
     2ba:	01 97       	sbiw	r24, 0x01	; 1
     2bc:	f1 f7       	brne	.-4      	; 0x2ba <delayMicroseconds+0x10>
/home/oggy/.arduino15/packages/MiniCore/hardware/avr/3.1.2/cores/MCUdude_corefiles/wiring.c:939
    "   brne 1b"                     // 2 cycles
    : /* no outputs */
    : "w" (us)
  );
  // return = 4 cycles
}
     2be:	08 95       	ret

000002c0 <micros>:
micros():
/home/oggy/.arduino15/packages/MiniCore/hardware/avr/3.1.2/cores/MCUdude_corefiles/wiring.c:237
  unsigned char f; // temporary storage for millis fraction counter
  unsigned char q = 0; // record whether an overflow is flagged
#endif
  // t will be the number where the timer0 counter stopped
  uint8_t t;
  uint8_t oldSREG = SREG;
     2c0:	3f b7       	in	r19, 0x3f	; 63
/home/oggy/.arduino15/packages/MiniCore/hardware/avr/3.1.2/cores/MCUdude_corefiles/wiring.c:240

  // Stop all interrupts
  cli();
     2c2:	f8 94       	cli
/home/oggy/.arduino15/packages/MiniCore/hardware/avr/3.1.2/cores/MCUdude_corefiles/wiring.c:247
#ifdef CORRECT_EXACT_MICROS
  // combine exact millisec and 8usec counters
  m = timer0_millis;
  f = timer0_fract;
#else
  m = timer0_overflow_count;
     2c4:	80 91 48 06 	lds	r24, 0x0648	; 0x800648 <timer0_overflow_count>
     2c8:	90 91 49 06 	lds	r25, 0x0649	; 0x800649 <timer0_overflow_count+0x1>
     2cc:	a0 91 4a 06 	lds	r26, 0x064A	; 0x80064a <timer0_overflow_count+0x2>
     2d0:	b0 91 4b 06 	lds	r27, 0x064B	; 0x80064b <timer0_overflow_count+0x3>
/home/oggy/.arduino15/packages/MiniCore/hardware/avr/3.1.2/cores/MCUdude_corefiles/wiring.c:252
#endif

  // TCNT0 : The Timer Counter Register
#if defined(TCNT0)
  t = TCNT0;
     2d4:	26 b5       	in	r18, 0x26	; 38
/home/oggy/.arduino15/packages/MiniCore/hardware/avr/3.1.2/cores/MCUdude_corefiles/wiring.c:261
  #error TIMER 0 not defined
#endif

  // Timer0 Interrupt Flag Register
#ifdef TIFR0
  if ((TIFR0 & _BV(TOV0)) && (t < 255))
     2d6:	a8 9b       	sbis	0x15, 0	; 21
     2d8:	05 c0       	rjmp	.+10     	; 0x2e4 <micros+0x24>
     2da:	2f 3f       	cpi	r18, 0xFF	; 255
     2dc:	19 f0       	breq	.+6      	; 0x2e4 <micros+0x24>
/home/oggy/.arduino15/packages/MiniCore/hardware/avr/3.1.2/cores/MCUdude_corefiles/wiring.c:263
#ifndef CORRECT_EXACT_MICROS
    m++;
     2de:	01 96       	adiw	r24, 0x01	; 1
     2e0:	a1 1d       	adc	r26, r1
     2e2:	b1 1d       	adc	r27, r1
/home/oggy/.arduino15/packages/MiniCore/hardware/avr/3.1.2/cores/MCUdude_corefiles/wiring.c:276
#else
    q = 1;
#endif
#endif
  // Restore SREG
  SREG = oldSREG;
     2e4:	3f bf       	out	0x3f, r19	; 63
/home/oggy/.arduino15/packages/MiniCore/hardware/avr/3.1.2/cores/MCUdude_corefiles/wiring.c:292
      ((t * MICROSECONDS_PER_TIMER0_OVERFLOW) >> 8);
  return q ? m + MICROSECONDS_PER_TIMER0_OVERFLOW : m;
#elif 1
  /* All power-of-two Megahertz frequencies enter here, as well as 12.8 MHz.
     We only end up here if right shift before multiplication is exact. */
  return ((m << 8) + t) * (MICROSECONDS_PER_TIMER0_OVERFLOW >> 8);
     2e6:	ba 2f       	mov	r27, r26
     2e8:	a9 2f       	mov	r26, r25
     2ea:	98 2f       	mov	r25, r24
     2ec:	88 27       	eor	r24, r24
     2ee:	bc 01       	movw	r22, r24
     2f0:	cd 01       	movw	r24, r26
     2f2:	62 0f       	add	r22, r18
     2f4:	71 1d       	adc	r23, r1
     2f6:	81 1d       	adc	r24, r1
     2f8:	91 1d       	adc	r25, r1
     2fa:	42 e0       	ldi	r20, 0x02	; 2
     2fc:	66 0f       	add	r22, r22
     2fe:	77 1f       	adc	r23, r23
     300:	88 1f       	adc	r24, r24
     302:	99 1f       	adc	r25, r25
     304:	4a 95       	dec	r20
     306:	d1 f7       	brne	.-12     	; 0x2fc <micros+0x3c>
/home/oggy/.arduino15/packages/MiniCore/hardware/avr/3.1.2/cores/MCUdude_corefiles/wiring.c:393
  // m & t are multiplied by 4 (since it was already multiplied by 256)
  // t is multiplied by 4
  return ((m << 8) + t) * (64 / clockCyclesPerMicrosecond());
#endif
#endif // 0
}
     308:	08 95       	ret

0000030a <delay>:
delay():
/home/oggy/.arduino15/packages/MiniCore/hardware/avr/3.1.2/cores/MCUdude_corefiles/wiring.c:396

void delay(unsigned long ms)
{
     30a:	8f 92       	push	r8
     30c:	9f 92       	push	r9
     30e:	af 92       	push	r10
     310:	bf 92       	push	r11
     312:	cf 92       	push	r12
     314:	df 92       	push	r13
     316:	ef 92       	push	r14
     318:	ff 92       	push	r15
     31a:	6b 01       	movw	r12, r22
     31c:	7c 01       	movw	r14, r24
/home/oggy/.arduino15/packages/MiniCore/hardware/avr/3.1.2/cores/MCUdude_corefiles/wiring.c:397
  unsigned long start = micros();
     31e:	0e 94 60 01 	call	0x2c0	; 0x2c0 <micros>
     322:	4b 01       	movw	r8, r22
     324:	5c 01       	movw	r10, r24
/home/oggy/.arduino15/packages/MiniCore/hardware/avr/3.1.2/cores/MCUdude_corefiles/wiring.c:401

  while (ms > 0UL) {
    yield();
    while (ms > 0UL && (micros() - start) >= 1000UL) {
     326:	c1 14       	cp	r12, r1
     328:	d1 04       	cpc	r13, r1
     32a:	e1 04       	cpc	r14, r1
     32c:	f1 04       	cpc	r15, r1
     32e:	b9 f0       	breq	.+46     	; 0x35e <delay+0x54>
     330:	0e 94 60 01 	call	0x2c0	; 0x2c0 <micros>
     334:	68 19       	sub	r22, r8
     336:	79 09       	sbc	r23, r9
     338:	8a 09       	sbc	r24, r10
     33a:	9b 09       	sbc	r25, r11
     33c:	68 3e       	cpi	r22, 0xE8	; 232
     33e:	73 40       	sbci	r23, 0x03	; 3
     340:	81 05       	cpc	r24, r1
     342:	91 05       	cpc	r25, r1
     344:	80 f3       	brcs	.-32     	; 0x326 <delay+0x1c>
/home/oggy/.arduino15/packages/MiniCore/hardware/avr/3.1.2/cores/MCUdude_corefiles/wiring.c:402
      ms--;
     346:	21 e0       	ldi	r18, 0x01	; 1
     348:	c2 1a       	sub	r12, r18
     34a:	d1 08       	sbc	r13, r1
     34c:	e1 08       	sbc	r14, r1
     34e:	f1 08       	sbc	r15, r1
/home/oggy/.arduino15/packages/MiniCore/hardware/avr/3.1.2/cores/MCUdude_corefiles/wiring.c:403
      start += 1000UL;
     350:	88 ee       	ldi	r24, 0xE8	; 232
     352:	88 0e       	add	r8, r24
     354:	83 e0       	ldi	r24, 0x03	; 3
     356:	98 1e       	adc	r9, r24
     358:	a1 1c       	adc	r10, r1
     35a:	b1 1c       	adc	r11, r1
     35c:	e4 cf       	rjmp	.-56     	; 0x326 <delay+0x1c>
/home/oggy/.arduino15/packages/MiniCore/hardware/avr/3.1.2/cores/MCUdude_corefiles/wiring.c:406
    }
  }
}
     35e:	ff 90       	pop	r15
     360:	ef 90       	pop	r14
     362:	df 90       	pop	r13
     364:	cf 90       	pop	r12
     366:	bf 90       	pop	r11
     368:	af 90       	pop	r10
     36a:	9f 90       	pop	r9
     36c:	8f 90       	pop	r8
     36e:	08 95       	ret

00000370 <millis>:
millis():
/home/oggy/.arduino15/packages/MiniCore/hardware/avr/3.1.2/cores/MCUdude_corefiles/wiring.c:218
}

unsigned long millis()
{
  unsigned long m;
  uint8_t oldSREG = SREG;
     370:	2f b7       	in	r18, 0x3f	; 63
/home/oggy/.arduino15/packages/MiniCore/hardware/avr/3.1.2/cores/MCUdude_corefiles/wiring.c:222

  // disable interrupts while we read timer0_millis or we might get an
  // inconsistent value (e.g. in the middle of a write to timer0_millis)
  cli();
     372:	f8 94       	cli
/home/oggy/.arduino15/packages/MiniCore/hardware/avr/3.1.2/cores/MCUdude_corefiles/wiring.c:223
  m = timer0_millis;
     374:	60 91 44 06 	lds	r22, 0x0644	; 0x800644 <timer0_millis>
     378:	70 91 45 06 	lds	r23, 0x0645	; 0x800645 <timer0_millis+0x1>
     37c:	80 91 46 06 	lds	r24, 0x0646	; 0x800646 <timer0_millis+0x2>
     380:	90 91 47 06 	lds	r25, 0x0647	; 0x800647 <timer0_millis+0x3>
/home/oggy/.arduino15/packages/MiniCore/hardware/avr/3.1.2/cores/MCUdude_corefiles/wiring.c:224
  SREG = oldSREG;
     384:	2f bf       	out	0x3f, r18	; 63
/home/oggy/.arduino15/packages/MiniCore/hardware/avr/3.1.2/cores/MCUdude_corefiles/wiring.c:227

  return m;
}
     386:	08 95       	ret

00000388 <nothing>:
nothing():
/home/oggy/.arduino15/packages/MiniCore/hardware/avr/3.1.2/cores/MCUdude_corefiles/WInterrupts.c:36

#include "wiring_private.h"

static void nothing(void)
{
}
     388:	08 95       	ret

0000038a <Print::print(String const&)>:
write():
/home/oggy/.arduino15/packages/MiniCore/hardware/avr/3.1.2/cores/MCUdude_corefiles/Print.h:58
      if (str == NULL) return 0;
      return write((const uint8_t *)str, strlen(str));
    }
    virtual size_t write(const uint8_t *buffer, size_t size);
    size_t write(const char *buffer, size_t size) {
      return write((const uint8_t *)buffer, size);
     38a:	db 01       	movw	r26, r22
     38c:	14 96       	adiw	r26, 0x04	; 4
     38e:	4d 91       	ld	r20, X+
     390:	5c 91       	ld	r21, X
     392:	15 97       	sbiw	r26, 0x05	; 5
     394:	6d 91       	ld	r22, X+
     396:	7c 91       	ld	r23, X
     398:	dc 01       	movw	r26, r24
     39a:	ed 91       	ld	r30, X+
     39c:	fc 91       	ld	r31, X
     39e:	02 80       	ldd	r0, Z+2	; 0x02
     3a0:	f3 81       	ldd	r31, Z+3	; 0x03
     3a2:	e0 2d       	mov	r30, r0
     3a4:	09 94       	ijmp

000003a6 <Print::write(unsigned char const*, unsigned int)>:
/home/oggy/.arduino15/packages/MiniCore/hardware/avr/3.1.2/cores/MCUdude_corefiles/Print.cpp:35

// Public Methods //////////////////////////////////////////////////////////////

/* default implementation: may be overridden */
size_t Print::write(const uint8_t *buffer, size_t size)
{
     3a6:	af 92       	push	r10
     3a8:	bf 92       	push	r11
     3aa:	cf 92       	push	r12
     3ac:	df 92       	push	r13
     3ae:	ef 92       	push	r14
     3b0:	ff 92       	push	r15
     3b2:	0f 93       	push	r16
     3b4:	1f 93       	push	r17
     3b6:	cf 93       	push	r28
     3b8:	df 93       	push	r29
     3ba:	6c 01       	movw	r12, r24
     3bc:	7b 01       	movw	r14, r22
     3be:	8b 01       	movw	r16, r22
     3c0:	04 0f       	add	r16, r20
     3c2:	15 1f       	adc	r17, r21
     3c4:	eb 01       	movw	r28, r22
     3c6:	5e 01       	movw	r10, r28
     3c8:	ae 18       	sub	r10, r14
     3ca:	bf 08       	sbc	r11, r15
/home/oggy/.arduino15/packages/MiniCore/hardware/avr/3.1.2/cores/MCUdude_corefiles/Print.cpp:37
  size_t n = 0;
  while (size--) {
     3cc:	c0 17       	cp	r28, r16
     3ce:	d1 07       	cpc	r29, r17
     3d0:	59 f0       	breq	.+22     	; 0x3e8 <Print::write(unsigned char const*, unsigned int)+0x42>
/home/oggy/.arduino15/packages/MiniCore/hardware/avr/3.1.2/cores/MCUdude_corefiles/Print.cpp:38
    if (write(*buffer++)) n++;
     3d2:	69 91       	ld	r22, Y+
     3d4:	d6 01       	movw	r26, r12
     3d6:	ed 91       	ld	r30, X+
     3d8:	fc 91       	ld	r31, X
     3da:	01 90       	ld	r0, Z+
     3dc:	f0 81       	ld	r31, Z
     3de:	e0 2d       	mov	r30, r0
     3e0:	c6 01       	movw	r24, r12
     3e2:	09 95       	icall
     3e4:	89 2b       	or	r24, r25
     3e6:	79 f7       	brne	.-34     	; 0x3c6 <Print::write(unsigned char const*, unsigned int)+0x20>
/home/oggy/.arduino15/packages/MiniCore/hardware/avr/3.1.2/cores/MCUdude_corefiles/Print.cpp:42
    else break;
  }
  return n;
}
     3e8:	c5 01       	movw	r24, r10
     3ea:	df 91       	pop	r29
     3ec:	cf 91       	pop	r28
     3ee:	1f 91       	pop	r17
     3f0:	0f 91       	pop	r16
     3f2:	ff 90       	pop	r15
     3f4:	ef 90       	pop	r14
     3f6:	df 90       	pop	r13
     3f8:	cf 90       	pop	r12
     3fa:	bf 90       	pop	r11
     3fc:	af 90       	pop	r10
     3fe:	08 95       	ret

00000400 <HardwareSerial::availableForWrite()>:
availableForWrite():
/home/oggy/.arduino15/packages/MiniCore/hardware/avr/3.1.2/cores/MCUdude_corefiles/HardwareSerial.cpp:195
{
  tx_buffer_index_t head;
  tx_buffer_index_t tail;

  TX_BUFFER_ATOMIC {
    head = _tx_buffer_head;
     400:	fc 01       	movw	r30, r24
     402:	53 8d       	ldd	r21, Z+27	; 0x1b
/home/oggy/.arduino15/packages/MiniCore/hardware/avr/3.1.2/cores/MCUdude_corefiles/HardwareSerial.cpp:196
    tail = _tx_buffer_tail;
     404:	44 8d       	ldd	r20, Z+28	; 0x1c
     406:	25 2f       	mov	r18, r21
     408:	30 e0       	ldi	r19, 0x00	; 0
     40a:	84 2f       	mov	r24, r20
     40c:	90 e0       	ldi	r25, 0x00	; 0
/home/oggy/.arduino15/packages/MiniCore/hardware/avr/3.1.2/cores/MCUdude_corefiles/HardwareSerial.cpp:198
  }
  if (head >= tail) return SERIAL_TX_BUFFER_SIZE - 1 - head + tail;
     40e:	82 1b       	sub	r24, r18
     410:	93 0b       	sbc	r25, r19
     412:	54 17       	cp	r21, r20
     414:	10 f0       	brcs	.+4      	; 0x41a <HardwareSerial::availableForWrite()+0x1a>
     416:	cf 96       	adiw	r24, 0x3f	; 63
     418:	08 95       	ret
/home/oggy/.arduino15/packages/MiniCore/hardware/avr/3.1.2/cores/MCUdude_corefiles/HardwareSerial.cpp:199
  return tail - head - 1;
     41a:	01 97       	sbiw	r24, 0x01	; 1
/home/oggy/.arduino15/packages/MiniCore/hardware/avr/3.1.2/cores/MCUdude_corefiles/HardwareSerial.cpp:200
}
     41c:	08 95       	ret

0000041e <HardwareSerial::read()>:
read():
/home/oggy/.arduino15/packages/MiniCore/hardware/avr/3.1.2/cores/MCUdude_corefiles/HardwareSerial.cpp:178
    return _rx_buffer[_rx_buffer_tail];
  }
}

int HardwareSerial::read(void)
{
     41e:	fc 01       	movw	r30, r24
/home/oggy/.arduino15/packages/MiniCore/hardware/avr/3.1.2/cores/MCUdude_corefiles/HardwareSerial.cpp:180
  // if the head isn't ahead of the tail, we don't have any characters
  if (_rx_buffer_head == _rx_buffer_tail) {
     420:	91 8d       	ldd	r25, Z+25	; 0x19
     422:	82 8d       	ldd	r24, Z+26	; 0x1a
     424:	98 17       	cp	r25, r24
     426:	61 f0       	breq	.+24     	; 0x440 <HardwareSerial::read()+0x22>
/home/oggy/.arduino15/packages/MiniCore/hardware/avr/3.1.2/cores/MCUdude_corefiles/HardwareSerial.cpp:183
    return -1;
  } else {
    unsigned char c = _rx_buffer[_rx_buffer_tail];
     428:	a2 8d       	ldd	r26, Z+26	; 0x1a
     42a:	ae 0f       	add	r26, r30
     42c:	bf 2f       	mov	r27, r31
     42e:	b1 1d       	adc	r27, r1
     430:	5d 96       	adiw	r26, 0x1d	; 29
     432:	8c 91       	ld	r24, X
/home/oggy/.arduino15/packages/MiniCore/hardware/avr/3.1.2/cores/MCUdude_corefiles/HardwareSerial.cpp:184
    _rx_buffer_tail = (rx_buffer_index_t)(_rx_buffer_tail + 1) % SERIAL_RX_BUFFER_SIZE;
     434:	92 8d       	ldd	r25, Z+26	; 0x1a
     436:	9f 5f       	subi	r25, 0xFF	; 255
     438:	9f 73       	andi	r25, 0x3F	; 63
     43a:	92 8f       	std	Z+26, r25	; 0x1a
/home/oggy/.arduino15/packages/MiniCore/hardware/avr/3.1.2/cores/MCUdude_corefiles/HardwareSerial.cpp:185
    return c;
     43c:	90 e0       	ldi	r25, 0x00	; 0
     43e:	08 95       	ret
/home/oggy/.arduino15/packages/MiniCore/hardware/avr/3.1.2/cores/MCUdude_corefiles/HardwareSerial.cpp:181

int HardwareSerial::read(void)
{
  // if the head isn't ahead of the tail, we don't have any characters
  if (_rx_buffer_head == _rx_buffer_tail) {
    return -1;
     440:	8f ef       	ldi	r24, 0xFF	; 255
     442:	9f ef       	ldi	r25, 0xFF	; 255
/home/oggy/.arduino15/packages/MiniCore/hardware/avr/3.1.2/cores/MCUdude_corefiles/HardwareSerial.cpp:187
  } else {
    unsigned char c = _rx_buffer[_rx_buffer_tail];
    _rx_buffer_tail = (rx_buffer_index_t)(_rx_buffer_tail + 1) % SERIAL_RX_BUFFER_SIZE;
    return c;
  }
}
     444:	08 95       	ret

00000446 <HardwareSerial::peek()>:
peek():
/home/oggy/.arduino15/packages/MiniCore/hardware/avr/3.1.2/cores/MCUdude_corefiles/HardwareSerial.cpp:169
{
  return ((unsigned int)(SERIAL_RX_BUFFER_SIZE + _rx_buffer_head - _rx_buffer_tail)) % SERIAL_RX_BUFFER_SIZE;
}

int HardwareSerial::peek(void)
{
     446:	fc 01       	movw	r30, r24
/home/oggy/.arduino15/packages/MiniCore/hardware/avr/3.1.2/cores/MCUdude_corefiles/HardwareSerial.cpp:170
  if (_rx_buffer_head == _rx_buffer_tail) {
     448:	91 8d       	ldd	r25, Z+25	; 0x19
     44a:	82 8d       	ldd	r24, Z+26	; 0x1a
     44c:	98 17       	cp	r25, r24
     44e:	31 f0       	breq	.+12     	; 0x45c <HardwareSerial::peek()+0x16>
/home/oggy/.arduino15/packages/MiniCore/hardware/avr/3.1.2/cores/MCUdude_corefiles/HardwareSerial.cpp:173
    return -1;
  } else {
    return _rx_buffer[_rx_buffer_tail];
     450:	82 8d       	ldd	r24, Z+26	; 0x1a
     452:	e8 0f       	add	r30, r24
     454:	f1 1d       	adc	r31, r1
     456:	85 8d       	ldd	r24, Z+29	; 0x1d
     458:	90 e0       	ldi	r25, 0x00	; 0
     45a:	08 95       	ret
/home/oggy/.arduino15/packages/MiniCore/hardware/avr/3.1.2/cores/MCUdude_corefiles/HardwareSerial.cpp:171
}

int HardwareSerial::peek(void)
{
  if (_rx_buffer_head == _rx_buffer_tail) {
    return -1;
     45c:	8f ef       	ldi	r24, 0xFF	; 255
     45e:	9f ef       	ldi	r25, 0xFF	; 255
/home/oggy/.arduino15/packages/MiniCore/hardware/avr/3.1.2/cores/MCUdude_corefiles/HardwareSerial.cpp:175
  } else {
    return _rx_buffer[_rx_buffer_tail];
  }
}
     460:	08 95       	ret

00000462 <HardwareSerial::available()>:
available():
/home/oggy/.arduino15/packages/MiniCore/hardware/avr/3.1.2/cores/MCUdude_corefiles/HardwareSerial.cpp:164
  // clear any received data
  _rx_buffer_head = _rx_buffer_tail;
}

int HardwareSerial::available(void)
{
     462:	fc 01       	movw	r30, r24
/home/oggy/.arduino15/packages/MiniCore/hardware/avr/3.1.2/cores/MCUdude_corefiles/HardwareSerial.cpp:165
  return ((unsigned int)(SERIAL_RX_BUFFER_SIZE + _rx_buffer_head - _rx_buffer_tail)) % SERIAL_RX_BUFFER_SIZE;
     464:	91 8d       	ldd	r25, Z+25	; 0x19
     466:	22 8d       	ldd	r18, Z+26	; 0x1a
     468:	89 2f       	mov	r24, r25
     46a:	90 e0       	ldi	r25, 0x00	; 0
     46c:	80 5c       	subi	r24, 0xC0	; 192
     46e:	9f 4f       	sbci	r25, 0xFF	; 255
     470:	82 1b       	sub	r24, r18
     472:	91 09       	sbc	r25, r1
/home/oggy/.arduino15/packages/MiniCore/hardware/avr/3.1.2/cores/MCUdude_corefiles/HardwareSerial.cpp:166
}
     474:	8f 73       	andi	r24, 0x3F	; 63
     476:	99 27       	eor	r25, r25
     478:	08 95       	ret

0000047a <Serial0_available()>:
Serial0_available():
/home/oggy/.arduino15/packages/MiniCore/hardware/avr/3.1.2/cores/MCUdude_corefiles/HardwareSerial0.cpp:76
#endif

// Function that can be weakly referenced by serialEventRun to prevent
// pulling in this file if it's not otherwise used.
bool Serial0_available() {
  return Serial.available();
     47a:	82 e6       	ldi	r24, 0x62	; 98
     47c:	96 e0       	ldi	r25, 0x06	; 6
     47e:	0e 94 31 02 	call	0x462	; 0x462 <HardwareSerial::available()>
     482:	21 e0       	ldi	r18, 0x01	; 1
     484:	89 2b       	or	r24, r25
     486:	09 f4       	brne	.+2      	; 0x48a <Serial0_available()+0x10>
     488:	20 e0       	ldi	r18, 0x00	; 0
/home/oggy/.arduino15/packages/MiniCore/hardware/avr/3.1.2/cores/MCUdude_corefiles/HardwareSerial0.cpp:77
}
     48a:	82 2f       	mov	r24, r18
     48c:	08 95       	ret

0000048e <serialEventRun()>:
serialEventRun():
/home/oggy/.arduino15/packages/MiniCore/hardware/avr/3.1.2/cores/MCUdude_corefiles/HardwareSerial.cpp:67
#endif

void serialEventRun(void)
{
#if defined(HAVE_HWSERIAL0)
  if (Serial0_available && serialEvent && Serial0_available()) serialEvent();
     48e:	80 e0       	ldi	r24, 0x00	; 0
     490:	90 e0       	ldi	r25, 0x00	; 0
     492:	89 2b       	or	r24, r25
     494:	29 f0       	breq	.+10     	; 0x4a0 <serialEventRun()+0x12>
     496:	0e 94 3d 02 	call	0x47a	; 0x47a <Serial0_available()>
     49a:	81 11       	cpse	r24, r1
     49c:	0c 94 00 00 	jmp	0	; 0x0 <__vectors>
/home/oggy/.arduino15/packages/MiniCore/hardware/avr/3.1.2/cores/MCUdude_corefiles/HardwareSerial.cpp:78
  if (Serial2_available && serialEvent2 && Serial2_available()) serialEvent2();
#endif
#if defined(HAVE_HWSERIAL3)
  if (Serial3_available && serialEvent3 && Serial3_available()) serialEvent3();
#endif
}
     4a0:	08 95       	ret

000004a2 <HardwareSerial::_tx_udr_empty_irq()>:
_tx_udr_empty_irq():
/home/oggy/.arduino15/packages/MiniCore/hardware/avr/3.1.2/cores/MCUdude_corefiles/HardwareSerial.cpp:90
#endif

// Actual interrupt handlers //////////////////////////////////////////////////////////////

void HardwareSerial::_tx_udr_empty_irq(void)
{
     4a2:	fc 01       	movw	r30, r24
/home/oggy/.arduino15/packages/MiniCore/hardware/avr/3.1.2/cores/MCUdude_corefiles/HardwareSerial.cpp:93
  // If interrupts are enabled, there must be more data in the output
  // buffer. Send the next byte
  unsigned char c = _tx_buffer[_tx_buffer_tail];
     4a4:	a4 8d       	ldd	r26, Z+28	; 0x1c
     4a6:	a8 0f       	add	r26, r24
     4a8:	b9 2f       	mov	r27, r25
     4aa:	b1 1d       	adc	r27, r1
     4ac:	a3 5a       	subi	r26, 0xA3	; 163
     4ae:	bf 4f       	sbci	r27, 0xFF	; 255
     4b0:	2c 91       	ld	r18, X
/home/oggy/.arduino15/packages/MiniCore/hardware/avr/3.1.2/cores/MCUdude_corefiles/HardwareSerial.cpp:94
  _tx_buffer_tail = (_tx_buffer_tail + 1) % SERIAL_TX_BUFFER_SIZE;
     4b2:	84 8d       	ldd	r24, Z+28	; 0x1c
     4b4:	90 e0       	ldi	r25, 0x00	; 0
     4b6:	01 96       	adiw	r24, 0x01	; 1
     4b8:	8f 73       	andi	r24, 0x3F	; 63
     4ba:	99 27       	eor	r25, r25
     4bc:	84 8f       	std	Z+28, r24	; 0x1c
/home/oggy/.arduino15/packages/MiniCore/hardware/avr/3.1.2/cores/MCUdude_corefiles/HardwareSerial.cpp:96

  *_udr = c;
     4be:	a6 89       	ldd	r26, Z+22	; 0x16
     4c0:	b7 89       	ldd	r27, Z+23	; 0x17
     4c2:	2c 93       	st	X, r18
/home/oggy/.arduino15/packages/MiniCore/hardware/avr/3.1.2/cores/MCUdude_corefiles/HardwareSerial.cpp:104
  // location". This makes sure flush() won't return until the bytes
  // actually got written. Other r/w bits are preserved, and zeroes
  // written to the rest.

  #ifdef MPCM0
    *_ucsra = ((*_ucsra) & ((1 << U2X0) | (1 << MPCM0))) | (1 << TXC0);
     4c4:	a0 89       	ldd	r26, Z+16	; 0x10
     4c6:	b1 89       	ldd	r27, Z+17	; 0x11
     4c8:	8c 91       	ld	r24, X
     4ca:	83 70       	andi	r24, 0x03	; 3
     4cc:	80 64       	ori	r24, 0x40	; 64
     4ce:	8c 93       	st	X, r24
/home/oggy/.arduino15/packages/MiniCore/hardware/avr/3.1.2/cores/MCUdude_corefiles/HardwareSerial.cpp:109
  #else
    *_ucsra = ((*_ucsra) & ((1 << U2X0) | (1 << TXC0)));
  #endif

  if (_tx_buffer_head == _tx_buffer_tail) {
     4d0:	93 8d       	ldd	r25, Z+27	; 0x1b
     4d2:	84 8d       	ldd	r24, Z+28	; 0x1c
     4d4:	98 13       	cpse	r25, r24
     4d6:	06 c0       	rjmp	.+12     	; 0x4e4 <HardwareSerial::_tx_udr_empty_irq()+0x42>
/home/oggy/.arduino15/packages/MiniCore/hardware/avr/3.1.2/cores/MCUdude_corefiles/HardwareSerial.cpp:111
    // Buffer empty, so disable interrupts
    *_ucsrb &= ~_BV(UDRIE0);
     4d8:	02 88       	ldd	r0, Z+18	; 0x12
     4da:	f3 89       	ldd	r31, Z+19	; 0x13
     4dc:	e0 2d       	mov	r30, r0
     4de:	80 81       	ld	r24, Z
     4e0:	8f 7d       	andi	r24, 0xDF	; 223
     4e2:	80 83       	st	Z, r24
/home/oggy/.arduino15/packages/MiniCore/hardware/avr/3.1.2/cores/MCUdude_corefiles/HardwareSerial.cpp:113
  }
}
     4e4:	08 95       	ret

000004e6 <HardwareSerial::write(unsigned char)>:
write():
/home/oggy/.arduino15/packages/MiniCore/hardware/avr/3.1.2/cores/MCUdude_corefiles/HardwareSerial.cpp:223
  // If we get here, nothing is queued anymore (DRIE is disabled) and
  // the hardware finished tranmission (TXC is set).
}

size_t HardwareSerial::write(uint8_t c)
{
     4e6:	ef 92       	push	r14
     4e8:	ff 92       	push	r15
     4ea:	0f 93       	push	r16
     4ec:	1f 93       	push	r17
     4ee:	cf 93       	push	r28
     4f0:	df 93       	push	r29
     4f2:	ec 01       	movw	r28, r24
/home/oggy/.arduino15/packages/MiniCore/hardware/avr/3.1.2/cores/MCUdude_corefiles/HardwareSerial.cpp:224
  _written = true;
     4f4:	81 e0       	ldi	r24, 0x01	; 1
     4f6:	88 8f       	std	Y+24, r24	; 0x18
/home/oggy/.arduino15/packages/MiniCore/hardware/avr/3.1.2/cores/MCUdude_corefiles/HardwareSerial.cpp:229
  // If the buffer and the data register is empty, just write the byte
  // to the data register and be done. This shortcut helps
  // significantly improve the effective datarate at high (>
  // 500kbit/s) bitrates, where interrupt overhead becomes a slowdown.
  if (_tx_buffer_head == _tx_buffer_tail && bit_is_set(*_ucsra, UDRE0)) {
     4f8:	9b 8d       	ldd	r25, Y+27	; 0x1b
     4fa:	8c 8d       	ldd	r24, Y+28	; 0x1c
     4fc:	98 13       	cpse	r25, r24
     4fe:	1a c0       	rjmp	.+52     	; 0x534 <HardwareSerial::write(unsigned char)+0x4e>
     500:	e8 89       	ldd	r30, Y+16	; 0x10
     502:	f9 89       	ldd	r31, Y+17	; 0x11
     504:	80 81       	ld	r24, Z
     506:	85 ff       	sbrs	r24, 5
     508:	15 c0       	rjmp	.+42     	; 0x534 <HardwareSerial::write(unsigned char)+0x4e>
/home/oggy/.arduino15/packages/MiniCore/hardware/avr/3.1.2/cores/MCUdude_corefiles/HardwareSerial.cpp:238
    // So writing UDR must happen first.
    // Writing UDR and clearing TC must be done atomically, otherwise
    // interrupts might delay the TXC clear so the byte written to UDR
    // is transmitted (setting TXC) before clearing TXC. Then TXC will
    // be cleared when no bytes are left, causing flush() to hang
    ATOMIC_BLOCK(ATOMIC_RESTORESTATE) {
     50a:	9f b7       	in	r25, 0x3f	; 63
__iCliRetVal():
/home/oggy/.arduino15/packages/arduino/tools/avr-gcc/7.3.0-atmel3.6.1-arduino7/avr/include/util/atomic.h:50
    return 1;
}

static __inline__ uint8_t __iCliRetVal(void)
{
    cli();
     50c:	f8 94       	cli
write():
/home/oggy/.arduino15/packages/MiniCore/hardware/avr/3.1.2/cores/MCUdude_corefiles/HardwareSerial.cpp:239
      *_udr = c;
     50e:	ee 89       	ldd	r30, Y+22	; 0x16
     510:	ff 89       	ldd	r31, Y+23	; 0x17
     512:	60 83       	st	Z, r22
/home/oggy/.arduino15/packages/MiniCore/hardware/avr/3.1.2/cores/MCUdude_corefiles/HardwareSerial.cpp:241
      #ifdef MPCM0
        *_ucsra = ((*_ucsra) & ((1 << U2X0) | (1 << MPCM0))) | (1 << TXC0);
     514:	e8 89       	ldd	r30, Y+16	; 0x10
     516:	f9 89       	ldd	r31, Y+17	; 0x11
     518:	80 81       	ld	r24, Z
     51a:	83 70       	andi	r24, 0x03	; 3
     51c:	80 64       	ori	r24, 0x40	; 64
/home/oggy/.arduino15/packages/MiniCore/hardware/avr/3.1.2/cores/MCUdude_corefiles/HardwareSerial.cpp:271
  // make atomic to prevent execution of ISR between setting the
  // head pointer and setting the interrupt flag resulting in buffer
  // retransmission
  ATOMIC_BLOCK(ATOMIC_RESTORESTATE) {
    _tx_buffer_head = i;
    *_ucsrb |= _BV(UDRIE0);
     51e:	80 83       	st	Z, r24
__iRestore():
/home/oggy/.arduino15/packages/arduino/tools/avr-gcc/7.3.0-atmel3.6.1-arduino7/avr/include/util/atomic.h:70
    (void)__s;
}

static __inline__ void __iRestore(const  uint8_t *__s)
{
    SREG = *__s;
     520:	9f bf       	out	0x3f, r25	; 63
write():
/home/oggy/.arduino15/packages/MiniCore/hardware/avr/3.1.2/cores/MCUdude_corefiles/HardwareSerial.cpp:275
  }
  
  return 1;
}
     522:	81 e0       	ldi	r24, 0x01	; 1
     524:	90 e0       	ldi	r25, 0x00	; 0
     526:	df 91       	pop	r29
     528:	cf 91       	pop	r28
     52a:	1f 91       	pop	r17
     52c:	0f 91       	pop	r16
     52e:	ff 90       	pop	r15
     530:	ef 90       	pop	r14
     532:	08 95       	ret
     534:	f6 2e       	mov	r15, r22
/home/oggy/.arduino15/packages/MiniCore/hardware/avr/3.1.2/cores/MCUdude_corefiles/HardwareSerial.cpp:248
        *_ucsra = ((*_ucsra) & ((1 << U2X0) | (1 << TXC0)));
      #endif
    }
    return 1;
  }
  tx_buffer_index_t i = (_tx_buffer_head + 1) % SERIAL_TX_BUFFER_SIZE;
     536:	0b 8d       	ldd	r16, Y+27	; 0x1b
     538:	10 e0       	ldi	r17, 0x00	; 0
     53a:	0f 5f       	subi	r16, 0xFF	; 255
     53c:	1f 4f       	sbci	r17, 0xFF	; 255
     53e:	0f 73       	andi	r16, 0x3F	; 63
     540:	11 27       	eor	r17, r17
     542:	e0 2e       	mov	r14, r16
/home/oggy/.arduino15/packages/MiniCore/hardware/avr/3.1.2/cores/MCUdude_corefiles/HardwareSerial.cpp:252

  // If the output buffer is full, there's nothing for it other than to 
  // wait for the interrupt handler to empty it a bit
  while (i == _tx_buffer_tail) {
     544:	8c 8d       	ldd	r24, Y+28	; 0x1c
     546:	8e 11       	cpse	r24, r14
     548:	0c c0       	rjmp	.+24     	; 0x562 <HardwareSerial::write(unsigned char)+0x7c>
/home/oggy/.arduino15/packages/MiniCore/hardware/avr/3.1.2/cores/MCUdude_corefiles/HardwareSerial.cpp:253
    if (bit_is_clear(SREG, SREG_I)) {
     54a:	0f b6       	in	r0, 0x3f	; 63
     54c:	07 fc       	sbrc	r0, 7
     54e:	fa cf       	rjmp	.-12     	; 0x544 <HardwareSerial::write(unsigned char)+0x5e>
/home/oggy/.arduino15/packages/MiniCore/hardware/avr/3.1.2/cores/MCUdude_corefiles/HardwareSerial.cpp:258
      // Interrupts are disabled, so we'll have to poll the data
      // register empty flag ourselves. If it is set, pretend an
      // interrupt has happened and call the handler to free up
      // space for us.
      if(bit_is_set(*_ucsra, UDRE0))
     550:	e8 89       	ldd	r30, Y+16	; 0x10
     552:	f9 89       	ldd	r31, Y+17	; 0x11
     554:	80 81       	ld	r24, Z
     556:	85 ff       	sbrs	r24, 5
     558:	f5 cf       	rjmp	.-22     	; 0x544 <HardwareSerial::write(unsigned char)+0x5e>
/home/oggy/.arduino15/packages/MiniCore/hardware/avr/3.1.2/cores/MCUdude_corefiles/HardwareSerial.cpp:259
        _tx_udr_empty_irq();
     55a:	ce 01       	movw	r24, r28
     55c:	0e 94 51 02 	call	0x4a2	; 0x4a2 <HardwareSerial::_tx_udr_empty_irq()>
     560:	f1 cf       	rjmp	.-30     	; 0x544 <HardwareSerial::write(unsigned char)+0x5e>
/home/oggy/.arduino15/packages/MiniCore/hardware/avr/3.1.2/cores/MCUdude_corefiles/HardwareSerial.cpp:265
    } else {
      // nop, the interrupt handler will free up space for us
    }
  }

  _tx_buffer[_tx_buffer_head] = c;
     562:	eb 8d       	ldd	r30, Y+27	; 0x1b
     564:	ec 0f       	add	r30, r28
     566:	fd 2f       	mov	r31, r29
     568:	f1 1d       	adc	r31, r1
     56a:	e3 5a       	subi	r30, 0xA3	; 163
     56c:	ff 4f       	sbci	r31, 0xFF	; 255
     56e:	f0 82       	st	Z, r15
/home/oggy/.arduino15/packages/MiniCore/hardware/avr/3.1.2/cores/MCUdude_corefiles/HardwareSerial.cpp:269
  // make atomic to prevent execution of ISR between setting the
  // head pointer and setting the interrupt flag resulting in buffer
  // retransmission
  ATOMIC_BLOCK(ATOMIC_RESTORESTATE) {
     570:	9f b7       	in	r25, 0x3f	; 63
__iCliRetVal():
/home/oggy/.arduino15/packages/arduino/tools/avr-gcc/7.3.0-atmel3.6.1-arduino7/avr/include/util/atomic.h:50
    return 1;
}

static __inline__ uint8_t __iCliRetVal(void)
{
    cli();
     572:	f8 94       	cli
write():
/home/oggy/.arduino15/packages/MiniCore/hardware/avr/3.1.2/cores/MCUdude_corefiles/HardwareSerial.cpp:270
    _tx_buffer_head = i;
     574:	0b 8f       	std	Y+27, r16	; 0x1b
/home/oggy/.arduino15/packages/MiniCore/hardware/avr/3.1.2/cores/MCUdude_corefiles/HardwareSerial.cpp:271
    *_ucsrb |= _BV(UDRIE0);
     576:	ea 89       	ldd	r30, Y+18	; 0x12
     578:	fb 89       	ldd	r31, Y+19	; 0x13
     57a:	80 81       	ld	r24, Z
     57c:	80 62       	ori	r24, 0x20	; 32
     57e:	cf cf       	rjmp	.-98     	; 0x51e <HardwareSerial::write(unsigned char)+0x38>

00000580 <HardwareSerial::flush()>:
flush():
/home/oggy/.arduino15/packages/MiniCore/hardware/avr/3.1.2/cores/MCUdude_corefiles/HardwareSerial.cpp:203
  if (head >= tail) return SERIAL_TX_BUFFER_SIZE - 1 - head + tail;
  return tail - head - 1;
}

void HardwareSerial::flush()
{
     580:	cf 93       	push	r28
     582:	df 93       	push	r29
     584:	ec 01       	movw	r28, r24
/home/oggy/.arduino15/packages/MiniCore/hardware/avr/3.1.2/cores/MCUdude_corefiles/HardwareSerial.cpp:207
  // If we have never written a byte, no need to flush. This special
  // case is needed since there is no way to force the TXC (transmit
  // complete) bit to 1 during initialization
  if (!_written)
     586:	88 8d       	ldd	r24, Y+24	; 0x18
     588:	88 23       	and	r24, r24
     58a:	b9 f0       	breq	.+46     	; 0x5ba <HardwareSerial::flush()+0x3a>
/home/oggy/.arduino15/packages/MiniCore/hardware/avr/3.1.2/cores/MCUdude_corefiles/HardwareSerial.cpp:210
    return;

  while (bit_is_set(*_ucsrb, UDRIE0) || bit_is_clear(*_ucsra, TXC0)) {
     58c:	aa 89       	ldd	r26, Y+18	; 0x12
     58e:	bb 89       	ldd	r27, Y+19	; 0x13
     590:	e8 89       	ldd	r30, Y+16	; 0x10
     592:	f9 89       	ldd	r31, Y+17	; 0x11
     594:	8c 91       	ld	r24, X
     596:	85 fd       	sbrc	r24, 5
     598:	03 c0       	rjmp	.+6      	; 0x5a0 <HardwareSerial::flush()+0x20>
     59a:	80 81       	ld	r24, Z
     59c:	86 fd       	sbrc	r24, 6
     59e:	0d c0       	rjmp	.+26     	; 0x5ba <HardwareSerial::flush()+0x3a>
/home/oggy/.arduino15/packages/MiniCore/hardware/avr/3.1.2/cores/MCUdude_corefiles/HardwareSerial.cpp:211
    if (bit_is_clear(SREG, SREG_I) && bit_is_set(*_ucsrb, UDRIE0))
     5a0:	0f b6       	in	r0, 0x3f	; 63
     5a2:	07 fc       	sbrc	r0, 7
     5a4:	f7 cf       	rjmp	.-18     	; 0x594 <HardwareSerial::flush()+0x14>
     5a6:	8c 91       	ld	r24, X
     5a8:	85 ff       	sbrs	r24, 5
     5aa:	f2 cf       	rjmp	.-28     	; 0x590 <HardwareSerial::flush()+0x10>
/home/oggy/.arduino15/packages/MiniCore/hardware/avr/3.1.2/cores/MCUdude_corefiles/HardwareSerial.cpp:215
      // Interrupts are globally disabled, but the DR empty
      // interrupt should be enabled, so poll the DR empty flag to
      // prevent deadlock
      if (bit_is_set(*_ucsra, UDRE0))
     5ac:	80 81       	ld	r24, Z
     5ae:	85 ff       	sbrs	r24, 5
     5b0:	ed cf       	rjmp	.-38     	; 0x58c <HardwareSerial::flush()+0xc>
/home/oggy/.arduino15/packages/MiniCore/hardware/avr/3.1.2/cores/MCUdude_corefiles/HardwareSerial.cpp:216
        _tx_udr_empty_irq();
     5b2:	ce 01       	movw	r24, r28
     5b4:	0e 94 51 02 	call	0x4a2	; 0x4a2 <HardwareSerial::_tx_udr_empty_irq()>
     5b8:	e9 cf       	rjmp	.-46     	; 0x58c <HardwareSerial::flush()+0xc>
/home/oggy/.arduino15/packages/MiniCore/hardware/avr/3.1.2/cores/MCUdude_corefiles/HardwareSerial.cpp:220
  }
  // If we get here, nothing is queued anymore (DRIE is disabled) and
  // the hardware finished tranmission (TXC is set).
}
     5ba:	df 91       	pop	r29
     5bc:	cf 91       	pop	r28
     5be:	08 95       	ret

000005c0 <LiquidCrystal::pulseEnable()>:
pulseEnable():
/home/oggy/Arduino/libraries/LiquidCrystal/src/LiquidCrystal.cpp:303
    write4bits(value>>4);
    write4bits(value);
  }
}

void LiquidCrystal::pulseEnable(void) {
     5c0:	cf 93       	push	r28
     5c2:	df 93       	push	r29
     5c4:	ec 01       	movw	r28, r24
/home/oggy/Arduino/libraries/LiquidCrystal/src/LiquidCrystal.cpp:304
  digitalWrite(_enable_pin, LOW);
     5c6:	60 e0       	ldi	r22, 0x00	; 0
     5c8:	8e 81       	ldd	r24, Y+6	; 0x06
     5ca:	0e 94 eb 00 	call	0x1d6	; 0x1d6 <digitalWrite>
/home/oggy/Arduino/libraries/LiquidCrystal/src/LiquidCrystal.cpp:305
  delayMicroseconds(1);    
     5ce:	81 e0       	ldi	r24, 0x01	; 1
     5d0:	90 e0       	ldi	r25, 0x00	; 0
     5d2:	0e 94 55 01 	call	0x2aa	; 0x2aa <delayMicroseconds>
/home/oggy/Arduino/libraries/LiquidCrystal/src/LiquidCrystal.cpp:306
  digitalWrite(_enable_pin, HIGH);
     5d6:	61 e0       	ldi	r22, 0x01	; 1
     5d8:	8e 81       	ldd	r24, Y+6	; 0x06
     5da:	0e 94 eb 00 	call	0x1d6	; 0x1d6 <digitalWrite>
/home/oggy/Arduino/libraries/LiquidCrystal/src/LiquidCrystal.cpp:307
  delayMicroseconds(1);    // enable pulse must be >450ns
     5de:	81 e0       	ldi	r24, 0x01	; 1
     5e0:	90 e0       	ldi	r25, 0x00	; 0
     5e2:	0e 94 55 01 	call	0x2aa	; 0x2aa <delayMicroseconds>
/home/oggy/Arduino/libraries/LiquidCrystal/src/LiquidCrystal.cpp:308
  digitalWrite(_enable_pin, LOW);
     5e6:	60 e0       	ldi	r22, 0x00	; 0
     5e8:	8e 81       	ldd	r24, Y+6	; 0x06
     5ea:	0e 94 eb 00 	call	0x1d6	; 0x1d6 <digitalWrite>
/home/oggy/Arduino/libraries/LiquidCrystal/src/LiquidCrystal.cpp:309
  delayMicroseconds(100);   // commands need > 37us to settle
     5ee:	84 e6       	ldi	r24, 0x64	; 100
     5f0:	90 e0       	ldi	r25, 0x00	; 0
/home/oggy/Arduino/libraries/LiquidCrystal/src/LiquidCrystal.cpp:310
}
     5f2:	df 91       	pop	r29
     5f4:	cf 91       	pop	r28
/home/oggy/Arduino/libraries/LiquidCrystal/src/LiquidCrystal.cpp:309
  digitalWrite(_enable_pin, LOW);
  delayMicroseconds(1);    
  digitalWrite(_enable_pin, HIGH);
  delayMicroseconds(1);    // enable pulse must be >450ns
  digitalWrite(_enable_pin, LOW);
  delayMicroseconds(100);   // commands need > 37us to settle
     5f6:	0c 94 55 01 	jmp	0x2aa	; 0x2aa <delayMicroseconds>

000005fa <LiquidCrystal::write4bits(unsigned char)>:
write4bits():
/home/oggy/Arduino/libraries/LiquidCrystal/src/LiquidCrystal.cpp:312
}

void LiquidCrystal::write4bits(uint8_t value) {
     5fa:	cf 92       	push	r12
     5fc:	df 92       	push	r13
     5fe:	ef 92       	push	r14
     600:	ff 92       	push	r15
     602:	0f 93       	push	r16
     604:	1f 93       	push	r17
     606:	cf 93       	push	r28
     608:	df 93       	push	r29
     60a:	6c 01       	movw	r12, r24
     60c:	7c 01       	movw	r14, r24
     60e:	87 e0       	ldi	r24, 0x07	; 7
     610:	e8 0e       	add	r14, r24
     612:	f1 1c       	adc	r15, r1
/home/oggy/Arduino/libraries/LiquidCrystal/src/LiquidCrystal.cpp:313
  for (int i = 0; i < 4; i++) {
     614:	d0 e0       	ldi	r29, 0x00	; 0
     616:	c0 e0       	ldi	r28, 0x00	; 0
/home/oggy/Arduino/libraries/LiquidCrystal/src/LiquidCrystal.cpp:314
    digitalWrite(_data_pins[i], (value >> i) & 0x01);
     618:	06 2f       	mov	r16, r22
     61a:	10 e0       	ldi	r17, 0x00	; 0
     61c:	b8 01       	movw	r22, r16
     61e:	0c 2e       	mov	r0, r28
     620:	02 c0       	rjmp	.+4      	; 0x626 <LiquidCrystal::write4bits(unsigned char)+0x2c>
     622:	75 95       	asr	r23
     624:	67 95       	ror	r22
     626:	0a 94       	dec	r0
     628:	e2 f7       	brpl	.-8      	; 0x622 <LiquidCrystal::write4bits(unsigned char)+0x28>
     62a:	61 70       	andi	r22, 0x01	; 1
     62c:	f7 01       	movw	r30, r14
     62e:	81 91       	ld	r24, Z+
     630:	7f 01       	movw	r14, r30
     632:	0e 94 eb 00 	call	0x1d6	; 0x1d6 <digitalWrite>
/home/oggy/Arduino/libraries/LiquidCrystal/src/LiquidCrystal.cpp:313
  digitalWrite(_enable_pin, LOW);
  delayMicroseconds(100);   // commands need > 37us to settle
}

void LiquidCrystal::write4bits(uint8_t value) {
  for (int i = 0; i < 4; i++) {
     636:	21 96       	adiw	r28, 0x01	; 1
     638:	c4 30       	cpi	r28, 0x04	; 4
     63a:	d1 05       	cpc	r29, r1
     63c:	79 f7       	brne	.-34     	; 0x61c <LiquidCrystal::write4bits(unsigned char)+0x22>
/home/oggy/Arduino/libraries/LiquidCrystal/src/LiquidCrystal.cpp:317
    digitalWrite(_data_pins[i], (value >> i) & 0x01);
  }

  pulseEnable();
     63e:	c6 01       	movw	r24, r12
/home/oggy/Arduino/libraries/LiquidCrystal/src/LiquidCrystal.cpp:318
}
     640:	df 91       	pop	r29
     642:	cf 91       	pop	r28
     644:	1f 91       	pop	r17
     646:	0f 91       	pop	r16
     648:	ff 90       	pop	r15
     64a:	ef 90       	pop	r14
     64c:	df 90       	pop	r13
     64e:	cf 90       	pop	r12
/home/oggy/Arduino/libraries/LiquidCrystal/src/LiquidCrystal.cpp:317
void LiquidCrystal::write4bits(uint8_t value) {
  for (int i = 0; i < 4; i++) {
    digitalWrite(_data_pins[i], (value >> i) & 0x01);
  }

  pulseEnable();
     650:	0c 94 e0 02 	jmp	0x5c0	; 0x5c0 <LiquidCrystal::pulseEnable()>

00000654 <LiquidCrystal::send(unsigned char, unsigned char)>:
send():
/home/oggy/Arduino/libraries/LiquidCrystal/src/LiquidCrystal.cpp:287
}

/************ low level data pushing commands **********/

// write either command or data, with automatic 4/8-bit selection
void LiquidCrystal::send(uint8_t value, uint8_t mode) {
     654:	cf 92       	push	r12
     656:	df 92       	push	r13
     658:	ef 92       	push	r14
     65a:	ff 92       	push	r15
     65c:	0f 93       	push	r16
     65e:	1f 93       	push	r17
     660:	cf 93       	push	r28
     662:	df 93       	push	r29
     664:	ec 01       	movw	r28, r24
     666:	f6 2e       	mov	r15, r22
/home/oggy/Arduino/libraries/LiquidCrystal/src/LiquidCrystal.cpp:288
  digitalWrite(_rs_pin, mode);
     668:	64 2f       	mov	r22, r20
     66a:	8c 81       	ldd	r24, Y+4	; 0x04
     66c:	0e 94 eb 00 	call	0x1d6	; 0x1d6 <digitalWrite>
/home/oggy/Arduino/libraries/LiquidCrystal/src/LiquidCrystal.cpp:291

  // if there is a RW pin indicated, set it low to Write
  if (_rw_pin != 255) { 
     670:	8d 81       	ldd	r24, Y+5	; 0x05
     672:	8f 3f       	cpi	r24, 0xFF	; 255
     674:	19 f0       	breq	.+6      	; 0x67c <LiquidCrystal::send(unsigned char, unsigned char)+0x28>
/home/oggy/Arduino/libraries/LiquidCrystal/src/LiquidCrystal.cpp:292
    digitalWrite(_rw_pin, LOW);
     676:	60 e0       	ldi	r22, 0x00	; 0
     678:	0e 94 eb 00 	call	0x1d6	; 0x1d6 <digitalWrite>
     67c:	0f 2d       	mov	r16, r15
     67e:	10 e0       	ldi	r17, 0x00	; 0
/home/oggy/Arduino/libraries/LiquidCrystal/src/LiquidCrystal.cpp:295
  }
  
  if (_displayfunction & LCD_8BITMODE) {
     680:	8f 85       	ldd	r24, Y+15	; 0x0f
     682:	84 ff       	sbrs	r24, 4
     684:	25 c0       	rjmp	.+74     	; 0x6d0 <LiquidCrystal::send(unsigned char, unsigned char)+0x7c>
     686:	6e 01       	movw	r12, r28
     688:	87 e0       	ldi	r24, 0x07	; 7
     68a:	c8 0e       	add	r12, r24
     68c:	d1 1c       	adc	r13, r1
/home/oggy/Arduino/libraries/LiquidCrystal/src/LiquidCrystal.cpp:321

  pulseEnable();
}

void LiquidCrystal::write8bits(uint8_t value) {
  for (int i = 0; i < 8; i++) {
     68e:	f1 2c       	mov	r15, r1
     690:	e1 2c       	mov	r14, r1
write8bits():
/home/oggy/Arduino/libraries/LiquidCrystal/src/LiquidCrystal.cpp:322
    digitalWrite(_data_pins[i], (value >> i) & 0x01);
     692:	b8 01       	movw	r22, r16
     694:	0e 2c       	mov	r0, r14
     696:	02 c0       	rjmp	.+4      	; 0x69c <LiquidCrystal::send(unsigned char, unsigned char)+0x48>
     698:	75 95       	asr	r23
     69a:	67 95       	ror	r22
     69c:	0a 94       	dec	r0
     69e:	e2 f7       	brpl	.-8      	; 0x698 <LiquidCrystal::send(unsigned char, unsigned char)+0x44>
     6a0:	61 70       	andi	r22, 0x01	; 1
     6a2:	f6 01       	movw	r30, r12
     6a4:	81 91       	ld	r24, Z+
     6a6:	6f 01       	movw	r12, r30
     6a8:	0e 94 eb 00 	call	0x1d6	; 0x1d6 <digitalWrite>
/home/oggy/Arduino/libraries/LiquidCrystal/src/LiquidCrystal.cpp:321

  pulseEnable();
}

void LiquidCrystal::write8bits(uint8_t value) {
  for (int i = 0; i < 8; i++) {
     6ac:	ff ef       	ldi	r31, 0xFF	; 255
     6ae:	ef 1a       	sub	r14, r31
     6b0:	ff 0a       	sbc	r15, r31
     6b2:	88 e0       	ldi	r24, 0x08	; 8
     6b4:	e8 16       	cp	r14, r24
     6b6:	f1 04       	cpc	r15, r1
     6b8:	61 f7       	brne	.-40     	; 0x692 <LiquidCrystal::send(unsigned char, unsigned char)+0x3e>
/home/oggy/Arduino/libraries/LiquidCrystal/src/LiquidCrystal.cpp:325
    digitalWrite(_data_pins[i], (value >> i) & 0x01);
  }
  
  pulseEnable();
     6ba:	ce 01       	movw	r24, r28
send():
/home/oggy/Arduino/libraries/LiquidCrystal/src/LiquidCrystal.cpp:301
    write8bits(value); 
  } else {
    write4bits(value>>4);
    write4bits(value);
  }
}
     6bc:	df 91       	pop	r29
     6be:	cf 91       	pop	r28
     6c0:	1f 91       	pop	r17
     6c2:	0f 91       	pop	r16
     6c4:	ff 90       	pop	r15
     6c6:	ef 90       	pop	r14
     6c8:	df 90       	pop	r13
     6ca:	cf 90       	pop	r12
write8bits():
/home/oggy/Arduino/libraries/LiquidCrystal/src/LiquidCrystal.cpp:325
void LiquidCrystal::write8bits(uint8_t value) {
  for (int i = 0; i < 8; i++) {
    digitalWrite(_data_pins[i], (value >> i) & 0x01);
  }
  
  pulseEnable();
     6cc:	0c 94 e0 02 	jmp	0x5c0	; 0x5c0 <LiquidCrystal::pulseEnable()>
send():
/home/oggy/Arduino/libraries/LiquidCrystal/src/LiquidCrystal.cpp:298
  }
  
  if (_displayfunction & LCD_8BITMODE) {
    write8bits(value); 
  } else {
    write4bits(value>>4);
     6d0:	b8 01       	movw	r22, r16
     6d2:	84 e0       	ldi	r24, 0x04	; 4
     6d4:	75 95       	asr	r23
     6d6:	67 95       	ror	r22
     6d8:	8a 95       	dec	r24
     6da:	e1 f7       	brne	.-8      	; 0x6d4 <LiquidCrystal::send(unsigned char, unsigned char)+0x80>
     6dc:	ce 01       	movw	r24, r28
     6de:	0e 94 fd 02 	call	0x5fa	; 0x5fa <LiquidCrystal::write4bits(unsigned char)>
/home/oggy/Arduino/libraries/LiquidCrystal/src/LiquidCrystal.cpp:299
    write4bits(value);
     6e2:	6f 2d       	mov	r22, r15
     6e4:	ce 01       	movw	r24, r28
/home/oggy/Arduino/libraries/LiquidCrystal/src/LiquidCrystal.cpp:301
  }
}
     6e6:	df 91       	pop	r29
     6e8:	cf 91       	pop	r28
     6ea:	1f 91       	pop	r17
     6ec:	0f 91       	pop	r16
     6ee:	ff 90       	pop	r15
     6f0:	ef 90       	pop	r14
     6f2:	df 90       	pop	r13
     6f4:	cf 90       	pop	r12
/home/oggy/Arduino/libraries/LiquidCrystal/src/LiquidCrystal.cpp:299
  
  if (_displayfunction & LCD_8BITMODE) {
    write8bits(value); 
  } else {
    write4bits(value>>4);
    write4bits(value);
     6f6:	0c 94 fd 02 	jmp	0x5fa	; 0x5fa <LiquidCrystal::write4bits(unsigned char)>

000006fa <LiquidCrystal::command(unsigned char) [clone .constprop.52]>:
command():
/home/oggy/Arduino/libraries/LiquidCrystal/src/LiquidCrystal.cpp:276
}

/*********** mid level commands, for sending data/cmds */

inline void LiquidCrystal::command(uint8_t value) {
  send(value, LOW);
     6fa:	40 e0       	ldi	r20, 0x00	; 0
     6fc:	68 2f       	mov	r22, r24
     6fe:	87 e1       	ldi	r24, 0x17	; 23
     700:	97 e0       	ldi	r25, 0x07	; 7
     702:	0c 94 2a 03 	jmp	0x654	; 0x654 <LiquidCrystal::send(unsigned char, unsigned char)>

00000706 <LiquidCrystal::clear() [clone .constprop.51]>:
clear():
/home/oggy/Arduino/libraries/LiquidCrystal/src/LiquidCrystal.cpp:178
}

/********** high level commands, for the user! */
void LiquidCrystal::clear()
{
  command(LCD_CLEARDISPLAY);  // clear display, set cursor position to zero
     706:	81 e0       	ldi	r24, 0x01	; 1
     708:	0e 94 7d 03 	call	0x6fa	; 0x6fa <LiquidCrystal::command(unsigned char) [clone .constprop.52]>
/home/oggy/Arduino/libraries/LiquidCrystal/src/LiquidCrystal.cpp:179
  delayMicroseconds(2000);  // this command takes a long time!
     70c:	80 ed       	ldi	r24, 0xD0	; 208
     70e:	97 e0       	ldi	r25, 0x07	; 7
     710:	0c 94 55 01 	jmp	0x2aa	; 0x2aa <delayMicroseconds>

00000714 <LiquidCrystal::begin(unsigned char, unsigned char, unsigned char) [clone .constprop.49]>:
begin():
/home/oggy/Arduino/libraries/LiquidCrystal/src/LiquidCrystal.cpp:78
    _displayfunction = LCD_8BITMODE | LCD_1LINE | LCD_5x8DOTS;
  
  begin(16, 1);  
}

void LiquidCrystal::begin(uint8_t cols, uint8_t lines, uint8_t dotsize) {
     714:	cf 93       	push	r28
     716:	df 93       	push	r29
/home/oggy/Arduino/libraries/LiquidCrystal/src/LiquidCrystal.cpp:79
  if (lines > 1) {
     718:	82 30       	cpi	r24, 0x02	; 2
     71a:	29 f4       	brne	.+10     	; 0x726 <LiquidCrystal::begin(unsigned char, unsigned char, unsigned char) [clone .constprop.49]+0x12>
/home/oggy/Arduino/libraries/LiquidCrystal/src/LiquidCrystal.cpp:80
    _displayfunction |= LCD_2LINE;
     71c:	90 91 26 07 	lds	r25, 0x0726	; 0x800726 <lcd+0xf>
     720:	98 60       	ori	r25, 0x08	; 8
     722:	90 93 26 07 	sts	0x0726, r25	; 0x800726 <lcd+0xf>
/home/oggy/Arduino/libraries/LiquidCrystal/src/LiquidCrystal.cpp:82
  }
  _numlines = lines;
     726:	80 93 2a 07 	sts	0x072A, r24	; 0x80072a <lcd+0x13>
setRowOffsets():
/home/oggy/Arduino/libraries/LiquidCrystal/src/LiquidCrystal.cpp:169

}

void LiquidCrystal::setRowOffsets(int row0, int row1, int row2, int row3)
{
  _row_offsets[0] = row0;
     72a:	10 92 2b 07 	sts	0x072B, r1	; 0x80072b <lcd+0x14>
/home/oggy/Arduino/libraries/LiquidCrystal/src/LiquidCrystal.cpp:170
  _row_offsets[1] = row1;
     72e:	80 e4       	ldi	r24, 0x40	; 64
     730:	80 93 2c 07 	sts	0x072C, r24	; 0x80072c <lcd+0x15>
/home/oggy/Arduino/libraries/LiquidCrystal/src/LiquidCrystal.cpp:171
  _row_offsets[2] = row2;
     734:	80 e1       	ldi	r24, 0x10	; 16
     736:	80 93 2d 07 	sts	0x072D, r24	; 0x80072d <lcd+0x16>
/home/oggy/Arduino/libraries/LiquidCrystal/src/LiquidCrystal.cpp:172
  _row_offsets[3] = row3;
     73a:	80 e5       	ldi	r24, 0x50	; 80
     73c:	80 93 2e 07 	sts	0x072E, r24	; 0x80072e <lcd+0x17>
begin():
/home/oggy/Arduino/libraries/LiquidCrystal/src/LiquidCrystal.cpp:91
  // for some 1 line displays you can select a 10 pixel high font
  if ((dotsize != LCD_5x8DOTS) && (lines == 1)) {
    _displayfunction |= LCD_5x10DOTS;
  }

  pinMode(_rs_pin, OUTPUT);
     740:	61 e0       	ldi	r22, 0x01	; 1
     742:	80 91 1b 07 	lds	r24, 0x071B	; 0x80071b <lcd+0x4>
     746:	0e 94 19 01 	call	0x232	; 0x232 <pinMode>
/home/oggy/Arduino/libraries/LiquidCrystal/src/LiquidCrystal.cpp:93
  // we can save 1 pin by not using RW. Indicate by passing 255 instead of pin#
  if (_rw_pin != 255) { 
     74a:	80 91 1c 07 	lds	r24, 0x071C	; 0x80071c <lcd+0x5>
     74e:	8f 3f       	cpi	r24, 0xFF	; 255
     750:	19 f0       	breq	.+6      	; 0x758 <LiquidCrystal::begin(unsigned char, unsigned char, unsigned char) [clone .constprop.49]+0x44>
/home/oggy/Arduino/libraries/LiquidCrystal/src/LiquidCrystal.cpp:94
    pinMode(_rw_pin, OUTPUT);
     752:	61 e0       	ldi	r22, 0x01	; 1
     754:	0e 94 19 01 	call	0x232	; 0x232 <pinMode>
/home/oggy/Arduino/libraries/LiquidCrystal/src/LiquidCrystal.cpp:96
  }
  pinMode(_enable_pin, OUTPUT);
     758:	61 e0       	ldi	r22, 0x01	; 1
     75a:	80 91 1d 07 	lds	r24, 0x071D	; 0x80071d <lcd+0x6>
     75e:	0e 94 19 01 	call	0x232	; 0x232 <pinMode>
     762:	c7 e1       	ldi	r28, 0x17	; 23
     764:	d7 e0       	ldi	r29, 0x07	; 7
     766:	9e 01       	movw	r18, r28
     768:	27 51       	subi	r18, 0x17	; 23
     76a:	37 40       	sbci	r19, 0x07	; 7
/home/oggy/Arduino/libraries/LiquidCrystal/src/LiquidCrystal.cpp:99
  
  // Do these once, instead of every time a character is drawn for speed reasons.
  for (int i=0; i<((_displayfunction & LCD_8BITMODE) ? 8 : 4); ++i)
     76c:	80 91 26 07 	lds	r24, 0x0726	; 0x800726 <lcd+0xf>
     770:	84 fd       	sbrc	r24, 4
     772:	0b c0       	rjmp	.+22     	; 0x78a <LiquidCrystal::begin(unsigned char, unsigned char, unsigned char) [clone .constprop.49]+0x76>
     774:	84 e0       	ldi	r24, 0x04	; 4
     776:	90 e0       	ldi	r25, 0x00	; 0
     778:	21 96       	adiw	r28, 0x01	; 1
     77a:	28 17       	cp	r18, r24
     77c:	39 07       	cpc	r19, r25
     77e:	44 f4       	brge	.+16     	; 0x790 <LiquidCrystal::begin(unsigned char, unsigned char, unsigned char) [clone .constprop.49]+0x7c>
/home/oggy/Arduino/libraries/LiquidCrystal/src/LiquidCrystal.cpp:101
  {
    pinMode(_data_pins[i], OUTPUT);
     780:	61 e0       	ldi	r22, 0x01	; 1
     782:	8e 81       	ldd	r24, Y+6	; 0x06
     784:	0e 94 19 01 	call	0x232	; 0x232 <pinMode>
     788:	ee cf       	rjmp	.-36     	; 0x766 <LiquidCrystal::begin(unsigned char, unsigned char, unsigned char) [clone .constprop.49]+0x52>
/home/oggy/Arduino/libraries/LiquidCrystal/src/LiquidCrystal.cpp:99
    pinMode(_rw_pin, OUTPUT);
  }
  pinMode(_enable_pin, OUTPUT);
  
  // Do these once, instead of every time a character is drawn for speed reasons.
  for (int i=0; i<((_displayfunction & LCD_8BITMODE) ? 8 : 4); ++i)
     78a:	88 e0       	ldi	r24, 0x08	; 8
     78c:	90 e0       	ldi	r25, 0x00	; 0
     78e:	f4 cf       	rjmp	.-24     	; 0x778 <LiquidCrystal::begin(unsigned char, unsigned char, unsigned char) [clone .constprop.49]+0x64>
/home/oggy/Arduino/libraries/LiquidCrystal/src/LiquidCrystal.cpp:107
   } 

  // SEE PAGE 45/46 FOR INITIALIZATION SPECIFICATION!
  // according to datasheet, we need at least 40ms after power rises above 2.7V
  // before sending commands. Arduino can turn on way before 4.5V so we'll wait 50
  delayMicroseconds(50000); 
     790:	80 e5       	ldi	r24, 0x50	; 80
     792:	93 ec       	ldi	r25, 0xC3	; 195
     794:	0e 94 55 01 	call	0x2aa	; 0x2aa <delayMicroseconds>
/home/oggy/Arduino/libraries/LiquidCrystal/src/LiquidCrystal.cpp:109
  // Now we pull both RS and R/W low to begin commands
  digitalWrite(_rs_pin, LOW);
     798:	60 e0       	ldi	r22, 0x00	; 0
     79a:	80 91 1b 07 	lds	r24, 0x071B	; 0x80071b <lcd+0x4>
     79e:	0e 94 eb 00 	call	0x1d6	; 0x1d6 <digitalWrite>
/home/oggy/Arduino/libraries/LiquidCrystal/src/LiquidCrystal.cpp:110
  digitalWrite(_enable_pin, LOW);
     7a2:	60 e0       	ldi	r22, 0x00	; 0
     7a4:	80 91 1d 07 	lds	r24, 0x071D	; 0x80071d <lcd+0x6>
     7a8:	0e 94 eb 00 	call	0x1d6	; 0x1d6 <digitalWrite>
/home/oggy/Arduino/libraries/LiquidCrystal/src/LiquidCrystal.cpp:111
  if (_rw_pin != 255) { 
     7ac:	80 91 1c 07 	lds	r24, 0x071C	; 0x80071c <lcd+0x5>
     7b0:	8f 3f       	cpi	r24, 0xFF	; 255
     7b2:	19 f0       	breq	.+6      	; 0x7ba <LiquidCrystal::begin(unsigned char, unsigned char, unsigned char) [clone .constprop.49]+0xa6>
/home/oggy/Arduino/libraries/LiquidCrystal/src/LiquidCrystal.cpp:112
    digitalWrite(_rw_pin, LOW);
     7b4:	60 e0       	ldi	r22, 0x00	; 0
     7b6:	0e 94 eb 00 	call	0x1d6	; 0x1d6 <digitalWrite>
/home/oggy/Arduino/libraries/LiquidCrystal/src/LiquidCrystal.cpp:116
  }
  
  //put the LCD into 4 bit or 8 bit mode
  if (! (_displayfunction & LCD_8BITMODE)) {
     7ba:	80 91 26 07 	lds	r24, 0x0726	; 0x800726 <lcd+0xf>
     7be:	84 fd       	sbrc	r24, 4
     7c0:	35 c0       	rjmp	.+106    	; 0x82c <LiquidCrystal::begin(unsigned char, unsigned char, unsigned char) [clone .constprop.49]+0x118>
/home/oggy/Arduino/libraries/LiquidCrystal/src/LiquidCrystal.cpp:121
    // this is according to the hitachi HD44780 datasheet
    // figure 24, pg 46

    // we start in 8bit mode, try to set 4 bit mode
    write4bits(0x03);
     7c2:	63 e0       	ldi	r22, 0x03	; 3
     7c4:	87 e1       	ldi	r24, 0x17	; 23
     7c6:	97 e0       	ldi	r25, 0x07	; 7
     7c8:	0e 94 fd 02 	call	0x5fa	; 0x5fa <LiquidCrystal::write4bits(unsigned char)>
/home/oggy/Arduino/libraries/LiquidCrystal/src/LiquidCrystal.cpp:122
    delayMicroseconds(4500); // wait min 4.1ms
     7cc:	84 e9       	ldi	r24, 0x94	; 148
     7ce:	91 e1       	ldi	r25, 0x11	; 17
     7d0:	0e 94 55 01 	call	0x2aa	; 0x2aa <delayMicroseconds>
/home/oggy/Arduino/libraries/LiquidCrystal/src/LiquidCrystal.cpp:125

    // second try
    write4bits(0x03);
     7d4:	63 e0       	ldi	r22, 0x03	; 3
     7d6:	87 e1       	ldi	r24, 0x17	; 23
     7d8:	97 e0       	ldi	r25, 0x07	; 7
     7da:	0e 94 fd 02 	call	0x5fa	; 0x5fa <LiquidCrystal::write4bits(unsigned char)>
/home/oggy/Arduino/libraries/LiquidCrystal/src/LiquidCrystal.cpp:126
    delayMicroseconds(4500); // wait min 4.1ms
     7de:	84 e9       	ldi	r24, 0x94	; 148
     7e0:	91 e1       	ldi	r25, 0x11	; 17
     7e2:	0e 94 55 01 	call	0x2aa	; 0x2aa <delayMicroseconds>
/home/oggy/Arduino/libraries/LiquidCrystal/src/LiquidCrystal.cpp:129
    
    // third go!
    write4bits(0x03); 
     7e6:	63 e0       	ldi	r22, 0x03	; 3
     7e8:	87 e1       	ldi	r24, 0x17	; 23
     7ea:	97 e0       	ldi	r25, 0x07	; 7
     7ec:	0e 94 fd 02 	call	0x5fa	; 0x5fa <LiquidCrystal::write4bits(unsigned char)>
/home/oggy/Arduino/libraries/LiquidCrystal/src/LiquidCrystal.cpp:130
    delayMicroseconds(150);
     7f0:	86 e9       	ldi	r24, 0x96	; 150
     7f2:	90 e0       	ldi	r25, 0x00	; 0
     7f4:	0e 94 55 01 	call	0x2aa	; 0x2aa <delayMicroseconds>
/home/oggy/Arduino/libraries/LiquidCrystal/src/LiquidCrystal.cpp:133

    // finally, set to 4-bit interface
    write4bits(0x02); 
     7f8:	62 e0       	ldi	r22, 0x02	; 2
     7fa:	87 e1       	ldi	r24, 0x17	; 23
     7fc:	97 e0       	ldi	r25, 0x07	; 7
     7fe:	0e 94 fd 02 	call	0x5fa	; 0x5fa <LiquidCrystal::write4bits(unsigned char)>
/home/oggy/Arduino/libraries/LiquidCrystal/src/LiquidCrystal.cpp:151
    // third go
    command(LCD_FUNCTIONSET | _displayfunction);
  }

  // finally, set # lines, font size, etc.
  command(LCD_FUNCTIONSET | _displayfunction);  
     802:	80 91 26 07 	lds	r24, 0x0726	; 0x800726 <lcd+0xf>
     806:	80 62       	ori	r24, 0x20	; 32
     808:	0e 94 7d 03 	call	0x6fa	; 0x6fa <LiquidCrystal::command(unsigned char) [clone .constprop.52]>
/home/oggy/Arduino/libraries/LiquidCrystal/src/LiquidCrystal.cpp:154

  // turn the display on with no cursor or blinking default
  _displaycontrol = LCD_DISPLAYON | LCD_CURSOROFF | LCD_BLINKOFF;  
     80c:	84 e0       	ldi	r24, 0x04	; 4
     80e:	80 93 27 07 	sts	0x0727, r24	; 0x800727 <lcd+0x10>
display():
/home/oggy/Arduino/libraries/LiquidCrystal/src/LiquidCrystal.cpp:208
  _displaycontrol &= ~LCD_DISPLAYON;
  command(LCD_DISPLAYCONTROL | _displaycontrol);
}
void LiquidCrystal::display() {
  _displaycontrol |= LCD_DISPLAYON;
  command(LCD_DISPLAYCONTROL | _displaycontrol);
     812:	8c e0       	ldi	r24, 0x0C	; 12
     814:	0e 94 7d 03 	call	0x6fa	; 0x6fa <LiquidCrystal::command(unsigned char) [clone .constprop.52]>
begin():
/home/oggy/Arduino/libraries/LiquidCrystal/src/LiquidCrystal.cpp:158
  // turn the display on with no cursor or blinking default
  _displaycontrol = LCD_DISPLAYON | LCD_CURSOROFF | LCD_BLINKOFF;  
  display();

  // clear it off
  clear();
     818:	0e 94 83 03 	call	0x706	; 0x706 <LiquidCrystal::clear() [clone .constprop.51]>
/home/oggy/Arduino/libraries/LiquidCrystal/src/LiquidCrystal.cpp:161

  // Initialize to default text direction (for romance languages)
  _displaymode = LCD_ENTRYLEFT | LCD_ENTRYSHIFTDECREMENT;
     81c:	82 e0       	ldi	r24, 0x02	; 2
     81e:	80 93 28 07 	sts	0x0728, r24	; 0x800728 <lcd+0x11>
/home/oggy/Arduino/libraries/LiquidCrystal/src/LiquidCrystal.cpp:163
  // set the entry mode
  command(LCD_ENTRYMODESET | _displaymode);
     822:	86 e0       	ldi	r24, 0x06	; 6
/home/oggy/Arduino/libraries/LiquidCrystal/src/LiquidCrystal.cpp:165

}
     824:	df 91       	pop	r29
     826:	cf 91       	pop	r28
/home/oggy/Arduino/libraries/LiquidCrystal/src/LiquidCrystal.cpp:163
  clear();

  // Initialize to default text direction (for romance languages)
  _displaymode = LCD_ENTRYLEFT | LCD_ENTRYSHIFTDECREMENT;
  // set the entry mode
  command(LCD_ENTRYMODESET | _displaymode);
     828:	0c 94 7d 03 	jmp	0x6fa	; 0x6fa <LiquidCrystal::command(unsigned char) [clone .constprop.52]>
/home/oggy/Arduino/libraries/LiquidCrystal/src/LiquidCrystal.cpp:139
  } else {
    // this is according to the hitachi HD44780 datasheet
    // page 45 figure 23

    // Send function set command sequence
    command(LCD_FUNCTIONSET | _displayfunction);
     82c:	80 62       	ori	r24, 0x20	; 32
     82e:	0e 94 7d 03 	call	0x6fa	; 0x6fa <LiquidCrystal::command(unsigned char) [clone .constprop.52]>
/home/oggy/Arduino/libraries/LiquidCrystal/src/LiquidCrystal.cpp:140
    delayMicroseconds(4500);  // wait more than 4.1ms
     832:	84 e9       	ldi	r24, 0x94	; 148
     834:	91 e1       	ldi	r25, 0x11	; 17
     836:	0e 94 55 01 	call	0x2aa	; 0x2aa <delayMicroseconds>
/home/oggy/Arduino/libraries/LiquidCrystal/src/LiquidCrystal.cpp:143

    // second try
    command(LCD_FUNCTIONSET | _displayfunction);
     83a:	80 91 26 07 	lds	r24, 0x0726	; 0x800726 <lcd+0xf>
     83e:	80 62       	ori	r24, 0x20	; 32
     840:	0e 94 7d 03 	call	0x6fa	; 0x6fa <LiquidCrystal::command(unsigned char) [clone .constprop.52]>
/home/oggy/Arduino/libraries/LiquidCrystal/src/LiquidCrystal.cpp:144
    delayMicroseconds(150);
     844:	86 e9       	ldi	r24, 0x96	; 150
     846:	90 e0       	ldi	r25, 0x00	; 0
     848:	0e 94 55 01 	call	0x2aa	; 0x2aa <delayMicroseconds>
/home/oggy/Arduino/libraries/LiquidCrystal/src/LiquidCrystal.cpp:147

    // third go
    command(LCD_FUNCTIONSET | _displayfunction);
     84c:	80 91 26 07 	lds	r24, 0x0726	; 0x800726 <lcd+0xf>
     850:	80 62       	ori	r24, 0x20	; 32
     852:	0e 94 7d 03 	call	0x6fa	; 0x6fa <LiquidCrystal::command(unsigned char) [clone .constprop.52]>
     856:	d5 cf       	rjmp	.-86     	; 0x802 <LiquidCrystal::begin(unsigned char, unsigned char, unsigned char) [clone .constprop.49]+0xee>

00000858 <LiquidCrystal::setCursor(unsigned char, unsigned char) [clone .constprop.28]>:
setCursor():
/home/oggy/Arduino/libraries/LiquidCrystal/src/LiquidCrystal.cpp:194
{
  const size_t max_lines = sizeof(_row_offsets) / sizeof(*_row_offsets);
  if ( row >= max_lines ) {
    row = max_lines - 1;    // we count rows starting w/0
  }
  if ( row >= _numlines ) {
     858:	90 91 2a 07 	lds	r25, 0x072A	; 0x80072a <lcd+0x13>
     85c:	69 17       	cp	r22, r25
     85e:	10 f0       	brcs	.+4      	; 0x864 <LiquidCrystal::setCursor(unsigned char, unsigned char) [clone .constprop.28]+0xc>
/home/oggy/Arduino/libraries/LiquidCrystal/src/LiquidCrystal.cpp:195
    row = _numlines - 1;    // we count rows starting w/0
     860:	6f ef       	ldi	r22, 0xFF	; 255
     862:	69 0f       	add	r22, r25
/home/oggy/Arduino/libraries/LiquidCrystal/src/LiquidCrystal.cpp:198
  }
  
  command(LCD_SETDDRAMADDR | (col + _row_offsets[row]));
     864:	e6 2f       	mov	r30, r22
     866:	f0 e0       	ldi	r31, 0x00	; 0
     868:	e9 5e       	subi	r30, 0xE9	; 233
     86a:	f8 4f       	sbci	r31, 0xF8	; 248
     86c:	94 89       	ldd	r25, Z+20	; 0x14
     86e:	89 0f       	add	r24, r25
     870:	80 68       	ori	r24, 0x80	; 128
     872:	0c 94 7d 03 	jmp	0x6fa	; 0x6fa <LiquidCrystal::command(unsigned char) [clone .constprop.52]>

00000876 <LiquidCrystal::write(unsigned char)>:
write():
/home/oggy/Arduino/libraries/LiquidCrystal/src/LiquidCrystal.cpp:280
inline void LiquidCrystal::command(uint8_t value) {
  send(value, LOW);
}

inline size_t LiquidCrystal::write(uint8_t value) {
  send(value, HIGH);
     876:	41 e0       	ldi	r20, 0x01	; 1
     878:	0e 94 2a 03 	call	0x654	; 0x654 <LiquidCrystal::send(unsigned char, unsigned char)>
/home/oggy/Arduino/libraries/LiquidCrystal/src/LiquidCrystal.cpp:282
  return 1; // assume sucess
}
     87c:	81 e0       	ldi	r24, 0x01	; 1
     87e:	90 e0       	ldi	r25, 0x00	; 0
     880:	08 95       	ret

00000882 <Print::flush()>:
flush():
/home/oggy/.arduino15/packages/MiniCore/hardware/avr/3.1.2/cores/MCUdude_corefiles/Print.h:65

    // default to zero, meaning "a single write may block"
    // should be overriden by subclasses with buffering
    virtual int availableForWrite() { return 0; }

    virtual void flush() { /* Empty implementation for backward compatibility */ }
     882:	08 95       	ret

00000884 <Print::availableForWrite()>:
availableForWrite():
/home/oggy/.arduino15/packages/MiniCore/hardware/avr/3.1.2/cores/MCUdude_corefiles/Print.h:63
      return write((const uint8_t *)buffer, size);
    }

    // default to zero, meaning "a single write may block"
    // should be overriden by subclasses with buffering
    virtual int availableForWrite() { return 0; }
     884:	90 e0       	ldi	r25, 0x00	; 0
     886:	80 e0       	ldi	r24, 0x00	; 0
     888:	08 95       	ret

0000088a <MFRC522::PICC_ReadCardSerial()>:
PICC_ReadCardSerial():
/home/oggy/Arduino/libraries/MFRC522/src/MFRC522.cpp:1948
 * The read UID is available in the class variable uid.
 * 
 * @return bool
 */
bool MFRC522::PICC_ReadCardSerial() {
	MFRC522::StatusCode result = PICC_Select(&uid);
     88a:	bc 01       	movw	r22, r24
     88c:	6e 5f       	subi	r22, 0xFE	; 254
     88e:	7f 4f       	sbci	r23, 0xFF	; 255
     890:	dc 01       	movw	r26, r24
     892:	ed 91       	ld	r30, X+
     894:	fc 91       	ld	r31, X
     896:	01 90       	ld	r0, Z+
     898:	f0 81       	ld	r31, Z
     89a:	e0 2d       	mov	r30, r0
     89c:	40 e0       	ldi	r20, 0x00	; 0
     89e:	09 95       	icall
/home/oggy/Arduino/libraries/MFRC522/src/MFRC522.cpp:1949
	return (result == STATUS_OK);
     8a0:	91 e0       	ldi	r25, 0x01	; 1
     8a2:	81 11       	cpse	r24, r1
     8a4:	90 e0       	ldi	r25, 0x00	; 0
/home/oggy/Arduino/libraries/MFRC522/src/MFRC522.cpp:1950
} // End 
     8a6:	89 2f       	mov	r24, r25
     8a8:	08 95       	ret

000008aa <SPIClass::endTransaction()>:
endTransaction():
/home/oggy/.arduino15/packages/MiniCore/hardware/avr/3.1.2/libraries/SPI/src/SPI.h:287
      #endif
      {
        SREG = interruptSave;
      }
    }
  }
     8aa:	08 95       	ret

000008ac <SPIClass::transfer(unsigned char)>:
transfer():
/home/oggy/.arduino15/packages/MiniCore/hardware/avr/3.1.2/libraries/SPI/src/SPI.h:212
    SPSR = settings.spsr;
  }

  // Write to the SPI bus (MOSI pin) and also receive (MISO pin)
  inline static uint8_t transfer(uint8_t data) {
    SPDR = data;
     8ac:	8e bd       	out	0x2e, r24	; 46
/home/oggy/.arduino15/packages/MiniCore/hardware/avr/3.1.2/libraries/SPI/src/SPI.h:219
     * The following NOP introduces a small delay that can prevent the wait
     * loop form iterating when running at the maximum speed. This gives
     * about 10% more speed, even if it seems counter-intuitive. At lower
     * speeds it is unnoticed.
     */
    asm volatile("nop");
     8ae:	00 00       	nop
/home/oggy/.arduino15/packages/MiniCore/hardware/avr/3.1.2/libraries/SPI/src/SPI.h:220
    while (!(SPSR & _BV(SPIF))) ; // wait
     8b0:	0d b4       	in	r0, 0x2d	; 45
     8b2:	07 fe       	sbrs	r0, 7
     8b4:	fd cf       	rjmp	.-6      	; 0x8b0 <SPIClass::transfer(unsigned char)+0x4>
/home/oggy/.arduino15/packages/MiniCore/hardware/avr/3.1.2/libraries/SPI/src/SPI.h:221
    return SPDR;
     8b6:	8e b5       	in	r24, 0x2e	; 46
/home/oggy/.arduino15/packages/MiniCore/hardware/avr/3.1.2/libraries/SPI/src/SPI.h:222
  }
     8b8:	08 95       	ret

000008ba <MFRC522::PCD_WriteRegister(MFRC522::PCD_Register, unsigned char, unsigned char*) [clone .constprop.43]>:
PCD_WriteRegister():
/home/oggy/Arduino/libraries/MFRC522/src/MFRC522.cpp:61

/**
 * Writes a number of bytes to the specified register in the MFRC522 chip.
 * The interface is described in the datasheet section 8.1.2.
 */
void MFRC522::PCD_WriteRegister(	PCD_Register reg,	///< The register to write to. One of the PCD_Register enums.
     8ba:	df 92       	push	r13
     8bc:	ef 92       	push	r14
     8be:	ff 92       	push	r15
     8c0:	0f 93       	push	r16
     8c2:	1f 93       	push	r17
     8c4:	cf 93       	push	r28
     8c6:	df 93       	push	r29
     8c8:	7c 01       	movw	r14, r24
     8ca:	06 2f       	mov	r16, r22
     8cc:	d4 2e       	mov	r13, r20
     8ce:	15 2f       	mov	r17, r21
/home/oggy/Arduino/libraries/MFRC522/src/MFRC522.cpp:65
									byte count,			///< The number of bytes to write to the register
									byte *values		///< The values to write. Byte array.
								) {
	SPI.beginTransaction(SPISettings(MFRC522_SPICLOCK, MSBFIRST, SPI_MODE0));	// Set the settings to work with SPI bus
     8d0:	80 e5       	ldi	r24, 0x50	; 80
     8d2:	90 e0       	ldi	r25, 0x00	; 0
     8d4:	0e 94 96 00 	call	0x12c	; 0x12c <SPIClass::beginTransaction(SPISettings) [clone .constprop.44]>
/home/oggy/Arduino/libraries/MFRC522/src/MFRC522.cpp:66
	digitalWrite(_chipSelectPin, LOW);		// Select slave
     8d8:	60 e0       	ldi	r22, 0x00	; 0
     8da:	f7 01       	movw	r30, r14
     8dc:	86 85       	ldd	r24, Z+14	; 0x0e
     8de:	0e 94 eb 00 	call	0x1d6	; 0x1d6 <digitalWrite>
/home/oggy/Arduino/libraries/MFRC522/src/MFRC522.cpp:67
	SPI.transfer(reg);						// MSB == 0 is for writing. LSB is not used in address. Datasheet section 8.1.2.3.
     8e2:	82 e1       	ldi	r24, 0x12	; 18
     8e4:	0e 94 56 04 	call	0x8ac	; 0x8ac <SPIClass::transfer(unsigned char)>
     8e8:	cd 2d       	mov	r28, r13
     8ea:	d1 2f       	mov	r29, r17
     8ec:	0c 0f       	add	r16, r28
     8ee:	1d 2f       	mov	r17, r29
     8f0:	11 1d       	adc	r17, r1
/home/oggy/Arduino/libraries/MFRC522/src/MFRC522.cpp:68
	for (byte index = 0; index < count; index++) {
     8f2:	c0 17       	cp	r28, r16
     8f4:	d1 07       	cpc	r29, r17
     8f6:	21 f0       	breq	.+8      	; 0x900 <__stack+0x1>
/home/oggy/Arduino/libraries/MFRC522/src/MFRC522.cpp:69
		SPI.transfer(values[index]);
     8f8:	89 91       	ld	r24, Y+
     8fa:	0e 94 56 04 	call	0x8ac	; 0x8ac <SPIClass::transfer(unsigned char)>
     8fe:	f9 cf       	rjmp	.-14     	; 0x8f2 <MFRC522::PCD_WriteRegister(MFRC522::PCD_Register, unsigned char, unsigned char*) [clone .constprop.43]+0x38>
/home/oggy/Arduino/libraries/MFRC522/src/MFRC522.cpp:71
	}
	digitalWrite(_chipSelectPin, HIGH);		// Release slave again
     900:	61 e0       	ldi	r22, 0x01	; 1
     902:	f7 01       	movw	r30, r14
     904:	86 85       	ldd	r24, Z+14	; 0x0e
/home/oggy/Arduino/libraries/MFRC522/src/MFRC522.cpp:73
	SPI.endTransaction(); // Stop using the SPI bus
} // End PCD_WriteRegister()
     906:	df 91       	pop	r29
     908:	cf 91       	pop	r28
     90a:	1f 91       	pop	r17
     90c:	0f 91       	pop	r16
     90e:	ff 90       	pop	r15
     910:	ef 90       	pop	r14
     912:	df 90       	pop	r13
/home/oggy/Arduino/libraries/MFRC522/src/MFRC522.cpp:71
	digitalWrite(_chipSelectPin, LOW);		// Select slave
	SPI.transfer(reg);						// MSB == 0 is for writing. LSB is not used in address. Datasheet section 8.1.2.3.
	for (byte index = 0; index < count; index++) {
		SPI.transfer(values[index]);
	}
	digitalWrite(_chipSelectPin, HIGH);		// Release slave again
     914:	0c 94 eb 00 	jmp	0x1d6	; 0x1d6 <digitalWrite>

00000918 <MFRC522::PCD_ReadRegister(MFRC522::PCD_Register)>:
PCD_ReadRegister():
/home/oggy/Arduino/libraries/MFRC522/src/MFRC522.cpp:80
/**
 * Reads a byte from the specified register in the MFRC522 chip.
 * The interface is described in the datasheet section 8.1.2.
 */
byte MFRC522::PCD_ReadRegister(	PCD_Register reg	///< The register to read from. One of the PCD_Register enums.
								) {
     918:	1f 93       	push	r17
     91a:	cf 93       	push	r28
     91c:	df 93       	push	r29
     91e:	ec 01       	movw	r28, r24
     920:	16 2f       	mov	r17, r22
/home/oggy/Arduino/libraries/MFRC522/src/MFRC522.cpp:82
	byte value;
	SPI.beginTransaction(SPISettings(MFRC522_SPICLOCK, MSBFIRST, SPI_MODE0));	// Set the settings to work with SPI bus
     922:	80 e5       	ldi	r24, 0x50	; 80
     924:	90 e0       	ldi	r25, 0x00	; 0
     926:	0e 94 96 00 	call	0x12c	; 0x12c <SPIClass::beginTransaction(SPISettings) [clone .constprop.44]>
/home/oggy/Arduino/libraries/MFRC522/src/MFRC522.cpp:83
	digitalWrite(_chipSelectPin, LOW);			// Select slave
     92a:	60 e0       	ldi	r22, 0x00	; 0
     92c:	8e 85       	ldd	r24, Y+14	; 0x0e
     92e:	0e 94 eb 00 	call	0x1d6	; 0x1d6 <digitalWrite>
/home/oggy/Arduino/libraries/MFRC522/src/MFRC522.cpp:84
	SPI.transfer(0x80 | reg);					// MSB == 1 is for reading. LSB is not used in address. Datasheet section 8.1.2.3.
     932:	81 2f       	mov	r24, r17
     934:	80 68       	ori	r24, 0x80	; 128
     936:	0e 94 56 04 	call	0x8ac	; 0x8ac <SPIClass::transfer(unsigned char)>
/home/oggy/Arduino/libraries/MFRC522/src/MFRC522.cpp:85
	value = SPI.transfer(0);					// Read the value back. Send 0 to stop reading.
     93a:	80 e0       	ldi	r24, 0x00	; 0
     93c:	0e 94 56 04 	call	0x8ac	; 0x8ac <SPIClass::transfer(unsigned char)>
     940:	18 2f       	mov	r17, r24
/home/oggy/Arduino/libraries/MFRC522/src/MFRC522.cpp:86
	digitalWrite(_chipSelectPin, HIGH);			// Release slave again
     942:	61 e0       	ldi	r22, 0x01	; 1
     944:	8e 85       	ldd	r24, Y+14	; 0x0e
     946:	0e 94 eb 00 	call	0x1d6	; 0x1d6 <digitalWrite>
/home/oggy/Arduino/libraries/MFRC522/src/MFRC522.cpp:89
	SPI.endTransaction(); // Stop using the SPI bus
	return value;
} // End PCD_ReadRegister()
     94a:	81 2f       	mov	r24, r17
     94c:	df 91       	pop	r29
     94e:	cf 91       	pop	r28
     950:	1f 91       	pop	r17
     952:	08 95       	ret

00000954 <MFRC522::PCD_WriteRegister(MFRC522::PCD_Register, unsigned char)>:
PCD_WriteRegister():
/home/oggy/Arduino/libraries/MFRC522/src/MFRC522.cpp:48
 * Writes a byte to the specified register in the MFRC522 chip.
 * The interface is described in the datasheet section 8.1.2.
 */
void MFRC522::PCD_WriteRegister(	PCD_Register reg,	///< The register to write to. One of the PCD_Register enums.
									byte value			///< The value to write.
								) {
     954:	0f 93       	push	r16
     956:	1f 93       	push	r17
     958:	cf 93       	push	r28
     95a:	df 93       	push	r29
     95c:	ec 01       	movw	r28, r24
     95e:	06 2f       	mov	r16, r22
     960:	14 2f       	mov	r17, r20
/home/oggy/Arduino/libraries/MFRC522/src/MFRC522.cpp:49
	SPI.beginTransaction(SPISettings(MFRC522_SPICLOCK, MSBFIRST, SPI_MODE0));	// Set the settings to work with SPI bus
     962:	80 e5       	ldi	r24, 0x50	; 80
     964:	90 e0       	ldi	r25, 0x00	; 0
     966:	0e 94 96 00 	call	0x12c	; 0x12c <SPIClass::beginTransaction(SPISettings) [clone .constprop.44]>
/home/oggy/Arduino/libraries/MFRC522/src/MFRC522.cpp:50
	digitalWrite(_chipSelectPin, LOW);		// Select slave
     96a:	60 e0       	ldi	r22, 0x00	; 0
     96c:	8e 85       	ldd	r24, Y+14	; 0x0e
     96e:	0e 94 eb 00 	call	0x1d6	; 0x1d6 <digitalWrite>
/home/oggy/Arduino/libraries/MFRC522/src/MFRC522.cpp:51
	SPI.transfer(reg);						// MSB == 0 is for writing. LSB is not used in address. Datasheet section 8.1.2.3.
     972:	80 2f       	mov	r24, r16
     974:	0e 94 56 04 	call	0x8ac	; 0x8ac <SPIClass::transfer(unsigned char)>
/home/oggy/Arduino/libraries/MFRC522/src/MFRC522.cpp:52
	SPI.transfer(value);
     978:	81 2f       	mov	r24, r17
     97a:	0e 94 56 04 	call	0x8ac	; 0x8ac <SPIClass::transfer(unsigned char)>
/home/oggy/Arduino/libraries/MFRC522/src/MFRC522.cpp:53
	digitalWrite(_chipSelectPin, HIGH);		// Release slave again
     97e:	61 e0       	ldi	r22, 0x01	; 1
     980:	8e 85       	ldd	r24, Y+14	; 0x0e
/home/oggy/Arduino/libraries/MFRC522/src/MFRC522.cpp:55
	SPI.endTransaction(); // Stop using the SPI bus
} // End PCD_WriteRegister()
     982:	df 91       	pop	r29
     984:	cf 91       	pop	r28
     986:	1f 91       	pop	r17
     988:	0f 91       	pop	r16
/home/oggy/Arduino/libraries/MFRC522/src/MFRC522.cpp:53
								) {
	SPI.beginTransaction(SPISettings(MFRC522_SPICLOCK, MSBFIRST, SPI_MODE0));	// Set the settings to work with SPI bus
	digitalWrite(_chipSelectPin, LOW);		// Select slave
	SPI.transfer(reg);						// MSB == 0 is for writing. LSB is not used in address. Datasheet section 8.1.2.3.
	SPI.transfer(value);
	digitalWrite(_chipSelectPin, HIGH);		// Release slave again
     98a:	0c 94 eb 00 	jmp	0x1d6	; 0x1d6 <digitalWrite>

0000098e <MFRC522::PCD_CalculateCRC(unsigned char*, unsigned char, unsigned char*)>:
PCD_CalculateCRC():
/home/oggy/Arduino/libraries/MFRC522/src/MFRC522.cpp:159
 * @return STATUS_OK on success, STATUS_??? otherwise.
 */
MFRC522::StatusCode MFRC522::PCD_CalculateCRC(	byte *data,		///< In: Pointer to the data to transfer to the FIFO for CRC calculation.
												byte length,	///< In: The number of bytes to transfer.
												byte *result	///< Out: Pointer to result buffer. Result is written to result[0..1], low byte first.
					 ) {
     98e:	cf 92       	push	r12
     990:	df 92       	push	r13
     992:	ef 92       	push	r14
     994:	ff 92       	push	r15
     996:	0f 93       	push	r16
     998:	1f 93       	push	r17
     99a:	cf 93       	push	r28
     99c:	df 93       	push	r29
     99e:	ec 01       	movw	r28, r24
     9a0:	6b 01       	movw	r12, r22
     9a2:	f4 2e       	mov	r15, r20
     9a4:	89 01       	movw	r16, r18
/home/oggy/Arduino/libraries/MFRC522/src/MFRC522.cpp:160
	PCD_WriteRegister(CommandReg, PCD_Idle);		// Stop any active command.
     9a6:	40 e0       	ldi	r20, 0x00	; 0
     9a8:	62 e0       	ldi	r22, 0x02	; 2
     9aa:	0e 94 aa 04 	call	0x954	; 0x954 <MFRC522::PCD_WriteRegister(MFRC522::PCD_Register, unsigned char)>
/home/oggy/Arduino/libraries/MFRC522/src/MFRC522.cpp:161
	PCD_WriteRegister(DivIrqReg, 0x04);				// Clear the CRCIRq interrupt request bit
     9ae:	44 e0       	ldi	r20, 0x04	; 4
     9b0:	6a e0       	ldi	r22, 0x0A	; 10
     9b2:	ce 01       	movw	r24, r28
     9b4:	0e 94 aa 04 	call	0x954	; 0x954 <MFRC522::PCD_WriteRegister(MFRC522::PCD_Register, unsigned char)>
/home/oggy/Arduino/libraries/MFRC522/src/MFRC522.cpp:162
	PCD_WriteRegister(FIFOLevelReg, 0x80);			// FlushBuffer = 1, FIFO initialization
     9b8:	40 e8       	ldi	r20, 0x80	; 128
     9ba:	64 e1       	ldi	r22, 0x14	; 20
     9bc:	ce 01       	movw	r24, r28
     9be:	0e 94 aa 04 	call	0x954	; 0x954 <MFRC522::PCD_WriteRegister(MFRC522::PCD_Register, unsigned char)>
/home/oggy/Arduino/libraries/MFRC522/src/MFRC522.cpp:163
	PCD_WriteRegister(FIFODataReg, length, data);	// Write data to the FIFO
     9c2:	a6 01       	movw	r20, r12
     9c4:	6f 2d       	mov	r22, r15
     9c6:	ce 01       	movw	r24, r28
     9c8:	0e 94 5d 04 	call	0x8ba	; 0x8ba <MFRC522::PCD_WriteRegister(MFRC522::PCD_Register, unsigned char, unsigned char*) [clone .constprop.43]>
/home/oggy/Arduino/libraries/MFRC522/src/MFRC522.cpp:164
	PCD_WriteRegister(CommandReg, PCD_CalcCRC);		// Start the calculation
     9cc:	43 e0       	ldi	r20, 0x03	; 3
     9ce:	62 e0       	ldi	r22, 0x02	; 2
     9d0:	ce 01       	movw	r24, r28
     9d2:	0e 94 aa 04 	call	0x954	; 0x954 <MFRC522::PCD_WriteRegister(MFRC522::PCD_Register, unsigned char)>
/home/oggy/Arduino/libraries/MFRC522/src/MFRC522.cpp:170
	
	// Wait for the CRC calculation to complete. Check for the register to
	// indicate that the CRC calculation is complete in a loop. If the
	// calculation is not indicated as complete in ~90ms, then time out
	// the operation.
	const uint32_t deadline = millis() + 89;
     9d6:	0e 94 b8 01 	call	0x370	; 0x370 <millis>
     9da:	6b 01       	movw	r12, r22
     9dc:	7c 01       	movw	r14, r24
     9de:	29 e5       	ldi	r18, 0x59	; 89
     9e0:	c2 0e       	add	r12, r18
     9e2:	d1 1c       	adc	r13, r1
     9e4:	e1 1c       	adc	r14, r1
     9e6:	f1 1c       	adc	r15, r1
/home/oggy/Arduino/libraries/MFRC522/src/MFRC522.cpp:174

	do {
		// DivIrqReg[7..0] bits are: Set2 reserved reserved MfinActIRq reserved CRCIRq reserved reserved
		byte n = PCD_ReadRegister(DivIrqReg);
     9e8:	6a e0       	ldi	r22, 0x0A	; 10
     9ea:	ce 01       	movw	r24, r28
     9ec:	0e 94 8c 04 	call	0x918	; 0x918 <MFRC522::PCD_ReadRegister(MFRC522::PCD_Register)>
/home/oggy/Arduino/libraries/MFRC522/src/MFRC522.cpp:175
		if (n & 0x04) {									// CRCIRq bit set - calculation done
     9f0:	82 ff       	sbrs	r24, 2
     9f2:	1b c0       	rjmp	.+54     	; 0xa2a <MFRC522::PCD_CalculateCRC(unsigned char*, unsigned char, unsigned char*)+0x9c>
/home/oggy/Arduino/libraries/MFRC522/src/MFRC522.cpp:176
			PCD_WriteRegister(CommandReg, PCD_Idle);	// Stop calculating CRC for new content in the FIFO.
     9f4:	40 e0       	ldi	r20, 0x00	; 0
     9f6:	62 e0       	ldi	r22, 0x02	; 2
     9f8:	ce 01       	movw	r24, r28
     9fa:	0e 94 aa 04 	call	0x954	; 0x954 <MFRC522::PCD_WriteRegister(MFRC522::PCD_Register, unsigned char)>
/home/oggy/Arduino/libraries/MFRC522/src/MFRC522.cpp:178
			// Transfer the result from the registers to the result buffer
			result[0] = PCD_ReadRegister(CRCResultRegL);
     9fe:	64 e4       	ldi	r22, 0x44	; 68
     a00:	ce 01       	movw	r24, r28
     a02:	0e 94 8c 04 	call	0x918	; 0x918 <MFRC522::PCD_ReadRegister(MFRC522::PCD_Register)>
     a06:	f8 01       	movw	r30, r16
     a08:	80 83       	st	Z, r24
/home/oggy/Arduino/libraries/MFRC522/src/MFRC522.cpp:179
			result[1] = PCD_ReadRegister(CRCResultRegH);
     a0a:	62 e4       	ldi	r22, 0x42	; 66
     a0c:	ce 01       	movw	r24, r28
     a0e:	0e 94 8c 04 	call	0x918	; 0x918 <MFRC522::PCD_ReadRegister(MFRC522::PCD_Register)>
     a12:	f8 01       	movw	r30, r16
     a14:	81 83       	std	Z+1, r24	; 0x01
/home/oggy/Arduino/libraries/MFRC522/src/MFRC522.cpp:180
			return STATUS_OK;
     a16:	80 e0       	ldi	r24, 0x00	; 0
/home/oggy/Arduino/libraries/MFRC522/src/MFRC522.cpp:188
	}
	while (static_cast<uint32_t> (millis()) < deadline);

	// 89ms passed and nothing happened. Communication with the MFRC522 might be down.
	return STATUS_TIMEOUT;
} // End PCD_CalculateCRC()
     a18:	df 91       	pop	r29
     a1a:	cf 91       	pop	r28
     a1c:	1f 91       	pop	r17
     a1e:	0f 91       	pop	r16
     a20:	ff 90       	pop	r15
     a22:	ef 90       	pop	r14
     a24:	df 90       	pop	r13
     a26:	cf 90       	pop	r12
     a28:	08 95       	ret
/home/oggy/Arduino/libraries/MFRC522/src/MFRC522.cpp:184
			result[1] = PCD_ReadRegister(CRCResultRegH);
			return STATUS_OK;
		}
		yield();
	}
	while (static_cast<uint32_t> (millis()) < deadline);
     a2a:	0e 94 b8 01 	call	0x370	; 0x370 <millis>
     a2e:	6c 15       	cp	r22, r12
     a30:	7d 05       	cpc	r23, r13
     a32:	8e 05       	cpc	r24, r14
     a34:	9f 05       	cpc	r25, r15
     a36:	c0 f2       	brcs	.-80     	; 0x9e8 <MFRC522::PCD_CalculateCRC(unsigned char*, unsigned char, unsigned char*)+0x5a>
/home/oggy/Arduino/libraries/MFRC522/src/MFRC522.cpp:187

	// 89ms passed and nothing happened. Communication with the MFRC522 might be down.
	return STATUS_TIMEOUT;
     a38:	83 e0       	ldi	r24, 0x03	; 3
     a3a:	ee cf       	rjmp	.-36     	; 0xa18 <MFRC522::PCD_CalculateCRC(unsigned char*, unsigned char, unsigned char*)+0x8a>

00000a3c <MFRC522::PCD_CommunicateWithPICC(unsigned char, unsigned char, unsigned char*, unsigned char, unsigned char*, unsigned char*, unsigned char*, unsigned char, bool)>:
PCD_CommunicateWithPICC():
/home/oggy/Arduino/libraries/MFRC522/src/MFRC522.cpp:476
														byte *backData,		///< nullptr or pointer to buffer if data should be read back after executing the command.
														byte *backLen,		///< In: Max number of bytes to write to *backData. Out: The number of bytes returned.
														byte *validBits,	///< In/Out: The number of valid bits in the last byte. 0 for 8 valid bits.
														byte rxAlign,		///< In: Defines the bit position in backData[0] for the first bit received. Default 0.
														bool checkCRC		///< In: True => The last two bytes of the response is assumed to be a CRC_A that must be validated.
									 ) {
     a3c:	2f 92       	push	r2
     a3e:	3f 92       	push	r3
     a40:	4f 92       	push	r4
     a42:	5f 92       	push	r5
     a44:	6f 92       	push	r6
     a46:	7f 92       	push	r7
     a48:	8f 92       	push	r8
     a4a:	9f 92       	push	r9
     a4c:	af 92       	push	r10
     a4e:	bf 92       	push	r11
     a50:	cf 92       	push	r12
     a52:	df 92       	push	r13
     a54:	ef 92       	push	r14
     a56:	ff 92       	push	r15
     a58:	0f 93       	push	r16
     a5a:	1f 93       	push	r17
     a5c:	cf 93       	push	r28
     a5e:	df 93       	push	r29
     a60:	00 d0       	rcall	.+0      	; 0xa62 <MFRC522::PCD_CommunicateWithPICC(unsigned char, unsigned char, unsigned char*, unsigned char, unsigned char*, unsigned char*, unsigned char*, unsigned char, bool)+0x26>
     a62:	cd b7       	in	r28, 0x3d	; 61
     a64:	de b7       	in	r29, 0x3e	; 62
     a66:	3c 01       	movw	r6, r24
     a68:	16 2f       	mov	r17, r22
     a6a:	94 2e       	mov	r9, r20
     a6c:	29 01       	movw	r4, r18
/home/oggy/Arduino/libraries/MFRC522/src/MFRC522.cpp:478
	// Prepare values for BitFramingReg
	byte txLastBits = validBits ? *validBits : 0;
     a6e:	80 e0       	ldi	r24, 0x00	; 0
     a70:	a1 14       	cp	r10, r1
     a72:	b1 04       	cpc	r11, r1
     a74:	11 f0       	breq	.+4      	; 0xa7a <MFRC522::PCD_CommunicateWithPICC(unsigned char, unsigned char, unsigned char*, unsigned char, unsigned char*, unsigned char*, unsigned char*, unsigned char, bool)+0x3e>
     a76:	f5 01       	movw	r30, r10
     a78:	80 81       	ld	r24, Z
/home/oggy/Arduino/libraries/MFRC522/src/MFRC522.cpp:479
	byte bitFraming = (rxAlign << 4) + txLastBits;		// RxAlign = BitFramingReg[6..4]. TxLastBits = BitFramingReg[2..0]
     a7a:	38 2c       	mov	r3, r8
     a7c:	32 94       	swap	r3
     a7e:	90 ef       	ldi	r25, 0xF0	; 240
     a80:	39 22       	and	r3, r25
     a82:	38 0e       	add	r3, r24
/home/oggy/Arduino/libraries/MFRC522/src/MFRC522.cpp:481
	
	PCD_WriteRegister(CommandReg, PCD_Idle);			// Stop any active command.
     a84:	40 e0       	ldi	r20, 0x00	; 0
     a86:	62 e0       	ldi	r22, 0x02	; 2
     a88:	c3 01       	movw	r24, r6
     a8a:	0e 94 aa 04 	call	0x954	; 0x954 <MFRC522::PCD_WriteRegister(MFRC522::PCD_Register, unsigned char)>
/home/oggy/Arduino/libraries/MFRC522/src/MFRC522.cpp:482
	PCD_WriteRegister(ComIrqReg, 0x7F);					// Clear all seven interrupt request bits
     a8e:	4f e7       	ldi	r20, 0x7F	; 127
     a90:	68 e0       	ldi	r22, 0x08	; 8
     a92:	c3 01       	movw	r24, r6
     a94:	0e 94 aa 04 	call	0x954	; 0x954 <MFRC522::PCD_WriteRegister(MFRC522::PCD_Register, unsigned char)>
/home/oggy/Arduino/libraries/MFRC522/src/MFRC522.cpp:483
	PCD_WriteRegister(FIFOLevelReg, 0x80);				// FlushBuffer = 1, FIFO initialization
     a98:	40 e8       	ldi	r20, 0x80	; 128
     a9a:	64 e1       	ldi	r22, 0x14	; 20
     a9c:	c3 01       	movw	r24, r6
     a9e:	0e 94 aa 04 	call	0x954	; 0x954 <MFRC522::PCD_WriteRegister(MFRC522::PCD_Register, unsigned char)>
/home/oggy/Arduino/libraries/MFRC522/src/MFRC522.cpp:484
	PCD_WriteRegister(FIFODataReg, sendLen, sendData);	// Write sendData to the FIFO
     aa2:	a2 01       	movw	r20, r4
     aa4:	60 2f       	mov	r22, r16
     aa6:	c3 01       	movw	r24, r6
     aa8:	0e 94 5d 04 	call	0x8ba	; 0x8ba <MFRC522::PCD_WriteRegister(MFRC522::PCD_Register, unsigned char, unsigned char*) [clone .constprop.43]>
/home/oggy/Arduino/libraries/MFRC522/src/MFRC522.cpp:485
	PCD_WriteRegister(BitFramingReg, bitFraming);		// Bit adjustments
     aac:	43 2d       	mov	r20, r3
     aae:	6a e1       	ldi	r22, 0x1A	; 26
     ab0:	c3 01       	movw	r24, r6
     ab2:	0e 94 aa 04 	call	0x954	; 0x954 <MFRC522::PCD_WriteRegister(MFRC522::PCD_Register, unsigned char)>
/home/oggy/Arduino/libraries/MFRC522/src/MFRC522.cpp:486
	PCD_WriteRegister(CommandReg, command);				// Execute the command
     ab6:	41 2f       	mov	r20, r17
     ab8:	62 e0       	ldi	r22, 0x02	; 2
     aba:	c3 01       	movw	r24, r6
     abc:	0e 94 aa 04 	call	0x954	; 0x954 <MFRC522::PCD_WriteRegister(MFRC522::PCD_Register, unsigned char)>
/home/oggy/Arduino/libraries/MFRC522/src/MFRC522.cpp:487
	if (command == PCD_Transceive) {
     ac0:	1c 30       	cpi	r17, 0x0C	; 12
     ac2:	51 f4       	brne	.+20     	; 0xad8 <MFRC522::PCD_CommunicateWithPICC(unsigned char, unsigned char, unsigned char*, unsigned char, unsigned char*, unsigned char*, unsigned char*, unsigned char, bool)+0x9c>
PCD_SetRegisterBitMask():
/home/oggy/Arduino/libraries/MFRC522/src/MFRC522.cpp:135
 */
void MFRC522::PCD_SetRegisterBitMask(	PCD_Register reg,	///< The register to update. One of the PCD_Register enums.
										byte mask			///< The bits to set.
									) { 
	byte tmp;
	tmp = PCD_ReadRegister(reg);
     ac4:	6a e1       	ldi	r22, 0x1A	; 26
     ac6:	c3 01       	movw	r24, r6
     ac8:	0e 94 8c 04 	call	0x918	; 0x918 <MFRC522::PCD_ReadRegister(MFRC522::PCD_Register)>
/home/oggy/Arduino/libraries/MFRC522/src/MFRC522.cpp:136
	PCD_WriteRegister(reg, tmp | mask);			// set bit mask
     acc:	48 2f       	mov	r20, r24
     ace:	40 68       	ori	r20, 0x80	; 128
     ad0:	6a e1       	ldi	r22, 0x1A	; 26
     ad2:	c3 01       	movw	r24, r6
     ad4:	0e 94 aa 04 	call	0x954	; 0x954 <MFRC522::PCD_WriteRegister(MFRC522::PCD_Register, unsigned char)>
PCD_CommunicateWithPICC():
/home/oggy/Arduino/libraries/MFRC522/src/MFRC522.cpp:499
	// Wait here for the command to complete. The bits specified in the
	// `waitIRq` parameter define what bits constitute a completed command.
	// When they are set in the ComIrqReg register, then the command is
	// considered complete. If the command is not indicated as complete in
	// ~36ms, then consider the command as timed out.
	const uint32_t deadline = millis() + 36;
     ad8:	0e 94 b8 01 	call	0x370	; 0x370 <millis>
     adc:	1b 01       	movw	r2, r22
     ade:	2c 01       	movw	r4, r24
     ae0:	f4 e2       	ldi	r31, 0x24	; 36
     ae2:	2f 0e       	add	r2, r31
     ae4:	31 1c       	adc	r3, r1
     ae6:	41 1c       	adc	r4, r1
     ae8:	51 1c       	adc	r5, r1
/home/oggy/Arduino/libraries/MFRC522/src/MFRC522.cpp:503
	bool completed = false;

	do {
		byte n = PCD_ReadRegister(ComIrqReg);	// ComIrqReg[7..0] bits are: Set1 TxIRq RxIRq IdleIRq HiAlertIRq LoAlertIRq ErrIRq TimerIRq
     aea:	68 e0       	ldi	r22, 0x08	; 8
     aec:	c3 01       	movw	r24, r6
     aee:	0e 94 8c 04 	call	0x918	; 0x918 <MFRC522::PCD_ReadRegister(MFRC522::PCD_Register)>
/home/oggy/Arduino/libraries/MFRC522/src/MFRC522.cpp:504
		if (n & waitIRq) {					// One of the interrupts that signal success has been set.
     af2:	98 2f       	mov	r25, r24
     af4:	99 21       	and	r25, r9
     af6:	09 f0       	breq	.+2      	; 0xafa <MFRC522::PCD_CommunicateWithPICC(unsigned char, unsigned char, unsigned char*, unsigned char, unsigned char*, unsigned char*, unsigned char*, unsigned char, bool)+0xbe>
     af8:	b6 c0       	rjmp	.+364    	; 0xc66 <MFRC522::PCD_CommunicateWithPICC(unsigned char, unsigned char, unsigned char*, unsigned char, unsigned char*, unsigned char*, unsigned char*, unsigned char, bool)+0x22a>
/home/oggy/Arduino/libraries/MFRC522/src/MFRC522.cpp:508
			completed = true;
			break;
		}
		if (n & 0x01) {						// Timer interrupt - nothing received in 25ms
     afa:	80 ff       	sbrs	r24, 0
     afc:	16 c0       	rjmp	.+44     	; 0xb2a <MFRC522::PCD_CommunicateWithPICC(unsigned char, unsigned char, unsigned char*, unsigned char, unsigned char*, unsigned char*, unsigned char*, unsigned char, bool)+0xee>
/home/oggy/Arduino/libraries/MFRC522/src/MFRC522.cpp:509
			return STATUS_TIMEOUT;
     afe:	83 e0       	ldi	r24, 0x03	; 3
/home/oggy/Arduino/libraries/MFRC522/src/MFRC522.cpp:569
			return STATUS_CRC_WRONG;
		}
	}
	
	return STATUS_OK;
} // End PCD_CommunicateWithPICC()
     b00:	0f 90       	pop	r0
     b02:	0f 90       	pop	r0
     b04:	df 91       	pop	r29
     b06:	cf 91       	pop	r28
     b08:	1f 91       	pop	r17
     b0a:	0f 91       	pop	r16
     b0c:	ff 90       	pop	r15
     b0e:	ef 90       	pop	r14
     b10:	df 90       	pop	r13
     b12:	cf 90       	pop	r12
     b14:	bf 90       	pop	r11
     b16:	af 90       	pop	r10
     b18:	9f 90       	pop	r9
     b1a:	8f 90       	pop	r8
     b1c:	7f 90       	pop	r7
     b1e:	6f 90       	pop	r6
     b20:	5f 90       	pop	r5
     b22:	4f 90       	pop	r4
     b24:	3f 90       	pop	r3
     b26:	2f 90       	pop	r2
     b28:	08 95       	ret
/home/oggy/Arduino/libraries/MFRC522/src/MFRC522.cpp:513
		if (n & 0x01) {						// Timer interrupt - nothing received in 25ms
			return STATUS_TIMEOUT;
		}
		yield();
	}
	while (static_cast<uint32_t> (millis()) < deadline);
     b2a:	0e 94 b8 01 	call	0x370	; 0x370 <millis>
     b2e:	62 15       	cp	r22, r2
     b30:	73 05       	cpc	r23, r3
     b32:	84 05       	cpc	r24, r4
     b34:	95 05       	cpc	r25, r5
     b36:	c8 f2       	brcs	.-78     	; 0xaea <MFRC522::PCD_CommunicateWithPICC(unsigned char, unsigned char, unsigned char*, unsigned char, unsigned char*, unsigned char*, unsigned char*, unsigned char, bool)+0xae>
     b38:	e2 cf       	rjmp	.-60     	; 0xafe <MFRC522::PCD_CommunicateWithPICC(unsigned char, unsigned char, unsigned char*, unsigned char, unsigned char*, unsigned char*, unsigned char*, unsigned char, bool)+0xc2>
/home/oggy/Arduino/libraries/MFRC522/src/MFRC522.cpp:529
	}
  
	byte _validBits = 0;
	
	// If the caller wants data back, get it from the MFRC522.
	if (backData && backLen) {
     b3a:	e1 14       	cp	r14, r1
     b3c:	f1 04       	cpc	r15, r1
     b3e:	09 f4       	brne	.+2      	; 0xb42 <MFRC522::PCD_CommunicateWithPICC(unsigned char, unsigned char, unsigned char*, unsigned char, unsigned char*, unsigned char*, unsigned char*, unsigned char, bool)+0x106>
     b40:	67 c0       	rjmp	.+206    	; 0xc10 <MFRC522::PCD_CommunicateWithPICC(unsigned char, unsigned char, unsigned char*, unsigned char, unsigned char*, unsigned char*, unsigned char*, unsigned char, bool)+0x1d4>
     b42:	c1 14       	cp	r12, r1
     b44:	d1 04       	cpc	r13, r1
     b46:	09 f4       	brne	.+2      	; 0xb4a <MFRC522::PCD_CommunicateWithPICC(unsigned char, unsigned char, unsigned char*, unsigned char, unsigned char*, unsigned char*, unsigned char*, unsigned char, bool)+0x10e>
     b48:	63 c0       	rjmp	.+198    	; 0xc10 <MFRC522::PCD_CommunicateWithPICC(unsigned char, unsigned char, unsigned char*, unsigned char, unsigned char*, unsigned char*, unsigned char*, unsigned char, bool)+0x1d4>
/home/oggy/Arduino/libraries/MFRC522/src/MFRC522.cpp:530
		byte n = PCD_ReadRegister(FIFOLevelReg);	// Number of bytes in the FIFO
     b4a:	64 e1       	ldi	r22, 0x14	; 20
     b4c:	c3 01       	movw	r24, r6
     b4e:	0e 94 8c 04 	call	0x918	; 0x918 <MFRC522::PCD_ReadRegister(MFRC522::PCD_Register)>
     b52:	98 2e       	mov	r9, r24
/home/oggy/Arduino/libraries/MFRC522/src/MFRC522.cpp:531
		if (n > *backLen) {
     b54:	f6 01       	movw	r30, r12
     b56:	80 81       	ld	r24, Z
     b58:	89 15       	cp	r24, r9
     b5a:	08 f4       	brcc	.+2      	; 0xb5e <MFRC522::PCD_CommunicateWithPICC(unsigned char, unsigned char, unsigned char*, unsigned char, unsigned char*, unsigned char*, unsigned char*, unsigned char, bool)+0x122>
     b5c:	7e c0       	rjmp	.+252    	; 0xc5a <MFRC522::PCD_CommunicateWithPICC(unsigned char, unsigned char, unsigned char*, unsigned char, unsigned char*, unsigned char*, unsigned char*, unsigned char, bool)+0x21e>
/home/oggy/Arduino/libraries/MFRC522/src/MFRC522.cpp:534
			return STATUS_NO_ROOM;
		}
		*backLen = n;											// Number of bytes returned
     b5e:	90 82       	st	Z, r9
PCD_ReadRegister():
/home/oggy/Arduino/libraries/MFRC522/src/MFRC522.cpp:100
void MFRC522::PCD_ReadRegister(	PCD_Register reg,	///< The register to read from. One of the PCD_Register enums.
								byte count,			///< The number of bytes to read
								byte *values,		///< Byte array to store the values in.
								byte rxAlign		///< Only bit positions rxAlign..7 in values[0] are updated.
								) {
	if (count == 0) {
     b60:	99 20       	and	r9, r9
     b62:	c9 f1       	breq	.+114    	; 0xbd6 <MFRC522::PCD_CommunicateWithPICC(unsigned char, unsigned char, unsigned char*, unsigned char, unsigned char*, unsigned char*, unsigned char*, unsigned char, bool)+0x19a>
/home/oggy/Arduino/libraries/MFRC522/src/MFRC522.cpp:106
		return;
	}
	//Serial.print(F("Reading ")); 	Serial.print(count); Serial.println(F(" bytes from register."));
	byte address = 0x80 | reg;				// MSB == 1 is for reading. LSB is not used in address. Datasheet section 8.1.2.3.
	byte index = 0;							// Index in values array.
	SPI.beginTransaction(SPISettings(MFRC522_SPICLOCK, MSBFIRST, SPI_MODE0));	// Set the settings to work with SPI bus
     b64:	80 e5       	ldi	r24, 0x50	; 80
     b66:	90 e0       	ldi	r25, 0x00	; 0
     b68:	0e 94 96 00 	call	0x12c	; 0x12c <SPIClass::beginTransaction(SPISettings) [clone .constprop.44]>
/home/oggy/Arduino/libraries/MFRC522/src/MFRC522.cpp:107
	digitalWrite(_chipSelectPin, LOW);		// Select slave
     b6c:	60 e0       	ldi	r22, 0x00	; 0
     b6e:	f3 01       	movw	r30, r6
     b70:	86 85       	ldd	r24, Z+14	; 0x0e
     b72:	0e 94 eb 00 	call	0x1d6	; 0x1d6 <digitalWrite>
/home/oggy/Arduino/libraries/MFRC522/src/MFRC522.cpp:108
	count--;								// One read is performed outside of the loop
     b76:	9a 94       	dec	r9
/home/oggy/Arduino/libraries/MFRC522/src/MFRC522.cpp:109
	SPI.transfer(address);					// Tell MFRC522 which address we want to read
     b78:	82 e9       	ldi	r24, 0x92	; 146
     b7a:	0e 94 56 04 	call	0x8ac	; 0x8ac <SPIClass::transfer(unsigned char)>
/home/oggy/Arduino/libraries/MFRC522/src/MFRC522.cpp:110
	if (rxAlign) {		// Only update bit positions rxAlign..7 in values[0]
     b7e:	88 20       	and	r8, r8
     b80:	99 f0       	breq	.+38     	; 0xba8 <MFRC522::PCD_CommunicateWithPICC(unsigned char, unsigned char, unsigned char*, unsigned char, unsigned char*, unsigned char*, unsigned char*, unsigned char, bool)+0x16c>
/home/oggy/Arduino/libraries/MFRC522/src/MFRC522.cpp:112
		// Create bit mask for bit positions rxAlign..7
		byte mask = (0xFF << rxAlign) & 0xFF;
     b82:	0f ef       	ldi	r16, 0xFF	; 255
     b84:	10 e0       	ldi	r17, 0x00	; 0
     b86:	01 c0       	rjmp	.+2      	; 0xb8a <MFRC522::PCD_CommunicateWithPICC(unsigned char, unsigned char, unsigned char*, unsigned char, unsigned char*, unsigned char*, unsigned char*, unsigned char, bool)+0x14e>
     b88:	00 0f       	add	r16, r16
     b8a:	8a 94       	dec	r8
     b8c:	ea f7       	brpl	.-6      	; 0xb88 <MFRC522::PCD_CommunicateWithPICC(unsigned char, unsigned char, unsigned char*, unsigned char, unsigned char*, unsigned char*, unsigned char*, unsigned char, bool)+0x14c>
/home/oggy/Arduino/libraries/MFRC522/src/MFRC522.cpp:114
		// Read value and tell that we want to read the same address again.
		byte value = SPI.transfer(address);
     b8e:	82 e9       	ldi	r24, 0x92	; 146
     b90:	0e 94 56 04 	call	0x8ac	; 0x8ac <SPIClass::transfer(unsigned char)>
/home/oggy/Arduino/libraries/MFRC522/src/MFRC522.cpp:116
		// Apply mask to both current value of values[0] and the new data in value.
		values[0] = (values[0] & ~mask) | (value & mask);
     b94:	90 2f       	mov	r25, r16
     b96:	90 95       	com	r25
     b98:	f7 01       	movw	r30, r14
     b9a:	20 81       	ld	r18, Z
     b9c:	92 23       	and	r25, r18
     b9e:	80 23       	and	r24, r16
     ba0:	98 2b       	or	r25, r24
     ba2:	90 83       	st	Z, r25
PCD_CommunicateWithPICC():
/home/oggy/Arduino/libraries/MFRC522/src/MFRC522.cpp:117
		index++;
     ba4:	88 24       	eor	r8, r8
     ba6:	83 94       	inc	r8
     ba8:	87 01       	movw	r16, r14
     baa:	08 0d       	add	r16, r8
     bac:	11 1d       	adc	r17, r1
PCD_ReadRegister():
/home/oggy/Arduino/libraries/MFRC522/src/MFRC522.cpp:119
	}
	while (index < count) {
     bae:	89 14       	cp	r8, r9
     bb0:	40 f4       	brcc	.+16     	; 0xbc2 <MFRC522::PCD_CommunicateWithPICC(unsigned char, unsigned char, unsigned char*, unsigned char, unsigned char*, unsigned char*, unsigned char*, unsigned char, bool)+0x186>
/home/oggy/Arduino/libraries/MFRC522/src/MFRC522.cpp:120
		values[index] = SPI.transfer(address);	// Read value and tell that we want to read the same address again.
     bb2:	82 e9       	ldi	r24, 0x92	; 146
     bb4:	0e 94 56 04 	call	0x8ac	; 0x8ac <SPIClass::transfer(unsigned char)>
     bb8:	f8 01       	movw	r30, r16
     bba:	81 93       	st	Z+, r24
     bbc:	8f 01       	movw	r16, r30
/home/oggy/Arduino/libraries/MFRC522/src/MFRC522.cpp:121
		index++;
     bbe:	83 94       	inc	r8
     bc0:	f6 cf       	rjmp	.-20     	; 0xbae <MFRC522::PCD_CommunicateWithPICC(unsigned char, unsigned char, unsigned char*, unsigned char, unsigned char*, unsigned char*, unsigned char*, unsigned char, bool)+0x172>
/home/oggy/Arduino/libraries/MFRC522/src/MFRC522.cpp:123
	}
	values[index] = SPI.transfer(0);			// Read the final byte. Send 0 to stop reading.
     bc2:	80 e0       	ldi	r24, 0x00	; 0
     bc4:	0e 94 56 04 	call	0x8ac	; 0x8ac <SPIClass::transfer(unsigned char)>
     bc8:	f8 01       	movw	r30, r16
     bca:	80 83       	st	Z, r24
/home/oggy/Arduino/libraries/MFRC522/src/MFRC522.cpp:124
	digitalWrite(_chipSelectPin, HIGH);			// Release slave again
     bcc:	61 e0       	ldi	r22, 0x01	; 1
     bce:	f3 01       	movw	r30, r6
     bd0:	86 85       	ldd	r24, Z+14	; 0x0e
     bd2:	0e 94 eb 00 	call	0x1d6	; 0x1d6 <digitalWrite>
PCD_CommunicateWithPICC():
/home/oggy/Arduino/libraries/MFRC522/src/MFRC522.cpp:536
		if (n > *backLen) {
			return STATUS_NO_ROOM;
		}
		*backLen = n;											// Number of bytes returned
		PCD_ReadRegister(FIFODataReg, n, backData, rxAlign);	// Get received data from FIFO
		_validBits = PCD_ReadRegister(ControlReg) & 0x07;		// RxLastBits[2:0] indicates the number of valid bits in the last received byte. If this value is 000b, the whole byte is valid.
     bd6:	68 e1       	ldi	r22, 0x18	; 24
     bd8:	c3 01       	movw	r24, r6
     bda:	0e 94 8c 04 	call	0x918	; 0x918 <MFRC522::PCD_ReadRegister(MFRC522::PCD_Register)>
     bde:	87 70       	andi	r24, 0x07	; 7
/home/oggy/Arduino/libraries/MFRC522/src/MFRC522.cpp:537
		if (validBits) {
     be0:	a1 14       	cp	r10, r1
     be2:	b1 04       	cpc	r11, r1
     be4:	11 f0       	breq	.+4      	; 0xbea <MFRC522::PCD_CommunicateWithPICC(unsigned char, unsigned char, unsigned char*, unsigned char, unsigned char*, unsigned char*, unsigned char*, unsigned char, bool)+0x1ae>
/home/oggy/Arduino/libraries/MFRC522/src/MFRC522.cpp:538
			*validBits = _validBits;
     be6:	f5 01       	movw	r30, r10
     be8:	80 83       	st	Z, r24
/home/oggy/Arduino/libraries/MFRC522/src/MFRC522.cpp:543
		}
	}
	
	// Tell about collisions
	if (errorRegValue & 0x08) {		// CollErr
     bea:	53 fc       	sbrc	r5, 3
     bec:	38 c0       	rjmp	.+112    	; 0xc5e <MFRC522::PCD_CommunicateWithPICC(unsigned char, unsigned char, unsigned char*, unsigned char, unsigned char*, unsigned char*, unsigned char*, unsigned char, bool)+0x222>
/home/oggy/Arduino/libraries/MFRC522/src/MFRC522.cpp:548
		return STATUS_COLLISION;
	}
	
	// Perform CRC_A validation if requested.
	if (backData && backLen && checkCRC) {
     bee:	e1 14       	cp	r14, r1
     bf0:	f1 04       	cpc	r15, r1
     bf2:	b9 f1       	breq	.+110    	; 0xc62 <MFRC522::PCD_CommunicateWithPICC(unsigned char, unsigned char, unsigned char*, unsigned char, unsigned char*, unsigned char*, unsigned char*, unsigned char, bool)+0x226>
     bf4:	c1 14       	cp	r12, r1
     bf6:	d1 04       	cpc	r13, r1
     bf8:	a1 f1       	breq	.+104    	; 0xc62 <MFRC522::PCD_CommunicateWithPICC(unsigned char, unsigned char, unsigned char*, unsigned char, unsigned char*, unsigned char*, unsigned char*, unsigned char, bool)+0x226>
     bfa:	9f 89       	ldd	r25, Y+23	; 0x17
     bfc:	99 23       	and	r25, r25
     bfe:	89 f1       	breq	.+98     	; 0xc62 <MFRC522::PCD_CommunicateWithPICC(unsigned char, unsigned char, unsigned char*, unsigned char, unsigned char*, unsigned char*, unsigned char*, unsigned char, bool)+0x226>
/home/oggy/Arduino/libraries/MFRC522/src/MFRC522.cpp:550
		// In this case a MIFARE Classic NAK is not OK.
		if (*backLen == 1 && _validBits == 4) {
     c00:	f6 01       	movw	r30, r12
     c02:	40 81       	ld	r20, Z
     c04:	41 30       	cpi	r20, 0x01	; 1
     c06:	31 f4       	brne	.+12     	; 0xc14 <MFRC522::PCD_CommunicateWithPICC(unsigned char, unsigned char, unsigned char*, unsigned char, unsigned char*, unsigned char*, unsigned char*, unsigned char, bool)+0x1d8>
     c08:	84 30       	cpi	r24, 0x04	; 4
     c0a:	29 f5       	brne	.+74     	; 0xc56 <MFRC522::PCD_CommunicateWithPICC(unsigned char, unsigned char, unsigned char*, unsigned char, unsigned char*, unsigned char*, unsigned char*, unsigned char, bool)+0x21a>
/home/oggy/Arduino/libraries/MFRC522/src/MFRC522.cpp:551
			return STATUS_MIFARE_NACK;
     c0c:	8f ef       	ldi	r24, 0xFF	; 255
     c0e:	78 cf       	rjmp	.-272    	; 0xb00 <MFRC522::PCD_CommunicateWithPICC(unsigned char, unsigned char, unsigned char*, unsigned char, unsigned char*, unsigned char*, unsigned char*, unsigned char, bool)+0xc4>
/home/oggy/Arduino/libraries/MFRC522/src/MFRC522.cpp:526
	byte errorRegValue = PCD_ReadRegister(ErrorReg); // ErrorReg[7..0] bits are: WrErr TempErr reserved BufferOvfl CollErr CRCErr ParityErr ProtocolErr
	if (errorRegValue & 0x13) {	 // BufferOvfl ParityErr ProtocolErr
		return STATUS_ERROR;
	}
  
	byte _validBits = 0;
     c10:	80 e0       	ldi	r24, 0x00	; 0
     c12:	eb cf       	rjmp	.-42     	; 0xbea <MFRC522::PCD_CommunicateWithPICC(unsigned char, unsigned char, unsigned char*, unsigned char, unsigned char*, unsigned char*, unsigned char*, unsigned char, bool)+0x1ae>
/home/oggy/Arduino/libraries/MFRC522/src/MFRC522.cpp:554
		// In this case a MIFARE Classic NAK is not OK.
		if (*backLen == 1 && _validBits == 4) {
			return STATUS_MIFARE_NACK;
		}
		// We need at least the CRC_A value and all 8 bits of the last byte must be received.
		if (*backLen < 2 || _validBits != 0) {
     c14:	42 30       	cpi	r20, 0x02	; 2
     c16:	f8 f0       	brcs	.+62     	; 0xc56 <MFRC522::PCD_CommunicateWithPICC(unsigned char, unsigned char, unsigned char*, unsigned char, unsigned char*, unsigned char*, unsigned char*, unsigned char, bool)+0x21a>
     c18:	81 11       	cpse	r24, r1
     c1a:	1d c0       	rjmp	.+58     	; 0xc56 <MFRC522::PCD_CommunicateWithPICC(unsigned char, unsigned char, unsigned char*, unsigned char, unsigned char*, unsigned char*, unsigned char*, unsigned char, bool)+0x21a>
/home/oggy/Arduino/libraries/MFRC522/src/MFRC522.cpp:559
			return STATUS_CRC_WRONG;
		}
		// Verify CRC_A - do our own calculation and store the control in controlBuffer.
		byte controlBuffer[2];
		MFRC522::StatusCode status = PCD_CalculateCRC(&backData[0], *backLen - 2, &controlBuffer[0]);
     c1c:	42 50       	subi	r20, 0x02	; 2
     c1e:	9e 01       	movw	r18, r28
     c20:	2f 5f       	subi	r18, 0xFF	; 255
     c22:	3f 4f       	sbci	r19, 0xFF	; 255
     c24:	b7 01       	movw	r22, r14
     c26:	c3 01       	movw	r24, r6
     c28:	0e 94 c7 04 	call	0x98e	; 0x98e <MFRC522::PCD_CalculateCRC(unsigned char*, unsigned char, unsigned char*)>
/home/oggy/Arduino/libraries/MFRC522/src/MFRC522.cpp:560
		if (status != STATUS_OK) {
     c2c:	81 11       	cpse	r24, r1
     c2e:	68 cf       	rjmp	.-304    	; 0xb00 <MFRC522::PCD_CommunicateWithPICC(unsigned char, unsigned char, unsigned char*, unsigned char, unsigned char*, unsigned char*, unsigned char*, unsigned char, bool)+0xc4>
/home/oggy/Arduino/libraries/MFRC522/src/MFRC522.cpp:563
			return status;
		}
		if ((backData[*backLen - 2] != controlBuffer[0]) || (backData[*backLen - 1] != controlBuffer[1])) {
     c30:	f6 01       	movw	r30, r12
     c32:	90 81       	ld	r25, Z
     c34:	e9 0e       	add	r14, r25
     c36:	f1 1c       	adc	r15, r1
     c38:	f7 01       	movw	r30, r14
     c3a:	32 97       	sbiw	r30, 0x02	; 2
     c3c:	20 81       	ld	r18, Z
     c3e:	99 81       	ldd	r25, Y+1	; 0x01
     c40:	29 13       	cpse	r18, r25
     c42:	09 c0       	rjmp	.+18     	; 0xc56 <MFRC522::PCD_CommunicateWithPICC(unsigned char, unsigned char, unsigned char*, unsigned char, unsigned char*, unsigned char*, unsigned char*, unsigned char, bool)+0x21a>
     c44:	f1 e0       	ldi	r31, 0x01	; 1
     c46:	ef 1a       	sub	r14, r31
     c48:	f1 08       	sbc	r15, r1
     c4a:	f7 01       	movw	r30, r14
     c4c:	20 81       	ld	r18, Z
     c4e:	9a 81       	ldd	r25, Y+2	; 0x02
     c50:	29 17       	cp	r18, r25
     c52:	09 f4       	brne	.+2      	; 0xc56 <MFRC522::PCD_CommunicateWithPICC(unsigned char, unsigned char, unsigned char*, unsigned char, unsigned char*, unsigned char*, unsigned char*, unsigned char, bool)+0x21a>
     c54:	55 cf       	rjmp	.-342    	; 0xb00 <MFRC522::PCD_CommunicateWithPICC(unsigned char, unsigned char, unsigned char*, unsigned char, unsigned char*, unsigned char*, unsigned char*, unsigned char, bool)+0xc4>
/home/oggy/Arduino/libraries/MFRC522/src/MFRC522.cpp:555
		if (*backLen == 1 && _validBits == 4) {
			return STATUS_MIFARE_NACK;
		}
		// We need at least the CRC_A value and all 8 bits of the last byte must be received.
		if (*backLen < 2 || _validBits != 0) {
			return STATUS_CRC_WRONG;
     c56:	87 e0       	ldi	r24, 0x07	; 7
     c58:	53 cf       	rjmp	.-346    	; 0xb00 <MFRC522::PCD_CommunicateWithPICC(unsigned char, unsigned char, unsigned char*, unsigned char, unsigned char*, unsigned char*, unsigned char*, unsigned char, bool)+0xc4>
/home/oggy/Arduino/libraries/MFRC522/src/MFRC522.cpp:532
	
	// If the caller wants data back, get it from the MFRC522.
	if (backData && backLen) {
		byte n = PCD_ReadRegister(FIFOLevelReg);	// Number of bytes in the FIFO
		if (n > *backLen) {
			return STATUS_NO_ROOM;
     c5a:	84 e0       	ldi	r24, 0x04	; 4
     c5c:	51 cf       	rjmp	.-350    	; 0xb00 <MFRC522::PCD_CommunicateWithPICC(unsigned char, unsigned char, unsigned char*, unsigned char, unsigned char*, unsigned char*, unsigned char*, unsigned char, bool)+0xc4>
/home/oggy/Arduino/libraries/MFRC522/src/MFRC522.cpp:544
		}
	}
	
	// Tell about collisions
	if (errorRegValue & 0x08) {		// CollErr
		return STATUS_COLLISION;
     c5e:	82 e0       	ldi	r24, 0x02	; 2
     c60:	4f cf       	rjmp	.-354    	; 0xb00 <MFRC522::PCD_CommunicateWithPICC(unsigned char, unsigned char, unsigned char*, unsigned char, unsigned char*, unsigned char*, unsigned char*, unsigned char, bool)+0xc4>
/home/oggy/Arduino/libraries/MFRC522/src/MFRC522.cpp:568
		if ((backData[*backLen - 2] != controlBuffer[0]) || (backData[*backLen - 1] != controlBuffer[1])) {
			return STATUS_CRC_WRONG;
		}
	}
	
	return STATUS_OK;
     c62:	80 e0       	ldi	r24, 0x00	; 0
     c64:	4d cf       	rjmp	.-358    	; 0xb00 <MFRC522::PCD_CommunicateWithPICC(unsigned char, unsigned char, unsigned char*, unsigned char, unsigned char*, unsigned char*, unsigned char*, unsigned char, bool)+0xc4>
/home/oggy/Arduino/libraries/MFRC522/src/MFRC522.cpp:521
	if (!completed) {
		return STATUS_TIMEOUT;
	}
	
	// Stop now if any errors except collisions were detected.
	byte errorRegValue = PCD_ReadRegister(ErrorReg); // ErrorReg[7..0] bits are: WrErr TempErr reserved BufferOvfl CollErr CRCErr ParityErr ProtocolErr
     c66:	6c e0       	ldi	r22, 0x0C	; 12
     c68:	c3 01       	movw	r24, r6
     c6a:	0e 94 8c 04 	call	0x918	; 0x918 <MFRC522::PCD_ReadRegister(MFRC522::PCD_Register)>
     c6e:	58 2e       	mov	r5, r24
/home/oggy/Arduino/libraries/MFRC522/src/MFRC522.cpp:522
	if (errorRegValue & 0x13) {	 // BufferOvfl ParityErr ProtocolErr
     c70:	83 71       	andi	r24, 0x13	; 19
     c72:	09 f4       	brne	.+2      	; 0xc76 <MFRC522::PCD_CommunicateWithPICC(unsigned char, unsigned char, unsigned char*, unsigned char, unsigned char*, unsigned char*, unsigned char*, unsigned char, bool)+0x23a>
     c74:	62 cf       	rjmp	.-316    	; 0xb3a <MFRC522::PCD_CommunicateWithPICC(unsigned char, unsigned char, unsigned char*, unsigned char, unsigned char*, unsigned char*, unsigned char*, unsigned char, bool)+0xfe>
/home/oggy/Arduino/libraries/MFRC522/src/MFRC522.cpp:523
		return STATUS_ERROR;
     c76:	81 e0       	ldi	r24, 0x01	; 1
     c78:	43 cf       	rjmp	.-378    	; 0xb00 <MFRC522::PCD_CommunicateWithPICC(unsigned char, unsigned char, unsigned char*, unsigned char, unsigned char*, unsigned char*, unsigned char*, unsigned char, bool)+0xc4>

00000c7a <MFRC522::PCD_Authenticate(unsigned char, unsigned char, MFRC522::MIFARE_Key*, MFRC522::Uid*) [clone .constprop.16]>:
PCD_Authenticate():
/home/oggy/Arduino/libraries/MFRC522/src/MFRC522.cpp:901
 * 
 * All keys are set to FFFFFFFFFFFFh at chip delivery.
 * 
 * @return STATUS_OK on success, STATUS_??? otherwise. Probably STATUS_TIMEOUT if you supply the wrong key.
 */
MFRC522::StatusCode MFRC522::PCD_Authenticate(byte command,		///< PICC_CMD_MF_AUTH_KEY_A or PICC_CMD_MF_AUTH_KEY_B
     c7a:	8f 92       	push	r8
     c7c:	af 92       	push	r10
     c7e:	bf 92       	push	r11
     c80:	cf 92       	push	r12
     c82:	df 92       	push	r13
     c84:	ef 92       	push	r14
     c86:	ff 92       	push	r15
     c88:	0f 93       	push	r16
     c8a:	cf 93       	push	r28
     c8c:	df 93       	push	r29
     c8e:	cd b7       	in	r28, 0x3d	; 61
     c90:	de b7       	in	r29, 0x3e	; 62
     c92:	2c 97       	sbiw	r28, 0x0c	; 12
     c94:	0f b6       	in	r0, 0x3f	; 63
     c96:	f8 94       	cli
     c98:	de bf       	out	0x3e, r29	; 62
     c9a:	0f be       	out	0x3f, r0	; 63
     c9c:	cd bf       	out	0x3d, r28	; 61
/home/oggy/Arduino/libraries/MFRC522/src/MFRC522.cpp:910
											) {
	byte waitIRq = 0x10;		// IdleIRq
	
	// Build command buffer
	byte sendData[12];
	sendData[0] = command;
     c9e:	89 83       	std	Y+1, r24	; 0x01
/home/oggy/Arduino/libraries/MFRC522/src/MFRC522.cpp:911
	sendData[1] = blockAddr;
     ca0:	6a 83       	std	Y+2, r22	; 0x02
     ca2:	ec e5       	ldi	r30, 0x5C	; 92
     ca4:	f6 e0       	ldi	r31, 0x06	; 6
     ca6:	de 01       	movw	r26, r28
     ca8:	13 96       	adiw	r26, 0x03	; 3
/home/oggy/Arduino/libraries/MFRC522/src/MFRC522.cpp:913
	for (byte i = 0; i < MF_KEY_SIZE; i++) {	// 6 key bytes
		sendData[2+i] = key->keyByte[i];
     caa:	81 91       	ld	r24, Z+
     cac:	8d 93       	st	X+, r24
/home/oggy/Arduino/libraries/MFRC522/src/MFRC522.cpp:912
	
	// Build command buffer
	byte sendData[12];
	sendData[0] = command;
	sendData[1] = blockAddr;
	for (byte i = 0; i < MF_KEY_SIZE; i++) {	// 6 key bytes
     cae:	86 e0       	ldi	r24, 0x06	; 6
     cb0:	e2 36       	cpi	r30, 0x62	; 98
     cb2:	f8 07       	cpc	r31, r24
     cb4:	d1 f7       	brne	.-12     	; 0xcaa <MFRC522::PCD_Authenticate(unsigned char, unsigned char, MFRC522::MIFARE_Key*, MFRC522::Uid*) [clone .constprop.16]+0x30>
     cb6:	e0 91 31 07 	lds	r30, 0x0731	; 0x800731 <mfrc522+0x2>
     cba:	e1 50       	subi	r30, 0x01	; 1
     cbc:	ff 0b       	sbc	r31, r31
     cbe:	e1 5d       	subi	r30, 0xD1	; 209
     cc0:	f8 4f       	sbci	r31, 0xF8	; 248
     cc2:	de 01       	movw	r26, r28
     cc4:	19 96       	adiw	r26, 0x09	; 9
     cc6:	ce 01       	movw	r24, r28
     cc8:	0d 96       	adiw	r24, 0x0d	; 13
/home/oggy/Arduino/libraries/MFRC522/src/MFRC522.cpp:920
	// Use the last uid bytes as specified in http://cache.nxp.com/documents/application_note/AN10927.pdf
	// section 3.2.5 "MIFARE Classic Authentication".
	// The only missed case is the MF1Sxxxx shortcut activation,
	// but it requires cascade tag (CT) byte, that is not part of uid.
	for (byte i = 0; i < 4; i++) {				// The last 4 bytes of the UID
		sendData[8+i] = uid->uidByte[i+uid->size-4];
     cca:	21 91       	ld	r18, Z+
     ccc:	2d 93       	st	X+, r18
/home/oggy/Arduino/libraries/MFRC522/src/MFRC522.cpp:919
	}
	// Use the last uid bytes as specified in http://cache.nxp.com/documents/application_note/AN10927.pdf
	// section 3.2.5 "MIFARE Classic Authentication".
	// The only missed case is the MF1Sxxxx shortcut activation,
	// but it requires cascade tag (CT) byte, that is not part of uid.
	for (byte i = 0; i < 4; i++) {				// The last 4 bytes of the UID
     cce:	a8 17       	cp	r26, r24
     cd0:	b9 07       	cpc	r27, r25
     cd2:	d9 f7       	brne	.-10     	; 0xcca <MFRC522::PCD_Authenticate(unsigned char, unsigned char, MFRC522::MIFARE_Key*, MFRC522::Uid*) [clone .constprop.16]+0x50>
/home/oggy/Arduino/libraries/MFRC522/src/MFRC522.cpp:924
		sendData[8+i] = uid->uidByte[i+uid->size-4];
	}
	
	// Start the authentication.
	return PCD_CommunicateWithPICC(PCD_MFAuthent, waitIRq, &sendData[0], sizeof(sendData));
     cd4:	1f 92       	push	r1
     cd6:	81 2c       	mov	r8, r1
     cd8:	b1 2c       	mov	r11, r1
     cda:	a1 2c       	mov	r10, r1
     cdc:	d1 2c       	mov	r13, r1
     cde:	c1 2c       	mov	r12, r1
     ce0:	f1 2c       	mov	r15, r1
     ce2:	e1 2c       	mov	r14, r1
     ce4:	0c e0       	ldi	r16, 0x0C	; 12
     ce6:	9e 01       	movw	r18, r28
     ce8:	2f 5f       	subi	r18, 0xFF	; 255
     cea:	3f 4f       	sbci	r19, 0xFF	; 255
     cec:	40 e1       	ldi	r20, 0x10	; 16
     cee:	6e e0       	ldi	r22, 0x0E	; 14
     cf0:	8f e2       	ldi	r24, 0x2F	; 47
     cf2:	97 e0       	ldi	r25, 0x07	; 7
     cf4:	0e 94 1e 05 	call	0xa3c	; 0xa3c <MFRC522::PCD_CommunicateWithPICC(unsigned char, unsigned char, unsigned char*, unsigned char, unsigned char*, unsigned char*, unsigned char*, unsigned char, bool)>
     cf8:	0f 90       	pop	r0
/home/oggy/Arduino/libraries/MFRC522/src/MFRC522.cpp:925
} // End PCD_Authenticate()
     cfa:	2c 96       	adiw	r28, 0x0c	; 12
     cfc:	0f b6       	in	r0, 0x3f	; 63
     cfe:	f8 94       	cli
     d00:	de bf       	out	0x3e, r29	; 62
     d02:	0f be       	out	0x3f, r0	; 63
     d04:	cd bf       	out	0x3d, r28	; 61
     d06:	df 91       	pop	r29
     d08:	cf 91       	pop	r28
     d0a:	0f 91       	pop	r16
     d0c:	ff 90       	pop	r15
     d0e:	ef 90       	pop	r14
     d10:	df 90       	pop	r13
     d12:	cf 90       	pop	r12
     d14:	bf 90       	pop	r11
     d16:	af 90       	pop	r10
     d18:	8f 90       	pop	r8
     d1a:	08 95       	ret

00000d1c <MFRC522::PCD_ClearRegisterBitMask(MFRC522::PCD_Register, unsigned char)>:
PCD_ClearRegisterBitMask():
/home/oggy/Arduino/libraries/MFRC522/src/MFRC522.cpp:144
/**
 * Clears the bits given in mask from register reg.
 */
void MFRC522::PCD_ClearRegisterBitMask(	PCD_Register reg,	///< The register to update. One of the PCD_Register enums.
										byte mask			///< The bits to clear.
									  ) {
     d1c:	0f 93       	push	r16
     d1e:	1f 93       	push	r17
     d20:	cf 93       	push	r28
     d22:	df 93       	push	r29
     d24:	8c 01       	movw	r16, r24
     d26:	d6 2f       	mov	r29, r22
     d28:	c4 2f       	mov	r28, r20
/home/oggy/Arduino/libraries/MFRC522/src/MFRC522.cpp:146
	byte tmp;
	tmp = PCD_ReadRegister(reg);
     d2a:	0e 94 8c 04 	call	0x918	; 0x918 <MFRC522::PCD_ReadRegister(MFRC522::PCD_Register)>
/home/oggy/Arduino/libraries/MFRC522/src/MFRC522.cpp:147
	PCD_WriteRegister(reg, tmp & (~mask));		// clear bit mask
     d2e:	c0 95       	com	r28
     d30:	4c 2f       	mov	r20, r28
     d32:	48 23       	and	r20, r24
     d34:	6d 2f       	mov	r22, r29
     d36:	c8 01       	movw	r24, r16
/home/oggy/Arduino/libraries/MFRC522/src/MFRC522.cpp:148
} // End PCD_ClearRegisterBitMask()
     d38:	df 91       	pop	r29
     d3a:	cf 91       	pop	r28
     d3c:	1f 91       	pop	r17
     d3e:	0f 91       	pop	r16
/home/oggy/Arduino/libraries/MFRC522/src/MFRC522.cpp:147
void MFRC522::PCD_ClearRegisterBitMask(	PCD_Register reg,	///< The register to update. One of the PCD_Register enums.
										byte mask			///< The bits to clear.
									  ) {
	byte tmp;
	tmp = PCD_ReadRegister(reg);
	PCD_WriteRegister(reg, tmp & (~mask));		// clear bit mask
     d40:	0c 94 aa 04 	jmp	0x954	; 0x954 <MFRC522::PCD_WriteRegister(MFRC522::PCD_Register, unsigned char)>

00000d44 <MFRC522::PICC_IsNewCardPresent()>:
PICC_IsNewCardPresent():
/home/oggy/Arduino/libraries/MFRC522/src/MFRC522.cpp:1925
 * Returns true if a PICC responds to PICC_CMD_REQA.
 * Only "new" cards in state IDLE are invited. Sleeping cards in state HALT are ignored.
 * 
 * @return bool
 */
bool MFRC522::PICC_IsNewCardPresent() {
     d44:	6f 92       	push	r6
     d46:	7f 92       	push	r7
     d48:	8f 92       	push	r8
     d4a:	af 92       	push	r10
     d4c:	bf 92       	push	r11
     d4e:	cf 92       	push	r12
     d50:	df 92       	push	r13
     d52:	ef 92       	push	r14
     d54:	ff 92       	push	r15
     d56:	0f 93       	push	r16
     d58:	cf 93       	push	r28
     d5a:	df 93       	push	r29
     d5c:	00 d0       	rcall	.+0      	; 0xd5e <MFRC522::PICC_IsNewCardPresent()+0x1a>
     d5e:	00 d0       	rcall	.+0      	; 0xd60 <MFRC522::PICC_IsNewCardPresent()+0x1c>
     d60:	1f 92       	push	r1
     d62:	cd b7       	in	r28, 0x3d	; 61
     d64:	de b7       	in	r29, 0x3e	; 62
     d66:	3c 01       	movw	r6, r24
/home/oggy/Arduino/libraries/MFRC522/src/MFRC522.cpp:1927
	byte bufferATQA[2];
	byte bufferSize = sizeof(bufferATQA);
     d68:	82 e0       	ldi	r24, 0x02	; 2
     d6a:	8d 83       	std	Y+5, r24	; 0x05
/home/oggy/Arduino/libraries/MFRC522/src/MFRC522.cpp:1930

	// Reset baud rates
	PCD_WriteRegister(TxModeReg, 0x00);
     d6c:	40 e0       	ldi	r20, 0x00	; 0
     d6e:	64 e2       	ldi	r22, 0x24	; 36
     d70:	c3 01       	movw	r24, r6
     d72:	0e 94 aa 04 	call	0x954	; 0x954 <MFRC522::PCD_WriteRegister(MFRC522::PCD_Register, unsigned char)>
/home/oggy/Arduino/libraries/MFRC522/src/MFRC522.cpp:1931
	PCD_WriteRegister(RxModeReg, 0x00);
     d76:	40 e0       	ldi	r20, 0x00	; 0
     d78:	66 e2       	ldi	r22, 0x26	; 38
     d7a:	c3 01       	movw	r24, r6
     d7c:	0e 94 aa 04 	call	0x954	; 0x954 <MFRC522::PCD_WriteRegister(MFRC522::PCD_Register, unsigned char)>
/home/oggy/Arduino/libraries/MFRC522/src/MFRC522.cpp:1933
	// Reset ModWidthReg
	PCD_WriteRegister(ModWidthReg, 0x26);
     d80:	46 e2       	ldi	r20, 0x26	; 38
     d82:	68 e4       	ldi	r22, 0x48	; 72
     d84:	c3 01       	movw	r24, r6
     d86:	0e 94 aa 04 	call	0x954	; 0x954 <MFRC522::PCD_WriteRegister(MFRC522::PCD_Register, unsigned char)>
     d8a:	86 e2       	ldi	r24, 0x26	; 38
     d8c:	8b 83       	std	Y+3, r24	; 0x03
PICC_REQA_or_WUPA():
/home/oggy/Arduino/libraries/MFRC522/src/MFRC522.cpp:608
												byte *bufferSize	///< Buffer size, at least two bytes. Also number of bytes returned if STATUS_OK.
											) {
	byte validBits;
	MFRC522::StatusCode status;
	
	if (bufferATQA == nullptr || *bufferSize < 2) {	// The ATQA response is 2 bytes long.
     d8e:	8d 81       	ldd	r24, Y+5	; 0x05
     d90:	82 30       	cpi	r24, 0x02	; 2
     d92:	c8 f1       	brcs	.+114    	; 0xe06 <MFRC522::PICC_IsNewCardPresent()+0xc2>
/home/oggy/Arduino/libraries/MFRC522/src/MFRC522.cpp:611
		return STATUS_NO_ROOM;
	}
	PCD_ClearRegisterBitMask(CollReg, 0x80);		// ValuesAfterColl=1 => Bits received after collision are cleared.
     d94:	40 e8       	ldi	r20, 0x80	; 128
     d96:	6c e1       	ldi	r22, 0x1C	; 28
     d98:	c3 01       	movw	r24, r6
     d9a:	0e 94 8e 06 	call	0xd1c	; 0xd1c <MFRC522::PCD_ClearRegisterBitMask(MFRC522::PCD_Register, unsigned char)>
/home/oggy/Arduino/libraries/MFRC522/src/MFRC522.cpp:612
	validBits = 7;									// For REQA and WUPA we need the short frame format - transmit only 7 bits of the last (and only) byte. TxLastBits = BitFramingReg[2..0]
     d9e:	87 e0       	ldi	r24, 0x07	; 7
     da0:	8c 83       	std	Y+4, r24	; 0x04
PCD_TransceiveData():
/home/oggy/Arduino/libraries/MFRC522/src/MFRC522.cpp:458
													byte *validBits,	///< In/Out: The number of valid bits in the last byte. 0 for 8 valid bits. Default nullptr.
													byte rxAlign,		///< In: Defines the bit position in backData[0] for the first bit received. Default 0.
													bool checkCRC		///< In: True => The last two bytes of the response is assumed to be a CRC_A that must be validated.
								 ) {
	byte waitIRq = 0x30;		// RxIRq and IdleIRq
	return PCD_CommunicateWithPICC(PCD_Transceive, waitIRq, sendData, sendLen, backData, backLen, validBits, rxAlign, checkCRC);
     da2:	1f 92       	push	r1
     da4:	81 2c       	mov	r8, r1
     da6:	ce 01       	movw	r24, r28
     da8:	04 96       	adiw	r24, 0x04	; 4
     daa:	5c 01       	movw	r10, r24
     dac:	01 96       	adiw	r24, 0x01	; 1
     dae:	6c 01       	movw	r12, r24
     db0:	04 97       	sbiw	r24, 0x04	; 4
     db2:	7c 01       	movw	r14, r24
     db4:	01 e0       	ldi	r16, 0x01	; 1
     db6:	9e 01       	movw	r18, r28
     db8:	2d 5f       	subi	r18, 0xFD	; 253
     dba:	3f 4f       	sbci	r19, 0xFF	; 255
     dbc:	40 e3       	ldi	r20, 0x30	; 48
     dbe:	6c e0       	ldi	r22, 0x0C	; 12
     dc0:	c3 01       	movw	r24, r6
     dc2:	0e 94 1e 05 	call	0xa3c	; 0xa3c <MFRC522::PCD_CommunicateWithPICC(unsigned char, unsigned char, unsigned char*, unsigned char, unsigned char*, unsigned char*, unsigned char*, unsigned char, bool)>
     dc6:	98 2f       	mov	r25, r24
PICC_REQA_or_WUPA():
/home/oggy/Arduino/libraries/MFRC522/src/MFRC522.cpp:614
		return STATUS_NO_ROOM;
	}
	PCD_ClearRegisterBitMask(CollReg, 0x80);		// ValuesAfterColl=1 => Bits received after collision are cleared.
	validBits = 7;									// For REQA and WUPA we need the short frame format - transmit only 7 bits of the last (and only) byte. TxLastBits = BitFramingReg[2..0]
	status = PCD_TransceiveData(&command, 1, bufferATQA, bufferSize, &validBits);
	if (status != STATUS_OK) {
     dc8:	0f 90       	pop	r0
     dca:	81 11       	cpse	r24, r1
     dcc:	19 c0       	rjmp	.+50     	; 0xe00 <MFRC522::PICC_IsNewCardPresent()+0xbc>
/home/oggy/Arduino/libraries/MFRC522/src/MFRC522.cpp:617
		return status;
	}
	if (*bufferSize != 2 || validBits != 0) {		// ATQA must be exactly 16 bits.
     dce:	8d 81       	ldd	r24, Y+5	; 0x05
     dd0:	82 30       	cpi	r24, 0x02	; 2
     dd2:	c9 f4       	brne	.+50     	; 0xe06 <MFRC522::PICC_IsNewCardPresent()+0xc2>
     dd4:	8c 81       	ldd	r24, Y+4	; 0x04
     dd6:	81 11       	cpse	r24, r1
     dd8:	16 c0       	rjmp	.+44     	; 0xe06 <MFRC522::PICC_IsNewCardPresent()+0xc2>
PICC_IsNewCardPresent():
/home/oggy/Arduino/libraries/MFRC522/src/MFRC522.cpp:1936
	PCD_WriteRegister(RxModeReg, 0x00);
	// Reset ModWidthReg
	PCD_WriteRegister(ModWidthReg, 0x26);

	MFRC522::StatusCode result = PICC_RequestA(bufferATQA, &bufferSize);
	return (result == STATUS_OK || result == STATUS_COLLISION);
     dda:	81 e0       	ldi	r24, 0x01	; 1
/home/oggy/Arduino/libraries/MFRC522/src/MFRC522.cpp:1937
} // End PICC_IsNewCardPresent()
     ddc:	0f 90       	pop	r0
     dde:	0f 90       	pop	r0
     de0:	0f 90       	pop	r0
     de2:	0f 90       	pop	r0
     de4:	0f 90       	pop	r0
     de6:	df 91       	pop	r29
     de8:	cf 91       	pop	r28
     dea:	0f 91       	pop	r16
     dec:	ff 90       	pop	r15
     dee:	ef 90       	pop	r14
     df0:	df 90       	pop	r13
     df2:	cf 90       	pop	r12
     df4:	bf 90       	pop	r11
     df6:	af 90       	pop	r10
     df8:	8f 90       	pop	r8
     dfa:	7f 90       	pop	r7
     dfc:	6f 90       	pop	r6
     dfe:	08 95       	ret
/home/oggy/Arduino/libraries/MFRC522/src/MFRC522.cpp:1936
	PCD_WriteRegister(RxModeReg, 0x00);
	// Reset ModWidthReg
	PCD_WriteRegister(ModWidthReg, 0x26);

	MFRC522::StatusCode result = PICC_RequestA(bufferATQA, &bufferSize);
	return (result == STATUS_OK || result == STATUS_COLLISION);
     e00:	81 e0       	ldi	r24, 0x01	; 1
     e02:	92 30       	cpi	r25, 0x02	; 2
     e04:	59 f3       	breq	.-42     	; 0xddc <MFRC522::PICC_IsNewCardPresent()+0x98>
     e06:	80 e0       	ldi	r24, 0x00	; 0
     e08:	e9 cf       	rjmp	.-46     	; 0xddc <MFRC522::PICC_IsNewCardPresent()+0x98>

00000e0a <MFRC522::PICC_Select(MFRC522::Uid*, unsigned char)>:
PICC_Select():
/home/oggy/Arduino/libraries/MFRC522/src/MFRC522.cpp:642
 * 
 * @return STATUS_OK on success, STATUS_??? otherwise.
 */
MFRC522::StatusCode MFRC522::PICC_Select(	Uid *uid,			///< Pointer to Uid struct. Normally output, but can also be used to supply a known UID.
											byte validBits		///< The number of known UID bits supplied in *uid. Normally 0. If set you must also supply uid->size.
										 ) {
     e0a:	2f 92       	push	r2
     e0c:	3f 92       	push	r3
     e0e:	4f 92       	push	r4
     e10:	5f 92       	push	r5
     e12:	6f 92       	push	r6
     e14:	7f 92       	push	r7
     e16:	8f 92       	push	r8
     e18:	9f 92       	push	r9
     e1a:	af 92       	push	r10
     e1c:	bf 92       	push	r11
     e1e:	cf 92       	push	r12
     e20:	df 92       	push	r13
     e22:	ef 92       	push	r14
     e24:	ff 92       	push	r15
     e26:	0f 93       	push	r16
     e28:	1f 93       	push	r17
     e2a:	cf 93       	push	r28
     e2c:	df 93       	push	r29
     e2e:	cd b7       	in	r28, 0x3d	; 61
     e30:	de b7       	in	r29, 0x3e	; 62
     e32:	2e 97       	sbiw	r28, 0x0e	; 14
     e34:	0f b6       	in	r0, 0x3f	; 63
     e36:	f8 94       	cli
     e38:	de bf       	out	0x3e, r29	; 62
     e3a:	0f be       	out	0x3f, r0	; 63
     e3c:	cd bf       	out	0x3d, r28	; 61
/home/oggy/Arduino/libraries/MFRC522/src/MFRC522.cpp:684
	//						2			CT		uid3	uid4	uid5
	//						3			uid6	uid7	uid8	uid9
	
	// Sanity checks
	if (validBits > 80) {
		return STATUS_INVALID;
     e3e:	06 e0       	ldi	r16, 0x06	; 6
/home/oggy/Arduino/libraries/MFRC522/src/MFRC522.cpp:683
	//		10 bytes		1			CT		uid0	uid1	uid2
	//						2			CT		uid3	uid4	uid5
	//						3			uid6	uid7	uid8	uid9
	
	// Sanity checks
	if (validBits > 80) {
     e40:	41 35       	cpi	r20, 0x51	; 81
     e42:	08 f0       	brcs	.+2      	; 0xe46 <MFRC522::PICC_Select(MFRC522::Uid*, unsigned char)+0x3c>
     e44:	46 c1       	rjmp	.+652    	; 0x10d2 <MFRC522::PICC_Select(MFRC522::Uid*, unsigned char)+0x2c8>
     e46:	4e 87       	std	Y+14, r20	; 0x0e
     e48:	3b 01       	movw	r6, r22
     e4a:	2c 01       	movw	r4, r24
/home/oggy/Arduino/libraries/MFRC522/src/MFRC522.cpp:688
		return STATUS_INVALID;
	}
	
	// Prepare MFRC522
	PCD_ClearRegisterBitMask(CollReg, 0x80);		// ValuesAfterColl=1 => Bits received after collision are cleared.
     e4c:	40 e8       	ldi	r20, 0x80	; 128
     e4e:	6c e1       	ldi	r22, 0x1C	; 28
     e50:	0e 94 8e 06 	call	0xd1c	; 0xd1c <MFRC522::PCD_ClearRegisterBitMask(MFRC522::PCD_Register, unsigned char)>
/home/oggy/Arduino/libraries/MFRC522/src/MFRC522.cpp:696
	uidComplete = false;
	while (!uidComplete) {
		// Set the Cascade Level in the SEL byte, find out if we need to use the Cascade Tag in byte 2.
		switch (cascadeLevel) {
			case 1:
				buffer[0] = PICC_CMD_SEL_CL1;
     e54:	83 e9       	ldi	r24, 0x93	; 147
     e56:	89 83       	std	Y+1, r24	; 0x01
/home/oggy/Arduino/libraries/MFRC522/src/MFRC522.cpp:698
				uidIndex = 0;
				useCascadeTag = validBits && uid->size > 4;	// When we know that the UID has more than 4 bytes
     e58:	2e 85       	ldd	r18, Y+14	; 0x0e
     e5a:	22 23       	and	r18, r18
     e5c:	29 f0       	breq	.+10     	; 0xe68 <MFRC522::PICC_Select(MFRC522::Uid*, unsigned char)+0x5e>
     e5e:	81 e0       	ldi	r24, 0x01	; 1
     e60:	f3 01       	movw	r30, r6
     e62:	90 81       	ld	r25, Z
     e64:	95 30       	cpi	r25, 0x05	; 5
     e66:	08 f4       	brcc	.+2      	; 0xe6a <MFRC522::PICC_Select(MFRC522::Uid*, unsigned char)+0x60>
     e68:	80 e0       	ldi	r24, 0x00	; 0
/home/oggy/Arduino/libraries/MFRC522/src/MFRC522.cpp:710
				break;
			
			case 3:
				buffer[0] = PICC_CMD_SEL_CL3;
				uidIndex = 6;
				useCascadeTag = false;						// Never used in CL3.
     e6a:	99 24       	eor	r9, r9
     e6c:	93 94       	inc	r9
     e6e:	1c 86       	std	Y+12, r1	; 0x0c
/home/oggy/Arduino/libraries/MFRC522/src/MFRC522.cpp:719
				return STATUS_INTERNAL_ERROR;
				break;
		}
		
		// How many UID bits are known in this Cascade Level?
		currentLevelKnownBits = validBits - (8 * uidIndex);
     e70:	9c 85       	ldd	r25, Y+12	; 0x0c
     e72:	99 0f       	add	r25, r25
     e74:	99 0f       	add	r25, r25
     e76:	99 0f       	add	r25, r25
     e78:	1e 85       	ldd	r17, Y+14	; 0x0e
     e7a:	19 1b       	sub	r17, r25
     e7c:	17 fd       	sbrc	r17, 7
     e7e:	10 e0       	ldi	r17, 0x00	; 0
/home/oggy/Arduino/libraries/MFRC522/src/MFRC522.cpp:724
		if (currentLevelKnownBits < 0) {
			currentLevelKnownBits = 0;
		}
		// Copy the known bits from uid->uidByte[] to buffer[]
		index = 2; // destination index in buffer[]
     e80:	32 e0       	ldi	r19, 0x02	; 2
/home/oggy/Arduino/libraries/MFRC522/src/MFRC522.cpp:725
		if (useCascadeTag) {
     e82:	88 23       	and	r24, r24
     e84:	19 f0       	breq	.+6      	; 0xe8c <MFRC522::PICC_Select(MFRC522::Uid*, unsigned char)+0x82>
/home/oggy/Arduino/libraries/MFRC522/src/MFRC522.cpp:726
			buffer[index++] = PICC_CMD_CT;
     e86:	98 e8       	ldi	r25, 0x88	; 136
     e88:	9b 83       	std	Y+3, r25	; 0x03
     e8a:	33 e0       	ldi	r19, 0x03	; 3
/home/oggy/Arduino/libraries/MFRC522/src/MFRC522.cpp:728
		}
		byte bytesToCopy = currentLevelKnownBits / 8 + (currentLevelKnownBits % 8 ? 1 : 0); // The number of bytes needed to represent the known bits for this level.
     e8c:	21 e0       	ldi	r18, 0x01	; 1
     e8e:	91 2f       	mov	r25, r17
     e90:	97 70       	andi	r25, 0x07	; 7
     e92:	09 f4       	brne	.+2      	; 0xe96 <MFRC522::PICC_Select(MFRC522::Uid*, unsigned char)+0x8c>
     e94:	20 e0       	ldi	r18, 0x00	; 0
     e96:	91 2f       	mov	r25, r17
     e98:	95 95       	asr	r25
     e9a:	95 95       	asr	r25
     e9c:	95 95       	asr	r25
     e9e:	29 0f       	add	r18, r25
/home/oggy/Arduino/libraries/MFRC522/src/MFRC522.cpp:729
		if (bytesToCopy) {
     ea0:	d1 f0       	breq	.+52     	; 0xed6 <MFRC522::PICC_Select(MFRC522::Uid*, unsigned char)+0xcc>
/home/oggy/Arduino/libraries/MFRC522/src/MFRC522.cpp:730
			byte maxBytes = useCascadeTag ? 3 : 4; // Max 4 bytes in each Cascade Level. Only 3 left if we use the Cascade Tag
     ea2:	94 e0       	ldi	r25, 0x04	; 4
     ea4:	81 11       	cpse	r24, r1
     ea6:	93 e0       	ldi	r25, 0x03	; 3
     ea8:	29 17       	cp	r18, r25
     eaa:	08 f4       	brcc	.+2      	; 0xeae <MFRC522::PICC_Select(MFRC522::Uid*, unsigned char)+0xa4>
     eac:	92 2f       	mov	r25, r18
     eae:	2c 85       	ldd	r18, Y+12	; 0x0c
     eb0:	e2 2f       	mov	r30, r18
     eb2:	f0 e0       	ldi	r31, 0x00	; 0
     eb4:	31 96       	adiw	r30, 0x01	; 1
     eb6:	e6 0d       	add	r30, r6
     eb8:	f7 1d       	adc	r31, r7
     eba:	23 2f       	mov	r18, r19
/home/oggy/Arduino/libraries/MFRC522/src/MFRC522.cpp:735
			if (bytesToCopy > maxBytes) {
				bytesToCopy = maxBytes;
			}
			for (count = 0; count < bytesToCopy; count++) {
				buffer[index++] = uid->uidByte[uidIndex + count];
     ebc:	41 91       	ld	r20, Z+
     ebe:	a1 e0       	ldi	r26, 0x01	; 1
     ec0:	b0 e0       	ldi	r27, 0x00	; 0
     ec2:	ac 0f       	add	r26, r28
     ec4:	bd 1f       	adc	r27, r29
     ec6:	a2 0f       	add	r26, r18
     ec8:	b1 1d       	adc	r27, r1
     eca:	4c 93       	st	X, r20
     ecc:	2f 5f       	subi	r18, 0xFF	; 255
/home/oggy/Arduino/libraries/MFRC522/src/MFRC522.cpp:734
		if (bytesToCopy) {
			byte maxBytes = useCascadeTag ? 3 : 4; // Max 4 bytes in each Cascade Level. Only 3 left if we use the Cascade Tag
			if (bytesToCopy > maxBytes) {
				bytesToCopy = maxBytes;
			}
			for (count = 0; count < bytesToCopy; count++) {
     ece:	42 2f       	mov	r20, r18
     ed0:	43 1b       	sub	r20, r19
     ed2:	49 17       	cp	r20, r25
     ed4:	98 f3       	brcs	.-26     	; 0xebc <MFRC522::PICC_Select(MFRC522::Uid*, unsigned char)+0xb2>
/home/oggy/Arduino/libraries/MFRC522/src/MFRC522.cpp:739
				buffer[index++] = uid->uidByte[uidIndex + count];
			}
		}
		// Now that the data has been copied we need to include the 8 bits in CT in currentLevelKnownBits
		if (useCascadeTag) {
     ed6:	81 11       	cpse	r24, r1
/home/oggy/Arduino/libraries/MFRC522/src/MFRC522.cpp:740
			currentLevelKnownBits += 8;
     ed8:	18 5f       	subi	r17, 0xF8	; 248
/home/oggy/Arduino/libraries/MFRC522/src/MFRC522.cpp:747
		
		// Repeat anti collision loop until we can transmit all UID bits + BCC and receive a SAK - max 32 iterations.
		selectDone = false;
		while (!selectDone) {
			// Find out how many bits and bytes to send and receive.
			if (currentLevelKnownBits >= 32) { // All UID bits in this Cascade Level are known. This is a SELECT.
     eda:	10 32       	cpi	r17, 0x20	; 32
     edc:	0c f4       	brge	.+2      	; 0xee0 <MFRC522::PICC_Select(MFRC522::Uid*, unsigned char)+0xd6>
     ede:	84 c0       	rjmp	.+264    	; 0xfe8 <MFRC522::PICC_Select(MFRC522::Uid*, unsigned char)+0x1de>
/home/oggy/Arduino/libraries/MFRC522/src/MFRC522.cpp:749
				//Serial.print(F("SELECT: currentLevelKnownBits=")); Serial.println(currentLevelKnownBits, DEC);
				buffer[1] = 0x70; // NVB - Number of Valid Bits: Seven whole bytes
     ee0:	80 e7       	ldi	r24, 0x70	; 112
     ee2:	8a 83       	std	Y+2, r24	; 0x02
/home/oggy/Arduino/libraries/MFRC522/src/MFRC522.cpp:751
				// Calculate BCC - Block Check Character
				buffer[6] = buffer[2] ^ buffer[3] ^ buffer[4] ^ buffer[5];
     ee4:	8b 81       	ldd	r24, Y+3	; 0x03
     ee6:	9c 81       	ldd	r25, Y+4	; 0x04
     ee8:	89 27       	eor	r24, r25
     eea:	9d 81       	ldd	r25, Y+5	; 0x05
     eec:	89 27       	eor	r24, r25
     eee:	9e 81       	ldd	r25, Y+6	; 0x06
     ef0:	89 27       	eor	r24, r25
     ef2:	8f 83       	std	Y+7, r24	; 0x07
/home/oggy/Arduino/libraries/MFRC522/src/MFRC522.cpp:753
				// Calculate CRC_A
				result = PCD_CalculateCRC(buffer, 7, &buffer[7]);
     ef4:	9e 01       	movw	r18, r28
     ef6:	28 5f       	subi	r18, 0xF8	; 248
     ef8:	3f 4f       	sbci	r19, 0xFF	; 255
     efa:	47 e0       	ldi	r20, 0x07	; 7
     efc:	be 01       	movw	r22, r28
     efe:	6f 5f       	subi	r22, 0xFF	; 255
     f00:	7f 4f       	sbci	r23, 0xFF	; 255
     f02:	c2 01       	movw	r24, r4
     f04:	0e 94 c7 04 	call	0x98e	; 0x98e <MFRC522::PCD_CalculateCRC(unsigned char*, unsigned char, unsigned char*)>
     f08:	08 2f       	mov	r16, r24
/home/oggy/Arduino/libraries/MFRC522/src/MFRC522.cpp:754
				if (result != STATUS_OK) {
     f0a:	81 11       	cpse	r24, r1
     f0c:	e2 c0       	rjmp	.+452    	; 0x10d2 <MFRC522::PICC_Select(MFRC522::Uid*, unsigned char)+0x2c8>
/home/oggy/Arduino/libraries/MFRC522/src/MFRC522.cpp:757
					return result;
				}
				txLastBits		= 0; // 0 => All 8 bits are valid.
     f0e:	1a 86       	std	Y+10, r1	; 0x0a
/home/oggy/Arduino/libraries/MFRC522/src/MFRC522.cpp:761
				bufferUsed		= 9;
				// Store response in the last 3 bytes of buffer (BCC and CRC_A - not needed after tx)
				responseBuffer	= &buffer[6];
				responseLength	= 3;
     f10:	93 e0       	ldi	r25, 0x03	; 3
     f12:	9b 87       	std	Y+11, r25	; 0x0b
     f14:	1d 87       	std	Y+13, r17	; 0x0d
/home/oggy/Arduino/libraries/MFRC522/src/MFRC522.cpp:760
					return result;
				}
				txLastBits		= 0; // 0 => All 8 bits are valid.
				bufferUsed		= 9;
				// Store response in the last 3 bytes of buffer (BCC and CRC_A - not needed after tx)
				responseBuffer	= &buffer[6];
     f16:	fe 01       	movw	r30, r28
     f18:	37 96       	adiw	r30, 0x07	; 7
     f1a:	1f 01       	movw	r2, r30
/home/oggy/Arduino/libraries/MFRC522/src/MFRC522.cpp:758
				result = PCD_CalculateCRC(buffer, 7, &buffer[7]);
				if (result != STATUS_OK) {
					return result;
				}
				txLastBits		= 0; // 0 => All 8 bits are valid.
				bufferUsed		= 9;
     f1c:	09 e0       	ldi	r16, 0x09	; 9
/home/oggy/Arduino/libraries/MFRC522/src/MFRC522.cpp:776
				responseBuffer	= &buffer[index];
				responseLength	= sizeof(buffer) - index;
			}
			
			// Set bit adjustments
			rxAlign = txLastBits;											// Having a separate variable is overkill. But it makes the next line easier to read.
     f1e:	8a 84       	ldd	r8, Y+10	; 0x0a
/home/oggy/Arduino/libraries/MFRC522/src/MFRC522.cpp:777
			PCD_WriteRegister(BitFramingReg, (rxAlign << 4) + txLastBits);	// RxAlign = BitFramingReg[6..4]. TxLastBits = BitFramingReg[2..0]
     f20:	48 2d       	mov	r20, r8
     f22:	42 95       	swap	r20
     f24:	40 7f       	andi	r20, 0xF0	; 240
     f26:	48 0d       	add	r20, r8
     f28:	6a e1       	ldi	r22, 0x1A	; 26
     f2a:	c2 01       	movw	r24, r4
     f2c:	0e 94 aa 04 	call	0x954	; 0x954 <MFRC522::PCD_WriteRegister(MFRC522::PCD_Register, unsigned char)>
PCD_TransceiveData():
/home/oggy/Arduino/libraries/MFRC522/src/MFRC522.cpp:458
													byte *validBits,	///< In/Out: The number of valid bits in the last byte. 0 for 8 valid bits. Default nullptr.
													byte rxAlign,		///< In: Defines the bit position in backData[0] for the first bit received. Default 0.
													bool checkCRC		///< In: True => The last two bytes of the response is assumed to be a CRC_A that must be validated.
								 ) {
	byte waitIRq = 0x30;		// RxIRq and IdleIRq
	return PCD_CommunicateWithPICC(PCD_Transceive, waitIRq, sendData, sendLen, backData, backLen, validBits, rxAlign, checkCRC);
     f30:	1f 92       	push	r1
     f32:	ce 01       	movw	r24, r28
     f34:	0a 96       	adiw	r24, 0x0a	; 10
     f36:	5c 01       	movw	r10, r24
     f38:	fe 01       	movw	r30, r28
     f3a:	3b 96       	adiw	r30, 0x0b	; 11
     f3c:	6f 01       	movw	r12, r30
     f3e:	71 01       	movw	r14, r2
     f40:	9e 01       	movw	r18, r28
     f42:	2f 5f       	subi	r18, 0xFF	; 255
     f44:	3f 4f       	sbci	r19, 0xFF	; 255
     f46:	40 e3       	ldi	r20, 0x30	; 48
     f48:	6c e0       	ldi	r22, 0x0C	; 12
     f4a:	c2 01       	movw	r24, r4
     f4c:	0e 94 1e 05 	call	0xa3c	; 0xa3c <MFRC522::PCD_CommunicateWithPICC(unsigned char, unsigned char, unsigned char*, unsigned char, unsigned char*, unsigned char*, unsigned char*, unsigned char, bool)>
     f50:	08 2f       	mov	r16, r24
PICC_Select():
/home/oggy/Arduino/libraries/MFRC522/src/MFRC522.cpp:781
			rxAlign = txLastBits;											// Having a separate variable is overkill. But it makes the next line easier to read.
			PCD_WriteRegister(BitFramingReg, (rxAlign << 4) + txLastBits);	// RxAlign = BitFramingReg[6..4]. TxLastBits = BitFramingReg[2..0]
			
			// Transmit the buffer and receive the response.
			result = PCD_TransceiveData(buffer, bufferUsed, responseBuffer, &responseLength, &txLastBits, rxAlign);
			if (result == STATUS_COLLISION) { // More than one PICC in the field => collision.
     f52:	0f 90       	pop	r0
     f54:	82 30       	cpi	r24, 0x02	; 2
     f56:	09 f0       	breq	.+2      	; 0xf5a <MFRC522::PICC_Select(MFRC522::Uid*, unsigned char)+0x150>
     f58:	65 c0       	rjmp	.+202    	; 0x1024 <MFRC522::PICC_Select(MFRC522::Uid*, unsigned char)+0x21a>
/home/oggy/Arduino/libraries/MFRC522/src/MFRC522.cpp:782
				byte valueOfCollReg = PCD_ReadRegister(CollReg); // CollReg[7..0] bits are: ValuesAfterColl reserved CollPosNotValid CollPos[4:0]
     f5a:	6c e1       	ldi	r22, 0x1C	; 28
     f5c:	c2 01       	movw	r24, r4
     f5e:	0e 94 8c 04 	call	0x918	; 0x918 <MFRC522::PCD_ReadRegister(MFRC522::PCD_Register)>
/home/oggy/Arduino/libraries/MFRC522/src/MFRC522.cpp:783
				if (valueOfCollReg & 0x20) { // CollPosNotValid
     f62:	85 fd       	sbrc	r24, 5
     f64:	b6 c0       	rjmp	.+364    	; 0x10d2 <MFRC522::PICC_Select(MFRC522::Uid*, unsigned char)+0x2c8>
/home/oggy/Arduino/libraries/MFRC522/src/MFRC522.cpp:786
					return STATUS_COLLISION; // Without a valid collision position we cannot continue
				}
				byte collisionPos = valueOfCollReg & 0x1F; // Values 0-31, 0 means bit 32.
     f66:	8f 71       	andi	r24, 0x1F	; 31
/home/oggy/Arduino/libraries/MFRC522/src/MFRC522.cpp:787
				if (collisionPos == 0) {
     f68:	09 f4       	brne	.+2      	; 0xf6c <MFRC522::PICC_Select(MFRC522::Uid*, unsigned char)+0x162>
/home/oggy/Arduino/libraries/MFRC522/src/MFRC522.cpp:788
					collisionPos = 32;
     f6a:	80 e2       	ldi	r24, 0x20	; 32
/home/oggy/Arduino/libraries/MFRC522/src/MFRC522.cpp:790
				}
				if (collisionPos <= currentLevelKnownBits) { // No progress - should not happen 
     f6c:	28 2f       	mov	r18, r24
     f6e:	30 e0       	ldi	r19, 0x00	; 0
     f70:	41 2f       	mov	r20, r17
     f72:	11 0f       	add	r17, r17
     f74:	55 0b       	sbc	r21, r21
     f76:	42 17       	cp	r20, r18
     f78:	53 07       	cpc	r21, r19
     f7a:	0c f0       	brlt	.+2      	; 0xf7e <MFRC522::PICC_Select(MFRC522::Uid*, unsigned char)+0x174>
     f7c:	9e c0       	rjmp	.+316    	; 0x10ba <MFRC522::PICC_Select(MFRC522::Uid*, unsigned char)+0x2b0>
/home/oggy/Arduino/libraries/MFRC522/src/MFRC522.cpp:794
					return STATUS_INTERNAL_ERROR;
				}
				// Choose the PICC with the bit set.
				currentLevelKnownBits	= collisionPos;
     f7e:	18 2f       	mov	r17, r24
/home/oggy/Arduino/libraries/MFRC522/src/MFRC522.cpp:797
				count			= currentLevelKnownBits % 8; // The bit to modify
				checkBit		= (currentLevelKnownBits - 1) % 8;
				index			= 1 + (currentLevelKnownBits / 8) + (count ? 1 : 0); // First byte is index 0.
     f80:	e2 2f       	mov	r30, r18
     f82:	e5 95       	asr	r30
     f84:	e5 95       	asr	r30
     f86:	e5 95       	asr	r30
     f88:	ef 5f       	subi	r30, 0xFF	; 255
/home/oggy/Arduino/libraries/MFRC522/src/MFRC522.cpp:795
				if (collisionPos <= currentLevelKnownBits) { // No progress - should not happen 
					return STATUS_INTERNAL_ERROR;
				}
				// Choose the PICC with the bit set.
				currentLevelKnownBits	= collisionPos;
				count			= currentLevelKnownBits % 8; // The bit to modify
     f8a:	92 2f       	mov	r25, r18
     f8c:	97 70       	andi	r25, 0x07	; 7
/home/oggy/Arduino/libraries/MFRC522/src/MFRC522.cpp:797
				checkBit		= (currentLevelKnownBits - 1) % 8;
				index			= 1 + (currentLevelKnownBits / 8) + (count ? 1 : 0); // First byte is index 0.
     f8e:	81 e0       	ldi	r24, 0x01	; 1
     f90:	09 f4       	brne	.+2      	; 0xf94 <MFRC522::PICC_Select(MFRC522::Uid*, unsigned char)+0x18a>
     f92:	80 e0       	ldi	r24, 0x00	; 0
     f94:	e8 0f       	add	r30, r24
/home/oggy/Arduino/libraries/MFRC522/src/MFRC522.cpp:798
				buffer[index]	|= (1 << checkBit);
     f96:	81 e0       	ldi	r24, 0x01	; 1
     f98:	90 e0       	ldi	r25, 0x00	; 0
     f9a:	8c 0f       	add	r24, r28
     f9c:	9d 1f       	adc	r25, r29
     f9e:	8e 0f       	add	r24, r30
     fa0:	91 1d       	adc	r25, r1
     fa2:	fc 01       	movw	r30, r24
/home/oggy/Arduino/libraries/MFRC522/src/MFRC522.cpp:796
					return STATUS_INTERNAL_ERROR;
				}
				// Choose the PICC with the bit set.
				currentLevelKnownBits	= collisionPos;
				count			= currentLevelKnownBits % 8; // The bit to modify
				checkBit		= (currentLevelKnownBits - 1) % 8;
     fa4:	21 50       	subi	r18, 0x01	; 1
     fa6:	31 09       	sbc	r19, r1
     fa8:	27 70       	andi	r18, 0x07	; 7
     faa:	33 27       	eor	r19, r19
/home/oggy/Arduino/libraries/MFRC522/src/MFRC522.cpp:798
				index			= 1 + (currentLevelKnownBits / 8) + (count ? 1 : 0); // First byte is index 0.
				buffer[index]	|= (1 << checkBit);
     fac:	81 e0       	ldi	r24, 0x01	; 1
     fae:	90 e0       	ldi	r25, 0x00	; 0
     fb0:	02 c0       	rjmp	.+4      	; 0xfb6 <MFRC522::PICC_Select(MFRC522::Uid*, unsigned char)+0x1ac>
     fb2:	88 0f       	add	r24, r24
     fb4:	99 1f       	adc	r25, r25
     fb6:	2a 95       	dec	r18
     fb8:	e2 f7       	brpl	.-8      	; 0xfb2 <MFRC522::PICC_Select(MFRC522::Uid*, unsigned char)+0x1a8>
     fba:	9c 01       	movw	r18, r24
     fbc:	80 81       	ld	r24, Z
     fbe:	82 2b       	or	r24, r18
     fc0:	80 83       	st	Z, r24
     fc2:	8b cf       	rjmp	.-234    	; 0xeda <MFRC522::PICC_Select(MFRC522::Uid*, unsigned char)+0xd0>
/home/oggy/Arduino/libraries/MFRC522/src/MFRC522.cpp:702
				uidIndex = 0;
				useCascadeTag = validBits && uid->size > 4;	// When we know that the UID has more than 4 bytes
				break;
			
			case 2:
				buffer[0] = PICC_CMD_SEL_CL2;
     fc4:	85 e9       	ldi	r24, 0x95	; 149
     fc6:	89 83       	std	Y+1, r24	; 0x01
/home/oggy/Arduino/libraries/MFRC522/src/MFRC522.cpp:704
				uidIndex = 3;
				useCascadeTag = validBits && uid->size > 7;	// When we know that the UID has more than 7 bytes
     fc8:	fe 85       	ldd	r31, Y+14	; 0x0e
     fca:	ff 23       	and	r31, r31
     fcc:	31 f0       	breq	.+12     	; 0xfda <MFRC522::PICC_Select(MFRC522::Uid*, unsigned char)+0x1d0>
     fce:	81 e0       	ldi	r24, 0x01	; 1
     fd0:	f3 01       	movw	r30, r6
     fd2:	90 81       	ld	r25, Z
     fd4:	98 30       	cpi	r25, 0x08	; 8
     fd6:	08 f0       	brcs	.+2      	; 0xfda <MFRC522::PICC_Select(MFRC522::Uid*, unsigned char)+0x1d0>
     fd8:	4b cf       	rjmp	.-362    	; 0xe70 <MFRC522::PICC_Select(MFRC522::Uid*, unsigned char)+0x66>
     fda:	80 e0       	ldi	r24, 0x00	; 0
     fdc:	49 cf       	rjmp	.-366    	; 0xe70 <MFRC522::PICC_Select(MFRC522::Uid*, unsigned char)+0x66>
/home/oggy/Arduino/libraries/MFRC522/src/MFRC522.cpp:708
				break;
			
			case 3:
				buffer[0] = PICC_CMD_SEL_CL3;
     fde:	87 e9       	ldi	r24, 0x97	; 151
     fe0:	89 83       	std	Y+1, r24	; 0x01
/home/oggy/Arduino/libraries/MFRC522/src/MFRC522.cpp:709
				uidIndex = 6;
     fe2:	f6 e0       	ldi	r31, 0x06	; 6
     fe4:	fc 87       	std	Y+12, r31	; 0x0c
     fe6:	f9 cf       	rjmp	.-14     	; 0xfda <MFRC522::PICC_Select(MFRC522::Uid*, unsigned char)+0x1d0>
/home/oggy/Arduino/libraries/MFRC522/src/MFRC522.cpp:765
				responseBuffer	= &buffer[6];
				responseLength	= 3;
			}
			else { // This is an ANTICOLLISION.
				//Serial.print(F("ANTICOLLISION: currentLevelKnownBits=")); Serial.println(currentLevelKnownBits, DEC);
				txLastBits		= currentLevelKnownBits % 8;
     fe8:	91 2f       	mov	r25, r17
     fea:	97 70       	andi	r25, 0x07	; 7
     fec:	9a 87       	std	Y+10, r25	; 0x0a
/home/oggy/Arduino/libraries/MFRC522/src/MFRC522.cpp:766
				count			= currentLevelKnownBits / 8;	// Number of whole bytes in the UID part.
     fee:	81 2f       	mov	r24, r17
     ff0:	85 95       	asr	r24
     ff2:	85 95       	asr	r24
     ff4:	85 95       	asr	r24
/home/oggy/Arduino/libraries/MFRC522/src/MFRC522.cpp:767
				index			= 2 + count;					// Number of whole bytes: SEL + NVB + UIDs
     ff6:	8e 5f       	subi	r24, 0xFE	; 254
/home/oggy/Arduino/libraries/MFRC522/src/MFRC522.cpp:768
				buffer[1]		= (index << 4) + txLastBits;	// NVB - Number of Valid Bits
     ff8:	28 2f       	mov	r18, r24
     ffa:	22 95       	swap	r18
     ffc:	20 7f       	andi	r18, 0xF0	; 240
     ffe:	29 0f       	add	r18, r25
    1000:	2a 83       	std	Y+2, r18	; 0x02
/home/oggy/Arduino/libraries/MFRC522/src/MFRC522.cpp:769
				bufferUsed		= index + (txLastBits ? 1 : 0);
    1002:	01 e0       	ldi	r16, 0x01	; 1
    1004:	91 11       	cpse	r25, r1
    1006:	01 c0       	rjmp	.+2      	; 0x100a <MFRC522::PICC_Select(MFRC522::Uid*, unsigned char)+0x200>
    1008:	00 e0       	ldi	r16, 0x00	; 0
    100a:	08 0f       	add	r16, r24
/home/oggy/Arduino/libraries/MFRC522/src/MFRC522.cpp:771
				// Store response in the unused part of buffer
				responseBuffer	= &buffer[index];
    100c:	22 24       	eor	r2, r2
    100e:	23 94       	inc	r2
    1010:	31 2c       	mov	r3, r1
    1012:	2c 0e       	add	r2, r28
    1014:	3d 1e       	adc	r3, r29
    1016:	28 0e       	add	r2, r24
    1018:	31 1c       	adc	r3, r1
/home/oggy/Arduino/libraries/MFRC522/src/MFRC522.cpp:772
				responseLength	= sizeof(buffer) - index;
    101a:	f9 e0       	ldi	r31, 0x09	; 9
    101c:	f8 1b       	sub	r31, r24
    101e:	fb 87       	std	Y+11, r31	; 0x0b
    1020:	1d 87       	std	Y+13, r17	; 0x0d
    1022:	7d cf       	rjmp	.-262    	; 0xf1e <MFRC522::PICC_Select(MFRC522::Uid*, unsigned char)+0x114>
/home/oggy/Arduino/libraries/MFRC522/src/MFRC522.cpp:800
				count			= currentLevelKnownBits % 8; // The bit to modify
				checkBit		= (currentLevelKnownBits - 1) % 8;
				index			= 1 + (currentLevelKnownBits / 8) + (count ? 1 : 0); // First byte is index 0.
				buffer[index]	|= (1 << checkBit);
			}
			else if (result != STATUS_OK) {
    1024:	81 11       	cpse	r24, r1
    1026:	55 c0       	rjmp	.+170    	; 0x10d2 <MFRC522::PICC_Select(MFRC522::Uid*, unsigned char)+0x2c8>
/home/oggy/Arduino/libraries/MFRC522/src/MFRC522.cpp:810
					selectDone = true; // No more anticollision 
					// We continue below outside the while.
				}
				else { // This was an ANTICOLLISION.
					// We now have all 32 bits of the UID in this Cascade Level
					currentLevelKnownBits = 32;
    1028:	10 e2       	ldi	r17, 0x20	; 32
/home/oggy/Arduino/libraries/MFRC522/src/MFRC522.cpp:804
			}
			else if (result != STATUS_OK) {
				return result;
			}
			else { // STATUS_OK
				if (currentLevelKnownBits >= 32) { // This was a SELECT.
    102a:	9d 85       	ldd	r25, Y+13	; 0x0d
    102c:	90 32       	cpi	r25, 0x20	; 32
    102e:	0c f4       	brge	.+2      	; 0x1032 <MFRC522::PICC_Select(MFRC522::Uid*, unsigned char)+0x228>
    1030:	57 cf       	rjmp	.-338    	; 0xee0 <MFRC522::PICC_Select(MFRC522::Uid*, unsigned char)+0xd6>
/home/oggy/Arduino/libraries/MFRC522/src/MFRC522.cpp:819
		} // End of while (!selectDone)
		
		// We do not check the CBB - it was constructed by us above.
		
		// Copy the found UID bytes from buffer[] to uid->uidByte[]
		index			= (buffer[2] == PICC_CMD_CT) ? 3 : 2; // source index in buffer[]
    1032:	8b 81       	ldd	r24, Y+3	; 0x03
    1034:	88 38       	cpi	r24, 0x88	; 136
    1036:	09 f0       	breq	.+2      	; 0x103a <MFRC522::PICC_Select(MFRC522::Uid*, unsigned char)+0x230>
    1038:	42 c0       	rjmp	.+132    	; 0x10be <MFRC522::PICC_Select(MFRC522::Uid*, unsigned char)+0x2b4>
    103a:	83 e0       	ldi	r24, 0x03	; 3
/home/oggy/Arduino/libraries/MFRC522/src/MFRC522.cpp:820
		bytesToCopy		= (buffer[2] == PICC_CMD_CT) ? 3 : 4;
    103c:	93 e0       	ldi	r25, 0x03	; 3
    103e:	2c 85       	ldd	r18, Y+12	; 0x0c
    1040:	e2 2f       	mov	r30, r18
    1042:	f0 e0       	ldi	r31, 0x00	; 0
    1044:	31 96       	adiw	r30, 0x01	; 1
    1046:	e6 0d       	add	r30, r6
    1048:	f7 1d       	adc	r31, r7
    104a:	98 0f       	add	r25, r24
/home/oggy/Arduino/libraries/MFRC522/src/MFRC522.cpp:822
		for (count = 0; count < bytesToCopy; count++) {
			uid->uidByte[uidIndex + count] = buffer[index++];
    104c:	a1 e0       	ldi	r26, 0x01	; 1
    104e:	b0 e0       	ldi	r27, 0x00	; 0
    1050:	ac 0f       	add	r26, r28
    1052:	bd 1f       	adc	r27, r29
    1054:	a8 0f       	add	r26, r24
    1056:	b1 1d       	adc	r27, r1
    1058:	2c 91       	ld	r18, X
    105a:	21 93       	st	Z+, r18
    105c:	8f 5f       	subi	r24, 0xFF	; 255
/home/oggy/Arduino/libraries/MFRC522/src/MFRC522.cpp:821
		// We do not check the CBB - it was constructed by us above.
		
		// Copy the found UID bytes from buffer[] to uid->uidByte[]
		index			= (buffer[2] == PICC_CMD_CT) ? 3 : 2; // source index in buffer[]
		bytesToCopy		= (buffer[2] == PICC_CMD_CT) ? 3 : 4;
		for (count = 0; count < bytesToCopy; count++) {
    105e:	89 13       	cpse	r24, r25
    1060:	f5 cf       	rjmp	.-22     	; 0x104c <MFRC522::PICC_Select(MFRC522::Uid*, unsigned char)+0x242>
/home/oggy/Arduino/libraries/MFRC522/src/MFRC522.cpp:826
			uid->uidByte[uidIndex + count] = buffer[index++];
		}
		
		// Check response SAK (Select Acknowledge)
		if (responseLength != 3 || txLastBits != 0) { // SAK must be exactly 24 bits (1 byte + CRC_A).
    1062:	8b 85       	ldd	r24, Y+11	; 0x0b
    1064:	8c 87       	std	Y+12, r24	; 0x0c
    1066:	83 30       	cpi	r24, 0x03	; 3
    1068:	09 f0       	breq	.+2      	; 0x106c <MFRC522::PICC_Select(MFRC522::Uid*, unsigned char)+0x262>
    106a:	4d c0       	rjmp	.+154    	; 0x1106 <MFRC522::PICC_Select(MFRC522::Uid*, unsigned char)+0x2fc>
    106c:	8a 85       	ldd	r24, Y+10	; 0x0a
    106e:	81 11       	cpse	r24, r1
    1070:	4a c0       	rjmp	.+148    	; 0x1106 <MFRC522::PICC_Select(MFRC522::Uid*, unsigned char)+0x2fc>
/home/oggy/Arduino/libraries/MFRC522/src/MFRC522.cpp:830
			return STATUS_ERROR;
		}
		// Verify CRC_A - do our own calculation and store the control in buffer[2..3] - those bytes are not needed anymore.
		result = PCD_CalculateCRC(responseBuffer, 1, &buffer[2]);
    1072:	9e 01       	movw	r18, r28
    1074:	2d 5f       	subi	r18, 0xFD	; 253
    1076:	3f 4f       	sbci	r19, 0xFF	; 255
    1078:	41 e0       	ldi	r20, 0x01	; 1
    107a:	b1 01       	movw	r22, r2
    107c:	c2 01       	movw	r24, r4
    107e:	0e 94 c7 04 	call	0x98e	; 0x98e <MFRC522::PCD_CalculateCRC(unsigned char*, unsigned char, unsigned char*)>
    1082:	08 2f       	mov	r16, r24
/home/oggy/Arduino/libraries/MFRC522/src/MFRC522.cpp:831
		if (result != STATUS_OK) {
    1084:	81 11       	cpse	r24, r1
    1086:	25 c0       	rjmp	.+74     	; 0x10d2 <MFRC522::PICC_Select(MFRC522::Uid*, unsigned char)+0x2c8>
/home/oggy/Arduino/libraries/MFRC522/src/MFRC522.cpp:834
			return result;
		}
		if ((buffer[2] != responseBuffer[1]) || (buffer[3] != responseBuffer[2])) {
    1088:	9b 81       	ldd	r25, Y+3	; 0x03
    108a:	f1 01       	movw	r30, r2
    108c:	81 81       	ldd	r24, Z+1	; 0x01
    108e:	98 13       	cpse	r25, r24
    1090:	3c c0       	rjmp	.+120    	; 0x110a <MFRC522::PICC_Select(MFRC522::Uid*, unsigned char)+0x300>
    1092:	9c 81       	ldd	r25, Y+4	; 0x04
    1094:	82 81       	ldd	r24, Z+2	; 0x02
    1096:	98 13       	cpse	r25, r24
    1098:	38 c0       	rjmp	.+112    	; 0x110a <MFRC522::PICC_Select(MFRC522::Uid*, unsigned char)+0x300>
/home/oggy/Arduino/libraries/MFRC522/src/MFRC522.cpp:837
			return STATUS_CRC_WRONG;
		}
		if (responseBuffer[0] & 0x04) { // Cascade bit set - UID not complete yes
    109a:	80 81       	ld	r24, Z
    109c:	82 ff       	sbrs	r24, 2
    109e:	12 c0       	rjmp	.+36     	; 0x10c4 <MFRC522::PICC_Select(MFRC522::Uid*, unsigned char)+0x2ba>
/home/oggy/Arduino/libraries/MFRC522/src/MFRC522.cpp:838
			cascadeLevel++;
    10a0:	93 94       	inc	r9
/home/oggy/Arduino/libraries/MFRC522/src/MFRC522.cpp:694
	
	// Repeat Cascade Level loop until we have a complete UID.
	uidComplete = false;
	while (!uidComplete) {
		// Set the Cascade Level in the SEL byte, find out if we need to use the Cascade Tag in byte 2.
		switch (cascadeLevel) {
    10a2:	f2 e0       	ldi	r31, 0x02	; 2
    10a4:	9f 16       	cp	r9, r31
    10a6:	09 f4       	brne	.+2      	; 0x10aa <MFRC522::PICC_Select(MFRC522::Uid*, unsigned char)+0x2a0>
    10a8:	8d cf       	rjmp	.-230    	; 0xfc4 <MFRC522::PICC_Select(MFRC522::Uid*, unsigned char)+0x1ba>
    10aa:	23 e0       	ldi	r18, 0x03	; 3
    10ac:	92 16       	cp	r9, r18
    10ae:	09 f4       	brne	.+2      	; 0x10b2 <MFRC522::PICC_Select(MFRC522::Uid*, unsigned char)+0x2a8>
    10b0:	96 cf       	rjmp	.-212    	; 0xfde <MFRC522::PICC_Select(MFRC522::Uid*, unsigned char)+0x1d4>
    10b2:	81 e0       	ldi	r24, 0x01	; 1
    10b4:	98 16       	cp	r9, r24
    10b6:	09 f4       	brne	.+2      	; 0x10ba <MFRC522::PICC_Select(MFRC522::Uid*, unsigned char)+0x2b0>
    10b8:	cd ce       	rjmp	.-614    	; 0xe54 <MFRC522::PICC_Select(MFRC522::Uid*, unsigned char)+0x4a>
/home/oggy/Arduino/libraries/MFRC522/src/MFRC522.cpp:714
				uidIndex = 6;
				useCascadeTag = false;						// Never used in CL3.
				break;
			
			default:
				return STATUS_INTERNAL_ERROR;
    10ba:	05 e0       	ldi	r16, 0x05	; 5
    10bc:	0a c0       	rjmp	.+20     	; 0x10d2 <MFRC522::PICC_Select(MFRC522::Uid*, unsigned char)+0x2c8>
/home/oggy/Arduino/libraries/MFRC522/src/MFRC522.cpp:819
		} // End of while (!selectDone)
		
		// We do not check the CBB - it was constructed by us above.
		
		// Copy the found UID bytes from buffer[] to uid->uidByte[]
		index			= (buffer[2] == PICC_CMD_CT) ? 3 : 2; // source index in buffer[]
    10be:	82 e0       	ldi	r24, 0x02	; 2
/home/oggy/Arduino/libraries/MFRC522/src/MFRC522.cpp:820
		bytesToCopy		= (buffer[2] == PICC_CMD_CT) ? 3 : 4;
    10c0:	94 e0       	ldi	r25, 0x04	; 4
    10c2:	bd cf       	rjmp	.-134    	; 0x103e <MFRC522::PICC_Select(MFRC522::Uid*, unsigned char)+0x234>
/home/oggy/Arduino/libraries/MFRC522/src/MFRC522.cpp:842
		if (responseBuffer[0] & 0x04) { // Cascade bit set - UID not complete yes
			cascadeLevel++;
		}
		else {
			uidComplete = true;
			uid->sak = responseBuffer[0];
    10c4:	f3 01       	movw	r30, r6
    10c6:	83 87       	std	Z+11, r24	; 0x0b
/home/oggy/Arduino/libraries/MFRC522/src/MFRC522.cpp:847
		}
	} // End of while (!uidComplete)
	
	// Set correct uid->size
	uid->size = 3 * cascadeLevel + 1;
    10c8:	89 2d       	mov	r24, r9
    10ca:	88 0f       	add	r24, r24
    10cc:	98 0e       	add	r9, r24
    10ce:	93 94       	inc	r9
    10d0:	90 82       	st	Z, r9
/home/oggy/Arduino/libraries/MFRC522/src/MFRC522.cpp:850

	return STATUS_OK;
} // End PICC_Select()
    10d2:	80 2f       	mov	r24, r16
    10d4:	2e 96       	adiw	r28, 0x0e	; 14
    10d6:	0f b6       	in	r0, 0x3f	; 63
    10d8:	f8 94       	cli
    10da:	de bf       	out	0x3e, r29	; 62
    10dc:	0f be       	out	0x3f, r0	; 63
    10de:	cd bf       	out	0x3d, r28	; 61
    10e0:	df 91       	pop	r29
    10e2:	cf 91       	pop	r28
    10e4:	1f 91       	pop	r17
    10e6:	0f 91       	pop	r16
    10e8:	ff 90       	pop	r15
    10ea:	ef 90       	pop	r14
    10ec:	df 90       	pop	r13
    10ee:	cf 90       	pop	r12
    10f0:	bf 90       	pop	r11
    10f2:	af 90       	pop	r10
    10f4:	9f 90       	pop	r9
    10f6:	8f 90       	pop	r8
    10f8:	7f 90       	pop	r7
    10fa:	6f 90       	pop	r6
    10fc:	5f 90       	pop	r5
    10fe:	4f 90       	pop	r4
    1100:	3f 90       	pop	r3
    1102:	2f 90       	pop	r2
    1104:	08 95       	ret
/home/oggy/Arduino/libraries/MFRC522/src/MFRC522.cpp:827
			uid->uidByte[uidIndex + count] = buffer[index++];
		}
		
		// Check response SAK (Select Acknowledge)
		if (responseLength != 3 || txLastBits != 0) { // SAK must be exactly 24 bits (1 byte + CRC_A).
			return STATUS_ERROR;
    1106:	01 e0       	ldi	r16, 0x01	; 1
    1108:	e4 cf       	rjmp	.-56     	; 0x10d2 <MFRC522::PICC_Select(MFRC522::Uid*, unsigned char)+0x2c8>
/home/oggy/Arduino/libraries/MFRC522/src/MFRC522.cpp:835
		result = PCD_CalculateCRC(responseBuffer, 1, &buffer[2]);
		if (result != STATUS_OK) {
			return result;
		}
		if ((buffer[2] != responseBuffer[1]) || (buffer[3] != responseBuffer[2])) {
			return STATUS_CRC_WRONG;
    110a:	07 e0       	ldi	r16, 0x07	; 7
    110c:	e2 cf       	rjmp	.-60     	; 0x10d2 <MFRC522::PICC_Select(MFRC522::Uid*, unsigned char)+0x2c8>

0000110e <halt()>:
halt():
/home/oggy/Documents/arduinoprojects/padright_v1.5.2/rfid.ino:236
    writeByte[i] = buffer[i];
  }
  writeByte[15]--;
}
void halt()
{
    110e:	8f 92       	push	r8
    1110:	af 92       	push	r10
    1112:	bf 92       	push	r11
    1114:	cf 92       	push	r12
    1116:	df 92       	push	r13
    1118:	ef 92       	push	r14
    111a:	ff 92       	push	r15
    111c:	0f 93       	push	r16
    111e:	cf 93       	push	r28
    1120:	df 93       	push	r29
    1122:	00 d0       	rcall	.+0      	; 0x1124 <halt()+0x16>
    1124:	00 d0       	rcall	.+0      	; 0x1126 <halt()+0x18>
    1126:	cd b7       	in	r28, 0x3d	; 61
    1128:	de b7       	in	r29, 0x3e	; 62
PICC_HaltA():
/home/oggy/Arduino/libraries/MFRC522/src/MFRC522.cpp:862
MFRC522::StatusCode MFRC522::PICC_HaltA() {
	MFRC522::StatusCode result;
	byte buffer[4];
	
	// Build command buffer
	buffer[0] = PICC_CMD_HLTA;
    112a:	80 e5       	ldi	r24, 0x50	; 80
    112c:	89 83       	std	Y+1, r24	; 0x01
/home/oggy/Arduino/libraries/MFRC522/src/MFRC522.cpp:863
	buffer[1] = 0;
    112e:	1a 82       	std	Y+2, r1	; 0x02
/home/oggy/Arduino/libraries/MFRC522/src/MFRC522.cpp:865
	// Calculate CRC_A
	result = PCD_CalculateCRC(buffer, 2, &buffer[2]);
    1130:	9e 01       	movw	r18, r28
    1132:	2d 5f       	subi	r18, 0xFD	; 253
    1134:	3f 4f       	sbci	r19, 0xFF	; 255
    1136:	42 e0       	ldi	r20, 0x02	; 2
    1138:	be 01       	movw	r22, r28
    113a:	6f 5f       	subi	r22, 0xFF	; 255
    113c:	7f 4f       	sbci	r23, 0xFF	; 255
    113e:	8f e2       	ldi	r24, 0x2F	; 47
    1140:	97 e0       	ldi	r25, 0x07	; 7
    1142:	0e 94 c7 04 	call	0x98e	; 0x98e <MFRC522::PCD_CalculateCRC(unsigned char*, unsigned char, unsigned char*)>
/home/oggy/Arduino/libraries/MFRC522/src/MFRC522.cpp:866
	if (result != STATUS_OK) {
    1146:	81 11       	cpse	r24, r1
    1148:	13 c0       	rjmp	.+38     	; 0x1170 <halt()+0x62>
PCD_TransceiveData():
/home/oggy/Arduino/libraries/MFRC522/src/MFRC522.cpp:458
													byte *validBits,	///< In/Out: The number of valid bits in the last byte. 0 for 8 valid bits. Default nullptr.
													byte rxAlign,		///< In: Defines the bit position in backData[0] for the first bit received. Default 0.
													bool checkCRC		///< In: True => The last two bytes of the response is assumed to be a CRC_A that must be validated.
								 ) {
	byte waitIRq = 0x30;		// RxIRq and IdleIRq
	return PCD_CommunicateWithPICC(PCD_Transceive, waitIRq, sendData, sendLen, backData, backLen, validBits, rxAlign, checkCRC);
    114a:	1f 92       	push	r1
    114c:	81 2c       	mov	r8, r1
    114e:	b1 2c       	mov	r11, r1
    1150:	a1 2c       	mov	r10, r1
    1152:	d1 2c       	mov	r13, r1
    1154:	c1 2c       	mov	r12, r1
    1156:	f1 2c       	mov	r15, r1
    1158:	e1 2c       	mov	r14, r1
    115a:	04 e0       	ldi	r16, 0x04	; 4
    115c:	9e 01       	movw	r18, r28
    115e:	2f 5f       	subi	r18, 0xFF	; 255
    1160:	3f 4f       	sbci	r19, 0xFF	; 255
    1162:	40 e3       	ldi	r20, 0x30	; 48
    1164:	6c e0       	ldi	r22, 0x0C	; 12
    1166:	8f e2       	ldi	r24, 0x2F	; 47
    1168:	97 e0       	ldi	r25, 0x07	; 7
    116a:	0e 94 1e 05 	call	0xa3c	; 0xa3c <MFRC522::PCD_CommunicateWithPICC(unsigned char, unsigned char, unsigned char*, unsigned char, unsigned char*, unsigned char*, unsigned char*, unsigned char, bool)>
    116e:	0f 90       	pop	r0
PCD_StopCrypto1():
/home/oggy/Arduino/libraries/MFRC522/src/MFRC522.cpp:933
 * Used to exit the PCD from its authenticated state.
 * Remember to call this function after communicating with an authenticated PICC - otherwise no new communications can start.
 */
void MFRC522::PCD_StopCrypto1() {
	// Clear MFCrypto1On bit
	PCD_ClearRegisterBitMask(Status2Reg, 0x08); // Status2Reg[7..0] bits are: TempSensClear I2CForceHS reserved reserved MFCrypto1On ModemState[2:0]
    1170:	48 e0       	ldi	r20, 0x08	; 8
    1172:	60 e1       	ldi	r22, 0x10	; 16
    1174:	8f e2       	ldi	r24, 0x2F	; 47
    1176:	97 e0       	ldi	r25, 0x07	; 7
    1178:	0e 94 8e 06 	call	0xd1c	; 0xd1c <MFRC522::PCD_ClearRegisterBitMask(MFRC522::PCD_Register, unsigned char)>
halt():
/home/oggy/Documents/arduinoprojects/padright_v1.5.2/rfid.ino:239
  mfrc522.PICC_HaltA();      // Halt PICC
  mfrc522.PCD_StopCrypto1(); // Stop encryption on PCD
}
    117c:	0f 90       	pop	r0
    117e:	0f 90       	pop	r0
    1180:	0f 90       	pop	r0
    1182:	0f 90       	pop	r0
    1184:	df 91       	pop	r29
    1186:	cf 91       	pop	r28
    1188:	0f 91       	pop	r16
    118a:	ff 90       	pop	r15
    118c:	ef 90       	pop	r14
    118e:	df 90       	pop	r13
    1190:	cf 90       	pop	r12
    1192:	bf 90       	pop	r11
    1194:	af 90       	pop	r10
    1196:	8f 90       	pop	r8
    1198:	08 95       	ret

0000119a <readCard()>:
readCard():
/home/oggy/Documents/arduinoprojects/padright_v1.5.2/rfid.ino:202
    changeDone = true;
  }
}

bool readCard()
{
    119a:	8f 92       	push	r8
    119c:	af 92       	push	r10
    119e:	bf 92       	push	r11
    11a0:	cf 92       	push	r12
    11a2:	df 92       	push	r13
    11a4:	ef 92       	push	r14
    11a6:	ff 92       	push	r15
    11a8:	0f 93       	push	r16
    11aa:	cf 93       	push	r28
    11ac:	df 93       	push	r29
    11ae:	1f 92       	push	r1
    11b0:	cd b7       	in	r28, 0x3d	; 61
    11b2:	de b7       	in	r29, 0x3e	; 62
/home/oggy/Documents/arduinoprojects/padright_v1.5.2/rfid.ino:203
  byte buffersize = 18;
    11b4:	82 e1       	ldi	r24, 0x12	; 18
    11b6:	89 83       	std	Y+1, r24	; 0x01
auth_A():
/home/oggy/Documents/arduinoprojects/padright_v1.5.2/rfid.ino:242
  mfrc522.PICC_HaltA();      // Halt PICC
  mfrc522.PCD_StopCrypto1(); // Stop encryption on PCD
}
bool auth_A()
{
  rfidstatus = (MFRC522::StatusCode)mfrc522.PCD_Authenticate(MFRC522::PICC_CMD_MF_AUTH_KEY_A, authAddr, &key, &(mfrc522.uid));
    11b8:	63 e0       	ldi	r22, 0x03	; 3
    11ba:	80 e6       	ldi	r24, 0x60	; 96
    11bc:	0e 94 3d 06 	call	0xc7a	; 0xc7a <MFRC522::PCD_Authenticate(unsigned char, unsigned char, MFRC522::MIFARE_Key*, MFRC522::Uid*) [clone .constprop.16]>
readCard():
/home/oggy/Documents/arduinoprojects/padright_v1.5.2/rfid.ino:212
    if (rfidstatus != MFRC522::STATUS_OK)
    {
      return false;
    }
  }
  return true;
    11c0:	91 e0       	ldi	r25, 0x01	; 1
auth_A():
/home/oggy/Documents/arduinoprojects/padright_v1.5.2/rfid.ino:243
  mfrc522.PCD_StopCrypto1(); // Stop encryption on PCD
}
bool auth_A()
{
  rfidstatus = (MFRC522::StatusCode)mfrc522.PCD_Authenticate(MFRC522::PICC_CMD_MF_AUTH_KEY_A, authAddr, &key, &(mfrc522.uid));
  if (rfidstatus != MFRC522::STATUS_OK)
    11c2:	81 11       	cpse	r24, r1
    11c4:	2e c0       	rjmp	.+92     	; 0x1222 <readCard()+0x88>
MIFARE_Read():
/home/oggy/Arduino/libraries/MFRC522/src/MFRC522.cpp:959
											byte *bufferSize	///< Buffer size, at least 18 bytes. Also number of bytes returned if STATUS_OK.
										) {
	MFRC522::StatusCode result;
	
	// Sanity check
	if (buffer == nullptr || *bufferSize < 18) {
    11c6:	89 81       	ldd	r24, Y+1	; 0x01
    11c8:	82 31       	cpi	r24, 0x12	; 18
    11ca:	10 f4       	brcc	.+4      	; 0x11d0 <readCard()+0x36>
readCard():
/home/oggy/Documents/arduinoprojects/padright_v1.5.2/rfid.ino:207
{
  byte buffersize = 18;
  if (auth_A())
  {
    rfidstatus = (MFRC522::StatusCode)mfrc522.MIFARE_Read(blockAddr, readByte, &buffersize);
    if (rfidstatus != MFRC522::STATUS_OK)
    11cc:	90 e0       	ldi	r25, 0x00	; 0
    11ce:	29 c0       	rjmp	.+82     	; 0x1222 <readCard()+0x88>
MIFARE_Read():
/home/oggy/Arduino/libraries/MFRC522/src/MFRC522.cpp:964
		return STATUS_NO_ROOM;
	}
	
	// Build command buffer
	buffer[0] = PICC_CMD_MF_READ;
    11d0:	80 e3       	ldi	r24, 0x30	; 48
    11d2:	80 93 23 06 	sts	0x0623, r24	; 0x800623 <readByte>
/home/oggy/Arduino/libraries/MFRC522/src/MFRC522.cpp:965
	buffer[1] = blockAddr;
    11d6:	82 e0       	ldi	r24, 0x02	; 2
    11d8:	80 93 24 06 	sts	0x0624, r24	; 0x800624 <readByte+0x1>
/home/oggy/Arduino/libraries/MFRC522/src/MFRC522.cpp:967
	// Calculate CRC_A
	result = PCD_CalculateCRC(buffer, 2, &buffer[2]);
    11dc:	25 e2       	ldi	r18, 0x25	; 37
    11de:	36 e0       	ldi	r19, 0x06	; 6
    11e0:	42 e0       	ldi	r20, 0x02	; 2
    11e2:	63 e2       	ldi	r22, 0x23	; 35
    11e4:	76 e0       	ldi	r23, 0x06	; 6
    11e6:	8f e2       	ldi	r24, 0x2F	; 47
    11e8:	97 e0       	ldi	r25, 0x07	; 7
    11ea:	0e 94 c7 04 	call	0x98e	; 0x98e <MFRC522::PCD_CalculateCRC(unsigned char*, unsigned char, unsigned char*)>
/home/oggy/Arduino/libraries/MFRC522/src/MFRC522.cpp:968
	if (result != STATUS_OK) {
    11ee:	81 11       	cpse	r24, r1
    11f0:	ed cf       	rjmp	.-38     	; 0x11cc <readCard()+0x32>
PCD_TransceiveData():
/home/oggy/Arduino/libraries/MFRC522/src/MFRC522.cpp:458
													byte *validBits,	///< In/Out: The number of valid bits in the last byte. 0 for 8 valid bits. Default nullptr.
													byte rxAlign,		///< In: Defines the bit position in backData[0] for the first bit received. Default 0.
													bool checkCRC		///< In: True => The last two bytes of the response is assumed to be a CRC_A that must be validated.
								 ) {
	byte waitIRq = 0x30;		// RxIRq and IdleIRq
	return PCD_CommunicateWithPICC(PCD_Transceive, waitIRq, sendData, sendLen, backData, backLen, validBits, rxAlign, checkCRC);
    11f2:	81 e0       	ldi	r24, 0x01	; 1
    11f4:	8f 93       	push	r24
    11f6:	81 2c       	mov	r8, r1
    11f8:	b1 2c       	mov	r11, r1
    11fa:	a1 2c       	mov	r10, r1
    11fc:	ce 01       	movw	r24, r28
    11fe:	01 96       	adiw	r24, 0x01	; 1
    1200:	6c 01       	movw	r12, r24
    1202:	83 e2       	ldi	r24, 0x23	; 35
    1204:	e8 2e       	mov	r14, r24
    1206:	86 e0       	ldi	r24, 0x06	; 6
    1208:	f8 2e       	mov	r15, r24
    120a:	04 e0       	ldi	r16, 0x04	; 4
    120c:	97 01       	movw	r18, r14
    120e:	40 e3       	ldi	r20, 0x30	; 48
    1210:	6c e0       	ldi	r22, 0x0C	; 12
    1212:	8f e2       	ldi	r24, 0x2F	; 47
    1214:	97 e0       	ldi	r25, 0x07	; 7
    1216:	0e 94 1e 05 	call	0xa3c	; 0xa3c <MFRC522::PCD_CommunicateWithPICC(unsigned char, unsigned char, unsigned char*, unsigned char, unsigned char*, unsigned char*, unsigned char*, unsigned char, bool)>
readCard():
/home/oggy/Documents/arduinoprojects/padright_v1.5.2/rfid.ino:207
    121a:	91 e0       	ldi	r25, 0x01	; 1
    121c:	0f 90       	pop	r0
    121e:	81 11       	cpse	r24, r1
    1220:	d5 cf       	rjmp	.-86     	; 0x11cc <readCard()+0x32>
/home/oggy/Documents/arduinoprojects/padright_v1.5.2/rfid.ino:213
    {
      return false;
    }
  }
  return true;
}
    1222:	89 2f       	mov	r24, r25
    1224:	0f 90       	pop	r0
    1226:	df 91       	pop	r29
    1228:	cf 91       	pop	r28
    122a:	0f 91       	pop	r16
    122c:	ff 90       	pop	r15
    122e:	ef 90       	pop	r14
    1230:	df 90       	pop	r13
    1232:	cf 90       	pop	r12
    1234:	bf 90       	pop	r11
    1236:	af 90       	pop	r10
    1238:	8f 90       	pop	r8
    123a:	08 95       	ret

0000123c <enableCashAcceptor()>:
enableCashAcceptor():
/home/oggy/Documents/arduinoprojects/padright_v1.5.2/cashInterrupt.ino:259
}
void disableCashAcceptor() {
  digitalWrite(inhibit, HIGH);
}
void enableCashAcceptor() {
  digitalWrite(inhibit, LOW);
    123c:	60 e0       	ldi	r22, 0x00	; 0
    123e:	8a e0       	ldi	r24, 0x0A	; 10
    1240:	0c 94 eb 00 	jmp	0x1d6	; 0x1d6 <digitalWrite>

00001244 <disableCashAcceptor()>:
disableCashAcceptor():
/home/oggy/Documents/arduinoprojects/padright_v1.5.2/cashInterrupt.ino:256
  status = 'n';
  changeDone = true;
  menu();
}
void disableCashAcceptor() {
  digitalWrite(inhibit, HIGH);
    1244:	61 e0       	ldi	r22, 0x01	; 1
    1246:	8a e0       	ldi	r24, 0x0A	; 10
    1248:	0c 94 eb 00 	jmp	0x1d6	; 0x1d6 <digitalWrite>

0000124c <_interrupt()>:
_interrupt():
/home/oggy/Documents/arduinoprojects/padright_v1.5.2/cashInterrupt.ino:1
void _interrupt() {  // ISR FUNCTION
    124c:	cf 93       	push	r28
/home/oggy/Documents/arduinoprojects/padright_v1.5.2/cashInterrupt.ino:2
  if (mType == CASH_MACHINE) {
    124e:	c0 91 42 06 	lds	r28, 0x0642	; 0x800642 <mType>
    1252:	c1 30       	cpi	r28, 0x01	; 1
    1254:	c9 f4       	brne	.+50     	; 0x1288 <_interrupt()+0x3c>
/home/oggy/Documents/arduinoprojects/padright_v1.5.2/cashInterrupt.ino:3
    disableCashAcceptor();
    1256:	0e 94 22 09 	call	0x1244	; 0x1244 <disableCashAcceptor()>
/home/oggy/Documents/arduinoprojects/padright_v1.5.2/cashInterrupt.ino:4
    cashPulseCounter++;
    125a:	80 91 37 06 	lds	r24, 0x0637	; 0x800637 <cashPulseCounter>
    125e:	90 91 38 06 	lds	r25, 0x0638	; 0x800638 <cashPulseCounter+0x1>
    1262:	01 96       	adiw	r24, 0x01	; 1
    1264:	90 93 38 06 	sts	0x0638, r25	; 0x800638 <cashPulseCounter+0x1>
    1268:	80 93 37 06 	sts	0x0637, r24	; 0x800637 <cashPulseCounter>
/home/oggy/Documents/arduinoprojects/padright_v1.5.2/cashInterrupt.ino:5
    if (cashPulseCounter % pulseForFiveRupeeNote == 0) {
    126c:	80 91 37 06 	lds	r24, 0x0637	; 0x800637 <cashPulseCounter>
    1270:	90 91 38 06 	lds	r25, 0x0638	; 0x800638 <cashPulseCounter+0x1>
    1274:	60 91 1b 01 	lds	r22, 0x011B	; 0x80011b <pulseForFiveRupeeNote>
    1278:	70 91 1c 01 	lds	r23, 0x011C	; 0x80011c <pulseForFiveRupeeNote+0x1>
    127c:	0e 94 e2 22 	call	0x45c4	; 0x45c4 <__divmodhi4>
    1280:	89 2b       	or	r24, r25
    1282:	11 f4       	brne	.+4      	; 0x1288 <_interrupt()+0x3c>
/home/oggy/Documents/arduinoprojects/padright_v1.5.2/cashInterrupt.ino:6
      isInterrupt = true;
    1284:	c0 93 3f 06 	sts	0x063F, r28	; 0x80063f <isInterrupt>
/home/oggy/Documents/arduinoprojects/padright_v1.5.2/cashInterrupt.ino:13
    }
    // lcd.clear();
    // lcd.setCursor(0, 0);
    // lcd.print(String(cashPulseCounter));
  }
}
    1288:	cf 91       	pop	r28
    128a:	08 95       	ret

0000128c <warning()>:
warning():
/home/oggy/Documents/arduinoprojects/padright_v1.5.2/padright_v1.5.2.ino:719
  digitalWrite(buzzer, HIGH);
  delay(_time);
  digitalWrite(buzzer, LOW);
}
void warning() {
  digitalWrite(buzzer, HIGH);
    128c:	61 e0       	ldi	r22, 0x01	; 1
    128e:	80 e1       	ldi	r24, 0x10	; 16
    1290:	0e 94 eb 00 	call	0x1d6	; 0x1d6 <digitalWrite>
/home/oggy/Documents/arduinoprojects/padright_v1.5.2/padright_v1.5.2.ino:720
  delay(400);
    1294:	60 e9       	ldi	r22, 0x90	; 144
    1296:	71 e0       	ldi	r23, 0x01	; 1
    1298:	80 e0       	ldi	r24, 0x00	; 0
    129a:	90 e0       	ldi	r25, 0x00	; 0
    129c:	0e 94 85 01 	call	0x30a	; 0x30a <delay>
/home/oggy/Documents/arduinoprojects/padright_v1.5.2/padright_v1.5.2.ino:721
  digitalWrite(buzzer, LOW);
    12a0:	60 e0       	ldi	r22, 0x00	; 0
    12a2:	80 e1       	ldi	r24, 0x10	; 16
    12a4:	0e 94 eb 00 	call	0x1d6	; 0x1d6 <digitalWrite>
/home/oggy/Documents/arduinoprojects/padright_v1.5.2/padright_v1.5.2.ino:722
  delay(400);
    12a8:	60 e9       	ldi	r22, 0x90	; 144
    12aa:	71 e0       	ldi	r23, 0x01	; 1
    12ac:	80 e0       	ldi	r24, 0x00	; 0
    12ae:	90 e0       	ldi	r25, 0x00	; 0
    12b0:	0e 94 85 01 	call	0x30a	; 0x30a <delay>
/home/oggy/Documents/arduinoprojects/padright_v1.5.2/padright_v1.5.2.ino:723
  digitalWrite(buzzer, HIGH);
    12b4:	61 e0       	ldi	r22, 0x01	; 1
    12b6:	80 e1       	ldi	r24, 0x10	; 16
    12b8:	0e 94 eb 00 	call	0x1d6	; 0x1d6 <digitalWrite>
/home/oggy/Documents/arduinoprojects/padright_v1.5.2/padright_v1.5.2.ino:724
  delay(400);
    12bc:	60 e9       	ldi	r22, 0x90	; 144
    12be:	71 e0       	ldi	r23, 0x01	; 1
    12c0:	80 e0       	ldi	r24, 0x00	; 0
    12c2:	90 e0       	ldi	r25, 0x00	; 0
    12c4:	0e 94 85 01 	call	0x30a	; 0x30a <delay>
/home/oggy/Documents/arduinoprojects/padright_v1.5.2/padright_v1.5.2.ino:725
  digitalWrite(buzzer, LOW);
    12c8:	60 e0       	ldi	r22, 0x00	; 0
    12ca:	80 e1       	ldi	r24, 0x10	; 16
    12cc:	0e 94 eb 00 	call	0x1d6	; 0x1d6 <digitalWrite>
/home/oggy/Documents/arduinoprojects/padright_v1.5.2/padright_v1.5.2.ino:726
  delay(400);
    12d0:	60 e9       	ldi	r22, 0x90	; 144
    12d2:	71 e0       	ldi	r23, 0x01	; 1
    12d4:	80 e0       	ldi	r24, 0x00	; 0
    12d6:	90 e0       	ldi	r25, 0x00	; 0
    12d8:	0e 94 85 01 	call	0x30a	; 0x30a <delay>
/home/oggy/Documents/arduinoprojects/padright_v1.5.2/padright_v1.5.2.ino:727
  digitalWrite(buzzer, HIGH);
    12dc:	61 e0       	ldi	r22, 0x01	; 1
    12de:	80 e1       	ldi	r24, 0x10	; 16
    12e0:	0e 94 eb 00 	call	0x1d6	; 0x1d6 <digitalWrite>
/home/oggy/Documents/arduinoprojects/padright_v1.5.2/padright_v1.5.2.ino:728
  delay(400);
    12e4:	60 e9       	ldi	r22, 0x90	; 144
    12e6:	71 e0       	ldi	r23, 0x01	; 1
    12e8:	80 e0       	ldi	r24, 0x00	; 0
    12ea:	90 e0       	ldi	r25, 0x00	; 0
    12ec:	0e 94 85 01 	call	0x30a	; 0x30a <delay>
/home/oggy/Documents/arduinoprojects/padright_v1.5.2/padright_v1.5.2.ino:729
  digitalWrite(buzzer, LOW);
    12f0:	60 e0       	ldi	r22, 0x00	; 0
    12f2:	80 e1       	ldi	r24, 0x10	; 16
    12f4:	0c 94 eb 00 	jmp	0x1d6	; 0x1d6 <digitalWrite>

000012f8 <success(int)>:
success():
/home/oggy/Documents/arduinoprojects/padright_v1.5.2/padright_v1.5.2.ino:713
  for (int i = 0; i < maxRack; i++) {
    totalStock += rack[i].getQuantity();
  }
  return totalStock;
}
void success(int _time) {
    12f8:	cf 93       	push	r28
    12fa:	df 93       	push	r29
    12fc:	ec 01       	movw	r28, r24
/home/oggy/Documents/arduinoprojects/padright_v1.5.2/padright_v1.5.2.ino:714
  digitalWrite(buzzer, HIGH);
    12fe:	61 e0       	ldi	r22, 0x01	; 1
    1300:	80 e1       	ldi	r24, 0x10	; 16
    1302:	0e 94 eb 00 	call	0x1d6	; 0x1d6 <digitalWrite>
/home/oggy/Documents/arduinoprojects/padright_v1.5.2/padright_v1.5.2.ino:715
  delay(_time);
    1306:	be 01       	movw	r22, r28
    1308:	dd 0f       	add	r29, r29
    130a:	88 0b       	sbc	r24, r24
    130c:	99 0b       	sbc	r25, r25
    130e:	0e 94 85 01 	call	0x30a	; 0x30a <delay>
/home/oggy/Documents/arduinoprojects/padright_v1.5.2/padright_v1.5.2.ino:716
  digitalWrite(buzzer, LOW);
    1312:	60 e0       	ldi	r22, 0x00	; 0
    1314:	80 e1       	ldi	r24, 0x10	; 16
/home/oggy/Documents/arduinoprojects/padright_v1.5.2/padright_v1.5.2.ino:717
}
    1316:	df 91       	pop	r29
    1318:	cf 91       	pop	r28
/home/oggy/Documents/arduinoprojects/padright_v1.5.2/padright_v1.5.2.ino:716
  return totalStock;
}
void success(int _time) {
  digitalWrite(buzzer, HIGH);
  delay(_time);
  digitalWrite(buzzer, LOW);
    131a:	0c 94 eb 00 	jmp	0x1d6	; 0x1d6 <digitalWrite>

0000131e <getStock()>:
getStock():
/home/oggy/Documents/arduinoprojects/padright_v1.5.2/padright_v1.5.2.ino:708
  }
}

int getStock() {
  int totalStock = 0;
  for (int i = 0; i < maxRack; i++) {
    131e:	40 91 12 01 	lds	r20, 0x0112	; 0x800112 <maxRack>
    1322:	50 e0       	ldi	r21, 0x00	; 0
    1324:	ef ef       	ldi	r30, 0xFF	; 255
    1326:	f6 e0       	ldi	r31, 0x06	; 6
    1328:	30 e0       	ldi	r19, 0x00	; 0
    132a:	20 e0       	ldi	r18, 0x00	; 0
/home/oggy/Documents/arduinoprojects/padright_v1.5.2/padright_v1.5.2.ino:707
    rack[i].setQuantity(num);
  }
}

int getStock() {
  int totalStock = 0;
    132c:	90 e0       	ldi	r25, 0x00	; 0
    132e:	80 e0       	ldi	r24, 0x00	; 0
/home/oggy/Documents/arduinoprojects/padright_v1.5.2/padright_v1.5.2.ino:708
  for (int i = 0; i < maxRack; i++) {
    1330:	24 17       	cp	r18, r20
    1332:	35 07       	cpc	r19, r21
    1334:	44 f4       	brge	.+16     	; 0x1346 <getStock()+0x28>
/home/oggy/Documents/arduinoprojects/padright_v1.5.2/padright_v1.5.2.ino:709
    totalStock += rack[i].getQuantity();
    1336:	60 81       	ld	r22, Z
    1338:	71 81       	ldd	r23, Z+1	; 0x01
    133a:	86 0f       	add	r24, r22
    133c:	97 1f       	adc	r25, r23
/home/oggy/Documents/arduinoprojects/padright_v1.5.2/padright_v1.5.2.ino:708
  }
}

int getStock() {
  int totalStock = 0;
  for (int i = 0; i < maxRack; i++) {
    133e:	2f 5f       	subi	r18, 0xFF	; 255
    1340:	3f 4f       	sbci	r19, 0xFF	; 255
    1342:	34 96       	adiw	r30, 0x04	; 4
    1344:	f5 cf       	rjmp	.-22     	; 0x1330 <getStock()+0x12>
/home/oggy/Documents/arduinoprojects/padright_v1.5.2/padright_v1.5.2.ino:712
    totalStock += rack[i].getQuantity();
  }
  return totalStock;
}
    1346:	08 95       	ret

00001348 <fillAll(int)>:
fillAll():
/home/oggy/Documents/arduinoprojects/padright_v1.5.2/padright_v1.5.2.ino:701
    }
    writeToEPPROM('r');
  }
}
void fillAll(int num) {
  for (int i = 0; i < maxRack; i++) {
    1348:	40 91 12 01 	lds	r20, 0x0112	; 0x800112 <maxRack>
    134c:	50 e0       	ldi	r21, 0x00	; 0
    134e:	ef ef       	ldi	r30, 0xFF	; 255
    1350:	f6 e0       	ldi	r31, 0x06	; 6
    1352:	30 e0       	ldi	r19, 0x00	; 0
    1354:	20 e0       	ldi	r18, 0x00	; 0
    1356:	24 17       	cp	r18, r20
    1358:	35 07       	cpc	r19, r21
    135a:	34 f4       	brge	.+12     	; 0x1368 <fillAll(int)+0x20>
setQuantity():
/home/oggy/Documents/arduinoprojects/padright_v1.5.2/padrack.cpp:9
{
    return quantity;
}
void padrack::setQuantity(int number)
{
    quantity = number;
    135c:	91 83       	std	Z+1, r25	; 0x01
    135e:	80 83       	st	Z, r24
fillAll():
/home/oggy/Documents/arduinoprojects/padright_v1.5.2/padright_v1.5.2.ino:701
    1360:	2f 5f       	subi	r18, 0xFF	; 255
    1362:	3f 4f       	sbci	r19, 0xFF	; 255
    1364:	34 96       	adiw	r30, 0x04	; 4
    1366:	f7 cf       	rjmp	.-18     	; 0x1356 <fillAll(int)+0xe>
/home/oggy/Documents/arduinoprojects/padright_v1.5.2/padright_v1.5.2.ino:704
    rack[i].setQuantity(num);
  }
}
    1368:	08 95       	ret

0000136a <MFRC522::PCD_MIFARE_Transceive(unsigned char*, unsigned char, bool) [clone .part.4] [clone .constprop.39]>:
_ZN7MFRC52221PCD_MIFARE_TransceiveEPhhb.part.4():
/home/oggy/Arduino/libraries/MFRC522/src/MFRC522.cpp:1254
 * Wrapper for MIFARE protocol communication.
 * Adds CRC_A, executes the Transceive command and checks that the response is MF_ACK or a timeout.
 * 
 * @return STATUS_OK on success, STATUS_??? otherwise.
 */
MFRC522::StatusCode MFRC522::PCD_MIFARE_Transceive(	byte *sendData,		///< Pointer to the data to transfer to the FIFO. Do NOT include the CRC_A.
    136a:	8f 92       	push	r8
    136c:	af 92       	push	r10
    136e:	bf 92       	push	r11
    1370:	cf 92       	push	r12
    1372:	df 92       	push	r13
    1374:	ef 92       	push	r14
    1376:	ff 92       	push	r15
    1378:	0f 93       	push	r16
    137a:	cf 93       	push	r28
    137c:	df 93       	push	r29
    137e:	cd b7       	in	r28, 0x3d	; 61
    1380:	de b7       	in	r29, 0x3e	; 62
    1382:	64 97       	sbiw	r28, 0x14	; 20
    1384:	0f b6       	in	r0, 0x3f	; 63
    1386:	f8 94       	cli
    1388:	de bf       	out	0x3e, r29	; 62
    138a:	0f be       	out	0x3f, r0	; 63
    138c:	cd bf       	out	0x3d, r28	; 61
    138e:	06 2f       	mov	r16, r22
/home/oggy/Arduino/libraries/MFRC522/src/MFRC522.cpp:1267
	if (sendData == nullptr || sendLen > 16) {
		return STATUS_INVALID;
	}
	
	// Copy sendData[] to cmdBuffer[] and add CRC_A
	memcpy(cmdBuffer, sendData, sendLen);
    1390:	e6 2e       	mov	r14, r22
    1392:	f1 2c       	mov	r15, r1
    1394:	a7 01       	movw	r20, r14
    1396:	bc 01       	movw	r22, r24
    1398:	ce 01       	movw	r24, r28
    139a:	01 96       	adiw	r24, 0x01	; 1
    139c:	0e 94 14 25 	call	0x4a28	; 0x4a28 <memcpy>
/home/oggy/Arduino/libraries/MFRC522/src/MFRC522.cpp:1268
	result = PCD_CalculateCRC(cmdBuffer, sendLen, &cmdBuffer[sendLen]);
    13a0:	21 e0       	ldi	r18, 0x01	; 1
    13a2:	30 e0       	ldi	r19, 0x00	; 0
    13a4:	2c 0f       	add	r18, r28
    13a6:	3d 1f       	adc	r19, r29
    13a8:	2e 0d       	add	r18, r14
    13aa:	3f 1d       	adc	r19, r15
    13ac:	40 2f       	mov	r20, r16
    13ae:	be 01       	movw	r22, r28
    13b0:	6f 5f       	subi	r22, 0xFF	; 255
    13b2:	7f 4f       	sbci	r23, 0xFF	; 255
    13b4:	8f e2       	ldi	r24, 0x2F	; 47
    13b6:	97 e0       	ldi	r25, 0x07	; 7
    13b8:	0e 94 c7 04 	call	0x98e	; 0x98e <MFRC522::PCD_CalculateCRC(unsigned char*, unsigned char, unsigned char*)>
/home/oggy/Arduino/libraries/MFRC522/src/MFRC522.cpp:1269
	if (result != STATUS_OK) { 
    13bc:	81 11       	cpse	r24, r1
    13be:	23 c0       	rjmp	.+70     	; 0x1406 <MFRC522::PCD_MIFARE_Transceive(unsigned char*, unsigned char, bool) [clone .part.4] [clone .constprop.39]+0x9c>
/home/oggy/Arduino/libraries/MFRC522/src/MFRC522.cpp:1276
	}
	sendLen += 2;
	
	// Transceive the data, store the reply in cmdBuffer[]
	byte waitIRq = 0x30;		// RxIRq and IdleIRq
	byte cmdBufferSize = sizeof(cmdBuffer);
    13c0:	82 e1       	ldi	r24, 0x12	; 18
    13c2:	8c 8b       	std	Y+20, r24	; 0x14
/home/oggy/Arduino/libraries/MFRC522/src/MFRC522.cpp:1277
	byte validBits = 0;
    13c4:	1b 8a       	std	Y+19, r1	; 0x13
/home/oggy/Arduino/libraries/MFRC522/src/MFRC522.cpp:1272
	memcpy(cmdBuffer, sendData, sendLen);
	result = PCD_CalculateCRC(cmdBuffer, sendLen, &cmdBuffer[sendLen]);
	if (result != STATUS_OK) { 
		return result;
	}
	sendLen += 2;
    13c6:	0e 5f       	subi	r16, 0xFE	; 254
/home/oggy/Arduino/libraries/MFRC522/src/MFRC522.cpp:1278
	
	// Transceive the data, store the reply in cmdBuffer[]
	byte waitIRq = 0x30;		// RxIRq and IdleIRq
	byte cmdBufferSize = sizeof(cmdBuffer);
	byte validBits = 0;
	result = PCD_CommunicateWithPICC(PCD_Transceive, waitIRq, cmdBuffer, sendLen, cmdBuffer, &cmdBufferSize, &validBits);
    13c8:	1f 92       	push	r1
    13ca:	81 2c       	mov	r8, r1
    13cc:	ce 01       	movw	r24, r28
    13ce:	43 96       	adiw	r24, 0x13	; 19
    13d0:	5c 01       	movw	r10, r24
    13d2:	01 96       	adiw	r24, 0x01	; 1
    13d4:	6c 01       	movw	r12, r24
    13d6:	43 97       	sbiw	r24, 0x13	; 19
    13d8:	7c 01       	movw	r14, r24
    13da:	9c 01       	movw	r18, r24
    13dc:	40 e3       	ldi	r20, 0x30	; 48
    13de:	6c e0       	ldi	r22, 0x0C	; 12
    13e0:	8f e2       	ldi	r24, 0x2F	; 47
    13e2:	97 e0       	ldi	r25, 0x07	; 7
    13e4:	0e 94 1e 05 	call	0xa3c	; 0xa3c <MFRC522::PCD_CommunicateWithPICC(unsigned char, unsigned char, unsigned char*, unsigned char, unsigned char*, unsigned char*, unsigned char*, unsigned char, bool)>
/home/oggy/Arduino/libraries/MFRC522/src/MFRC522.cpp:1282
	if (acceptTimeout && result == STATUS_TIMEOUT) {
		return STATUS_OK;
	}
	if (result != STATUS_OK) {
    13e8:	0f 90       	pop	r0
    13ea:	81 11       	cpse	r24, r1
    13ec:	0c c0       	rjmp	.+24     	; 0x1406 <MFRC522::PCD_MIFARE_Transceive(unsigned char*, unsigned char, bool) [clone .part.4] [clone .constprop.39]+0x9c>
/home/oggy/Arduino/libraries/MFRC522/src/MFRC522.cpp:1286
		return result;
	}
	// The PICC must reply with a 4 bit ACK
	if (cmdBufferSize != 1 || validBits != 4) {
    13ee:	8c 89       	ldd	r24, Y+20	; 0x14
    13f0:	81 30       	cpi	r24, 0x01	; 1
    13f2:	d1 f4       	brne	.+52     	; 0x1428 <MFRC522::PCD_MIFARE_Transceive(unsigned char*, unsigned char, bool) [clone .part.4] [clone .constprop.39]+0xbe>
    13f4:	8b 89       	ldd	r24, Y+19	; 0x13
    13f6:	84 30       	cpi	r24, 0x04	; 4
    13f8:	b9 f4       	brne	.+46     	; 0x1428 <MFRC522::PCD_MIFARE_Transceive(unsigned char*, unsigned char, bool) [clone .part.4] [clone .constprop.39]+0xbe>
/home/oggy/Arduino/libraries/MFRC522/src/MFRC522.cpp:1289
		return STATUS_ERROR;
	}
	if (cmdBuffer[0] != MF_ACK) {
    13fa:	81 e0       	ldi	r24, 0x01	; 1
    13fc:	99 81       	ldd	r25, Y+1	; 0x01
    13fe:	9a 30       	cpi	r25, 0x0A	; 10
    1400:	09 f4       	brne	.+2      	; 0x1404 <MFRC522::PCD_MIFARE_Transceive(unsigned char*, unsigned char, bool) [clone .part.4] [clone .constprop.39]+0x9a>
    1402:	80 e0       	ldi	r24, 0x00	; 0
    1404:	81 95       	neg	r24
/home/oggy/Arduino/libraries/MFRC522/src/MFRC522.cpp:1293
		return STATUS_MIFARE_NACK;
	}
	return STATUS_OK;
} // End PCD_MIFARE_Transceive()
    1406:	64 96       	adiw	r28, 0x14	; 20
    1408:	0f b6       	in	r0, 0x3f	; 63
    140a:	f8 94       	cli
    140c:	de bf       	out	0x3e, r29	; 62
    140e:	0f be       	out	0x3f, r0	; 63
    1410:	cd bf       	out	0x3d, r28	; 61
    1412:	df 91       	pop	r29
    1414:	cf 91       	pop	r28
    1416:	0f 91       	pop	r16
    1418:	ff 90       	pop	r15
    141a:	ef 90       	pop	r14
    141c:	df 90       	pop	r13
    141e:	cf 90       	pop	r12
    1420:	bf 90       	pop	r11
    1422:	af 90       	pop	r10
    1424:	8f 90       	pop	r8
    1426:	08 95       	ret
/home/oggy/Arduino/libraries/MFRC522/src/MFRC522.cpp:1287
	if (result != STATUS_OK) {
		return result;
	}
	// The PICC must reply with a 4 bit ACK
	if (cmdBufferSize != 1 || validBits != 4) {
		return STATUS_ERROR;
    1428:	81 e0       	ldi	r24, 0x01	; 1
    142a:	ed cf       	rjmp	.-38     	; 0x1406 <MFRC522::PCD_MIFARE_Transceive(unsigned char*, unsigned char, bool) [clone .part.4] [clone .constprop.39]+0x9c>

0000142c <writeCard(unsigned char*) [clone .constprop.13]>:
writeCard():
/home/oggy/Documents/arduinoprojects/padright_v1.5.2/rfid.ino:214
bool writeCard(byte writeByte[])
    142c:	cf 93       	push	r28
    142e:	df 93       	push	r29
    1430:	00 d0       	rcall	.+0      	; 0x1432 <writeCard(unsigned char*) [clone .constprop.13]+0x6>
    1432:	cd b7       	in	r28, 0x3d	; 61
    1434:	de b7       	in	r29, 0x3e	; 62
auth_B():
/home/oggy/Documents/arduinoprojects/padright_v1.5.2/rfid.ino:251
  }
  return true;
}
bool auth_B()
{
  rfidstatus = (MFRC522::StatusCode)mfrc522.PCD_Authenticate(MFRC522::PICC_CMD_MF_AUTH_KEY_B, authAddr, &key, &(mfrc522.uid));
    1436:	63 e0       	ldi	r22, 0x03	; 3
    1438:	81 e6       	ldi	r24, 0x61	; 97
    143a:	0e 94 3d 06 	call	0xc7a	; 0xc7a <MFRC522::PCD_Authenticate(unsigned char, unsigned char, MFRC522::MIFARE_Key*, MFRC522::Uid*) [clone .constprop.16]>
/home/oggy/Documents/arduinoprojects/padright_v1.5.2/rfid.ino:252
  if (rfidstatus != MFRC522::STATUS_OK)
    143e:	81 11       	cpse	r24, r1
    1440:	12 c0       	rjmp	.+36     	; 0x1466 <writeCard(unsigned char*) [clone .constprop.13]+0x3a>
MIFARE_Write():
/home/oggy/Arduino/libraries/MFRC522/src/MFRC522.cpp:1001
	}
	
	// Mifare Classic protocol requires two communications to perform a write.
	// Step 1: Tell the PICC we want to write to block blockAddr.
	byte cmdBuffer[2];
	cmdBuffer[0] = PICC_CMD_MF_WRITE;
    1442:	80 ea       	ldi	r24, 0xA0	; 160
    1444:	89 83       	std	Y+1, r24	; 0x01
/home/oggy/Arduino/libraries/MFRC522/src/MFRC522.cpp:1002
	cmdBuffer[1] = blockAddr;
    1446:	82 e0       	ldi	r24, 0x02	; 2
    1448:	8a 83       	std	Y+2, r24	; 0x02
PCD_MIFARE_Transceive():
    144a:	62 e0       	ldi	r22, 0x02	; 2
    144c:	ce 01       	movw	r24, r28
    144e:	01 96       	adiw	r24, 0x01	; 1
    1450:	0e 94 b5 09 	call	0x136a	; 0x136a <MFRC522::PCD_MIFARE_Transceive(unsigned char*, unsigned char, bool) [clone .part.4] [clone .constprop.39]>
MIFARE_Write():
/home/oggy/Arduino/libraries/MFRC522/src/MFRC522.cpp:1004
	result = PCD_MIFARE_Transceive(cmdBuffer, 2); // Adds CRC_A and checks that the response is MF_ACK.
	if (result != STATUS_OK) {
    1454:	81 11       	cpse	r24, r1
    1456:	0d c0       	rjmp	.+26     	; 0x1472 <writeCard(unsigned char*) [clone .constprop.13]+0x46>
PCD_MIFARE_Transceive():
    1458:	60 e1       	ldi	r22, 0x10	; 16
    145a:	8c e4       	ldi	r24, 0x4C	; 76
    145c:	96 e0       	ldi	r25, 0x06	; 6
    145e:	0e 94 b5 09 	call	0x136a	; 0x136a <MFRC522::PCD_MIFARE_Transceive(unsigned char*, unsigned char, bool) [clone .part.4] [clone .constprop.39]>
MIFARE_Write():
/home/oggy/Arduino/libraries/MFRC522/src/MFRC522.cpp:1010
		return result;
	}
	
	// Step 2: Transfer the data
	result = PCD_MIFARE_Transceive(buffer, bufferSize); // Adds CRC_A and checks that the response is MF_ACK.
	if (result != STATUS_OK) {
    1462:	81 11       	cpse	r24, r1
    1464:	06 c0       	rjmp	.+12     	; 0x1472 <writeCard(unsigned char*) [clone .constprop.13]+0x46>
writeCard():
/home/oggy/Documents/arduinoprojects/padright_v1.5.2/rfid.ino:224
    if (rfidstatus != MFRC522::STATUS_OK)
    {
      return false;
    }
  }
  return true;
    1466:	81 e0       	ldi	r24, 0x01	; 1
/home/oggy/Documents/arduinoprojects/padright_v1.5.2/rfid.ino:225
}
    1468:	0f 90       	pop	r0
    146a:	0f 90       	pop	r0
    146c:	df 91       	pop	r29
    146e:	cf 91       	pop	r28
    1470:	08 95       	ret
/home/oggy/Documents/arduinoprojects/padright_v1.5.2/rfid.ino:221
  if (auth_B())
  {
    rfidstatus = (MFRC522::StatusCode)mfrc522.MIFARE_Write(blockAddr, writeByte, 16);
    if (rfidstatus != MFRC522::STATUS_OK)
    {
      return false;
    1472:	80 e0       	ldi	r24, 0x00	; 0
    1474:	f9 cf       	rjmp	.-14     	; 0x1468 <writeCard(unsigned char*) [clone .constprop.13]+0x3c>

00001476 <Print::write(char const*) [clone .part.2]>:
_ZN5Print5writeEPKc.part.2():
/home/oggy/.arduino15/packages/MiniCore/hardware/avr/3.1.2/cores/MCUdude_corefiles/Print.h:54
    void clearWriteError() { setWriteError(0); }

    virtual size_t write(uint8_t) = 0;
    size_t write(const char *str) {
      if (str == NULL) return 0;
      return write((const uint8_t *)str, strlen(str));
    1476:	fb 01       	movw	r30, r22
    1478:	01 90       	ld	r0, Z+
    147a:	00 20       	and	r0, r0
    147c:	e9 f7       	brne	.-6      	; 0x1478 <Print::write(char const*) [clone .part.2]+0x2>
    147e:	31 97       	sbiw	r30, 0x01	; 1
    1480:	af 01       	movw	r20, r30
    1482:	46 1b       	sub	r20, r22
    1484:	57 0b       	sbc	r21, r23
    1486:	dc 01       	movw	r26, r24
    1488:	ed 91       	ld	r30, X+
    148a:	fc 91       	ld	r31, X
    148c:	02 80       	ldd	r0, Z+2	; 0x02
    148e:	f3 81       	ldd	r31, Z+3	; 0x03
    1490:	e0 2d       	mov	r30, r0
    1492:	09 94       	ijmp

00001494 <Print::printNumber(unsigned long, unsigned char)>:
printNumber():
/home/oggy/.arduino15/packages/MiniCore/hardware/avr/3.1.2/cores/MCUdude_corefiles/Print.cpp:233
}

// Private Methods /////////////////////////////////////////////////////////////

size_t Print::printNumber(unsigned long n, uint8_t base)
{
    1494:	8f 92       	push	r8
    1496:	9f 92       	push	r9
    1498:	af 92       	push	r10
    149a:	bf 92       	push	r11
    149c:	ef 92       	push	r14
    149e:	ff 92       	push	r15
    14a0:	0f 93       	push	r16
    14a2:	1f 93       	push	r17
    14a4:	cf 93       	push	r28
    14a6:	df 93       	push	r29
    14a8:	cd b7       	in	r28, 0x3d	; 61
    14aa:	de b7       	in	r29, 0x3e	; 62
    14ac:	a1 97       	sbiw	r28, 0x21	; 33
    14ae:	0f b6       	in	r0, 0x3f	; 63
    14b0:	f8 94       	cli
    14b2:	de bf       	out	0x3e, r29	; 62
    14b4:	0f be       	out	0x3f, r0	; 63
    14b6:	cd bf       	out	0x3d, r28	; 61
    14b8:	7c 01       	movw	r14, r24
    14ba:	fa 01       	movw	r30, r20
    14bc:	cb 01       	movw	r24, r22
/home/oggy/.arduino15/packages/MiniCore/hardware/avr/3.1.2/cores/MCUdude_corefiles/Print.cpp:237
  char buf[8 * sizeof(long) + 1]; // Assumes 8-bit chars plus zero byte.
  char *str = &buf[sizeof(buf) - 1];

  *str = '\0';
    14be:	19 a2       	std	Y+33, r1	; 0x21
/home/oggy/.arduino15/packages/MiniCore/hardware/avr/3.1.2/cores/MCUdude_corefiles/Print.cpp:240

  // prevent crash if called with base == 1
  if (base < 2) base = 10;
    14c0:	22 30       	cpi	r18, 0x02	; 2
    14c2:	08 f4       	brcc	.+2      	; 0x14c6 <Print::printNumber(unsigned long, unsigned char)+0x32>
    14c4:	2a e0       	ldi	r18, 0x0A	; 10
    14c6:	8e 01       	movw	r16, r28
    14c8:	0f 5d       	subi	r16, 0xDF	; 223
    14ca:	1f 4f       	sbci	r17, 0xFF	; 255
/home/oggy/.arduino15/packages/MiniCore/hardware/avr/3.1.2/cores/MCUdude_corefiles/Print.cpp:243

  do {
    char c = n % base;
    14cc:	82 2e       	mov	r8, r18
    14ce:	91 2c       	mov	r9, r1
    14d0:	b1 2c       	mov	r11, r1
    14d2:	a1 2c       	mov	r10, r1
    14d4:	bf 01       	movw	r22, r30
    14d6:	a5 01       	movw	r20, r10
    14d8:	94 01       	movw	r18, r8
    14da:	0e 94 f6 22 	call	0x45ec	; 0x45ec <__udivmodsi4>
/home/oggy/.arduino15/packages/MiniCore/hardware/avr/3.1.2/cores/MCUdude_corefiles/Print.cpp:244
    n /= base;
    14de:	f9 01       	movw	r30, r18
    14e0:	ca 01       	movw	r24, r20
/home/oggy/.arduino15/packages/MiniCore/hardware/avr/3.1.2/cores/MCUdude_corefiles/Print.cpp:246

    *--str = c < 10 ? c + '0' : c + 'A' - 10;
    14e2:	6a 30       	cpi	r22, 0x0A	; 10
    14e4:	0c f5       	brge	.+66     	; 0x1528 <Print::printNumber(unsigned long, unsigned char)+0x94>
    14e6:	60 5d       	subi	r22, 0xD0	; 208
    14e8:	d8 01       	movw	r26, r16
    14ea:	6e 93       	st	-X, r22
    14ec:	8d 01       	movw	r16, r26
/home/oggy/.arduino15/packages/MiniCore/hardware/avr/3.1.2/cores/MCUdude_corefiles/Print.cpp:247
  } while(n);
    14ee:	23 2b       	or	r18, r19
    14f0:	24 2b       	or	r18, r20
    14f2:	25 2b       	or	r18, r21
    14f4:	79 f7       	brne	.-34     	; 0x14d4 <Print::printNumber(unsigned long, unsigned char)+0x40>
/home/oggy/.arduino15/packages/MiniCore/hardware/avr/3.1.2/cores/MCUdude_corefiles/Print.h:53
    int getWriteError() { return write_error; }
    void clearWriteError() { setWriteError(0); }

    virtual size_t write(uint8_t) = 0;
    size_t write(const char *str) {
      if (str == NULL) return 0;
    14f6:	90 e0       	ldi	r25, 0x00	; 0
    14f8:	80 e0       	ldi	r24, 0x00	; 0
write():
    14fa:	10 97       	sbiw	r26, 0x00	; 0
    14fc:	21 f0       	breq	.+8      	; 0x1506 <Print::printNumber(unsigned long, unsigned char)+0x72>
    14fe:	bd 01       	movw	r22, r26
    1500:	c7 01       	movw	r24, r14
    1502:	0e 94 3b 0a 	call	0x1476	; 0x1476 <Print::write(char const*) [clone .part.2]>
printNumber():
/home/oggy/.arduino15/packages/MiniCore/hardware/avr/3.1.2/cores/MCUdude_corefiles/Print.cpp:250

  return write(str);
}
    1506:	a1 96       	adiw	r28, 0x21	; 33
    1508:	0f b6       	in	r0, 0x3f	; 63
    150a:	f8 94       	cli
    150c:	de bf       	out	0x3e, r29	; 62
    150e:	0f be       	out	0x3f, r0	; 63
    1510:	cd bf       	out	0x3d, r28	; 61
    1512:	df 91       	pop	r29
    1514:	cf 91       	pop	r28
    1516:	1f 91       	pop	r17
    1518:	0f 91       	pop	r16
    151a:	ff 90       	pop	r15
    151c:	ef 90       	pop	r14
    151e:	bf 90       	pop	r11
    1520:	af 90       	pop	r10
    1522:	9f 90       	pop	r9
    1524:	8f 90       	pop	r8
    1526:	08 95       	ret
/home/oggy/.arduino15/packages/MiniCore/hardware/avr/3.1.2/cores/MCUdude_corefiles/Print.cpp:246

  do {
    char c = n % base;
    n /= base;

    *--str = c < 10 ? c + '0' : c + 'A' - 10;
    1528:	69 5c       	subi	r22, 0xC9	; 201
    152a:	de cf       	rjmp	.-68     	; 0x14e8 <Print::printNumber(unsigned long, unsigned char)+0x54>

0000152c <Print::print(int, int) [clone .constprop.29]>:
print():
/home/oggy/.arduino15/packages/MiniCore/hardware/avr/3.1.2/cores/MCUdude_corefiles/Print.cpp:77
size_t Print::print(unsigned char b, int base)
{
  return print((unsigned long) b, base);
}

size_t Print::print(int n, int base)
    152c:	cf 92       	push	r12
    152e:	df 92       	push	r13
    1530:	ef 92       	push	r14
    1532:	ff 92       	push	r15
/home/oggy/.arduino15/packages/MiniCore/hardware/avr/3.1.2/cores/MCUdude_corefiles/Print.cpp:79
{
  return print((long) n, base);
    1534:	6c 01       	movw	r12, r24
    1536:	99 0f       	add	r25, r25
    1538:	ee 08       	sbc	r14, r14
    153a:	ff 08       	sbc	r15, r15
/home/oggy/.arduino15/packages/MiniCore/hardware/avr/3.1.2/cores/MCUdude_corefiles/Print.cpp:92
size_t Print::print(long n, int base)
{
  if (base == 0) {
    return write(n);
  } else if (base == 10) {
    if (n < 0) {
    153c:	f7 fe       	sbrs	r15, 7
    153e:	18 c0       	rjmp	.+48     	; 0x1570 <Print::print(int, int) [clone .constprop.29]+0x44>
write():
/home/oggy/Arduino/libraries/LiquidCrystal/src/LiquidCrystal.cpp:280
inline void LiquidCrystal::command(uint8_t value) {
  send(value, LOW);
}

inline size_t LiquidCrystal::write(uint8_t value) {
  send(value, HIGH);
    1540:	41 e0       	ldi	r20, 0x01	; 1
    1542:	6d e2       	ldi	r22, 0x2D	; 45
    1544:	87 e1       	ldi	r24, 0x17	; 23
    1546:	97 e0       	ldi	r25, 0x07	; 7
    1548:	0e 94 2a 03 	call	0x654	; 0x654 <LiquidCrystal::send(unsigned char, unsigned char)>
print():
/home/oggy/.arduino15/packages/MiniCore/hardware/avr/3.1.2/cores/MCUdude_corefiles/Print.cpp:94
      int t = print('-');
      n = -n;
    154c:	44 27       	eor	r20, r20
    154e:	55 27       	eor	r21, r21
    1550:	ba 01       	movw	r22, r20
    1552:	4c 19       	sub	r20, r12
    1554:	5d 09       	sbc	r21, r13
    1556:	6e 09       	sbc	r22, r14
    1558:	7f 09       	sbc	r23, r15
/home/oggy/.arduino15/packages/MiniCore/hardware/avr/3.1.2/cores/MCUdude_corefiles/Print.cpp:95
      return printNumber(n, 10) + t;
    155a:	2a e0       	ldi	r18, 0x0A	; 10
    155c:	87 e1       	ldi	r24, 0x17	; 23
    155e:	97 e0       	ldi	r25, 0x07	; 7
    1560:	0e 94 4a 0a 	call	0x1494	; 0x1494 <Print::printNumber(unsigned long, unsigned char)>
    1564:	01 96       	adiw	r24, 0x01	; 1
/home/oggy/.arduino15/packages/MiniCore/hardware/avr/3.1.2/cores/MCUdude_corefiles/Print.cpp:80
}

size_t Print::print(int n, int base)
{
  return print((long) n, base);
}
    1566:	ff 90       	pop	r15
    1568:	ef 90       	pop	r14
    156a:	df 90       	pop	r13
    156c:	cf 90       	pop	r12
    156e:	08 95       	ret
/home/oggy/.arduino15/packages/MiniCore/hardware/avr/3.1.2/cores/MCUdude_corefiles/Print.cpp:97
    if (n < 0) {
      int t = print('-');
      n = -n;
      return printNumber(n, 10) + t;
    }
    return printNumber(n, 10);
    1570:	2a e0       	ldi	r18, 0x0A	; 10
    1572:	b7 01       	movw	r22, r14
    1574:	a6 01       	movw	r20, r12
    1576:	87 e1       	ldi	r24, 0x17	; 23
    1578:	97 e0       	ldi	r25, 0x07	; 7
/home/oggy/.arduino15/packages/MiniCore/hardware/avr/3.1.2/cores/MCUdude_corefiles/Print.cpp:80
}

size_t Print::print(int n, int base)
{
  return print((long) n, base);
}
    157a:	ff 90       	pop	r15
    157c:	ef 90       	pop	r14
    157e:	df 90       	pop	r13
    1580:	cf 90       	pop	r12
/home/oggy/.arduino15/packages/MiniCore/hardware/avr/3.1.2/cores/MCUdude_corefiles/Print.cpp:97
    if (n < 0) {
      int t = print('-');
      n = -n;
      return printNumber(n, 10) + t;
    }
    return printNumber(n, 10);
    1582:	0c 94 4a 0a 	jmp	0x1494	; 0x1494 <Print::printNumber(unsigned long, unsigned char)>

00001586 <Print::print(char const*) [clone .constprop.45]>:
write():
/home/oggy/.arduino15/packages/MiniCore/hardware/avr/3.1.2/cores/MCUdude_corefiles/Print.cpp:62
size_t Print::print(const String &s)
{
  return write(s.c_str(), s.length());
}

size_t Print::print(const char str[])
    1586:	bc 01       	movw	r22, r24
    1588:	87 e1       	ldi	r24, 0x17	; 23
    158a:	97 e0       	ldi	r25, 0x07	; 7
    158c:	0c 94 3b 0a 	jmp	0x1476	; 0x1476 <Print::write(char const*) [clone .part.2]>

00001590 <homePage() [clone .part.3]>:
_Z8homePagev.part.3():
/home/oggy/Documents/arduinoprojects/padright_v1.5.2/lcd.ino:18
  delay(2000);
  homePage();
}
void homePage() {
  if (changeDone == true) {
    lcd.clear();
    1590:	0e 94 83 03 	call	0x706	; 0x706 <LiquidCrystal::clear() [clone .constprop.51]>
/home/oggy/Documents/arduinoprojects/padright_v1.5.2/lcd.ino:19
    lcd.setCursor(0, 0);
    1594:	60 e0       	ldi	r22, 0x00	; 0
    1596:	80 e0       	ldi	r24, 0x00	; 0
    1598:	0e 94 2c 04 	call	0x858	; 0x858 <LiquidCrystal::setCursor(unsigned char, unsigned char) [clone .constprop.28]>
/home/oggy/Documents/arduinoprojects/padright_v1.5.2/lcd.ino:20
    if (mType == RFID_MACHINE)
    159c:	80 91 42 06 	lds	r24, 0x0642	; 0x800642 <mType>
    15a0:	81 11       	cpse	r24, r1
    15a2:	13 c0       	rjmp	.+38     	; 0x15ca <homePage() [clone .part.3]+0x3a>
/home/oggy/Documents/arduinoprojects/padright_v1.5.2/lcd.ino:21
      lcd.print("SCAN CARD HERE");
    15a4:	89 e5       	ldi	r24, 0x59	; 89
    15a6:	91 e0       	ldi	r25, 0x01	; 1
/home/oggy/Documents/arduinoprojects/padright_v1.5.2/lcd.ino:23
    else if (mType == CASH_MACHINE)
      lcd.print("  INSERT CASH");
    15a8:	0e 94 c3 0a 	call	0x1586	; 0x1586 <Print::print(char const*) [clone .constprop.45]>
/home/oggy/Documents/arduinoprojects/padright_v1.5.2/lcd.ino:24
    lcd.setCursor(0, 1);
    15ac:	61 e0       	ldi	r22, 0x01	; 1
    15ae:	80 e0       	ldi	r24, 0x00	; 0
    15b0:	0e 94 2c 04 	call	0x858	; 0x858 <LiquidCrystal::setCursor(unsigned char, unsigned char) [clone .constprop.28]>
/home/oggy/Documents/arduinoprojects/padright_v1.5.2/lcd.ino:25
    lcd.print("N0 OF STOCKS:");
    15b4:	86 e7       	ldi	r24, 0x76	; 118
    15b6:	91 e0       	ldi	r25, 0x01	; 1
    15b8:	0e 94 c3 0a 	call	0x1586	; 0x1586 <Print::print(char const*) [clone .constprop.45]>
/home/oggy/Documents/arduinoprojects/padright_v1.5.2/lcd.ino:26
    lcd.print(getStock());
    15bc:	0e 94 8f 09 	call	0x131e	; 0x131e <getStock()>
    15c0:	0e 94 96 0a 	call	0x152c	; 0x152c <Print::print(int, int) [clone .constprop.29]>
/home/oggy/Documents/arduinoprojects/padright_v1.5.2/lcd.ino:27
    changeDone = false;
    15c4:	10 92 13 01 	sts	0x0113, r1	; 0x800113 <changeDone>
/home/oggy/Documents/arduinoprojects/padright_v1.5.2/lcd.ino:29
  }
}
    15c8:	08 95       	ret
/home/oggy/Documents/arduinoprojects/padright_v1.5.2/lcd.ino:22
  if (changeDone == true) {
    lcd.clear();
    lcd.setCursor(0, 0);
    if (mType == RFID_MACHINE)
      lcd.print("SCAN CARD HERE");
    else if (mType == CASH_MACHINE)
    15ca:	81 30       	cpi	r24, 0x01	; 1
    15cc:	79 f7       	brne	.-34     	; 0x15ac <homePage() [clone .part.3]+0x1c>
/home/oggy/Documents/arduinoprojects/padright_v1.5.2/lcd.ino:23
      lcd.print("  INSERT CASH");
    15ce:	88 e6       	ldi	r24, 0x68	; 104
    15d0:	91 e0       	ldi	r25, 0x01	; 1
    15d2:	ea cf       	rjmp	.-44     	; 0x15a8 <homePage() [clone .part.3]+0x18>

000015d4 <fillMenu()>:
fillMenu():
/home/oggy/Documents/arduinoprojects/padright_v1.5.2/lcd.ino:236
  lcd.setCursor(0, 1);
  lcd.print(maxRack);
}

void fillMenu() {
  lcd.clear();
    15d4:	0e 94 83 03 	call	0x706	; 0x706 <LiquidCrystal::clear() [clone .constprop.51]>
/home/oggy/Documents/arduinoprojects/padright_v1.5.2/lcd.ino:237
  lcd.setCursor(0, 0);
    15d8:	60 e0       	ldi	r22, 0x00	; 0
    15da:	80 e0       	ldi	r24, 0x00	; 0
    15dc:	0e 94 2c 04 	call	0x858	; 0x858 <LiquidCrystal::setCursor(unsigned char, unsigned char) [clone .constprop.28]>
/home/oggy/Documents/arduinoprojects/padright_v1.5.2/lcd.ino:238
  lcd.print("Enter capacity");
    15e0:	84 e8       	ldi	r24, 0x84	; 132
    15e2:	91 e0       	ldi	r25, 0x01	; 1
    15e4:	0e 94 c3 0a 	call	0x1586	; 0x1586 <Print::print(char const*) [clone .constprop.45]>
/home/oggy/Documents/arduinoprojects/padright_v1.5.2/lcd.ino:239
  lcd.setCursor(0, 1);
    15e8:	61 e0       	ldi	r22, 0x01	; 1
    15ea:	80 e0       	ldi	r24, 0x00	; 0
    15ec:	0e 94 2c 04 	call	0x858	; 0x858 <LiquidCrystal::setCursor(unsigned char, unsigned char) [clone .constprop.28]>
/home/oggy/Documents/arduinoprojects/padright_v1.5.2/lcd.ino:240
  lcd.print("of one Rack:");
    15f0:	83 e9       	ldi	r24, 0x93	; 147
    15f2:	91 e0       	ldi	r25, 0x01	; 1
    15f4:	0e 94 c3 0a 	call	0x1586	; 0x1586 <Print::print(char const*) [clone .constprop.45]>
/home/oggy/Documents/arduinoprojects/padright_v1.5.2/lcd.ino:241
  lcd.print(maxRackCapacity);
    15f8:	80 91 0e 01 	lds	r24, 0x010E	; 0x80010e <maxRackCapacity>
    15fc:	90 91 0f 01 	lds	r25, 0x010F	; 0x80010f <maxRackCapacity+0x1>
    1600:	0c 94 96 0a 	jmp	0x152c	; 0x152c <Print::print(int, int) [clone .constprop.29]>

00001604 <_maxRack()>:
_maxRack():
/home/oggy/Documents/arduinoprojects/padright_v1.5.2/lcd.ino:228
  lcd.setCursor(0, 1);
  // enter number
  lcd.print(rack[num].getQuantity());
}
void _maxRack() {
  lcd.clear();
    1604:	0e 94 83 03 	call	0x706	; 0x706 <LiquidCrystal::clear() [clone .constprop.51]>
/home/oggy/Documents/arduinoprojects/padright_v1.5.2/lcd.ino:229
  lcd.setCursor(0, 0);
    1608:	60 e0       	ldi	r22, 0x00	; 0
    160a:	80 e0       	ldi	r24, 0x00	; 0
    160c:	0e 94 2c 04 	call	0x858	; 0x858 <LiquidCrystal::setCursor(unsigned char, unsigned char) [clone .constprop.28]>
/home/oggy/Documents/arduinoprojects/padright_v1.5.2/lcd.ino:230
  lcd.print("Enter Total Rack");
    1610:	80 ea       	ldi	r24, 0xA0	; 160
    1612:	91 e0       	ldi	r25, 0x01	; 1
    1614:	0e 94 c3 0a 	call	0x1586	; 0x1586 <Print::print(char const*) [clone .constprop.45]>
/home/oggy/Documents/arduinoprojects/padright_v1.5.2/lcd.ino:231
  lcd.setCursor(0, 1);
    1618:	61 e0       	ldi	r22, 0x01	; 1
    161a:	80 e0       	ldi	r24, 0x00	; 0
    161c:	0e 94 2c 04 	call	0x858	; 0x858 <LiquidCrystal::setCursor(unsigned char, unsigned char) [clone .constprop.28]>
print():
/home/oggy/.arduino15/packages/MiniCore/hardware/avr/3.1.2/cores/MCUdude_corefiles/Print.cpp:74
  return write(c);
}

size_t Print::print(unsigned char b, int base)
{
  return print((unsigned long) b, base);
    1620:	40 91 12 01 	lds	r20, 0x0112	; 0x800112 <maxRack>
    1624:	50 e0       	ldi	r21, 0x00	; 0
    1626:	70 e0       	ldi	r23, 0x00	; 0
    1628:	60 e0       	ldi	r22, 0x00	; 0
/home/oggy/.arduino15/packages/MiniCore/hardware/avr/3.1.2/cores/MCUdude_corefiles/Print.cpp:106
}

size_t Print::print(unsigned long n, int base)
{
  if (base == 0) return write(n);
  else return printNumber(n, base);
    162a:	2a e0       	ldi	r18, 0x0A	; 10
    162c:	87 e1       	ldi	r24, 0x17	; 23
    162e:	97 e0       	ldi	r25, 0x07	; 7
    1630:	0c 94 4a 0a 	jmp	0x1494	; 0x1494 <Print::printNumber(unsigned long, unsigned char)>

00001634 <pulseLimit()>:
pulseLimit():
/home/oggy/Documents/arduinoprojects/padright_v1.5.2/lcd.ino:206
  // enter number
  lcd.print(CASH_PER_PAD);
  lcd.print(" Rupees");
}
void pulseLimit() {
  lcd.clear();
    1634:	0e 94 83 03 	call	0x706	; 0x706 <LiquidCrystal::clear() [clone .constprop.51]>
/home/oggy/Documents/arduinoprojects/padright_v1.5.2/lcd.ino:207
  lcd.setCursor(0, 0);
    1638:	60 e0       	ldi	r22, 0x00	; 0
    163a:	80 e0       	ldi	r24, 0x00	; 0
    163c:	0e 94 2c 04 	call	0x858	; 0x858 <LiquidCrystal::setCursor(unsigned char, unsigned char) [clone .constprop.28]>
/home/oggy/Documents/arduinoprojects/padright_v1.5.2/lcd.ino:208
  lcd.print("Set Pulse For");
    1640:	81 eb       	ldi	r24, 0xB1	; 177
    1642:	91 e0       	ldi	r25, 0x01	; 1
    1644:	0e 94 c3 0a 	call	0x1586	; 0x1586 <Print::print(char const*) [clone .constprop.45]>
/home/oggy/Documents/arduinoprojects/padright_v1.5.2/lcd.ino:209
  lcd.setCursor(0, 1);
    1648:	61 e0       	ldi	r22, 0x01	; 1
    164a:	80 e0       	ldi	r24, 0x00	; 0
    164c:	0e 94 2c 04 	call	0x858	; 0x858 <LiquidCrystal::setCursor(unsigned char, unsigned char) [clone .constprop.28]>
/home/oggy/Documents/arduinoprojects/padright_v1.5.2/lcd.ino:210
  lcd.print("RS.5: ");
    1650:	8f eb       	ldi	r24, 0xBF	; 191
    1652:	91 e0       	ldi	r25, 0x01	; 1
    1654:	0e 94 c3 0a 	call	0x1586	; 0x1586 <Print::print(char const*) [clone .constprop.45]>
/home/oggy/Documents/arduinoprojects/padright_v1.5.2/lcd.ino:212
  // enter number
  lcd.print(pulseForFiveRupeeNote);
    1658:	80 91 1b 01 	lds	r24, 0x011B	; 0x80011b <pulseForFiveRupeeNote>
    165c:	90 91 1c 01 	lds	r25, 0x011C	; 0x80011c <pulseForFiveRupeeNote+0x1>
    1660:	0e 94 96 0a 	call	0x152c	; 0x152c <Print::print(int, int) [clone .constprop.29]>
/home/oggy/Documents/arduinoprojects/padright_v1.5.2/lcd.ino:213
  if (pulseForFiveRupeeNote == availablePulses[0])
    1664:	80 91 1b 01 	lds	r24, 0x011B	; 0x80011b <pulseForFiveRupeeNote>
    1668:	90 91 1c 01 	lds	r25, 0x011C	; 0x80011c <pulseForFiveRupeeNote+0x1>
    166c:	01 97       	sbiw	r24, 0x01	; 1
    166e:	21 f4       	brne	.+8      	; 0x1678 <pulseLimit()+0x44>
/home/oggy/Documents/arduinoprojects/padright_v1.5.2/lcd.ino:214
    lcd.print(" Pulse");
    1670:	86 ec       	ldi	r24, 0xC6	; 198
    1672:	91 e0       	ldi	r25, 0x01	; 1
/home/oggy/Documents/arduinoprojects/padright_v1.5.2/lcd.ino:216
  else
    lcd.print(" Pulses");
    1674:	0c 94 c3 0a 	jmp	0x1586	; 0x1586 <Print::print(char const*) [clone .constprop.45]>
    1678:	8d ec       	ldi	r24, 0xCD	; 205
    167a:	91 e0       	ldi	r25, 0x01	; 1
    167c:	fb cf       	rjmp	.-10     	; 0x1674 <pulseLimit()+0x40>

0000167e <cashPerPad()>:
cashPerPad():
/home/oggy/Documents/arduinoprojects/padright_v1.5.2/lcd.ino:197
  // enter number
  lcd.print(CASH_LIMIT);
  lcd.print(" Rupees");
}
void cashPerPad() {
  lcd.clear();
    167e:	0e 94 83 03 	call	0x706	; 0x706 <LiquidCrystal::clear() [clone .constprop.51]>
/home/oggy/Documents/arduinoprojects/padright_v1.5.2/lcd.ino:198
  lcd.setCursor(0, 0);
    1682:	60 e0       	ldi	r22, 0x00	; 0
    1684:	80 e0       	ldi	r24, 0x00	; 0
    1686:	0e 94 2c 04 	call	0x858	; 0x858 <LiquidCrystal::setCursor(unsigned char, unsigned char) [clone .constprop.28]>
/home/oggy/Documents/arduinoprojects/padright_v1.5.2/lcd.ino:199
  lcd.print("Set Cash Per Pad");
    168a:	85 ed       	ldi	r24, 0xD5	; 213
    168c:	91 e0       	ldi	r25, 0x01	; 1
    168e:	0e 94 c3 0a 	call	0x1586	; 0x1586 <Print::print(char const*) [clone .constprop.45]>
/home/oggy/Documents/arduinoprojects/padright_v1.5.2/lcd.ino:200
  lcd.setCursor(0, 1);
    1692:	61 e0       	ldi	r22, 0x01	; 1
    1694:	80 e0       	ldi	r24, 0x00	; 0
    1696:	0e 94 2c 04 	call	0x858	; 0x858 <LiquidCrystal::setCursor(unsigned char, unsigned char) [clone .constprop.28]>
/home/oggy/Documents/arduinoprojects/padright_v1.5.2/lcd.ino:202
  // enter number
  lcd.print(CASH_PER_PAD);
    169a:	80 91 15 01 	lds	r24, 0x0115	; 0x800115 <CASH_PER_PAD>
    169e:	90 91 16 01 	lds	r25, 0x0116	; 0x800116 <CASH_PER_PAD+0x1>
    16a2:	0e 94 96 0a 	call	0x152c	; 0x152c <Print::print(int, int) [clone .constprop.29]>
/home/oggy/Documents/arduinoprojects/padright_v1.5.2/lcd.ino:203
  lcd.print(" Rupees");
    16a6:	86 ee       	ldi	r24, 0xE6	; 230
    16a8:	91 e0       	ldi	r25, 0x01	; 1
    16aa:	0c 94 c3 0a 	jmp	0x1586	; 0x1586 <Print::print(char const*) [clone .constprop.45]>

000016ae <cashLimit()>:
cashLimit():
/home/oggy/Documents/arduinoprojects/padright_v1.5.2/lcd.ino:188
  // enter number
  lcd.print(cashWaitTime / 1000);
  lcd.print(" Sec");
}
void cashLimit() {
  lcd.clear();
    16ae:	0e 94 83 03 	call	0x706	; 0x706 <LiquidCrystal::clear() [clone .constprop.51]>
/home/oggy/Documents/arduinoprojects/padright_v1.5.2/lcd.ino:189
  lcd.setCursor(0, 0);
    16b2:	60 e0       	ldi	r22, 0x00	; 0
    16b4:	80 e0       	ldi	r24, 0x00	; 0
    16b6:	0e 94 2c 04 	call	0x858	; 0x858 <LiquidCrystal::setCursor(unsigned char, unsigned char) [clone .constprop.28]>
/home/oggy/Documents/arduinoprojects/padright_v1.5.2/lcd.ino:190
  lcd.print("Set Cash Limit");
    16ba:	8e ee       	ldi	r24, 0xEE	; 238
    16bc:	91 e0       	ldi	r25, 0x01	; 1
    16be:	0e 94 c3 0a 	call	0x1586	; 0x1586 <Print::print(char const*) [clone .constprop.45]>
/home/oggy/Documents/arduinoprojects/padright_v1.5.2/lcd.ino:191
  lcd.setCursor(0, 1);
    16c2:	61 e0       	ldi	r22, 0x01	; 1
    16c4:	80 e0       	ldi	r24, 0x00	; 0
    16c6:	0e 94 2c 04 	call	0x858	; 0x858 <LiquidCrystal::setCursor(unsigned char, unsigned char) [clone .constprop.28]>
/home/oggy/Documents/arduinoprojects/padright_v1.5.2/lcd.ino:193
  // enter number
  lcd.print(CASH_LIMIT);
    16ca:	80 91 17 01 	lds	r24, 0x0117	; 0x800117 <CASH_LIMIT>
    16ce:	90 91 18 01 	lds	r25, 0x0118	; 0x800118 <CASH_LIMIT+0x1>
    16d2:	0e 94 96 0a 	call	0x152c	; 0x152c <Print::print(int, int) [clone .constprop.29]>
/home/oggy/Documents/arduinoprojects/padright_v1.5.2/lcd.ino:194
  lcd.print(" Rupees");
    16d6:	86 ee       	ldi	r24, 0xE6	; 230
    16d8:	91 e0       	ldi	r25, 0x01	; 1
    16da:	0c 94 c3 0a 	jmp	0x1586	; 0x1586 <Print::print(char const*) [clone .constprop.45]>

000016de <cashWait()>:
cashWait():
/home/oggy/Documents/arduinoprojects/padright_v1.5.2/lcd.ino:179
  } else if (mType == CASH_MACHINE) {
    lcd.print("Cash / Coin");
  }
}
void cashWait() {
  lcd.clear();
    16de:	0e 94 83 03 	call	0x706	; 0x706 <LiquidCrystal::clear() [clone .constprop.51]>
/home/oggy/Documents/arduinoprojects/padright_v1.5.2/lcd.ino:180
  lcd.setCursor(0, 0);
    16e2:	60 e0       	ldi	r22, 0x00	; 0
    16e4:	80 e0       	ldi	r24, 0x00	; 0
    16e6:	0e 94 2c 04 	call	0x858	; 0x858 <LiquidCrystal::setCursor(unsigned char, unsigned char) [clone .constprop.28]>
/home/oggy/Documents/arduinoprojects/padright_v1.5.2/lcd.ino:181
  lcd.print("Cash Wait Time");
    16ea:	8d ef       	ldi	r24, 0xFD	; 253
    16ec:	91 e0       	ldi	r25, 0x01	; 1
    16ee:	0e 94 c3 0a 	call	0x1586	; 0x1586 <Print::print(char const*) [clone .constprop.45]>
/home/oggy/Documents/arduinoprojects/padright_v1.5.2/lcd.ino:182
  lcd.setCursor(0, 1);
    16f2:	61 e0       	ldi	r22, 0x01	; 1
    16f4:	80 e0       	ldi	r24, 0x00	; 0
    16f6:	0e 94 2c 04 	call	0x858	; 0x858 <LiquidCrystal::setCursor(unsigned char, unsigned char) [clone .constprop.28]>
/home/oggy/Documents/arduinoprojects/padright_v1.5.2/lcd.ino:184
  // enter number
  lcd.print(cashWaitTime / 1000);
    16fa:	80 91 19 01 	lds	r24, 0x0119	; 0x800119 <cashWaitTime>
    16fe:	90 91 1a 01 	lds	r25, 0x011A	; 0x80011a <cashWaitTime+0x1>
    1702:	68 ee       	ldi	r22, 0xE8	; 232
    1704:	73 e0       	ldi	r23, 0x03	; 3
    1706:	0e 94 e2 22 	call	0x45c4	; 0x45c4 <__divmodhi4>
    170a:	cb 01       	movw	r24, r22
    170c:	0e 94 96 0a 	call	0x152c	; 0x152c <Print::print(int, int) [clone .constprop.29]>
/home/oggy/Documents/arduinoprojects/padright_v1.5.2/lcd.ino:185
  lcd.print(" Sec");
    1710:	8c e0       	ldi	r24, 0x0C	; 12
    1712:	92 e0       	ldi	r25, 0x02	; 2
    1714:	0c 94 c3 0a 	jmp	0x1586	; 0x1586 <Print::print(char const*) [clone .constprop.45]>

00001718 <machineType()>:
machineType():
/home/oggy/Documents/arduinoprojects/padright_v1.5.2/lcd.ino:167
  // enter number
  lcd.print(padAmount);
}
void machineType() {

  lcd.clear();
    1718:	0e 94 83 03 	call	0x706	; 0x706 <LiquidCrystal::clear() [clone .constprop.51]>
/home/oggy/Documents/arduinoprojects/padright_v1.5.2/lcd.ino:168
  lcd.setCursor(0, 0);
    171c:	60 e0       	ldi	r22, 0x00	; 0
    171e:	80 e0       	ldi	r24, 0x00	; 0
    1720:	0e 94 2c 04 	call	0x858	; 0x858 <LiquidCrystal::setCursor(unsigned char, unsigned char) [clone .constprop.28]>
/home/oggy/Documents/arduinoprojects/padright_v1.5.2/lcd.ino:169
  lcd.print("Machine Type");
    1724:	81 e1       	ldi	r24, 0x11	; 17
    1726:	92 e0       	ldi	r25, 0x02	; 2
    1728:	0e 94 c3 0a 	call	0x1586	; 0x1586 <Print::print(char const*) [clone .constprop.45]>
/home/oggy/Documents/arduinoprojects/padright_v1.5.2/lcd.ino:170
  lcd.setCursor(0, 1);
    172c:	61 e0       	ldi	r22, 0x01	; 1
    172e:	80 e0       	ldi	r24, 0x00	; 0
    1730:	0e 94 2c 04 	call	0x858	; 0x858 <LiquidCrystal::setCursor(unsigned char, unsigned char) [clone .constprop.28]>
/home/oggy/Documents/arduinoprojects/padright_v1.5.2/lcd.ino:172
  // enter number
  if (mType == RFID_MACHINE) {
    1734:	80 91 42 06 	lds	r24, 0x0642	; 0x800642 <mType>
    1738:	81 11       	cpse	r24, r1
    173a:	04 c0       	rjmp	.+8      	; 0x1744 <machineType()+0x2c>
/home/oggy/Documents/arduinoprojects/padright_v1.5.2/lcd.ino:173
    lcd.print("RFID");
    173c:	8e e1       	ldi	r24, 0x1E	; 30
    173e:	92 e0       	ldi	r25, 0x02	; 2
/home/oggy/Documents/arduinoprojects/padright_v1.5.2/lcd.ino:175
  } else if (mType == CASH_MACHINE) {
    lcd.print("Cash / Coin");
    1740:	0c 94 c3 0a 	jmp	0x1586	; 0x1586 <Print::print(char const*) [clone .constprop.45]>
/home/oggy/Documents/arduinoprojects/padright_v1.5.2/lcd.ino:174
  lcd.print("Machine Type");
  lcd.setCursor(0, 1);
  // enter number
  if (mType == RFID_MACHINE) {
    lcd.print("RFID");
  } else if (mType == CASH_MACHINE) {
    1744:	81 30       	cpi	r24, 0x01	; 1
    1746:	19 f4       	brne	.+6      	; 0x174e <machineType()+0x36>
/home/oggy/Documents/arduinoprojects/padright_v1.5.2/lcd.ino:175
    lcd.print("Cash / Coin");
    1748:	83 e2       	ldi	r24, 0x23	; 35
    174a:	92 e0       	ldi	r25, 0x02	; 2
    174c:	f9 cf       	rjmp	.-14     	; 0x1740 <machineType()+0x28>
/home/oggy/Documents/arduinoprojects/padright_v1.5.2/lcd.ino:177
  }
}
    174e:	08 95       	ret

00001750 <batchWrite()>:
batchWrite():
/home/oggy/Documents/arduinoprojects/padright_v1.5.2/lcd.ino:158
      break;
  }
}

void batchWrite() {
  lcd.clear();
    1750:	0e 94 83 03 	call	0x706	; 0x706 <LiquidCrystal::clear() [clone .constprop.51]>
/home/oggy/Documents/arduinoprojects/padright_v1.5.2/lcd.ino:159
  lcd.setCursor(0, 0);
    1754:	60 e0       	ldi	r22, 0x00	; 0
    1756:	80 e0       	ldi	r24, 0x00	; 0
    1758:	0e 94 2c 04 	call	0x858	; 0x858 <LiquidCrystal::setCursor(unsigned char, unsigned char) [clone .constprop.28]>
/home/oggy/Documents/arduinoprojects/padright_v1.5.2/lcd.ino:160
  lcd.print("Pad Amount");
    175c:	8f e4       	ldi	r24, 0x4F	; 79
    175e:	94 e0       	ldi	r25, 0x04	; 4
    1760:	0e 94 c3 0a 	call	0x1586	; 0x1586 <Print::print(char const*) [clone .constprop.45]>
/home/oggy/Documents/arduinoprojects/padright_v1.5.2/lcd.ino:161
  lcd.setCursor(0, 1);
    1764:	61 e0       	ldi	r22, 0x01	; 1
    1766:	80 e0       	ldi	r24, 0x00	; 0
    1768:	0e 94 2c 04 	call	0x858	; 0x858 <LiquidCrystal::setCursor(unsigned char, unsigned char) [clone .constprop.28]>
/home/oggy/Documents/arduinoprojects/padright_v1.5.2/lcd.ino:163
  // enter number
  lcd.print(padAmount);
    176c:	80 91 0c 01 	lds	r24, 0x010C	; 0x80010c <padAmount>
    1770:	90 91 0d 01 	lds	r25, 0x010D	; 0x80010d <padAmount+0x1>
    1774:	0c 94 96 0a 	jmp	0x152c	; 0x152c <Print::print(int, int) [clone .constprop.29]>

00001778 <menu()>:
menu():
/home/oggy/Documents/arduinoprojects/padright_v1.5.2/lcd.ino:144
      break;
  }
}

void menu() {
  switch (state) {
    1778:	80 91 40 06 	lds	r24, 0x0640	; 0x800640 <state>
    177c:	90 91 41 06 	lds	r25, 0x0641	; 0x800641 <state+0x1>
    1780:	00 97       	sbiw	r24, 0x00	; 0
    1782:	19 f0       	breq	.+6      	; 0x178a <menu()+0x12>
    1784:	01 97       	sbiw	r24, 0x01	; 1
    1786:	71 f0       	breq	.+28     	; 0x17a4 <menu()+0x2c>
    1788:	08 95       	ret
homePage():
/home/oggy/Documents/arduinoprojects/padright_v1.5.2/lcd.ino:17
  lcd.print("Pad Vending");
  delay(2000);
  homePage();
}
void homePage() {
  if (changeDone == true) {
    178a:	80 91 13 01 	lds	r24, 0x0113	; 0x800113 <changeDone>
    178e:	81 11       	cpse	r24, r1
    1790:	0e 94 c8 0a 	call	0x1590	; 0x1590 <homePage() [clone .part.3]>
menu():
/home/oggy/Documents/arduinoprojects/padright_v1.5.2/lcd.ino:147

void menu() {
  switch (state) {
    case 0:
      homePage();
      topMenuPosition = 0;
    1794:	10 92 1e 06 	sts	0x061E, r1	; 0x80061e <topMenuPosition+0x1>
    1798:	10 92 1d 06 	sts	0x061D, r1	; 0x80061d <topMenuPosition>
/home/oggy/Documents/arduinoprojects/padright_v1.5.2/lcd.ino:148
      status = 'n';
    179c:	8e e6       	ldi	r24, 0x6E	; 110
    179e:	80 93 14 01 	sts	0x0114, r24	; 0x800114 <status>
    17a2:	08 95       	ret
/home/oggy/Documents/arduinoprojects/padright_v1.5.2/lcd.ino:151
      break;
    case 1:
      if (makeChange)
    17a4:	80 91 1f 06 	lds	r24, 0x061F	; 0x80061f <makeChange>
    17a8:	88 23       	and	r24, r24
    17aa:	09 f4       	brne	.+2      	; 0x17ae <menu()+0x36>
    17ac:	32 c1       	rjmp	.+612    	; 0x1a12 <menu()+0x29a>
topMenu():
/home/oggy/Documents/arduinoprojects/padright_v1.5.2/lcd.ino:32
    changeDone = false;
  }
}

void topMenu() {
  switch (topMenuPosition) {
    17ae:	e0 91 1d 06 	lds	r30, 0x061D	; 0x80061d <topMenuPosition>
    17b2:	f0 91 1e 06 	lds	r31, 0x061E	; 0x80061e <topMenuPosition+0x1>
    17b6:	e9 30       	cpi	r30, 0x09	; 9
    17b8:	f1 05       	cpc	r31, r1
    17ba:	08 f0       	brcs	.+2      	; 0x17be <menu()+0x46>
    17bc:	2a c1       	rjmp	.+596    	; 0x1a12 <menu()+0x29a>
    17be:	ed 51       	subi	r30, 0x1D	; 29
    17c0:	f4 4f       	sbci	r31, 0xF4	; 244
    17c2:	0c 94 18 23 	jmp	0x4630	; 0x4630 <__tablejump2__>
    17c6:	ec 0b       	sbc	r30, r28
    17c8:	07 0c       	add	r0, r7
    17ca:	1b 0c       	add	r1, r11
    17cc:	35 0c       	add	r3, r5
    17ce:	4f 0c       	add	r4, r15
    17d0:	87 0c       	add	r8, r7
    17d2:	ae 0c       	add	r10, r14
    17d4:	cd 0c       	add	r12, r13
    17d6:	eb 0c       	add	r14, r11
/home/oggy/Documents/arduinoprojects/padright_v1.5.2/lcd.ino:34
    case 0:
      lcd.clear();
    17d8:	0e 94 83 03 	call	0x706	; 0x706 <LiquidCrystal::clear() [clone .constprop.51]>
/home/oggy/Documents/arduinoprojects/padright_v1.5.2/lcd.ino:35
      lcd.setCursor(0, 0);
    17dc:	60 e0       	ldi	r22, 0x00	; 0
    17de:	80 e0       	ldi	r24, 0x00	; 0
    17e0:	0e 94 2c 04 	call	0x858	; 0x858 <LiquidCrystal::setCursor(unsigned char, unsigned char) [clone .constprop.28]>
/home/oggy/Documents/arduinoprojects/padright_v1.5.2/lcd.ino:36
      lcd.write((byte)0);
    17e4:	60 e0       	ldi	r22, 0x00	; 0
    17e6:	87 e1       	ldi	r24, 0x17	; 23
    17e8:	97 e0       	ldi	r25, 0x07	; 7
    17ea:	0e 94 3b 04 	call	0x876	; 0x876 <LiquidCrystal::write(unsigned char)>
/home/oggy/Documents/arduinoprojects/padright_v1.5.2/lcd.ino:37
      lcd.setCursor(2, 0);
    17ee:	60 e0       	ldi	r22, 0x00	; 0
    17f0:	82 e0       	ldi	r24, 0x02	; 2
    17f2:	0e 94 2c 04 	call	0x858	; 0x858 <LiquidCrystal::setCursor(unsigned char, unsigned char) [clone .constprop.28]>
/home/oggy/Documents/arduinoprojects/padright_v1.5.2/lcd.ino:38
      lcd.print("Pads In Rack");
    17f6:	8f e2       	ldi	r24, 0x2F	; 47
    17f8:	92 e0       	ldi	r25, 0x02	; 2
    17fa:	0e 94 c3 0a 	call	0x1586	; 0x1586 <Print::print(char const*) [clone .constprop.45]>
/home/oggy/Documents/arduinoprojects/padright_v1.5.2/lcd.ino:48
      lcd.clear();
      lcd.setCursor(2, 0);
      lcd.print("Pads In Rack");
      lcd.setCursor(0, 1);
      lcd.write((byte)0);
      lcd.setCursor(2, 1);
    17fe:	61 e0       	ldi	r22, 0x01	; 1
    1800:	82 e0       	ldi	r24, 0x02	; 2
    1802:	0e 94 2c 04 	call	0x858	; 0x858 <LiquidCrystal::setCursor(unsigned char, unsigned char) [clone .constprop.28]>
/home/oggy/Documents/arduinoprojects/padright_v1.5.2/lcd.ino:49
      lcd.print("Fill All Rack");
    1806:	8c e3       	ldi	r24, 0x3C	; 60
    1808:	92 e0       	ldi	r25, 0x02	; 2
/home/oggy/Documents/arduinoprojects/padright_v1.5.2/lcd.ino:137
        lcd.setCursor(2, 0);
        lcd.print("Cash Wait Time");
        lcd.setCursor(0, 1);
        lcd.write((byte)0);
        lcd.setCursor(2, 1);
        lcd.print("Cash Per Pad");
    180a:	0c 94 c3 0a 	jmp	0x1586	; 0x1586 <Print::print(char const*) [clone .constprop.45]>
/home/oggy/Documents/arduinoprojects/padright_v1.5.2/lcd.ino:43
      lcd.print("Pads In Rack");
      lcd.setCursor(2, 1);
      lcd.print("Fill All Rack");
      break;
    case 1:
      lcd.clear();
    180e:	0e 94 83 03 	call	0x706	; 0x706 <LiquidCrystal::clear() [clone .constprop.51]>
/home/oggy/Documents/arduinoprojects/padright_v1.5.2/lcd.ino:44
      lcd.setCursor(2, 0);
    1812:	60 e0       	ldi	r22, 0x00	; 0
    1814:	82 e0       	ldi	r24, 0x02	; 2
    1816:	0e 94 2c 04 	call	0x858	; 0x858 <LiquidCrystal::setCursor(unsigned char, unsigned char) [clone .constprop.28]>
/home/oggy/Documents/arduinoprojects/padright_v1.5.2/lcd.ino:45
      lcd.print("Pads In Rack");
    181a:	8f e2       	ldi	r24, 0x2F	; 47
    181c:	92 e0       	ldi	r25, 0x02	; 2
    181e:	0e 94 c3 0a 	call	0x1586	; 0x1586 <Print::print(char const*) [clone .constprop.45]>
/home/oggy/Documents/arduinoprojects/padright_v1.5.2/lcd.ino:46
      lcd.setCursor(0, 1);
    1822:	61 e0       	ldi	r22, 0x01	; 1
    1824:	80 e0       	ldi	r24, 0x00	; 0
    1826:	0e 94 2c 04 	call	0x858	; 0x858 <LiquidCrystal::setCursor(unsigned char, unsigned char) [clone .constprop.28]>
/home/oggy/Documents/arduinoprojects/padright_v1.5.2/lcd.ino:47
      lcd.write((byte)0);
    182a:	60 e0       	ldi	r22, 0x00	; 0
    182c:	87 e1       	ldi	r24, 0x17	; 23
    182e:	97 e0       	ldi	r25, 0x07	; 7
    1830:	0e 94 3b 04 	call	0x876	; 0x876 <LiquidCrystal::write(unsigned char)>
    1834:	e4 cf       	rjmp	.-56     	; 0x17fe <menu()+0x86>
/home/oggy/Documents/arduinoprojects/padright_v1.5.2/lcd.ino:52
      lcd.setCursor(2, 1);
      lcd.print("Fill All Rack");
      break;
    case 2:
      lcd.clear();
    1836:	0e 94 83 03 	call	0x706	; 0x706 <LiquidCrystal::clear() [clone .constprop.51]>
/home/oggy/Documents/arduinoprojects/padright_v1.5.2/lcd.ino:53
      lcd.setCursor(2, 0);
    183a:	60 e0       	ldi	r22, 0x00	; 0
    183c:	82 e0       	ldi	r24, 0x02	; 2
    183e:	0e 94 2c 04 	call	0x858	; 0x858 <LiquidCrystal::setCursor(unsigned char, unsigned char) [clone .constprop.28]>
/home/oggy/Documents/arduinoprojects/padright_v1.5.2/lcd.ino:54
      lcd.print("Fill All Rack");
    1842:	8c e3       	ldi	r24, 0x3C	; 60
    1844:	92 e0       	ldi	r25, 0x02	; 2
    1846:	0e 94 c3 0a 	call	0x1586	; 0x1586 <Print::print(char const*) [clone .constprop.45]>
/home/oggy/Documents/arduinoprojects/padright_v1.5.2/lcd.ino:55
      lcd.setCursor(0, 1);
    184a:	61 e0       	ldi	r22, 0x01	; 1
    184c:	80 e0       	ldi	r24, 0x00	; 0
    184e:	0e 94 2c 04 	call	0x858	; 0x858 <LiquidCrystal::setCursor(unsigned char, unsigned char) [clone .constprop.28]>
/home/oggy/Documents/arduinoprojects/padright_v1.5.2/lcd.ino:56
      lcd.write((byte)0);
    1852:	60 e0       	ldi	r22, 0x00	; 0
    1854:	87 e1       	ldi	r24, 0x17	; 23
    1856:	97 e0       	ldi	r25, 0x07	; 7
    1858:	0e 94 3b 04 	call	0x876	; 0x876 <LiquidCrystal::write(unsigned char)>
/home/oggy/Documents/arduinoprojects/padright_v1.5.2/lcd.ino:57
      lcd.setCursor(2, 1);
    185c:	61 e0       	ldi	r22, 0x01	; 1
    185e:	82 e0       	ldi	r24, 0x02	; 2
    1860:	0e 94 2c 04 	call	0x858	; 0x858 <LiquidCrystal::setCursor(unsigned char, unsigned char) [clone .constprop.28]>
/home/oggy/Documents/arduinoprojects/padright_v1.5.2/lcd.ino:58
      lcd.print("Total Racks");
    1864:	8a e4       	ldi	r24, 0x4A	; 74
    1866:	92 e0       	ldi	r25, 0x02	; 2
    1868:	d0 cf       	rjmp	.-96     	; 0x180a <menu()+0x92>
/home/oggy/Documents/arduinoprojects/padright_v1.5.2/lcd.ino:61
      break;
    case 3:
      lcd.clear();
    186a:	0e 94 83 03 	call	0x706	; 0x706 <LiquidCrystal::clear() [clone .constprop.51]>
/home/oggy/Documents/arduinoprojects/padright_v1.5.2/lcd.ino:62
      lcd.setCursor(2, 0);
    186e:	60 e0       	ldi	r22, 0x00	; 0
    1870:	82 e0       	ldi	r24, 0x02	; 2
    1872:	0e 94 2c 04 	call	0x858	; 0x858 <LiquidCrystal::setCursor(unsigned char, unsigned char) [clone .constprop.28]>
/home/oggy/Documents/arduinoprojects/padright_v1.5.2/lcd.ino:63
      lcd.print("Total Racks");
    1876:	8a e4       	ldi	r24, 0x4A	; 74
    1878:	92 e0       	ldi	r25, 0x02	; 2
    187a:	0e 94 c3 0a 	call	0x1586	; 0x1586 <Print::print(char const*) [clone .constprop.45]>
/home/oggy/Documents/arduinoprojects/padright_v1.5.2/lcd.ino:64
      lcd.setCursor(0, 1);
    187e:	61 e0       	ldi	r22, 0x01	; 1
    1880:	80 e0       	ldi	r24, 0x00	; 0
    1882:	0e 94 2c 04 	call	0x858	; 0x858 <LiquidCrystal::setCursor(unsigned char, unsigned char) [clone .constprop.28]>
/home/oggy/Documents/arduinoprojects/padright_v1.5.2/lcd.ino:65
      lcd.write((byte)0);
    1886:	60 e0       	ldi	r22, 0x00	; 0
    1888:	87 e1       	ldi	r24, 0x17	; 23
    188a:	97 e0       	ldi	r25, 0x07	; 7
    188c:	0e 94 3b 04 	call	0x876	; 0x876 <LiquidCrystal::write(unsigned char)>
/home/oggy/Documents/arduinoprojects/padright_v1.5.2/lcd.ino:66
      lcd.setCursor(2, 1);
    1890:	61 e0       	ldi	r22, 0x01	; 1
    1892:	82 e0       	ldi	r24, 0x02	; 2
    1894:	0e 94 2c 04 	call	0x858	; 0x858 <LiquidCrystal::setCursor(unsigned char, unsigned char) [clone .constprop.28]>
/home/oggy/Documents/arduinoprojects/padright_v1.5.2/lcd.ino:67
      lcd.print("Motor Time");
    1898:	86 e5       	ldi	r24, 0x56	; 86
    189a:	92 e0       	ldi	r25, 0x02	; 2
    189c:	b6 cf       	rjmp	.-148    	; 0x180a <menu()+0x92>
/home/oggy/Documents/arduinoprojects/padright_v1.5.2/lcd.ino:70
      break;
    case 4:
      if (mType == CASH_MACHINE) {
    189e:	80 91 42 06 	lds	r24, 0x0642	; 0x800642 <mType>
    18a2:	81 30       	cpi	r24, 0x01	; 1
    18a4:	d1 f4       	brne	.+52     	; 0x18da <menu()+0x162>
/home/oggy/Documents/arduinoprojects/padright_v1.5.2/lcd.ino:71
        lcd.clear();
    18a6:	0e 94 83 03 	call	0x706	; 0x706 <LiquidCrystal::clear() [clone .constprop.51]>
/home/oggy/Documents/arduinoprojects/padright_v1.5.2/lcd.ino:72
        lcd.setCursor(2, 0);
    18aa:	60 e0       	ldi	r22, 0x00	; 0
    18ac:	82 e0       	ldi	r24, 0x02	; 2
    18ae:	0e 94 2c 04 	call	0x858	; 0x858 <LiquidCrystal::setCursor(unsigned char, unsigned char) [clone .constprop.28]>
/home/oggy/Documents/arduinoprojects/padright_v1.5.2/lcd.ino:73
        lcd.print("Motor Time");
    18b2:	86 e5       	ldi	r24, 0x56	; 86
    18b4:	92 e0       	ldi	r25, 0x02	; 2
/home/oggy/Documents/arduinoprojects/padright_v1.5.2/lcd.ino:92
      break;
    case 5:
      if (mType == RFID_MACHINE) {
        lcd.clear();
        lcd.setCursor(2, 0);
        lcd.print("Batch Write");
    18b6:	0e 94 c3 0a 	call	0x1586	; 0x1586 <Print::print(char const*) [clone .constprop.45]>
/home/oggy/Documents/arduinoprojects/padright_v1.5.2/lcd.ino:93
        lcd.setCursor(0, 1);
    18ba:	61 e0       	ldi	r22, 0x01	; 1
    18bc:	80 e0       	ldi	r24, 0x00	; 0
    18be:	0e 94 2c 04 	call	0x858	; 0x858 <LiquidCrystal::setCursor(unsigned char, unsigned char) [clone .constprop.28]>
/home/oggy/Documents/arduinoprojects/padright_v1.5.2/lcd.ino:94
        lcd.write((byte)0);
    18c2:	60 e0       	ldi	r22, 0x00	; 0
    18c4:	87 e1       	ldi	r24, 0x17	; 23
    18c6:	97 e0       	ldi	r25, 0x07	; 7
    18c8:	0e 94 3b 04 	call	0x876	; 0x876 <LiquidCrystal::write(unsigned char)>
/home/oggy/Documents/arduinoprojects/padright_v1.5.2/lcd.ino:95
        lcd.setCursor(2, 1);
    18cc:	61 e0       	ldi	r22, 0x01	; 1
    18ce:	82 e0       	ldi	r24, 0x02	; 2
    18d0:	0e 94 2c 04 	call	0x858	; 0x858 <LiquidCrystal::setCursor(unsigned char, unsigned char) [clone .constprop.28]>
/home/oggy/Documents/arduinoprojects/padright_v1.5.2/lcd.ino:96
        lcd.print("Machine Type");
    18d4:	81 e1       	ldi	r24, 0x11	; 17
    18d6:	92 e0       	ldi	r25, 0x02	; 2
    18d8:	98 cf       	rjmp	.-208    	; 0x180a <menu()+0x92>
/home/oggy/Documents/arduinoprojects/padright_v1.5.2/lcd.ino:79
        lcd.setCursor(0, 1);
        lcd.write((byte)0);
        lcd.setCursor(2, 1);
        lcd.print("Machine Type");
      } else {
        lcd.clear();
    18da:	0e 94 83 03 	call	0x706	; 0x706 <LiquidCrystal::clear() [clone .constprop.51]>
/home/oggy/Documents/arduinoprojects/padright_v1.5.2/lcd.ino:80
        lcd.setCursor(2, 0);
    18de:	60 e0       	ldi	r22, 0x00	; 0
    18e0:	82 e0       	ldi	r24, 0x02	; 2
    18e2:	0e 94 2c 04 	call	0x858	; 0x858 <LiquidCrystal::setCursor(unsigned char, unsigned char) [clone .constprop.28]>
/home/oggy/Documents/arduinoprojects/padright_v1.5.2/lcd.ino:81
        lcd.print("Motor Time");
    18e6:	86 e5       	ldi	r24, 0x56	; 86
    18e8:	92 e0       	ldi	r25, 0x02	; 2
    18ea:	0e 94 c3 0a 	call	0x1586	; 0x1586 <Print::print(char const*) [clone .constprop.45]>
/home/oggy/Documents/arduinoprojects/padright_v1.5.2/lcd.ino:82
        lcd.setCursor(0, 1);
    18ee:	61 e0       	ldi	r22, 0x01	; 1
    18f0:	80 e0       	ldi	r24, 0x00	; 0
    18f2:	0e 94 2c 04 	call	0x858	; 0x858 <LiquidCrystal::setCursor(unsigned char, unsigned char) [clone .constprop.28]>
/home/oggy/Documents/arduinoprojects/padright_v1.5.2/lcd.ino:83
        lcd.write((byte)0);
    18f6:	60 e0       	ldi	r22, 0x00	; 0
    18f8:	87 e1       	ldi	r24, 0x17	; 23
    18fa:	97 e0       	ldi	r25, 0x07	; 7
    18fc:	0e 94 3b 04 	call	0x876	; 0x876 <LiquidCrystal::write(unsigned char)>
/home/oggy/Documents/arduinoprojects/padright_v1.5.2/lcd.ino:84
        lcd.setCursor(2, 1);
    1900:	61 e0       	ldi	r22, 0x01	; 1
    1902:	82 e0       	ldi	r24, 0x02	; 2
    1904:	0e 94 2c 04 	call	0x858	; 0x858 <LiquidCrystal::setCursor(unsigned char, unsigned char) [clone .constprop.28]>
/home/oggy/Documents/arduinoprojects/padright_v1.5.2/lcd.ino:85
        lcd.print("Batch Write");
    1908:	81 e6       	ldi	r24, 0x61	; 97
    190a:	92 e0       	ldi	r25, 0x02	; 2
    190c:	7e cf       	rjmp	.-260    	; 0x180a <menu()+0x92>
/home/oggy/Documents/arduinoprojects/padright_v1.5.2/lcd.ino:89
      }
      break;
    case 5:
      if (mType == RFID_MACHINE) {
    190e:	80 91 42 06 	lds	r24, 0x0642	; 0x800642 <mType>
    1912:	81 11       	cpse	r24, r1
    1914:	09 c0       	rjmp	.+18     	; 0x1928 <menu()+0x1b0>
/home/oggy/Documents/arduinoprojects/padright_v1.5.2/lcd.ino:90
        lcd.clear();
    1916:	0e 94 83 03 	call	0x706	; 0x706 <LiquidCrystal::clear() [clone .constprop.51]>
/home/oggy/Documents/arduinoprojects/padright_v1.5.2/lcd.ino:91
        lcd.setCursor(2, 0);
    191a:	60 e0       	ldi	r22, 0x00	; 0
    191c:	82 e0       	ldi	r24, 0x02	; 2
    191e:	0e 94 2c 04 	call	0x858	; 0x858 <LiquidCrystal::setCursor(unsigned char, unsigned char) [clone .constprop.28]>
/home/oggy/Documents/arduinoprojects/padright_v1.5.2/lcd.ino:92
        lcd.print("Batch Write");
    1922:	81 e6       	ldi	r24, 0x61	; 97
    1924:	92 e0       	ldi	r25, 0x02	; 2
    1926:	c7 cf       	rjmp	.-114    	; 0x18b6 <menu()+0x13e>
/home/oggy/Documents/arduinoprojects/padright_v1.5.2/lcd.ino:98
        lcd.setCursor(0, 1);
        lcd.write((byte)0);
        lcd.setCursor(2, 1);
        lcd.print("Machine Type");
      } else {
        lcd.clear();
    1928:	0e 94 83 03 	call	0x706	; 0x706 <LiquidCrystal::clear() [clone .constprop.51]>
/home/oggy/Documents/arduinoprojects/padright_v1.5.2/lcd.ino:99
        lcd.setCursor(2, 0);
    192c:	60 e0       	ldi	r22, 0x00	; 0
    192e:	82 e0       	ldi	r24, 0x02	; 2
    1930:	0e 94 2c 04 	call	0x858	; 0x858 <LiquidCrystal::setCursor(unsigned char, unsigned char) [clone .constprop.28]>
/home/oggy/Documents/arduinoprojects/padright_v1.5.2/lcd.ino:100
        lcd.print("Machine Type");
    1934:	81 e1       	ldi	r24, 0x11	; 17
    1936:	92 e0       	ldi	r25, 0x02	; 2
    1938:	0e 94 c3 0a 	call	0x1586	; 0x1586 <Print::print(char const*) [clone .constprop.45]>
/home/oggy/Documents/arduinoprojects/padright_v1.5.2/lcd.ino:101
        lcd.setCursor(0, 1);
    193c:	61 e0       	ldi	r22, 0x01	; 1
    193e:	80 e0       	ldi	r24, 0x00	; 0
    1940:	0e 94 2c 04 	call	0x858	; 0x858 <LiquidCrystal::setCursor(unsigned char, unsigned char) [clone .constprop.28]>
/home/oggy/Documents/arduinoprojects/padright_v1.5.2/lcd.ino:102
        lcd.write((byte)0);
    1944:	60 e0       	ldi	r22, 0x00	; 0
    1946:	87 e1       	ldi	r24, 0x17	; 23
    1948:	97 e0       	ldi	r25, 0x07	; 7
    194a:	0e 94 3b 04 	call	0x876	; 0x876 <LiquidCrystal::write(unsigned char)>
/home/oggy/Documents/arduinoprojects/padright_v1.5.2/lcd.ino:103
        lcd.setCursor(2, 1);
    194e:	61 e0       	ldi	r22, 0x01	; 1
    1950:	82 e0       	ldi	r24, 0x02	; 2
    1952:	0e 94 2c 04 	call	0x858	; 0x858 <LiquidCrystal::setCursor(unsigned char, unsigned char) [clone .constprop.28]>
/home/oggy/Documents/arduinoprojects/padright_v1.5.2/lcd.ino:104
        lcd.print("Cash Limit");
    1956:	82 ef       	ldi	r24, 0xF2	; 242
    1958:	91 e0       	ldi	r25, 0x01	; 1
    195a:	57 cf       	rjmp	.-338    	; 0x180a <menu()+0x92>
/home/oggy/Documents/arduinoprojects/padright_v1.5.2/lcd.ino:108
      }
      break;
    case 6:
      if (mType == CASH_MACHINE) {
    195c:	80 91 42 06 	lds	r24, 0x0642	; 0x800642 <mType>
    1960:	81 30       	cpi	r24, 0x01	; 1
    1962:	09 f0       	breq	.+2      	; 0x1966 <menu()+0x1ee>
    1964:	56 c0       	rjmp	.+172    	; 0x1a12 <menu()+0x29a>
/home/oggy/Documents/arduinoprojects/padright_v1.5.2/lcd.ino:109
        lcd.clear();
    1966:	0e 94 83 03 	call	0x706	; 0x706 <LiquidCrystal::clear() [clone .constprop.51]>
/home/oggy/Documents/arduinoprojects/padright_v1.5.2/lcd.ino:110
        lcd.setCursor(2, 0);
    196a:	60 e0       	ldi	r22, 0x00	; 0
    196c:	82 e0       	ldi	r24, 0x02	; 2
    196e:	0e 94 2c 04 	call	0x858	; 0x858 <LiquidCrystal::setCursor(unsigned char, unsigned char) [clone .constprop.28]>
/home/oggy/Documents/arduinoprojects/padright_v1.5.2/lcd.ino:111
        lcd.print("Cash Limit");
    1972:	82 ef       	ldi	r24, 0xF2	; 242
    1974:	91 e0       	ldi	r25, 0x01	; 1
    1976:	0e 94 c3 0a 	call	0x1586	; 0x1586 <Print::print(char const*) [clone .constprop.45]>
/home/oggy/Documents/arduinoprojects/padright_v1.5.2/lcd.ino:112
        lcd.setCursor(0, 1);
    197a:	61 e0       	ldi	r22, 0x01	; 1
    197c:	80 e0       	ldi	r24, 0x00	; 0
    197e:	0e 94 2c 04 	call	0x858	; 0x858 <LiquidCrystal::setCursor(unsigned char, unsigned char) [clone .constprop.28]>
/home/oggy/Documents/arduinoprojects/padright_v1.5.2/lcd.ino:113
        lcd.write((byte)0);
    1982:	60 e0       	ldi	r22, 0x00	; 0
    1984:	87 e1       	ldi	r24, 0x17	; 23
    1986:	97 e0       	ldi	r25, 0x07	; 7
    1988:	0e 94 3b 04 	call	0x876	; 0x876 <LiquidCrystal::write(unsigned char)>
/home/oggy/Documents/arduinoprojects/padright_v1.5.2/lcd.ino:114
        lcd.setCursor(2, 1);
    198c:	61 e0       	ldi	r22, 0x01	; 1
    198e:	82 e0       	ldi	r24, 0x02	; 2
    1990:	0e 94 2c 04 	call	0x858	; 0x858 <LiquidCrystal::setCursor(unsigned char, unsigned char) [clone .constprop.28]>
/home/oggy/Documents/arduinoprojects/padright_v1.5.2/lcd.ino:115
        lcd.print("Pulse Setting");
    1994:	8d e6       	ldi	r24, 0x6D	; 109
    1996:	92 e0       	ldi	r25, 0x02	; 2
    1998:	38 cf       	rjmp	.-400    	; 0x180a <menu()+0x92>
/home/oggy/Documents/arduinoprojects/padright_v1.5.2/lcd.ino:119
      }
      break;
    case 7:
      if (mType == CASH_MACHINE) {
    199a:	80 91 42 06 	lds	r24, 0x0642	; 0x800642 <mType>
    199e:	81 30       	cpi	r24, 0x01	; 1
    19a0:	c1 f5       	brne	.+112    	; 0x1a12 <menu()+0x29a>
/home/oggy/Documents/arduinoprojects/padright_v1.5.2/lcd.ino:120
        lcd.clear();
    19a2:	0e 94 83 03 	call	0x706	; 0x706 <LiquidCrystal::clear() [clone .constprop.51]>
/home/oggy/Documents/arduinoprojects/padright_v1.5.2/lcd.ino:121
        lcd.setCursor(2, 0);
    19a6:	60 e0       	ldi	r22, 0x00	; 0
    19a8:	82 e0       	ldi	r24, 0x02	; 2
    19aa:	0e 94 2c 04 	call	0x858	; 0x858 <LiquidCrystal::setCursor(unsigned char, unsigned char) [clone .constprop.28]>
/home/oggy/Documents/arduinoprojects/padright_v1.5.2/lcd.ino:122
        lcd.print("Pulse Setting");
    19ae:	8d e6       	ldi	r24, 0x6D	; 109
    19b0:	92 e0       	ldi	r25, 0x02	; 2
    19b2:	0e 94 c3 0a 	call	0x1586	; 0x1586 <Print::print(char const*) [clone .constprop.45]>
/home/oggy/Documents/arduinoprojects/padright_v1.5.2/lcd.ino:123
        lcd.setCursor(0, 1);
    19b6:	61 e0       	ldi	r22, 0x01	; 1
    19b8:	80 e0       	ldi	r24, 0x00	; 0
    19ba:	0e 94 2c 04 	call	0x858	; 0x858 <LiquidCrystal::setCursor(unsigned char, unsigned char) [clone .constprop.28]>
/home/oggy/Documents/arduinoprojects/padright_v1.5.2/lcd.ino:124
        lcd.write((byte)0);
    19be:	60 e0       	ldi	r22, 0x00	; 0
    19c0:	87 e1       	ldi	r24, 0x17	; 23
    19c2:	97 e0       	ldi	r25, 0x07	; 7
    19c4:	0e 94 3b 04 	call	0x876	; 0x876 <LiquidCrystal::write(unsigned char)>
/home/oggy/Documents/arduinoprojects/padright_v1.5.2/lcd.ino:125
        lcd.setCursor(2, 1);
    19c8:	61 e0       	ldi	r22, 0x01	; 1
    19ca:	82 e0       	ldi	r24, 0x02	; 2
    19cc:	0e 94 2c 04 	call	0x858	; 0x858 <LiquidCrystal::setCursor(unsigned char, unsigned char) [clone .constprop.28]>
/home/oggy/Documents/arduinoprojects/padright_v1.5.2/lcd.ino:126
        lcd.print("Cash Wait Time");
    19d0:	8d ef       	ldi	r24, 0xFD	; 253
    19d2:	91 e0       	ldi	r25, 0x01	; 1
    19d4:	1a cf       	rjmp	.-460    	; 0x180a <menu()+0x92>
/home/oggy/Documents/arduinoprojects/padright_v1.5.2/lcd.ino:130
      }
      break;
    case 8:
      if (mType == CASH_MACHINE) {
    19d6:	80 91 42 06 	lds	r24, 0x0642	; 0x800642 <mType>
    19da:	81 30       	cpi	r24, 0x01	; 1
    19dc:	d1 f4       	brne	.+52     	; 0x1a12 <menu()+0x29a>
/home/oggy/Documents/arduinoprojects/padright_v1.5.2/lcd.ino:131
        lcd.clear();
    19de:	0e 94 83 03 	call	0x706	; 0x706 <LiquidCrystal::clear() [clone .constprop.51]>
/home/oggy/Documents/arduinoprojects/padright_v1.5.2/lcd.ino:132
        lcd.setCursor(2, 0);
    19e2:	60 e0       	ldi	r22, 0x00	; 0
    19e4:	82 e0       	ldi	r24, 0x02	; 2
    19e6:	0e 94 2c 04 	call	0x858	; 0x858 <LiquidCrystal::setCursor(unsigned char, unsigned char) [clone .constprop.28]>
/home/oggy/Documents/arduinoprojects/padright_v1.5.2/lcd.ino:133
        lcd.print("Cash Wait Time");
    19ea:	8d ef       	ldi	r24, 0xFD	; 253
    19ec:	91 e0       	ldi	r25, 0x01	; 1
    19ee:	0e 94 c3 0a 	call	0x1586	; 0x1586 <Print::print(char const*) [clone .constprop.45]>
/home/oggy/Documents/arduinoprojects/padright_v1.5.2/lcd.ino:134
        lcd.setCursor(0, 1);
    19f2:	61 e0       	ldi	r22, 0x01	; 1
    19f4:	80 e0       	ldi	r24, 0x00	; 0
    19f6:	0e 94 2c 04 	call	0x858	; 0x858 <LiquidCrystal::setCursor(unsigned char, unsigned char) [clone .constprop.28]>
/home/oggy/Documents/arduinoprojects/padright_v1.5.2/lcd.ino:135
        lcd.write((byte)0);
    19fa:	60 e0       	ldi	r22, 0x00	; 0
    19fc:	87 e1       	ldi	r24, 0x17	; 23
    19fe:	97 e0       	ldi	r25, 0x07	; 7
    1a00:	0e 94 3b 04 	call	0x876	; 0x876 <LiquidCrystal::write(unsigned char)>
/home/oggy/Documents/arduinoprojects/padright_v1.5.2/lcd.ino:136
        lcd.setCursor(2, 1);
    1a04:	61 e0       	ldi	r22, 0x01	; 1
    1a06:	82 e0       	ldi	r24, 0x02	; 2
    1a08:	0e 94 2c 04 	call	0x858	; 0x858 <LiquidCrystal::setCursor(unsigned char, unsigned char) [clone .constprop.28]>
/home/oggy/Documents/arduinoprojects/padright_v1.5.2/lcd.ino:137
        lcd.print("Cash Per Pad");
    1a0c:	89 ed       	ldi	r24, 0xD9	; 217
    1a0e:	91 e0       	ldi	r25, 0x01	; 1
    1a10:	fc ce       	rjmp	.-520    	; 0x180a <menu()+0x92>
menu():
/home/oggy/Documents/arduinoprojects/padright_v1.5.2/lcd.ino:155
    case 1:
      if (makeChange)
        topMenu();
      break;
  }
}
    1a12:	08 95       	ret

00001a14 <motorTime()>:
motorTime():
/home/oggy/Documents/arduinoprojects/padright_v1.5.2/padright_v1.5.2.ino:553
  menu();
  makeChange = false;
}

void motorTime() {
  lcd.clear();
    1a14:	0e 94 83 03 	call	0x706	; 0x706 <LiquidCrystal::clear() [clone .constprop.51]>
/home/oggy/Documents/arduinoprojects/padright_v1.5.2/padright_v1.5.2.ino:554
  lcd.setCursor(0, 0);
    1a18:	60 e0       	ldi	r22, 0x00	; 0
    1a1a:	80 e0       	ldi	r24, 0x00	; 0
    1a1c:	0e 94 2c 04 	call	0x858	; 0x858 <LiquidCrystal::setCursor(unsigned char, unsigned char) [clone .constprop.28]>
/home/oggy/Documents/arduinoprojects/padright_v1.5.2/padright_v1.5.2.ino:555
  lcd.print("Motor Time (ms)");
    1a20:	8b e7       	ldi	r24, 0x7B	; 123
    1a22:	92 e0       	ldi	r25, 0x02	; 2
    1a24:	0e 94 c3 0a 	call	0x1586	; 0x1586 <Print::print(char const*) [clone .constprop.45]>
/home/oggy/Documents/arduinoprojects/padright_v1.5.2/padright_v1.5.2.ino:556
  lcd.setCursor(0, 1);
    1a28:	61 e0       	ldi	r22, 0x01	; 1
    1a2a:	80 e0       	ldi	r24, 0x00	; 0
    1a2c:	0e 94 2c 04 	call	0x858	; 0x858 <LiquidCrystal::setCursor(unsigned char, unsigned char) [clone .constprop.28]>
/home/oggy/Documents/arduinoprojects/padright_v1.5.2/padright_v1.5.2.ino:558
  // enter number
  lcd.print(motorTimeVariable);
    1a30:	80 91 10 01 	lds	r24, 0x0110	; 0x800110 <motorTimeVariable>
    1a34:	90 91 11 01 	lds	r25, 0x0111	; 0x800111 <motorTimeVariable+0x1>
    1a38:	0c 94 96 0a 	jmp	0x152c	; 0x152c <Print::print(int, int) [clone .constprop.29]>

00001a3c <Print::println(char const*) [clone .constprop.24]>:
println():
/home/oggy/.arduino15/packages/MiniCore/hardware/avr/3.1.2/cores/MCUdude_corefiles/Print.cpp:138
  size_t n = print(s);
  n += println();
  return n;
}

size_t Print::println(const char c[])
    1a3c:	cf 93       	push	r28
    1a3e:	df 93       	push	r29
write():
    1a40:	bc 01       	movw	r22, r24
    1a42:	82 e6       	ldi	r24, 0x62	; 98
    1a44:	96 e0       	ldi	r25, 0x06	; 6
    1a46:	0e 94 3b 0a 	call	0x1476	; 0x1476 <Print::write(char const*) [clone .part.2]>
    1a4a:	ec 01       	movw	r28, r24
    1a4c:	6b e8       	ldi	r22, 0x8B	; 139
    1a4e:	72 e0       	ldi	r23, 0x02	; 2
    1a50:	82 e6       	ldi	r24, 0x62	; 98
    1a52:	96 e0       	ldi	r25, 0x06	; 6
    1a54:	0e 94 3b 0a 	call	0x1476	; 0x1476 <Print::write(char const*) [clone .part.2]>
println():
/home/oggy/.arduino15/packages/MiniCore/hardware/avr/3.1.2/cores/MCUdude_corefiles/Print.cpp:143
{
  size_t n = print(c);
  n += println();
  return n;
}
    1a58:	8c 0f       	add	r24, r28
    1a5a:	9d 1f       	adc	r25, r29
    1a5c:	df 91       	pop	r29
    1a5e:	cf 91       	pop	r28
    1a60:	08 95       	ret

00001a62 <unsigned char& EEPROMClass::get<unsigned char>(int, unsigned char&) [clone .isra.11]>:
_ZN11EEPROMClass3getIhEERT_iS2_.isra.11():
/home/oggy/.arduino15/packages/MiniCore/hardware/avr/3.1.2/libraries/EEPROM/src/EEPROM.h:130
    EEPtr begin()                        { return 0x00; }
    EEPtr end()                          { return length(); } //Standards requires this to be the item after the last valid entry. The returned pointer is invalid.
    uint16_t length()                    { return E2END + 1; }
    
    //Functionality to 'get' and 'put' objects to and from EEPROM.
    template< typename T > T &get( int idx, T &t ){
    1a62:	cf 93       	push	r28
    1a64:	df 93       	push	r29
    1a66:	eb 01       	movw	r28, r22
operator*():
/home/oggy/.arduino15/packages/MiniCore/hardware/avr/3.1.2/libraries/EEPROM/src/EEPROM.h:42

    EERef( const int index )
        : index( index )                 {}
    
    //Access/read members.
    uint8_t operator*() const            { return eeprom_read_byte( (uint8_t*) index ); }
    1a68:	0e 94 7b 21 	call	0x42f6	; 0x42f6 <eeprom_read_byte>
_ZN11EEPROMClass3getIhEERT_iS2_.isra.11():
/home/oggy/.arduino15/packages/MiniCore/hardware/avr/3.1.2/libraries/EEPROM/src/EEPROM.h:133
    
    //Functionality to 'get' and 'put' objects to and from EEPROM.
    template< typename T > T &get( int idx, T &t ){
        EEPtr e = idx;
        uint8_t *ptr = (uint8_t*) &t;
        for( int count = sizeof(T) ; count ; --count, ++e )  *ptr++ = *e;
    1a6c:	88 83       	st	Y, r24
/home/oggy/.arduino15/packages/MiniCore/hardware/avr/3.1.2/libraries/EEPROM/src/EEPROM.h:135
        return t;
    }
    1a6e:	ce 01       	movw	r24, r28
    1a70:	df 91       	pop	r29
    1a72:	cf 91       	pop	r28
    1a74:	08 95       	ret

00001a76 <int& EEPROMClass::get<int>(int, int&) [clone .isra.10]>:
_ZN11EEPROMClass3getIiEERT_iS2_.isra.10():
/home/oggy/.arduino15/packages/MiniCore/hardware/avr/3.1.2/libraries/EEPROM/src/EEPROM.h:130
    EEPtr begin()                        { return 0x00; }
    EEPtr end()                          { return length(); } //Standards requires this to be the item after the last valid entry. The returned pointer is invalid.
    uint16_t length()                    { return E2END + 1; }
    
    //Functionality to 'get' and 'put' objects to and from EEPROM.
    template< typename T > T &get( int idx, T &t ){
    1a76:	0f 93       	push	r16
    1a78:	1f 93       	push	r17
    1a7a:	cf 93       	push	r28
    1a7c:	df 93       	push	r29
    1a7e:	8c 01       	movw	r16, r24
    1a80:	eb 01       	movw	r28, r22
operator*():
/home/oggy/.arduino15/packages/MiniCore/hardware/avr/3.1.2/libraries/EEPROM/src/EEPROM.h:42

    EERef( const int index )
        : index( index )                 {}
    
    //Access/read members.
    uint8_t operator*() const            { return eeprom_read_byte( (uint8_t*) index ); }
    1a82:	0e 94 7b 21 	call	0x42f6	; 0x42f6 <eeprom_read_byte>
_ZN11EEPROMClass3getIiEERT_iS2_.isra.10():
/home/oggy/.arduino15/packages/MiniCore/hardware/avr/3.1.2/libraries/EEPROM/src/EEPROM.h:133
    
    //Functionality to 'get' and 'put' objects to and from EEPROM.
    template< typename T > T &get( int idx, T &t ){
        EEPtr e = idx;
        uint8_t *ptr = (uint8_t*) &t;
        for( int count = sizeof(T) ; count ; --count, ++e )  *ptr++ = *e;
    1a86:	88 83       	st	Y, r24
operator*():
/home/oggy/.arduino15/packages/MiniCore/hardware/avr/3.1.2/libraries/EEPROM/src/EEPROM.h:42

    EERef( const int index )
        : index( index )                 {}
    
    //Access/read members.
    uint8_t operator*() const            { return eeprom_read_byte( (uint8_t*) index ); }
    1a88:	c8 01       	movw	r24, r16
    1a8a:	01 96       	adiw	r24, 0x01	; 1
    1a8c:	0e 94 7b 21 	call	0x42f6	; 0x42f6 <eeprom_read_byte>
_ZN11EEPROMClass3getIiEERT_iS2_.isra.10():
/home/oggy/.arduino15/packages/MiniCore/hardware/avr/3.1.2/libraries/EEPROM/src/EEPROM.h:133
    
    //Functionality to 'get' and 'put' objects to and from EEPROM.
    template< typename T > T &get( int idx, T &t ){
        EEPtr e = idx;
        uint8_t *ptr = (uint8_t*) &t;
        for( int count = sizeof(T) ; count ; --count, ++e )  *ptr++ = *e;
    1a90:	89 83       	std	Y+1, r24	; 0x01
/home/oggy/.arduino15/packages/MiniCore/hardware/avr/3.1.2/libraries/EEPROM/src/EEPROM.h:135
        return t;
    }
    1a92:	ce 01       	movw	r24, r28
    1a94:	df 91       	pop	r29
    1a96:	cf 91       	pop	r28
    1a98:	1f 91       	pop	r17
    1a9a:	0f 91       	pop	r16
    1a9c:	08 95       	ret

00001a9e <String::reserve(unsigned int)>:
reserve():
/home/oggy/.arduino15/packages/MiniCore/hardware/avr/3.1.2/cores/MCUdude_corefiles/WString.cpp:147
  buffer = NULL;
  capacity = len = 0;
}

unsigned char String::reserve(unsigned int size)
{
    1a9e:	0f 93       	push	r16
    1aa0:	1f 93       	push	r17
    1aa2:	cf 93       	push	r28
    1aa4:	df 93       	push	r29
    1aa6:	ec 01       	movw	r28, r24
/home/oggy/.arduino15/packages/MiniCore/hardware/avr/3.1.2/cores/MCUdude_corefiles/WString.cpp:148
  if (buffer && capacity >= size) return 1;
    1aa8:	88 81       	ld	r24, Y
    1aaa:	99 81       	ldd	r25, Y+1	; 0x01
    1aac:	00 97       	sbiw	r24, 0x00	; 0
    1aae:	59 f0       	breq	.+22     	; 0x1ac6 <String::reserve(unsigned int)+0x28>
    1ab0:	2a 81       	ldd	r18, Y+2	; 0x02
    1ab2:	3b 81       	ldd	r19, Y+3	; 0x03
    1ab4:	26 17       	cp	r18, r22
    1ab6:	37 07       	cpc	r19, r23
    1ab8:	30 f0       	brcs	.+12     	; 0x1ac6 <String::reserve(unsigned int)+0x28>
/home/oggy/.arduino15/packages/MiniCore/hardware/avr/3.1.2/cores/MCUdude_corefiles/WString.cpp:150
  if (changeBuffer(size)) {
    if (len == 0) buffer[0] = 0;
    1aba:	81 e0       	ldi	r24, 0x01	; 1
/home/oggy/.arduino15/packages/MiniCore/hardware/avr/3.1.2/cores/MCUdude_corefiles/WString.cpp:154
    return 1;
  }
  return 0;
}
    1abc:	df 91       	pop	r29
    1abe:	cf 91       	pop	r28
    1ac0:	1f 91       	pop	r17
    1ac2:	0f 91       	pop	r16
    1ac4:	08 95       	ret
    1ac6:	8b 01       	movw	r16, r22
changeBuffer():
/home/oggy/.arduino15/packages/MiniCore/hardware/avr/3.1.2/cores/MCUdude_corefiles/WString.cpp:158

unsigned char String::changeBuffer(unsigned int maxStrLen)
{
  char *newbuffer = (char *)realloc(buffer, maxStrLen + 1);
    1ac8:	6f 5f       	subi	r22, 0xFF	; 255
    1aca:	7f 4f       	sbci	r23, 0xFF	; 255
    1acc:	0e 94 57 24 	call	0x48ae	; 0x48ae <realloc>
/home/oggy/.arduino15/packages/MiniCore/hardware/avr/3.1.2/cores/MCUdude_corefiles/WString.cpp:159
  if (newbuffer) {
    1ad0:	00 97       	sbiw	r24, 0x00	; 0
    1ad2:	59 f0       	breq	.+22     	; 0x1aea <String::reserve(unsigned int)+0x4c>
/home/oggy/.arduino15/packages/MiniCore/hardware/avr/3.1.2/cores/MCUdude_corefiles/WString.cpp:160
    buffer = newbuffer;
    1ad4:	99 83       	std	Y+1, r25	; 0x01
    1ad6:	88 83       	st	Y, r24
/home/oggy/.arduino15/packages/MiniCore/hardware/avr/3.1.2/cores/MCUdude_corefiles/WString.cpp:161
    capacity = maxStrLen;
    1ad8:	1b 83       	std	Y+3, r17	; 0x03
    1ada:	0a 83       	std	Y+2, r16	; 0x02
reserve():
/home/oggy/.arduino15/packages/MiniCore/hardware/avr/3.1.2/cores/MCUdude_corefiles/WString.cpp:150

unsigned char String::reserve(unsigned int size)
{
  if (buffer && capacity >= size) return 1;
  if (changeBuffer(size)) {
    if (len == 0) buffer[0] = 0;
    1adc:	2c 81       	ldd	r18, Y+4	; 0x04
    1ade:	3d 81       	ldd	r19, Y+5	; 0x05
    1ae0:	23 2b       	or	r18, r19
    1ae2:	59 f7       	brne	.-42     	; 0x1aba <String::reserve(unsigned int)+0x1c>
    1ae4:	fc 01       	movw	r30, r24
    1ae6:	10 82       	st	Z, r1
    1ae8:	e8 cf       	rjmp	.-48     	; 0x1aba <String::reserve(unsigned int)+0x1c>
/home/oggy/.arduino15/packages/MiniCore/hardware/avr/3.1.2/cores/MCUdude_corefiles/WString.cpp:153
    return 1;
  }
  return 0;
    1aea:	80 e0       	ldi	r24, 0x00	; 0
    1aec:	e7 cf       	rjmp	.-50     	; 0x1abc <String::reserve(unsigned int)+0x1e>

00001aee <String::concat(char const*, unsigned int)>:
concat():
/home/oggy/.arduino15/packages/MiniCore/hardware/avr/3.1.2/cores/MCUdude_corefiles/WString.cpp:265
{
  return concat(s.buffer, s.len);
}

unsigned char String::concat(const char *cstr, unsigned int length)
{
    1aee:	ef 92       	push	r14
    1af0:	ff 92       	push	r15
    1af2:	0f 93       	push	r16
    1af4:	1f 93       	push	r17
    1af6:	cf 93       	push	r28
    1af8:	df 93       	push	r29
/home/oggy/.arduino15/packages/MiniCore/hardware/avr/3.1.2/cores/MCUdude_corefiles/WString.cpp:267
  unsigned int newlen = len + length;
  if (!cstr) return 0;
    1afa:	61 15       	cp	r22, r1
    1afc:	71 05       	cpc	r23, r1
    1afe:	41 f4       	brne	.+16     	; 0x1b10 <String::concat(char const*, unsigned int)+0x22>
    1b00:	80 e0       	ldi	r24, 0x00	; 0
/home/oggy/.arduino15/packages/MiniCore/hardware/avr/3.1.2/cores/MCUdude_corefiles/WString.cpp:273
  if (length == 0) return 1;
  if (!reserve(newlen)) return 0;
  strcpy(buffer + len, cstr);
  len = newlen;
  return 1;
}
    1b02:	df 91       	pop	r29
    1b04:	cf 91       	pop	r28
    1b06:	1f 91       	pop	r17
    1b08:	0f 91       	pop	r16
    1b0a:	ff 90       	pop	r15
    1b0c:	ef 90       	pop	r14
    1b0e:	08 95       	ret
/home/oggy/.arduino15/packages/MiniCore/hardware/avr/3.1.2/cores/MCUdude_corefiles/WString.cpp:268

unsigned char String::concat(const char *cstr, unsigned int length)
{
  unsigned int newlen = len + length;
  if (!cstr) return 0;
  if (length == 0) return 1;
    1b10:	41 15       	cp	r20, r1
    1b12:	51 05       	cpc	r21, r1
    1b14:	b1 f0       	breq	.+44     	; 0x1b42 <String::concat(char const*, unsigned int)+0x54>
    1b16:	7b 01       	movw	r14, r22
    1b18:	ec 01       	movw	r28, r24
/home/oggy/.arduino15/packages/MiniCore/hardware/avr/3.1.2/cores/MCUdude_corefiles/WString.cpp:266
  return concat(s.buffer, s.len);
}

unsigned char String::concat(const char *cstr, unsigned int length)
{
  unsigned int newlen = len + length;
    1b1a:	0c 81       	ldd	r16, Y+4	; 0x04
    1b1c:	1d 81       	ldd	r17, Y+5	; 0x05
    1b1e:	04 0f       	add	r16, r20
    1b20:	15 1f       	adc	r17, r21
/home/oggy/.arduino15/packages/MiniCore/hardware/avr/3.1.2/cores/MCUdude_corefiles/WString.cpp:269
  if (!cstr) return 0;
  if (length == 0) return 1;
  if (!reserve(newlen)) return 0;
    1b22:	b8 01       	movw	r22, r16
    1b24:	0e 94 4f 0d 	call	0x1a9e	; 0x1a9e <String::reserve(unsigned int)>
    1b28:	88 23       	and	r24, r24
    1b2a:	51 f3       	breq	.-44     	; 0x1b00 <String::concat(char const*, unsigned int)+0x12>
/home/oggy/.arduino15/packages/MiniCore/hardware/avr/3.1.2/cores/MCUdude_corefiles/WString.cpp:270
  strcpy(buffer + len, cstr);
    1b2c:	28 81       	ld	r18, Y
    1b2e:	39 81       	ldd	r19, Y+1	; 0x01
    1b30:	8c 81       	ldd	r24, Y+4	; 0x04
    1b32:	9d 81       	ldd	r25, Y+5	; 0x05
    1b34:	b7 01       	movw	r22, r14
    1b36:	82 0f       	add	r24, r18
    1b38:	93 1f       	adc	r25, r19
    1b3a:	0e 94 1d 25 	call	0x4a3a	; 0x4a3a <strcpy>
/home/oggy/.arduino15/packages/MiniCore/hardware/avr/3.1.2/cores/MCUdude_corefiles/WString.cpp:271
  len = newlen;
    1b3e:	1d 83       	std	Y+5, r17	; 0x05
    1b40:	0c 83       	std	Y+4, r16	; 0x04
/home/oggy/.arduino15/packages/MiniCore/hardware/avr/3.1.2/cores/MCUdude_corefiles/WString.cpp:268

unsigned char String::concat(const char *cstr, unsigned int length)
{
  unsigned int newlen = len + length;
  if (!cstr) return 0;
  if (length == 0) return 1;
    1b42:	81 e0       	ldi	r24, 0x01	; 1
    1b44:	de cf       	rjmp	.-68     	; 0x1b02 <String::concat(char const*, unsigned int)+0x14>

00001b46 <String::concat(String const&)>:
/home/oggy/.arduino15/packages/MiniCore/hardware/avr/3.1.2/cores/MCUdude_corefiles/WString.cpp:261
/*  concat                                   */
/*********************************************/

unsigned char String::concat(const String &s)
{
  return concat(s.buffer, s.len);
    1b46:	fb 01       	movw	r30, r22
    1b48:	44 81       	ldd	r20, Z+4	; 0x04
    1b4a:	55 81       	ldd	r21, Z+5	; 0x05
    1b4c:	60 81       	ld	r22, Z
    1b4e:	71 81       	ldd	r23, Z+1	; 0x01
    1b50:	0c 94 77 0d 	jmp	0x1aee	; 0x1aee <String::concat(char const*, unsigned int)>

00001b54 <String::invalidate()>:
invalidate():
/home/oggy/.arduino15/packages/MiniCore/hardware/avr/3.1.2/cores/MCUdude_corefiles/WString.cpp:140
  capacity = 0;
  len = 0;
}

void String::invalidate(void)
{
    1b54:	cf 93       	push	r28
    1b56:	df 93       	push	r29
    1b58:	ec 01       	movw	r28, r24
/home/oggy/.arduino15/packages/MiniCore/hardware/avr/3.1.2/cores/MCUdude_corefiles/WString.cpp:141
  if (buffer) free(buffer);
    1b5a:	88 81       	ld	r24, Y
    1b5c:	99 81       	ldd	r25, Y+1	; 0x01
    1b5e:	00 97       	sbiw	r24, 0x00	; 0
    1b60:	11 f0       	breq	.+4      	; 0x1b66 <String::invalidate()+0x12>
    1b62:	0e 94 ce 23 	call	0x479c	; 0x479c <free>
/home/oggy/.arduino15/packages/MiniCore/hardware/avr/3.1.2/cores/MCUdude_corefiles/WString.cpp:142
  buffer = NULL;
    1b66:	19 82       	std	Y+1, r1	; 0x01
    1b68:	18 82       	st	Y, r1
/home/oggy/.arduino15/packages/MiniCore/hardware/avr/3.1.2/cores/MCUdude_corefiles/WString.cpp:143
  capacity = len = 0;
    1b6a:	1d 82       	std	Y+5, r1	; 0x05
    1b6c:	1c 82       	std	Y+4, r1	; 0x04
    1b6e:	1b 82       	std	Y+3, r1	; 0x03
    1b70:	1a 82       	std	Y+2, r1	; 0x02
/home/oggy/.arduino15/packages/MiniCore/hardware/avr/3.1.2/cores/MCUdude_corefiles/WString.cpp:144
}
    1b72:	df 91       	pop	r29
    1b74:	cf 91       	pop	r28
    1b76:	08 95       	ret

00001b78 <operator+(StringSumHelper const&, String const&)>:
operator+():
/home/oggy/.arduino15/packages/MiniCore/hardware/avr/3.1.2/cores/MCUdude_corefiles/WString.cpp:355
/*********************************************/
/*  Concatenate                              */
/*********************************************/

StringSumHelper & operator + (const StringSumHelper &lhs, const String &rhs)
{
    1b78:	cf 93       	push	r28
    1b7a:	df 93       	push	r29
    1b7c:	ec 01       	movw	r28, r24
/home/oggy/.arduino15/packages/MiniCore/hardware/avr/3.1.2/cores/MCUdude_corefiles/WString.cpp:357
  StringSumHelper &a = const_cast<StringSumHelper&>(lhs);
  if (!a.concat(rhs.buffer, rhs.len)) a.invalidate();
    1b7e:	fb 01       	movw	r30, r22
    1b80:	44 81       	ldd	r20, Z+4	; 0x04
    1b82:	55 81       	ldd	r21, Z+5	; 0x05
    1b84:	60 81       	ld	r22, Z
    1b86:	71 81       	ldd	r23, Z+1	; 0x01
    1b88:	0e 94 77 0d 	call	0x1aee	; 0x1aee <String::concat(char const*, unsigned int)>
    1b8c:	81 11       	cpse	r24, r1
    1b8e:	03 c0       	rjmp	.+6      	; 0x1b96 <operator+(StringSumHelper const&, String const&)+0x1e>
    1b90:	ce 01       	movw	r24, r28
    1b92:	0e 94 aa 0d 	call	0x1b54	; 0x1b54 <String::invalidate()>
/home/oggy/.arduino15/packages/MiniCore/hardware/avr/3.1.2/cores/MCUdude_corefiles/WString.cpp:359
  return a;
}
    1b96:	ce 01       	movw	r24, r28
    1b98:	df 91       	pop	r29
    1b9a:	cf 91       	pop	r28
    1b9c:	08 95       	ret

00001b9e <String::copy(char const*, unsigned int)>:
copy():
/home/oggy/.arduino15/packages/MiniCore/hardware/avr/3.1.2/cores/MCUdude_corefiles/WString.cpp:172
/*********************************************/
/*  Copy and Move                            */
/*********************************************/

String & String::copy(const char *cstr, unsigned int length)
{
    1b9e:	ef 92       	push	r14
    1ba0:	ff 92       	push	r15
    1ba2:	0f 93       	push	r16
    1ba4:	1f 93       	push	r17
    1ba6:	cf 93       	push	r28
    1ba8:	df 93       	push	r29
    1baa:	ec 01       	movw	r28, r24
    1bac:	7b 01       	movw	r14, r22
    1bae:	8a 01       	movw	r16, r20
/home/oggy/.arduino15/packages/MiniCore/hardware/avr/3.1.2/cores/MCUdude_corefiles/WString.cpp:173
  if (!reserve(length)) {
    1bb0:	ba 01       	movw	r22, r20
    1bb2:	0e 94 4f 0d 	call	0x1a9e	; 0x1a9e <String::reserve(unsigned int)>
    1bb6:	81 11       	cpse	r24, r1
    1bb8:	0b c0       	rjmp	.+22     	; 0x1bd0 <String::copy(char const*, unsigned int)+0x32>
/home/oggy/.arduino15/packages/MiniCore/hardware/avr/3.1.2/cores/MCUdude_corefiles/WString.cpp:174
    invalidate();
    1bba:	ce 01       	movw	r24, r28
    1bbc:	0e 94 aa 0d 	call	0x1b54	; 0x1b54 <String::invalidate()>
/home/oggy/.arduino15/packages/MiniCore/hardware/avr/3.1.2/cores/MCUdude_corefiles/WString.cpp:180
    return *this;
  }
  len = length;
  strcpy(buffer, cstr);
  return *this;
}
    1bc0:	ce 01       	movw	r24, r28
    1bc2:	df 91       	pop	r29
    1bc4:	cf 91       	pop	r28
    1bc6:	1f 91       	pop	r17
    1bc8:	0f 91       	pop	r16
    1bca:	ff 90       	pop	r15
    1bcc:	ef 90       	pop	r14
    1bce:	08 95       	ret
/home/oggy/.arduino15/packages/MiniCore/hardware/avr/3.1.2/cores/MCUdude_corefiles/WString.cpp:177
{
  if (!reserve(length)) {
    invalidate();
    return *this;
  }
  len = length;
    1bd0:	1d 83       	std	Y+5, r17	; 0x05
    1bd2:	0c 83       	std	Y+4, r16	; 0x04
/home/oggy/.arduino15/packages/MiniCore/hardware/avr/3.1.2/cores/MCUdude_corefiles/WString.cpp:178
  strcpy(buffer, cstr);
    1bd4:	b7 01       	movw	r22, r14
    1bd6:	88 81       	ld	r24, Y
    1bd8:	99 81       	ldd	r25, Y+1	; 0x01
    1bda:	0e 94 1d 25 	call	0x4a3a	; 0x4a3a <strcpy>
    1bde:	f0 cf       	rjmp	.-32     	; 0x1bc0 <String::copy(char const*, unsigned int)+0x22>

00001be0 <String::operator=(char const*) [clone .part.3]>:
_ZN6StringaSEPKc.part.3():
/home/oggy/.arduino15/packages/MiniCore/hardware/avr/3.1.2/cores/MCUdude_corefiles/WString.cpp:241
}
#endif

String & String::operator = (const char *cstr)
{
  if (cstr) copy(cstr, strlen(cstr));
    1be0:	fb 01       	movw	r30, r22
    1be2:	01 90       	ld	r0, Z+
    1be4:	00 20       	and	r0, r0
    1be6:	e9 f7       	brne	.-6      	; 0x1be2 <String::operator=(char const*) [clone .part.3]+0x2>
    1be8:	31 97       	sbiw	r30, 0x01	; 1
    1bea:	af 01       	movw	r20, r30
    1bec:	46 1b       	sub	r20, r22
    1bee:	57 0b       	sbc	r21, r23
    1bf0:	0c 94 cf 0d 	jmp	0x1b9e	; 0x1b9e <String::copy(char const*, unsigned int)>

00001bf4 <String::String(int, unsigned char) [clone .constprop.22]>:
__base_ctor ():
/home/oggy/.arduino15/packages/MiniCore/hardware/avr/3.1.2/cores/MCUdude_corefiles/WString.cpp:76
  char buf[1 + 8 * sizeof(unsigned char)];
  utoa(value, buf, base);
  *this = buf;
}

String::String(int value, unsigned char base)
    1bf4:	0f 93       	push	r16
    1bf6:	1f 93       	push	r17
    1bf8:	cf 93       	push	r28
    1bfa:	df 93       	push	r29
    1bfc:	cd b7       	in	r28, 0x3d	; 61
    1bfe:	de b7       	in	r29, 0x3e	; 62
    1c00:	62 97       	sbiw	r28, 0x12	; 18
    1c02:	0f b6       	in	r0, 0x3f	; 63
    1c04:	f8 94       	cli
    1c06:	de bf       	out	0x3e, r29	; 62
    1c08:	0f be       	out	0x3f, r0	; 63
    1c0a:	cd bf       	out	0x3d, r28	; 61
    1c0c:	8c 01       	movw	r16, r24
    1c0e:	cb 01       	movw	r24, r22
_ZN6String4initEv():
/home/oggy/.arduino15/packages/MiniCore/hardware/avr/3.1.2/cores/MCUdude_corefiles/WString.cpp:134
/*  Memory Management                        */
/*********************************************/

inline void String::init(void)
{
  buffer = NULL;
    1c10:	f8 01       	movw	r30, r16
    1c12:	11 82       	std	Z+1, r1	; 0x01
    1c14:	10 82       	st	Z, r1
/home/oggy/.arduino15/packages/MiniCore/hardware/avr/3.1.2/cores/MCUdude_corefiles/WString.cpp:135
  capacity = 0;
    1c16:	13 82       	std	Z+3, r1	; 0x03
    1c18:	12 82       	std	Z+2, r1	; 0x02
/home/oggy/.arduino15/packages/MiniCore/hardware/avr/3.1.2/cores/MCUdude_corefiles/WString.cpp:136
  len = 0;
    1c1a:	15 82       	std	Z+5, r1	; 0x05
    1c1c:	14 82       	std	Z+4, r1	; 0x04
itoa():
/home/oggy/.arduino15/packages/arduino/tools/avr-gcc/7.3.0-atmel3.6.1-arduino7/avr/include/stdlib.h:439
    } else if (__radix < 2 || __radix > 36) {
	*__s = 0;
	return __s;
    } else {
	extern char *__itoa_ncheck (int, char *, unsigned char);
	return __itoa_ncheck (__val, __s, __radix);
    1c1e:	4a e0       	ldi	r20, 0x0A	; 10
    1c20:	be 01       	movw	r22, r28
    1c22:	6f 5f       	subi	r22, 0xFF	; 255
    1c24:	7f 4f       	sbci	r23, 0xFF	; 255
    1c26:	0e 94 05 20 	call	0x400a	; 0x400a <__itoa_ncheck>
operator=():
    1c2a:	be 01       	movw	r22, r28
    1c2c:	6f 5f       	subi	r22, 0xFF	; 255
    1c2e:	7f 4f       	sbci	r23, 0xFF	; 255
    1c30:	c8 01       	movw	r24, r16
    1c32:	0e 94 f0 0d 	call	0x1be0	; 0x1be0 <String::operator=(char const*) [clone .part.3]>
__base_ctor ():
/home/oggy/.arduino15/packages/MiniCore/hardware/avr/3.1.2/cores/MCUdude_corefiles/WString.cpp:82
{
  init();
  char buf[2 + 8 * sizeof(int)];
  itoa(value, buf, base);
  *this = buf;
}
    1c36:	62 96       	adiw	r28, 0x12	; 18
    1c38:	0f b6       	in	r0, 0x3f	; 63
    1c3a:	f8 94       	cli
    1c3c:	de bf       	out	0x3e, r29	; 62
    1c3e:	0f be       	out	0x3f, r0	; 63
    1c40:	cd bf       	out	0x3d, r28	; 61
    1c42:	df 91       	pop	r29
    1c44:	cf 91       	pop	r28
    1c46:	1f 91       	pop	r17
    1c48:	0f 91       	pop	r16
    1c4a:	08 95       	ret

00001c4c <String::String(unsigned char, unsigned char) [clone .constprop.21]>:
/home/oggy/.arduino15/packages/MiniCore/hardware/avr/3.1.2/cores/MCUdude_corefiles/WString.cpp:68
  buf[0] = c;
  buf[1] = 0;
  *this = buf;
}

String::String(unsigned char value, unsigned char base)
    1c4c:	0f 93       	push	r16
    1c4e:	1f 93       	push	r17
    1c50:	cf 93       	push	r28
    1c52:	df 93       	push	r29
    1c54:	cd b7       	in	r28, 0x3d	; 61
    1c56:	de b7       	in	r29, 0x3e	; 62
    1c58:	29 97       	sbiw	r28, 0x09	; 9
    1c5a:	0f b6       	in	r0, 0x3f	; 63
    1c5c:	f8 94       	cli
    1c5e:	de bf       	out	0x3e, r29	; 62
    1c60:	0f be       	out	0x3f, r0	; 63
    1c62:	cd bf       	out	0x3d, r28	; 61
    1c64:	8c 01       	movw	r16, r24
    1c66:	86 2f       	mov	r24, r22
_ZN6String4initEv():
/home/oggy/.arduino15/packages/MiniCore/hardware/avr/3.1.2/cores/MCUdude_corefiles/WString.cpp:134
/*  Memory Management                        */
/*********************************************/

inline void String::init(void)
{
  buffer = NULL;
    1c68:	f8 01       	movw	r30, r16
    1c6a:	11 82       	std	Z+1, r1	; 0x01
    1c6c:	10 82       	st	Z, r1
/home/oggy/.arduino15/packages/MiniCore/hardware/avr/3.1.2/cores/MCUdude_corefiles/WString.cpp:135
  capacity = 0;
    1c6e:	13 82       	std	Z+3, r1	; 0x03
    1c70:	12 82       	std	Z+2, r1	; 0x02
/home/oggy/.arduino15/packages/MiniCore/hardware/avr/3.1.2/cores/MCUdude_corefiles/WString.cpp:136
  len = 0;
    1c72:	15 82       	std	Z+5, r1	; 0x05
    1c74:	14 82       	std	Z+4, r1	; 0x04
utoa():
/home/oggy/.arduino15/packages/arduino/tools/avr-gcc/7.3.0-atmel3.6.1-arduino7/avr/include/stdlib.h:527
    } else if (__radix < 2 || __radix > 36) {
	*__s = 0;
	return __s;
    } else {
	extern char *__utoa_ncheck (unsigned int, char *, unsigned char);
	return __utoa_ncheck (__val, __s, __radix);
    1c76:	4a e0       	ldi	r20, 0x0A	; 10
    1c78:	be 01       	movw	r22, r28
    1c7a:	6f 5f       	subi	r22, 0xFF	; 255
    1c7c:	7f 4f       	sbci	r23, 0xFF	; 255
    1c7e:	90 e0       	ldi	r25, 0x00	; 0
    1c80:	0e 94 32 20 	call	0x4064	; 0x4064 <__utoa_ncheck>
operator=():
    1c84:	be 01       	movw	r22, r28
    1c86:	6f 5f       	subi	r22, 0xFF	; 255
    1c88:	7f 4f       	sbci	r23, 0xFF	; 255
    1c8a:	c8 01       	movw	r24, r16
    1c8c:	0e 94 f0 0d 	call	0x1be0	; 0x1be0 <String::operator=(char const*) [clone .part.3]>
__base_ctor ():
/home/oggy/.arduino15/packages/MiniCore/hardware/avr/3.1.2/cores/MCUdude_corefiles/WString.cpp:74
{
  init();
  char buf[1 + 8 * sizeof(unsigned char)];
  utoa(value, buf, base);
  *this = buf;
}
    1c90:	29 96       	adiw	r28, 0x09	; 9
    1c92:	0f b6       	in	r0, 0x3f	; 63
    1c94:	f8 94       	cli
    1c96:	de bf       	out	0x3e, r29	; 62
    1c98:	0f be       	out	0x3f, r0	; 63
    1c9a:	cd bf       	out	0x3d, r28	; 61
    1c9c:	df 91       	pop	r29
    1c9e:	cf 91       	pop	r28
    1ca0:	1f 91       	pop	r17
    1ca2:	0f 91       	pop	r16
    1ca4:	08 95       	ret

00001ca6 <String::String(String const&)>:
/home/oggy/.arduino15/packages/MiniCore/hardware/avr/3.1.2/cores/MCUdude_corefiles/WString.cpp:34
{
  init();
  if (cstr) copy(cstr, strlen(cstr));
}

String::String(const String &value)
    1ca6:	fb 01       	movw	r30, r22
_ZN6String4initEv():
/home/oggy/.arduino15/packages/MiniCore/hardware/avr/3.1.2/cores/MCUdude_corefiles/WString.cpp:134
/*  Memory Management                        */
/*********************************************/

inline void String::init(void)
{
  buffer = NULL;
    1ca8:	dc 01       	movw	r26, r24
    1caa:	11 96       	adiw	r26, 0x01	; 1
    1cac:	1c 92       	st	X, r1
    1cae:	1e 92       	st	-X, r1
/home/oggy/.arduino15/packages/MiniCore/hardware/avr/3.1.2/cores/MCUdude_corefiles/WString.cpp:135
  capacity = 0;
    1cb0:	13 96       	adiw	r26, 0x03	; 3
    1cb2:	1c 92       	st	X, r1
    1cb4:	1e 92       	st	-X, r1
    1cb6:	12 97       	sbiw	r26, 0x02	; 2
/home/oggy/.arduino15/packages/MiniCore/hardware/avr/3.1.2/cores/MCUdude_corefiles/WString.cpp:136
  len = 0;
    1cb8:	15 96       	adiw	r26, 0x05	; 5
    1cba:	1c 92       	st	X, r1
    1cbc:	1e 92       	st	-X, r1
    1cbe:	14 97       	sbiw	r26, 0x04	; 4
operator=():
/home/oggy/.arduino15/packages/MiniCore/hardware/avr/3.1.2/cores/MCUdude_corefiles/WString.cpp:217
}
#endif

String & String::operator = (const String &rhs)
{
  if (this == &rhs) return *this;
    1cc0:	86 17       	cp	r24, r22
    1cc2:	97 07       	cpc	r25, r23
    1cc4:	49 f0       	breq	.+18     	; 0x1cd8 <String::String(String const&)+0x32>
/home/oggy/.arduino15/packages/MiniCore/hardware/avr/3.1.2/cores/MCUdude_corefiles/WString.cpp:219
  
  if (rhs.buffer) copy(rhs.buffer, rhs.len);
    1cc6:	60 81       	ld	r22, Z
    1cc8:	71 81       	ldd	r23, Z+1	; 0x01
    1cca:	61 15       	cp	r22, r1
    1ccc:	71 05       	cpc	r23, r1
    1cce:	21 f0       	breq	.+8      	; 0x1cd8 <String::String(String const&)+0x32>
    1cd0:	44 81       	ldd	r20, Z+4	; 0x04
    1cd2:	55 81       	ldd	r21, Z+5	; 0x05
    1cd4:	0c 94 cf 0d 	jmp	0x1b9e	; 0x1b9e <String::copy(char const*, unsigned int)>
__base_ctor ():
/home/oggy/.arduino15/packages/MiniCore/hardware/avr/3.1.2/cores/MCUdude_corefiles/WString.cpp:38

String::String(const String &value)
{
  init();
  *this = value;
}
    1cd8:	08 95       	ret

00001cda <String::String(char const*)>:
_ZN6String4initEv():
/home/oggy/.arduino15/packages/MiniCore/hardware/avr/3.1.2/cores/MCUdude_corefiles/WString.cpp:134
/*  Memory Management                        */
/*********************************************/

inline void String::init(void)
{
  buffer = NULL;
    1cda:	fc 01       	movw	r30, r24
    1cdc:	11 82       	std	Z+1, r1	; 0x01
    1cde:	10 82       	st	Z, r1
/home/oggy/.arduino15/packages/MiniCore/hardware/avr/3.1.2/cores/MCUdude_corefiles/WString.cpp:135
  capacity = 0;
    1ce0:	13 82       	std	Z+3, r1	; 0x03
    1ce2:	12 82       	std	Z+2, r1	; 0x02
/home/oggy/.arduino15/packages/MiniCore/hardware/avr/3.1.2/cores/MCUdude_corefiles/WString.cpp:136
  len = 0;
    1ce4:	15 82       	std	Z+5, r1	; 0x05
    1ce6:	14 82       	std	Z+4, r1	; 0x04
__base_ctor ():
/home/oggy/.arduino15/packages/MiniCore/hardware/avr/3.1.2/cores/MCUdude_corefiles/WString.cpp:31
/*********************************************/

String::String(const char *cstr)
{
  init();
  if (cstr) copy(cstr, strlen(cstr));
    1ce8:	fb 01       	movw	r30, r22
    1cea:	01 90       	ld	r0, Z+
    1cec:	00 20       	and	r0, r0
    1cee:	e9 f7       	brne	.-6      	; 0x1cea <String::String(char const*)+0x10>
    1cf0:	31 97       	sbiw	r30, 0x01	; 1
    1cf2:	af 01       	movw	r20, r30
    1cf4:	46 1b       	sub	r20, r22
    1cf6:	57 0b       	sbc	r21, r23
    1cf8:	0c 94 cf 0d 	jmp	0x1b9e	; 0x1b9e <String::copy(char const*, unsigned int)>

00001cfc <String::~String()>:
__base_dtor ():
/home/oggy/.arduino15/packages/MiniCore/hardware/avr/3.1.2/cores/MCUdude_corefiles/WString.cpp:124
  *this = dtostrf(value, (decimalPlaces + 2), decimalPlaces, buf);
}

String::~String()
{
  if(buffer)
    1cfc:	fc 01       	movw	r30, r24
    1cfe:	80 81       	ld	r24, Z
    1d00:	91 81       	ldd	r25, Z+1	; 0x01
    1d02:	00 97       	sbiw	r24, 0x00	; 0
    1d04:	11 f0       	breq	.+4      	; 0x1d0a <String::~String()+0xe>
/home/oggy/.arduino15/packages/MiniCore/hardware/avr/3.1.2/cores/MCUdude_corefiles/WString.cpp:125
    free(buffer);
    1d06:	0c 94 ce 23 	jmp	0x479c	; 0x479c <free>
/home/oggy/.arduino15/packages/MiniCore/hardware/avr/3.1.2/cores/MCUdude_corefiles/WString.cpp:126
}
    1d0a:	08 95       	ret

00001d0c <manageRack(unsigned char)>:
manageRack():
/home/oggy/Documents/arduinoprojects/padright_v1.5.2/lcd.ino:218
  if (pulseForFiveRupeeNote == availablePulses[0])
    lcd.print(" Pulse");
  else
    lcd.print(" Pulses");
}
void manageRack(byte num) {
    1d0c:	ef 92       	push	r14
    1d0e:	ff 92       	push	r15
    1d10:	0f 93       	push	r16
    1d12:	1f 93       	push	r17
    1d14:	cf 93       	push	r28
    1d16:	df 93       	push	r29
    1d18:	cd b7       	in	r28, 0x3d	; 61
    1d1a:	de b7       	in	r29, 0x3e	; 62
    1d1c:	62 97       	sbiw	r28, 0x12	; 18
    1d1e:	0f b6       	in	r0, 0x3f	; 63
    1d20:	f8 94       	cli
    1d22:	de bf       	out	0x3e, r29	; 62
    1d24:	0f be       	out	0x3f, r0	; 63
    1d26:	cd bf       	out	0x3d, r28	; 61
/home/oggy/Documents/arduinoprojects/padright_v1.5.2/lcd.ino:219
  String message = "Rack" + String(num + 1) + " Quantity";
    1d28:	08 2f       	mov	r16, r24
    1d2a:	10 e0       	ldi	r17, 0x00	; 0
    1d2c:	b8 01       	movw	r22, r16
    1d2e:	6f 5f       	subi	r22, 0xFF	; 255
    1d30:	7f 4f       	sbci	r23, 0xFF	; 255
    1d32:	ce 01       	movw	r24, r28
    1d34:	07 96       	adiw	r24, 0x07	; 7
    1d36:	0e 94 fa 0d 	call	0x1bf4	; 0x1bf4 <String::String(int, unsigned char) [clone .constprop.22]>
_ZN15StringSumHelperC2EPKc():
/home/oggy/.arduino15/packages/MiniCore/hardware/avr/3.1.2/cores/MCUdude_corefiles/WString.h:217

class StringSumHelper : public String
{
public:
  StringSumHelper(const String &s) : String(s) {}
  StringSumHelper(const char *p) : String(p) {}
    1d3a:	6c ea       	ldi	r22, 0xAC	; 172
    1d3c:	71 e0       	ldi	r23, 0x01	; 1
    1d3e:	ce 01       	movw	r24, r28
    1d40:	01 96       	adiw	r24, 0x01	; 1
    1d42:	0e 94 6d 0e 	call	0x1cda	; 0x1cda <String::String(char const*)>
manageRack():
/home/oggy/Documents/arduinoprojects/padright_v1.5.2/lcd.ino:219
    1d46:	be 01       	movw	r22, r28
    1d48:	69 5f       	subi	r22, 0xF9	; 249
    1d4a:	7f 4f       	sbci	r23, 0xFF	; 255
    1d4c:	ce 01       	movw	r24, r28
    1d4e:	01 96       	adiw	r24, 0x01	; 1
    1d50:	0e 94 bc 0d 	call	0x1b78	; 0x1b78 <operator+(StringSumHelper const&, String const&)>
    1d54:	7c 01       	movw	r14, r24
operator+():
/home/oggy/.arduino15/packages/MiniCore/hardware/avr/3.1.2/cores/MCUdude_corefiles/WString.cpp:364
}

StringSumHelper & operator + (const StringSumHelper &lhs, const char *cstr)
{
  StringSumHelper &a = const_cast<StringSumHelper&>(lhs);
  if (!cstr || !a.concat(cstr, strlen(cstr))) a.invalidate();
    1d56:	49 e0       	ldi	r20, 0x09	; 9
    1d58:	50 e0       	ldi	r21, 0x00	; 0
    1d5a:	6e e8       	ldi	r22, 0x8E	; 142
    1d5c:	72 e0       	ldi	r23, 0x02	; 2
    1d5e:	0e 94 77 0d 	call	0x1aee	; 0x1aee <String::concat(char const*, unsigned int)>
    1d62:	81 11       	cpse	r24, r1
    1d64:	03 c0       	rjmp	.+6      	; 0x1d6c <manageRack(unsigned char)+0x60>
    1d66:	c7 01       	movw	r24, r14
    1d68:	0e 94 aa 0d 	call	0x1b54	; 0x1b54 <String::invalidate()>
manageRack():
/home/oggy/Documents/arduinoprojects/padright_v1.5.2/lcd.ino:219
    1d6c:	b7 01       	movw	r22, r14
    1d6e:	ce 01       	movw	r24, r28
    1d70:	0d 96       	adiw	r24, 0x0d	; 13
    1d72:	0e 94 53 0e 	call	0x1ca6	; 0x1ca6 <String::String(String const&)>
/home/oggy/.arduino15/packages/MiniCore/hardware/avr/3.1.2/cores/MCUdude_corefiles/WString.h:213
       #if __cplusplus >= 201103L || defined(__GXX_EXPERIMENTAL_CXX0X__)
  void move(String &rhs);
  #endif
};

class StringSumHelper : public String
    1d76:	ce 01       	movw	r24, r28
    1d78:	01 96       	adiw	r24, 0x01	; 1
    1d7a:	0e 94 7e 0e 	call	0x1cfc	; 0x1cfc <String::~String()>
    1d7e:	ce 01       	movw	r24, r28
    1d80:	07 96       	adiw	r24, 0x07	; 7
    1d82:	0e 94 7e 0e 	call	0x1cfc	; 0x1cfc <String::~String()>
/home/oggy/Documents/arduinoprojects/padright_v1.5.2/lcd.ino:220
  lcd.clear();
    1d86:	0e 94 83 03 	call	0x706	; 0x706 <LiquidCrystal::clear() [clone .constprop.51]>
/home/oggy/Documents/arduinoprojects/padright_v1.5.2/lcd.ino:221
  lcd.setCursor(0, 0);
    1d8a:	60 e0       	ldi	r22, 0x00	; 0
    1d8c:	80 e0       	ldi	r24, 0x00	; 0
    1d8e:	0e 94 2c 04 	call	0x858	; 0x858 <LiquidCrystal::setCursor(unsigned char, unsigned char) [clone .constprop.28]>
/home/oggy/Documents/arduinoprojects/padright_v1.5.2/lcd.ino:222
  lcd.print(message);
    1d92:	be 01       	movw	r22, r28
    1d94:	63 5f       	subi	r22, 0xF3	; 243
    1d96:	7f 4f       	sbci	r23, 0xFF	; 255
    1d98:	87 e1       	ldi	r24, 0x17	; 23
    1d9a:	97 e0       	ldi	r25, 0x07	; 7
    1d9c:	0e 94 c5 01 	call	0x38a	; 0x38a <Print::print(String const&)>
/home/oggy/Documents/arduinoprojects/padright_v1.5.2/lcd.ino:223
  lcd.setCursor(0, 1);
    1da0:	61 e0       	ldi	r22, 0x01	; 1
    1da2:	80 e0       	ldi	r24, 0x00	; 0
    1da4:	0e 94 2c 04 	call	0x858	; 0x858 <LiquidCrystal::setCursor(unsigned char, unsigned char) [clone .constprop.28]>
getQuantity():
/home/oggy/Documents/arduinoprojects/padright_v1.5.2/padrack.cpp:5
#include "padrack.h"

int padrack::getQuantity()
{
    return quantity;
    1da8:	00 0f       	add	r16, r16
    1daa:	11 1f       	adc	r17, r17
    1dac:	00 0f       	add	r16, r16
    1dae:	11 1f       	adc	r17, r17
    1db0:	f8 01       	movw	r30, r16
    1db2:	e1 50       	subi	r30, 0x01	; 1
    1db4:	f9 4f       	sbci	r31, 0xF9	; 249
manageRack():
/home/oggy/Documents/arduinoprojects/padright_v1.5.2/lcd.ino:225
  // enter number
  lcd.print(rack[num].getQuantity());
    1db6:	80 81       	ld	r24, Z
    1db8:	91 81       	ldd	r25, Z+1	; 0x01
    1dba:	0e 94 96 0a 	call	0x152c	; 0x152c <Print::print(int, int) [clone .constprop.29]>
/home/oggy/Documents/arduinoprojects/padright_v1.5.2/lcd.ino:219
    lcd.print(" Pulse");
  else
    lcd.print(" Pulses");
}
void manageRack(byte num) {
  String message = "Rack" + String(num + 1) + " Quantity";
    1dbe:	ce 01       	movw	r24, r28
    1dc0:	0d 96       	adiw	r24, 0x0d	; 13
    1dc2:	0e 94 7e 0e 	call	0x1cfc	; 0x1cfc <String::~String()>
/home/oggy/Documents/arduinoprojects/padright_v1.5.2/lcd.ino:226
  lcd.setCursor(0, 0);
  lcd.print(message);
  lcd.setCursor(0, 1);
  // enter number
  lcd.print(rack[num].getQuantity());
}
    1dc6:	62 96       	adiw	r28, 0x12	; 18
    1dc8:	0f b6       	in	r0, 0x3f	; 63
    1dca:	f8 94       	cli
    1dcc:	de bf       	out	0x3e, r29	; 62
    1dce:	0f be       	out	0x3f, r0	; 63
    1dd0:	cd bf       	out	0x3d, r28	; 61
    1dd2:	df 91       	pop	r29
    1dd4:	cf 91       	pop	r28
    1dd6:	1f 91       	pop	r17
    1dd8:	0f 91       	pop	r16
    1dda:	ff 90       	pop	r15
    1ddc:	ef 90       	pop	r14
    1dde:	08 95       	ret

00001de0 <unsigned char const& EEPROMClass::put<unsigned char>(int, unsigned char const&) [clone .isra.12]>:
_ZN11EEPROMClass3putIhEERKT_iS3_.isra.12():
/home/oggy/.arduino15/packages/MiniCore/hardware/avr/3.1.2/libraries/EEPROM/src/EEPROM.h:137
    
    template< typename T > const T &put( int idx, const T &t ){
    1de0:	ff 92       	push	r15
    1de2:	0f 93       	push	r16
    1de4:	1f 93       	push	r17
    1de6:	cf 93       	push	r28
    1de8:	df 93       	push	r29
    1dea:	8c 01       	movw	r16, r24
    1dec:	eb 01       	movw	r28, r22
/home/oggy/.arduino15/packages/MiniCore/hardware/avr/3.1.2/libraries/EEPROM/src/EEPROM.h:140
        EEPtr e = idx;
        const uint8_t *ptr = (const uint8_t*) &t;
        for( int count = sizeof(T) ; count ; --count, ++e )  (*e).update( *ptr++ );
    1dee:	f8 80       	ld	r15, Y
operator*():
/home/oggy/.arduino15/packages/MiniCore/hardware/avr/3.1.2/libraries/EEPROM/src/EEPROM.h:42

    EERef( const int index )
        : index( index )                 {}
    
    //Access/read members.
    uint8_t operator*() const            { return eeprom_read_byte( (uint8_t*) index ); }
    1df0:	0e 94 7b 21 	call	0x42f6	; 0x42f6 <eeprom_read_byte>
update():
/home/oggy/.arduino15/packages/MiniCore/hardware/avr/3.1.2/libraries/EEPROM/src/EEPROM.h:59
    EERef &operator &=( uint8_t in )     { return *this = **this & in; }
    EERef &operator |=( uint8_t in )     { return *this = **this | in; }
    EERef &operator <<=( uint8_t in )    { return *this = **this << in; }
    EERef &operator >>=( uint8_t in )    { return *this = **this >> in; }
    
    EERef &update( uint8_t in )          { return  in != *this ? *this = in : *this; }
    1df4:	f8 16       	cp	r15, r24
    1df6:	21 f0       	breq	.+8      	; 0x1e00 <unsigned char const& EEPROMClass::put<unsigned char>(int, unsigned char const&) [clone .isra.12]+0x20>
operator=():
/home/oggy/.arduino15/packages/MiniCore/hardware/avr/3.1.2/libraries/EEPROM/src/EEPROM.h:47
    uint8_t operator*() const            { return eeprom_read_byte( (uint8_t*) index ); }
    operator uint8_t() const             { return **this; }
    
    //Assignment/write members.
    EERef &operator=( const EERef &ref ) { return *this = *ref; }
    EERef &operator=( uint8_t in )       { return eeprom_write_byte( (uint8_t*) index, in ), *this;  }
    1df8:	6f 2d       	mov	r22, r15
    1dfa:	c8 01       	movw	r24, r16
    1dfc:	0e 94 83 21 	call	0x4306	; 0x4306 <eeprom_write_byte>
_ZN11EEPROMClass3putIhEERKT_iS3_.isra.12():
/home/oggy/.arduino15/packages/MiniCore/hardware/avr/3.1.2/libraries/EEPROM/src/EEPROM.h:142
    template< typename T > const T &put( int idx, const T &t ){
        EEPtr e = idx;
        const uint8_t *ptr = (const uint8_t*) &t;
        for( int count = sizeof(T) ; count ; --count, ++e )  (*e).update( *ptr++ );
        return t;
    }
    1e00:	ce 01       	movw	r24, r28
    1e02:	df 91       	pop	r29
    1e04:	cf 91       	pop	r28
    1e06:	1f 91       	pop	r17
    1e08:	0f 91       	pop	r16
    1e0a:	ff 90       	pop	r15
    1e0c:	08 95       	ret

00001e0e <int const& EEPROMClass::put<int>(int, int const&) [clone .isra.7]>:
_ZN11EEPROMClass3putIiEERKT_iS3_.isra.7():
/home/oggy/.arduino15/packages/MiniCore/hardware/avr/3.1.2/libraries/EEPROM/src/EEPROM.h:137
        uint8_t *ptr = (uint8_t*) &t;
        for( int count = sizeof(T) ; count ; --count, ++e )  *ptr++ = *e;
        return t;
    }
    
    template< typename T > const T &put( int idx, const T &t ){
    1e0e:	ff 92       	push	r15
    1e10:	0f 93       	push	r16
    1e12:	1f 93       	push	r17
    1e14:	cf 93       	push	r28
    1e16:	df 93       	push	r29
    1e18:	ec 01       	movw	r28, r24
    1e1a:	8b 01       	movw	r16, r22
/home/oggy/.arduino15/packages/MiniCore/hardware/avr/3.1.2/libraries/EEPROM/src/EEPROM.h:140
        EEPtr e = idx;
        const uint8_t *ptr = (const uint8_t*) &t;
        for( int count = sizeof(T) ; count ; --count, ++e )  (*e).update( *ptr++ );
    1e1c:	fb 01       	movw	r30, r22
    1e1e:	f0 80       	ld	r15, Z
operator*():
/home/oggy/.arduino15/packages/MiniCore/hardware/avr/3.1.2/libraries/EEPROM/src/EEPROM.h:42

    EERef( const int index )
        : index( index )                 {}
    
    //Access/read members.
    uint8_t operator*() const            { return eeprom_read_byte( (uint8_t*) index ); }
    1e20:	0e 94 7b 21 	call	0x42f6	; 0x42f6 <eeprom_read_byte>
update():
/home/oggy/.arduino15/packages/MiniCore/hardware/avr/3.1.2/libraries/EEPROM/src/EEPROM.h:59
    EERef &operator &=( uint8_t in )     { return *this = **this & in; }
    EERef &operator |=( uint8_t in )     { return *this = **this | in; }
    EERef &operator <<=( uint8_t in )    { return *this = **this << in; }
    EERef &operator >>=( uint8_t in )    { return *this = **this >> in; }
    
    EERef &update( uint8_t in )          { return  in != *this ? *this = in : *this; }
    1e24:	f8 16       	cp	r15, r24
    1e26:	21 f0       	breq	.+8      	; 0x1e30 <int const& EEPROMClass::put<int>(int, int const&) [clone .isra.7]+0x22>
operator=():
/home/oggy/.arduino15/packages/MiniCore/hardware/avr/3.1.2/libraries/EEPROM/src/EEPROM.h:47
    uint8_t operator*() const            { return eeprom_read_byte( (uint8_t*) index ); }
    operator uint8_t() const             { return **this; }
    
    //Assignment/write members.
    EERef &operator=( const EERef &ref ) { return *this = *ref; }
    EERef &operator=( uint8_t in )       { return eeprom_write_byte( (uint8_t*) index, in ), *this;  }
    1e28:	6f 2d       	mov	r22, r15
    1e2a:	ce 01       	movw	r24, r28
    1e2c:	0e 94 83 21 	call	0x4306	; 0x4306 <eeprom_write_byte>
_ZN11EEPROMClass3putIiEERKT_iS3_.isra.7():
/home/oggy/.arduino15/packages/MiniCore/hardware/avr/3.1.2/libraries/EEPROM/src/EEPROM.h:140
    }
    
    template< typename T > const T &put( int idx, const T &t ){
        EEPtr e = idx;
        const uint8_t *ptr = (const uint8_t*) &t;
        for( int count = sizeof(T) ; count ; --count, ++e )  (*e).update( *ptr++ );
    1e30:	f8 01       	movw	r30, r16
    1e32:	f1 80       	ldd	r15, Z+1	; 0x01
_ZN5EEPtrppEv():
/home/oggy/.arduino15/packages/MiniCore/hardware/avr/3.1.2/libraries/EEPROM/src/EEPROM.h:100
    //Iterator functionality.
    bool operator!=( const EEPtr &ptr ) { return index != ptr.index; }
    EERef operator*()                   { return index; }
    
    /** Prefix & Postfix increment/decrement **/
    EEPtr& operator++()                 { return ++index, *this; }
    1e34:	21 96       	adiw	r28, 0x01	; 1
operator*():
/home/oggy/.arduino15/packages/MiniCore/hardware/avr/3.1.2/libraries/EEPROM/src/EEPROM.h:42

    EERef( const int index )
        : index( index )                 {}
    
    //Access/read members.
    uint8_t operator*() const            { return eeprom_read_byte( (uint8_t*) index ); }
    1e36:	ce 01       	movw	r24, r28
    1e38:	0e 94 7b 21 	call	0x42f6	; 0x42f6 <eeprom_read_byte>
update():
/home/oggy/.arduino15/packages/MiniCore/hardware/avr/3.1.2/libraries/EEPROM/src/EEPROM.h:59
    EERef &operator &=( uint8_t in )     { return *this = **this & in; }
    EERef &operator |=( uint8_t in )     { return *this = **this | in; }
    EERef &operator <<=( uint8_t in )    { return *this = **this << in; }
    EERef &operator >>=( uint8_t in )    { return *this = **this >> in; }
    
    EERef &update( uint8_t in )          { return  in != *this ? *this = in : *this; }
    1e3c:	f8 16       	cp	r15, r24
    1e3e:	21 f0       	breq	.+8      	; 0x1e48 <int const& EEPROMClass::put<int>(int, int const&) [clone .isra.7]+0x3a>
operator=():
/home/oggy/.arduino15/packages/MiniCore/hardware/avr/3.1.2/libraries/EEPROM/src/EEPROM.h:47
    uint8_t operator*() const            { return eeprom_read_byte( (uint8_t*) index ); }
    operator uint8_t() const             { return **this; }
    
    //Assignment/write members.
    EERef &operator=( const EERef &ref ) { return *this = *ref; }
    EERef &operator=( uint8_t in )       { return eeprom_write_byte( (uint8_t*) index, in ), *this;  }
    1e40:	6f 2d       	mov	r22, r15
    1e42:	ce 01       	movw	r24, r28
    1e44:	0e 94 83 21 	call	0x4306	; 0x4306 <eeprom_write_byte>
_ZN11EEPROMClass3putIiEERKT_iS3_.isra.7():
/home/oggy/.arduino15/packages/MiniCore/hardware/avr/3.1.2/libraries/EEPROM/src/EEPROM.h:142
    template< typename T > const T &put( int idx, const T &t ){
        EEPtr e = idx;
        const uint8_t *ptr = (const uint8_t*) &t;
        for( int count = sizeof(T) ; count ; --count, ++e )  (*e).update( *ptr++ );
        return t;
    }
    1e48:	c8 01       	movw	r24, r16
    1e4a:	df 91       	pop	r29
    1e4c:	cf 91       	pop	r28
    1e4e:	1f 91       	pop	r17
    1e50:	0f 91       	pop	r16
    1e52:	ff 90       	pop	r15
    1e54:	08 95       	ret

00001e56 <EEPROMClass::write(int, unsigned char) [clone .isra.1]>:
operator=():
/home/oggy/.arduino15/packages/MiniCore/hardware/avr/3.1.2/libraries/EEPROM/src/EEPROM.h:47
    uint8_t operator*() const            { return eeprom_read_byte( (uint8_t*) index ); }
    operator uint8_t() const             { return **this; }
    
    //Assignment/write members.
    EERef &operator=( const EERef &ref ) { return *this = *ref; }
    EERef &operator=( uint8_t in )       { return eeprom_write_byte( (uint8_t*) index, in ), *this;  }
    1e56:	0c 94 83 21 	jmp	0x4306	; 0x4306 <eeprom_write_byte>

00001e5a <writeToEPPROM(char) [clone .part.8]>:
_Z13writeToEPPROMc.part.8():
/home/oggy/Documents/arduinoprojects/padright_v1.5.2/padright_v1.5.2.ino:570
  delay(2000);
  digitalWrite(buzzer, LOW);
  status = 'n';
  state = 0;
}
void writeToEPPROM(char status) {
    1e5a:	cf 93       	push	r28
    1e5c:	df 93       	push	r29
/home/oggy/Documents/arduinoprojects/padright_v1.5.2/padright_v1.5.2.ino:581
    EEPROM.write(maxRackCapacityAddress, maxRackCapacity);
  } else if (status == 'm') {
    writeIntIntoEEPROM(motorTimeAddress, motorTimeVariable);
  } else if (status == 'b') {
    EEPROM.write(maxPadAddress, padAmount);
  } else if (status == 't') {
    1e5e:	84 37       	cpi	r24, 0x74	; 116
    1e60:	41 f4       	brne	.+16     	; 0x1e72 <writeToEPPROM(char) [clone .part.8]+0x18>
/home/oggy/Documents/arduinoprojects/padright_v1.5.2/padright_v1.5.2.ino:582
    EEPROM.write(mTypeAddress, mType);
    1e62:	60 91 42 06 	lds	r22, 0x0642	; 0x800642 <mType>
    1e66:	89 e1       	ldi	r24, 0x19	; 25
    1e68:	90 e0       	ldi	r25, 0x00	; 0
/home/oggy/Documents/arduinoprojects/padright_v1.5.2/padright_v1.5.2.ino:605
  } else if (status == 'w') {
    EEPROM.put(cashWaitTimeAddress, cashWaitTime);
  } else if (status == 'x') {
    EEPROM.put(cashPerPadAddress, CASH_PER_PAD);
  }
}
    1e6a:	df 91       	pop	r29
    1e6c:	cf 91       	pop	r28
/home/oggy/Documents/arduinoprojects/padright_v1.5.2/padright_v1.5.2.ino:584
  } else if (status == 'b') {
    EEPROM.write(maxPadAddress, padAmount);
  } else if (status == 't') {
    EEPROM.write(mTypeAddress, mType);
  } else if (status == 'M') {
    EEPROM.write(maxRackAddress, maxRack);
    1e6e:	0c 94 2b 0f 	jmp	0x1e56	; 0x1e56 <EEPROMClass::write(int, unsigned char) [clone .isra.1]>
/home/oggy/Documents/arduinoprojects/padright_v1.5.2/padright_v1.5.2.ino:583
    writeIntIntoEEPROM(motorTimeAddress, motorTimeVariable);
  } else if (status == 'b') {
    EEPROM.write(maxPadAddress, padAmount);
  } else if (status == 't') {
    EEPROM.write(mTypeAddress, mType);
  } else if (status == 'M') {
    1e72:	8d 34       	cpi	r24, 0x4D	; 77
    1e74:	29 f4       	brne	.+10     	; 0x1e80 <writeToEPPROM(char) [clone .part.8]+0x26>
/home/oggy/Documents/arduinoprojects/padright_v1.5.2/padright_v1.5.2.ino:584
    EEPROM.write(maxRackAddress, maxRack);
    1e76:	60 91 12 01 	lds	r22, 0x0112	; 0x800112 <maxRack>
    1e7a:	8e e1       	ldi	r24, 0x1E	; 30
    1e7c:	90 e0       	ldi	r25, 0x00	; 0
    1e7e:	f5 cf       	rjmp	.-22     	; 0x1e6a <writeToEPPROM(char) [clone .part.8]+0x10>
/home/oggy/Documents/arduinoprojects/padright_v1.5.2/padright_v1.5.2.ino:585
  } else if (status == 'y') {
    1e80:	89 37       	cpi	r24, 0x79	; 121
    1e82:	b9 f5       	brne	.+110    	; 0x1ef2 <writeToEPPROM(char) [clone .part.8]+0x98>
/home/oggy/Documents/arduinoprojects/padright_v1.5.2/padright_v1.5.2.ino:587
    // write when first boot
    EEPROM.write(mTypeAddress, mType);
    1e84:	60 91 42 06 	lds	r22, 0x0642	; 0x800642 <mType>
    1e88:	89 e1       	ldi	r24, 0x19	; 25
    1e8a:	90 e0       	ldi	r25, 0x00	; 0
    1e8c:	0e 94 2b 0f 	call	0x1e56	; 0x1e56 <EEPROMClass::write(int, unsigned char) [clone .isra.1]>
/home/oggy/Documents/arduinoprojects/padright_v1.5.2/padright_v1.5.2.ino:588
    EEPROM.write(maxRackAddress, maxRack);
    1e90:	60 91 12 01 	lds	r22, 0x0112	; 0x800112 <maxRack>
    1e94:	8e e1       	ldi	r24, 0x1E	; 30
    1e96:	90 e0       	ldi	r25, 0x00	; 0
    1e98:	0e 94 2b 0f 	call	0x1e56	; 0x1e56 <EEPROMClass::write(int, unsigned char) [clone .isra.1]>
/home/oggy/Documents/arduinoprojects/padright_v1.5.2/padright_v1.5.2.ino:589
    EEPROM.write(maxPadAddress, padAmount);
    1e9c:	60 91 0c 01 	lds	r22, 0x010C	; 0x80010c <padAmount>
    1ea0:	8f e0       	ldi	r24, 0x0F	; 15
    1ea2:	90 e0       	ldi	r25, 0x00	; 0
    1ea4:	0e 94 2b 0f 	call	0x1e56	; 0x1e56 <EEPROMClass::write(int, unsigned char) [clone .isra.1]>
/home/oggy/Documents/arduinoprojects/padright_v1.5.2/padright_v1.5.2.ino:590
    EEPROM.put(maxRackCapacityAddress, maxRackCapacity);
    1ea8:	6e e0       	ldi	r22, 0x0E	; 14
    1eaa:	71 e0       	ldi	r23, 0x01	; 1
    1eac:	84 e1       	ldi	r24, 0x14	; 20
    1eae:	90 e0       	ldi	r25, 0x00	; 0
    1eb0:	0e 94 07 0f 	call	0x1e0e	; 0x1e0e <int const& EEPROMClass::put<int>(int, int const&) [clone .isra.7]>
/home/oggy/Documents/arduinoprojects/padright_v1.5.2/padright_v1.5.2.ino:591
    writeIntIntoEEPROM(motorTimeAddress, motorTimeVariable);
    1eb4:	c0 91 10 01 	lds	r28, 0x0110	; 0x800110 <motorTimeVariable>
    1eb8:	60 91 11 01 	lds	r22, 0x0111	; 0x800111 <motorTimeVariable+0x1>
writeIntIntoEEPROM():
/home/oggy/Documents/arduinoprojects/padright_v1.5.2/padright_v1.5.2.ino:671
    rack[i].setMaxQuantity(maxRackCapacity);
  }
}

void writeIntIntoEEPROM(int address, int number) {
  EEPROM.write(address, number >> 8);
    1ebc:	8a e0       	ldi	r24, 0x0A	; 10
    1ebe:	90 e0       	ldi	r25, 0x00	; 0
    1ec0:	0e 94 2b 0f 	call	0x1e56	; 0x1e56 <EEPROMClass::write(int, unsigned char) [clone .isra.1]>
/home/oggy/Documents/arduinoprojects/padright_v1.5.2/padright_v1.5.2.ino:672
  EEPROM.write(address + 1, number & 0xFF);
    1ec4:	6c 2f       	mov	r22, r28
    1ec6:	8b e0       	ldi	r24, 0x0B	; 11
    1ec8:	90 e0       	ldi	r25, 0x00	; 0
    1eca:	0e 94 2b 0f 	call	0x1e56	; 0x1e56 <EEPROMClass::write(int, unsigned char) [clone .isra.1]>
    1ece:	c3 e2       	ldi	r28, 0x23	; 35
    1ed0:	d1 e0       	ldi	r29, 0x01	; 1
_Z13writeToEPPROMc.part.8():
/home/oggy/Documents/arduinoprojects/padright_v1.5.2/padright_v1.5.2.ino:592
    EEPROM.write(mTypeAddress, mType);
    EEPROM.write(maxRackAddress, maxRack);
    EEPROM.write(maxPadAddress, padAmount);
    EEPROM.put(maxRackCapacityAddress, maxRackCapacity);
    writeIntIntoEEPROM(motorTimeAddress, motorTimeVariable);
    for (int i = 0; i < maxRack; i++) {
    1ed2:	20 91 12 01 	lds	r18, 0x0112	; 0x800112 <maxRack>
    1ed6:	ce 01       	movw	r24, r28
    1ed8:	83 52       	subi	r24, 0x23	; 35
    1eda:	91 40       	sbci	r25, 0x01	; 1
    1edc:	28 17       	cp	r18, r24
    1ede:	19 06       	cpc	r1, r25
    1ee0:	a1 f1       	breq	.+104    	; 0x1f4a <writeToEPPROM(char) [clone .part.8]+0xf0>
    1ee2:	9c f1       	brlt	.+102    	; 0x1f4a <writeToEPPROM(char) [clone .part.8]+0xf0>
/home/oggy/Documents/arduinoprojects/padright_v1.5.2/padright_v1.5.2.ino:593
      EEPROM.write(rackAddress[i], maxRackCapacity);
    1ee4:	89 91       	ld	r24, Y+
    1ee6:	60 91 0e 01 	lds	r22, 0x010E	; 0x80010e <maxRackCapacity>
    1eea:	90 e0       	ldi	r25, 0x00	; 0
    1eec:	0e 94 2b 0f 	call	0x1e56	; 0x1e56 <EEPROMClass::write(int, unsigned char) [clone .isra.1]>
    1ef0:	f0 cf       	rjmp	.-32     	; 0x1ed2 <writeToEPPROM(char) [clone .part.8]+0x78>
/home/oggy/Documents/arduinoprojects/padright_v1.5.2/padright_v1.5.2.ino:595
    }
  } else if (status == 'c') {
    1ef2:	83 36       	cpi	r24, 0x63	; 99
    1ef4:	41 f4       	brne	.+16     	; 0x1f06 <writeToEPPROM(char) [clone .part.8]+0xac>
/home/oggy/Documents/arduinoprojects/padright_v1.5.2/padright_v1.5.2.ino:596
    EEPROM.put(cashLimitAddress, CASH_LIMIT);
    1ef6:	67 e1       	ldi	r22, 0x17	; 23
    1ef8:	71 e0       	ldi	r23, 0x01	; 1
    1efa:	83 e2       	ldi	r24, 0x23	; 35
    1efc:	90 e0       	ldi	r25, 0x00	; 0
/home/oggy/Documents/arduinoprojects/padright_v1.5.2/padright_v1.5.2.ino:605
  } else if (status == 'w') {
    EEPROM.put(cashWaitTimeAddress, cashWaitTime);
  } else if (status == 'x') {
    EEPROM.put(cashPerPadAddress, CASH_PER_PAD);
  }
}
    1efe:	df 91       	pop	r29
    1f00:	cf 91       	pop	r28
/home/oggy/Documents/arduinoprojects/padright_v1.5.2/padright_v1.5.2.ino:603
    EEPROM.put(pulseForFiveRupeeNoteAddress, pulseForFiveRupeeNote);
    cashPulseFactor = (float)(5.0 / pulseForFiveRupeeNote);
  } else if (status == 'w') {
    EEPROM.put(cashWaitTimeAddress, cashWaitTime);
  } else if (status == 'x') {
    EEPROM.put(cashPerPadAddress, CASH_PER_PAD);
    1f02:	0c 94 07 0f 	jmp	0x1e0e	; 0x1e0e <int const& EEPROMClass::put<int>(int, int const&) [clone .isra.7]>
/home/oggy/Documents/arduinoprojects/padright_v1.5.2/padright_v1.5.2.ino:597
    for (int i = 0; i < maxRack; i++) {
      EEPROM.write(rackAddress[i], maxRackCapacity);
    }
  } else if (status == 'c') {
    EEPROM.put(cashLimitAddress, CASH_LIMIT);
  } else if (status == 'p') {
    1f06:	80 37       	cpi	r24, 0x70	; 112
    1f08:	19 f5       	brne	.+70     	; 0x1f50 <writeToEPPROM(char) [clone .part.8]+0xf6>
/home/oggy/Documents/arduinoprojects/padright_v1.5.2/padright_v1.5.2.ino:598
    EEPROM.put(pulseForFiveRupeeNoteAddress, pulseForFiveRupeeNote);
    1f0a:	6b e1       	ldi	r22, 0x1B	; 27
    1f0c:	71 e0       	ldi	r23, 0x01	; 1
    1f0e:	82 e3       	ldi	r24, 0x32	; 50
    1f10:	90 e0       	ldi	r25, 0x00	; 0
    1f12:	0e 94 07 0f 	call	0x1e0e	; 0x1e0e <int const& EEPROMClass::put<int>(int, int const&) [clone .isra.7]>
/home/oggy/Documents/arduinoprojects/padright_v1.5.2/padright_v1.5.2.ino:599
    cashPulseFactor = (float)(5.0 / pulseForFiveRupeeNote);
    1f16:	60 91 1b 01 	lds	r22, 0x011B	; 0x80011b <pulseForFiveRupeeNote>
    1f1a:	70 91 1c 01 	lds	r23, 0x011C	; 0x80011c <pulseForFiveRupeeNote+0x1>
    1f1e:	07 2e       	mov	r0, r23
    1f20:	00 0c       	add	r0, r0
    1f22:	88 0b       	sbc	r24, r24
    1f24:	99 0b       	sbc	r25, r25
    1f26:	0e 94 5e 20 	call	0x40bc	; 0x40bc <__floatsisf>
    1f2a:	9b 01       	movw	r18, r22
    1f2c:	ac 01       	movw	r20, r24
    1f2e:	60 e0       	ldi	r22, 0x00	; 0
    1f30:	70 e0       	ldi	r23, 0x00	; 0
    1f32:	80 ea       	ldi	r24, 0xA0	; 160
    1f34:	90 e4       	ldi	r25, 0x40	; 64
    1f36:	0e 94 35 22 	call	0x446a	; 0x446a <__divsf3>
    1f3a:	60 93 3f 07 	sts	0x073F, r22	; 0x80073f <cashPulseFactor>
    1f3e:	70 93 40 07 	sts	0x0740, r23	; 0x800740 <cashPulseFactor+0x1>
    1f42:	80 93 41 07 	sts	0x0741, r24	; 0x800741 <cashPulseFactor+0x2>
    1f46:	90 93 42 07 	sts	0x0742, r25	; 0x800742 <cashPulseFactor+0x3>
/home/oggy/Documents/arduinoprojects/padright_v1.5.2/padright_v1.5.2.ino:605
  } else if (status == 'w') {
    EEPROM.put(cashWaitTimeAddress, cashWaitTime);
  } else if (status == 'x') {
    EEPROM.put(cashPerPadAddress, CASH_PER_PAD);
  }
}
    1f4a:	df 91       	pop	r29
    1f4c:	cf 91       	pop	r28
    1f4e:	08 95       	ret
/home/oggy/Documents/arduinoprojects/padright_v1.5.2/padright_v1.5.2.ino:600
  } else if (status == 'c') {
    EEPROM.put(cashLimitAddress, CASH_LIMIT);
  } else if (status == 'p') {
    EEPROM.put(pulseForFiveRupeeNoteAddress, pulseForFiveRupeeNote);
    cashPulseFactor = (float)(5.0 / pulseForFiveRupeeNote);
  } else if (status == 'w') {
    1f50:	87 37       	cpi	r24, 0x77	; 119
    1f52:	29 f4       	brne	.+10     	; 0x1f5e <writeToEPPROM(char) [clone .part.8]+0x104>
/home/oggy/Documents/arduinoprojects/padright_v1.5.2/padright_v1.5.2.ino:601
    EEPROM.put(cashWaitTimeAddress, cashWaitTime);
    1f54:	69 e1       	ldi	r22, 0x19	; 25
    1f56:	71 e0       	ldi	r23, 0x01	; 1
    1f58:	8d e2       	ldi	r24, 0x2D	; 45
    1f5a:	90 e0       	ldi	r25, 0x00	; 0
    1f5c:	d0 cf       	rjmp	.-96     	; 0x1efe <writeToEPPROM(char) [clone .part.8]+0xa4>
/home/oggy/Documents/arduinoprojects/padright_v1.5.2/padright_v1.5.2.ino:602
  } else if (status == 'x') {
    1f5e:	88 37       	cpi	r24, 0x78	; 120
    1f60:	a1 f7       	brne	.-24     	; 0x1f4a <writeToEPPROM(char) [clone .part.8]+0xf0>
/home/oggy/Documents/arduinoprojects/padright_v1.5.2/padright_v1.5.2.ino:603
    EEPROM.put(cashPerPadAddress, CASH_PER_PAD);
    1f62:	65 e1       	ldi	r22, 0x15	; 21
    1f64:	71 e0       	ldi	r23, 0x01	; 1
    1f66:	88 e2       	ldi	r24, 0x28	; 40
    1f68:	90 e0       	ldi	r25, 0x00	; 0
    1f6a:	c9 cf       	rjmp	.-110    	; 0x1efe <writeToEPPROM(char) [clone .part.8]+0xa4>

00001f6c <writeToEPPROM(char)>:
writeToEPPROM():
/home/oggy/Documents/arduinoprojects/padright_v1.5.2/padright_v1.5.2.ino:570
  delay(2000);
  digitalWrite(buzzer, LOW);
  status = 'n';
  state = 0;
}
void writeToEPPROM(char status) {
    1f6c:	0f 93       	push	r16
    1f6e:	1f 93       	push	r17
    1f70:	cf 93       	push	r28
    1f72:	df 93       	push	r29
/home/oggy/Documents/arduinoprojects/padright_v1.5.2/padright_v1.5.2.ino:572

  if (status == 'r' || status == 'f') {
    1f74:	82 37       	cpi	r24, 0x72	; 114
    1f76:	b1 f4       	brne	.+44     	; 0x1fa4 <writeToEPPROM(char)+0x38>
    1f78:	cf ef       	ldi	r28, 0xFF	; 255
    1f7a:	d6 e0       	ldi	r29, 0x06	; 6
/home/oggy/Documents/arduinoprojects/padright_v1.5.2/padright_v1.5.2.ino:570
  delay(2000);
  digitalWrite(buzzer, LOW);
  status = 'n';
  state = 0;
}
void writeToEPPROM(char status) {
    1f7c:	03 e2       	ldi	r16, 0x23	; 35
    1f7e:	11 e0       	ldi	r17, 0x01	; 1
/home/oggy/Documents/arduinoprojects/padright_v1.5.2/padright_v1.5.2.ino:573

  if (status == 'r' || status == 'f') {
    for (int i = 0; i < maxRack; i++) {
    1f80:	20 91 12 01 	lds	r18, 0x0112	; 0x800112 <maxRack>
    1f84:	c8 01       	movw	r24, r16
    1f86:	83 52       	subi	r24, 0x23	; 35
    1f88:	91 40       	sbci	r25, 0x01	; 1
    1f8a:	28 17       	cp	r18, r24
    1f8c:	19 06       	cpc	r1, r25
    1f8e:	d1 f0       	breq	.+52     	; 0x1fc4 <writeToEPPROM(char)+0x58>
    1f90:	cc f0       	brlt	.+50     	; 0x1fc4 <writeToEPPROM(char)+0x58>
/home/oggy/Documents/arduinoprojects/padright_v1.5.2/padright_v1.5.2.ino:574
      EEPROM.write(rackAddress[i], rack[i].getQuantity());
    1f92:	f8 01       	movw	r30, r16
    1f94:	81 91       	ld	r24, Z+
    1f96:	8f 01       	movw	r16, r30
    1f98:	68 81       	ld	r22, Y
    1f9a:	90 e0       	ldi	r25, 0x00	; 0
    1f9c:	0e 94 2b 0f 	call	0x1e56	; 0x1e56 <EEPROMClass::write(int, unsigned char) [clone .isra.1]>
    1fa0:	24 96       	adiw	r28, 0x04	; 4
    1fa2:	ee cf       	rjmp	.-36     	; 0x1f80 <writeToEPPROM(char)+0x14>
/home/oggy/Documents/arduinoprojects/padright_v1.5.2/padright_v1.5.2.ino:572
  status = 'n';
  state = 0;
}
void writeToEPPROM(char status) {

  if (status == 'r' || status == 'f') {
    1fa4:	86 36       	cpi	r24, 0x66	; 102
    1fa6:	41 f3       	breq	.-48     	; 0x1f78 <writeToEPPROM(char)+0xc>
/home/oggy/Documents/arduinoprojects/padright_v1.5.2/padright_v1.5.2.ino:577
    for (int i = 0; i < maxRack; i++) {
      EEPROM.write(rackAddress[i], rack[i].getQuantity());
    }
    EEPROM.write(maxRackCapacityAddress, maxRackCapacity);
  } else if (status == 'm') {
    1fa8:	8d 36       	cpi	r24, 0x6D	; 109
    1faa:	b1 f4       	brne	.+44     	; 0x1fd8 <writeToEPPROM(char)+0x6c>
/home/oggy/Documents/arduinoprojects/padright_v1.5.2/padright_v1.5.2.ino:578
    writeIntIntoEEPROM(motorTimeAddress, motorTimeVariable);
    1fac:	c0 91 10 01 	lds	r28, 0x0110	; 0x800110 <motorTimeVariable>
    1fb0:	60 91 11 01 	lds	r22, 0x0111	; 0x800111 <motorTimeVariable+0x1>
writeIntIntoEEPROM():
/home/oggy/Documents/arduinoprojects/padright_v1.5.2/padright_v1.5.2.ino:671
    rack[i].setMaxQuantity(maxRackCapacity);
  }
}

void writeIntIntoEEPROM(int address, int number) {
  EEPROM.write(address, number >> 8);
    1fb4:	8a e0       	ldi	r24, 0x0A	; 10
    1fb6:	90 e0       	ldi	r25, 0x00	; 0
    1fb8:	0e 94 2b 0f 	call	0x1e56	; 0x1e56 <EEPROMClass::write(int, unsigned char) [clone .isra.1]>
/home/oggy/Documents/arduinoprojects/padright_v1.5.2/padright_v1.5.2.ino:672
  EEPROM.write(address + 1, number & 0xFF);
    1fbc:	6c 2f       	mov	r22, r28
    1fbe:	8b e0       	ldi	r24, 0x0B	; 11
    1fc0:	90 e0       	ldi	r25, 0x00	; 0
    1fc2:	04 c0       	rjmp	.+8      	; 0x1fcc <writeToEPPROM(char)+0x60>
writeToEPPROM():
/home/oggy/Documents/arduinoprojects/padright_v1.5.2/padright_v1.5.2.ino:576

  if (status == 'r' || status == 'f') {
    for (int i = 0; i < maxRack; i++) {
      EEPROM.write(rackAddress[i], rack[i].getQuantity());
    }
    EEPROM.write(maxRackCapacityAddress, maxRackCapacity);
    1fc4:	60 91 0e 01 	lds	r22, 0x010E	; 0x80010e <maxRackCapacity>
    1fc8:	84 e1       	ldi	r24, 0x14	; 20
    1fca:	90 e0       	ldi	r25, 0x00	; 0
/home/oggy/Documents/arduinoprojects/padright_v1.5.2/padright_v1.5.2.ino:605
  } else if (status == 'w') {
    EEPROM.put(cashWaitTimeAddress, cashWaitTime);
  } else if (status == 'x') {
    EEPROM.put(cashPerPadAddress, CASH_PER_PAD);
  }
}
    1fcc:	df 91       	pop	r29
    1fce:	cf 91       	pop	r28
    1fd0:	1f 91       	pop	r17
    1fd2:	0f 91       	pop	r16
writeIntIntoEEPROM():
/home/oggy/Documents/arduinoprojects/padright_v1.5.2/padright_v1.5.2.ino:672
  }
}

void writeIntIntoEEPROM(int address, int number) {
  EEPROM.write(address, number >> 8);
  EEPROM.write(address + 1, number & 0xFF);
    1fd4:	0c 94 2b 0f 	jmp	0x1e56	; 0x1e56 <EEPROMClass::write(int, unsigned char) [clone .isra.1]>
writeToEPPROM():
/home/oggy/Documents/arduinoprojects/padright_v1.5.2/padright_v1.5.2.ino:579
      EEPROM.write(rackAddress[i], rack[i].getQuantity());
    }
    EEPROM.write(maxRackCapacityAddress, maxRackCapacity);
  } else if (status == 'm') {
    writeIntIntoEEPROM(motorTimeAddress, motorTimeVariable);
  } else if (status == 'b') {
    1fd8:	82 36       	cpi	r24, 0x62	; 98
    1fda:	29 f4       	brne	.+10     	; 0x1fe6 <writeToEPPROM(char)+0x7a>
/home/oggy/Documents/arduinoprojects/padright_v1.5.2/padright_v1.5.2.ino:580
    EEPROM.write(maxPadAddress, padAmount);
    1fdc:	60 91 0c 01 	lds	r22, 0x010C	; 0x80010c <padAmount>
    1fe0:	8f e0       	ldi	r24, 0x0F	; 15
    1fe2:	90 e0       	ldi	r25, 0x00	; 0
    1fe4:	f3 cf       	rjmp	.-26     	; 0x1fcc <writeToEPPROM(char)+0x60>
/home/oggy/Documents/arduinoprojects/padright_v1.5.2/padright_v1.5.2.ino:605
  } else if (status == 'w') {
    EEPROM.put(cashWaitTimeAddress, cashWaitTime);
  } else if (status == 'x') {
    EEPROM.put(cashPerPadAddress, CASH_PER_PAD);
  }
}
    1fe6:	df 91       	pop	r29
    1fe8:	cf 91       	pop	r28
    1fea:	1f 91       	pop	r17
    1fec:	0f 91       	pop	r16
    1fee:	0c 94 2d 0f 	jmp	0x1e5a	; 0x1e5a <writeToEPPROM(char) [clone .part.8]>

00001ff2 <__vector_16>:
__vector_16():
/home/oggy/.arduino15/packages/MiniCore/hardware/avr/3.1.2/cores/MCUdude_corefiles/wiring.c:159
#if defined(__AVR_ATtiny24__) || defined(__AVR_ATtiny44__) || defined(__AVR_ATtiny84__)
ISR(TIM0_OVF_vect)
#else
ISR(TIMER0_OVF_vect)
#endif
{
    1ff2:	1f 92       	push	r1
    1ff4:	0f 92       	push	r0
    1ff6:	0f b6       	in	r0, 0x3f	; 63
    1ff8:	0f 92       	push	r0
    1ffa:	11 24       	eor	r1, r1
    1ffc:	2f 93       	push	r18
    1ffe:	3f 93       	push	r19
    2000:	8f 93       	push	r24
    2002:	9f 93       	push	r25
    2004:	af 93       	push	r26
    2006:	bf 93       	push	r27
/home/oggy/.arduino15/packages/MiniCore/hardware/avr/3.1.2/cores/MCUdude_corefiles/wiring.c:167
  static unsigned char timer0_exact = 0;
#endif

  // copy these to local variables so they can be stored in registers
  // (volatile variables must be read from memory on every access, so this saves time)
  unsigned long m = timer0_millis;
    2008:	80 91 44 06 	lds	r24, 0x0644	; 0x800644 <timer0_millis>
    200c:	90 91 45 06 	lds	r25, 0x0645	; 0x800645 <timer0_millis+0x1>
    2010:	a0 91 46 06 	lds	r26, 0x0646	; 0x800646 <timer0_millis+0x2>
    2014:	b0 91 47 06 	lds	r27, 0x0647	; 0x800647 <timer0_millis+0x3>
/home/oggy/.arduino15/packages/MiniCore/hardware/avr/3.1.2/cores/MCUdude_corefiles/wiring.c:168
  unsigned char f = timer0_fract;
    2018:	30 91 43 06 	lds	r19, 0x0643	; 0x800643 <timer0_fract>
/home/oggy/.arduino15/packages/MiniCore/hardware/avr/3.1.2/cores/MCUdude_corefiles/wiring.c:170

  f += FRACT_INC FRACT_INC_PLUS;
    201c:	23 e0       	ldi	r18, 0x03	; 3
    201e:	23 0f       	add	r18, r19
/home/oggy/.arduino15/packages/MiniCore/hardware/avr/3.1.2/cores/MCUdude_corefiles/wiring.c:200
    ++f;
  }
#endif
#endif // CORRECT_EXACT_MILLIS

  if (f >= FRACT_MAX) {
    2020:	2d 37       	cpi	r18, 0x7D	; 125
    2022:	68 f1       	brcs	.+90     	; 0x207e <__vector_16+0x8c>
/home/oggy/.arduino15/packages/MiniCore/hardware/avr/3.1.2/cores/MCUdude_corefiles/wiring.c:201
    f -= FRACT_MAX;
    2024:	26 e8       	ldi	r18, 0x86	; 134
    2026:	23 0f       	add	r18, r19
/home/oggy/.arduino15/packages/MiniCore/hardware/avr/3.1.2/cores/MCUdude_corefiles/wiring.c:202
    m += MILLIS_INC + 1;
    2028:	02 96       	adiw	r24, 0x02	; 2
    202a:	a1 1d       	adc	r26, r1
    202c:	b1 1d       	adc	r27, r1
/home/oggy/.arduino15/packages/MiniCore/hardware/avr/3.1.2/cores/MCUdude_corefiles/wiring.c:208
  }
  else {
    m += MILLIS_INC;
  }

  timer0_fract = f;
    202e:	20 93 43 06 	sts	0x0643, r18	; 0x800643 <timer0_fract>
/home/oggy/.arduino15/packages/MiniCore/hardware/avr/3.1.2/cores/MCUdude_corefiles/wiring.c:209
  timer0_millis = m;
    2032:	80 93 44 06 	sts	0x0644, r24	; 0x800644 <timer0_millis>
    2036:	90 93 45 06 	sts	0x0645, r25	; 0x800645 <timer0_millis+0x1>
    203a:	a0 93 46 06 	sts	0x0646, r26	; 0x800646 <timer0_millis+0x2>
    203e:	b0 93 47 06 	sts	0x0647, r27	; 0x800647 <timer0_millis+0x3>
/home/oggy/.arduino15/packages/MiniCore/hardware/avr/3.1.2/cores/MCUdude_corefiles/wiring.c:211
#ifndef CORRECT_EXACT_MICROS
  timer0_overflow_count++;
    2042:	80 91 48 06 	lds	r24, 0x0648	; 0x800648 <timer0_overflow_count>
    2046:	90 91 49 06 	lds	r25, 0x0649	; 0x800649 <timer0_overflow_count+0x1>
    204a:	a0 91 4a 06 	lds	r26, 0x064A	; 0x80064a <timer0_overflow_count+0x2>
    204e:	b0 91 4b 06 	lds	r27, 0x064B	; 0x80064b <timer0_overflow_count+0x3>
    2052:	01 96       	adiw	r24, 0x01	; 1
    2054:	a1 1d       	adc	r26, r1
    2056:	b1 1d       	adc	r27, r1
    2058:	80 93 48 06 	sts	0x0648, r24	; 0x800648 <timer0_overflow_count>
    205c:	90 93 49 06 	sts	0x0649, r25	; 0x800649 <timer0_overflow_count+0x1>
    2060:	a0 93 4a 06 	sts	0x064A, r26	; 0x80064a <timer0_overflow_count+0x2>
    2064:	b0 93 4b 06 	sts	0x064B, r27	; 0x80064b <timer0_overflow_count+0x3>
/home/oggy/.arduino15/packages/MiniCore/hardware/avr/3.1.2/cores/MCUdude_corefiles/wiring.c:213
#endif
}
    2068:	bf 91       	pop	r27
    206a:	af 91       	pop	r26
    206c:	9f 91       	pop	r25
    206e:	8f 91       	pop	r24
    2070:	3f 91       	pop	r19
    2072:	2f 91       	pop	r18
    2074:	0f 90       	pop	r0
    2076:	0f be       	out	0x3f, r0	; 63
    2078:	0f 90       	pop	r0
    207a:	1f 90       	pop	r1
    207c:	18 95       	reti
/home/oggy/.arduino15/packages/MiniCore/hardware/avr/3.1.2/cores/MCUdude_corefiles/wiring.c:205
  if (f >= FRACT_MAX) {
    f -= FRACT_MAX;
    m += MILLIS_INC + 1;
  }
  else {
    m += MILLIS_INC;
    207e:	01 96       	adiw	r24, 0x01	; 1
    2080:	a1 1d       	adc	r26, r1
    2082:	b1 1d       	adc	r27, r1
    2084:	d4 cf       	rjmp	.-88     	; 0x202e <__vector_16+0x3c>

00002086 <__vector_2>:
__vector_2():
/home/oggy/.arduino15/packages/MiniCore/hardware/avr/3.1.2/cores/MCUdude_corefiles/WInterrupts.c:489
|| defined(__AVR_ATmega48PB__)  || defined(__AVR_ATmega88__)  || defined(__AVR_ATmega88P__)  \
|| defined(__AVR_ATmega88PB__)  || defined(__AVR_ATmega168__) || defined(__AVR_ATmega168P__) \
|| defined(__AVR_ATmega168PB__) || defined(__AVR_ATmega328__) || defined(__AVR_ATmega328P__) \
|| defined(__AVR_ATmega328PB__)
  IMPLEMENT_ISR(INT0_vect, EXTERNAL_INT_0)
  IMPLEMENT_ISR(INT1_vect, EXTERNAL_INT_1)
    2086:	1f 92       	push	r1
    2088:	0f 92       	push	r0
    208a:	0f b6       	in	r0, 0x3f	; 63
    208c:	0f 92       	push	r0
    208e:	11 24       	eor	r1, r1
    2090:	2f 93       	push	r18
    2092:	3f 93       	push	r19
    2094:	4f 93       	push	r20
    2096:	5f 93       	push	r21
    2098:	6f 93       	push	r22
    209a:	7f 93       	push	r23
    209c:	8f 93       	push	r24
    209e:	9f 93       	push	r25
    20a0:	af 93       	push	r26
    20a2:	bf 93       	push	r27
    20a4:	ef 93       	push	r30
    20a6:	ff 93       	push	r31
    20a8:	e0 91 02 01 	lds	r30, 0x0102	; 0x800102 <__data_start+0x2>
    20ac:	f0 91 03 01 	lds	r31, 0x0103	; 0x800103 <__data_start+0x3>
    20b0:	09 95       	icall
    20b2:	ff 91       	pop	r31
    20b4:	ef 91       	pop	r30
    20b6:	bf 91       	pop	r27
    20b8:	af 91       	pop	r26
    20ba:	9f 91       	pop	r25
    20bc:	8f 91       	pop	r24
    20be:	7f 91       	pop	r23
    20c0:	6f 91       	pop	r22
    20c2:	5f 91       	pop	r21
    20c4:	4f 91       	pop	r20
    20c6:	3f 91       	pop	r19
    20c8:	2f 91       	pop	r18
    20ca:	0f 90       	pop	r0
    20cc:	0f be       	out	0x3f, r0	; 63
    20ce:	0f 90       	pop	r0
    20d0:	1f 90       	pop	r1
    20d2:	18 95       	reti

000020d4 <__vector_1>:
__vector_1():
/home/oggy/.arduino15/packages/MiniCore/hardware/avr/3.1.2/cores/MCUdude_corefiles/WInterrupts.c:488
#elif defined(__AVR_ATmega8__)  || defined(__AVR_ATmega48__)  || defined(__AVR_ATmega48P__)  \
|| defined(__AVR_ATmega48PB__)  || defined(__AVR_ATmega88__)  || defined(__AVR_ATmega88P__)  \
|| defined(__AVR_ATmega88PB__)  || defined(__AVR_ATmega168__) || defined(__AVR_ATmega168P__) \
|| defined(__AVR_ATmega168PB__) || defined(__AVR_ATmega328__) || defined(__AVR_ATmega328P__) \
|| defined(__AVR_ATmega328PB__)
  IMPLEMENT_ISR(INT0_vect, EXTERNAL_INT_0)
    20d4:	1f 92       	push	r1
    20d6:	0f 92       	push	r0
    20d8:	0f b6       	in	r0, 0x3f	; 63
    20da:	0f 92       	push	r0
    20dc:	11 24       	eor	r1, r1
    20de:	2f 93       	push	r18
    20e0:	3f 93       	push	r19
    20e2:	4f 93       	push	r20
    20e4:	5f 93       	push	r21
    20e6:	6f 93       	push	r22
    20e8:	7f 93       	push	r23
    20ea:	8f 93       	push	r24
    20ec:	9f 93       	push	r25
    20ee:	af 93       	push	r26
    20f0:	bf 93       	push	r27
    20f2:	ef 93       	push	r30
    20f4:	ff 93       	push	r31
    20f6:	e0 91 00 01 	lds	r30, 0x0100	; 0x800100 <__data_start>
    20fa:	f0 91 01 01 	lds	r31, 0x0101	; 0x800101 <__data_start+0x1>
    20fe:	09 95       	icall
    2100:	ff 91       	pop	r31
    2102:	ef 91       	pop	r30
    2104:	bf 91       	pop	r27
    2106:	af 91       	pop	r26
    2108:	9f 91       	pop	r25
    210a:	8f 91       	pop	r24
    210c:	7f 91       	pop	r23
    210e:	6f 91       	pop	r22
    2110:	5f 91       	pop	r21
    2112:	4f 91       	pop	r20
    2114:	3f 91       	pop	r19
    2116:	2f 91       	pop	r18
    2118:	0f 90       	pop	r0
    211a:	0f be       	out	0x3f, r0	; 63
    211c:	0f 90       	pop	r0
    211e:	1f 90       	pop	r1
    2120:	18 95       	reti

00002122 <__vector_19>:
__vector_19():
/home/oggy/.arduino15/packages/MiniCore/hardware/avr/3.1.2/cores/MCUdude_corefiles/HardwareSerial0.cpp:63
#elif defined(USART0_UDRE_vect)
ISR(USART0_UDRE_vect)
#else
  #error "Don't know what the Data Register Empty vector is called for Serial"
#endif
{
    2122:	1f 92       	push	r1
    2124:	0f 92       	push	r0
    2126:	0f b6       	in	r0, 0x3f	; 63
    2128:	0f 92       	push	r0
    212a:	11 24       	eor	r1, r1
    212c:	2f 93       	push	r18
    212e:	3f 93       	push	r19
    2130:	4f 93       	push	r20
    2132:	5f 93       	push	r21
    2134:	6f 93       	push	r22
    2136:	7f 93       	push	r23
    2138:	8f 93       	push	r24
    213a:	9f 93       	push	r25
    213c:	af 93       	push	r26
    213e:	bf 93       	push	r27
    2140:	ef 93       	push	r30
    2142:	ff 93       	push	r31
/home/oggy/.arduino15/packages/MiniCore/hardware/avr/3.1.2/cores/MCUdude_corefiles/HardwareSerial0.cpp:64
  Serial._tx_udr_empty_irq();
    2144:	82 e6       	ldi	r24, 0x62	; 98
    2146:	96 e0       	ldi	r25, 0x06	; 6
    2148:	0e 94 51 02 	call	0x4a2	; 0x4a2 <HardwareSerial::_tx_udr_empty_irq()>
/home/oggy/.arduino15/packages/MiniCore/hardware/avr/3.1.2/cores/MCUdude_corefiles/HardwareSerial0.cpp:65
}
    214c:	ff 91       	pop	r31
    214e:	ef 91       	pop	r30
    2150:	bf 91       	pop	r27
    2152:	af 91       	pop	r26
    2154:	9f 91       	pop	r25
    2156:	8f 91       	pop	r24
    2158:	7f 91       	pop	r23
    215a:	6f 91       	pop	r22
    215c:	5f 91       	pop	r21
    215e:	4f 91       	pop	r20
    2160:	3f 91       	pop	r19
    2162:	2f 91       	pop	r18
    2164:	0f 90       	pop	r0
    2166:	0f be       	out	0x3f, r0	; 63
    2168:	0f 90       	pop	r0
    216a:	1f 90       	pop	r1
    216c:	18 95       	reti

0000216e <__vector_18>:
__vector_18():
/home/oggy/.arduino15/packages/MiniCore/hardware/avr/3.1.2/cores/MCUdude_corefiles/HardwareSerial0.cpp:50
#elif defined(USART_RX_vect)
  ISR(USART_RX_vect)
#else
  #error "Don't know what the Data Received vector is called for Serial"
#endif
  {
    216e:	1f 92       	push	r1
    2170:	0f 92       	push	r0
    2172:	0f b6       	in	r0, 0x3f	; 63
    2174:	0f 92       	push	r0
    2176:	11 24       	eor	r1, r1
    2178:	2f 93       	push	r18
    217a:	8f 93       	push	r24
    217c:	9f 93       	push	r25
    217e:	ef 93       	push	r30
    2180:	ff 93       	push	r31
_rx_complete_irq():
/home/oggy/.arduino15/packages/MiniCore/hardware/avr/3.1.2/cores/MCUdude_corefiles/HardwareSerial_private.h:100

// Actual interrupt handlers //////////////////////////////////////////////////////////////

void HardwareSerial::_rx_complete_irq(void)
{
  if (bit_is_clear(*_ucsra, UPE0)) {
    2182:	e0 91 72 06 	lds	r30, 0x0672	; 0x800672 <Serial+0x10>
    2186:	f0 91 73 06 	lds	r31, 0x0673	; 0x800673 <Serial+0x11>
    218a:	80 81       	ld	r24, Z
    218c:	e0 91 78 06 	lds	r30, 0x0678	; 0x800678 <Serial+0x16>
    2190:	f0 91 79 06 	lds	r31, 0x0679	; 0x800679 <Serial+0x17>
    2194:	82 fd       	sbrc	r24, 2
    2196:	1b c0       	rjmp	.+54     	; 0x21ce <__vector_18+0x60>
/home/oggy/.arduino15/packages/MiniCore/hardware/avr/3.1.2/cores/MCUdude_corefiles/HardwareSerial_private.h:103
    // No Parity error, read byte and store it in the buffer if there is
    // room
    unsigned char c = *_udr;
    2198:	90 81       	ld	r25, Z
/home/oggy/.arduino15/packages/MiniCore/hardware/avr/3.1.2/cores/MCUdude_corefiles/HardwareSerial_private.h:104
    rx_buffer_index_t i = (unsigned int)(_rx_buffer_head + 1) % SERIAL_RX_BUFFER_SIZE;
    219a:	80 91 7b 06 	lds	r24, 0x067B	; 0x80067b <Serial+0x19>
    219e:	8f 5f       	subi	r24, 0xFF	; 255
    21a0:	8f 73       	andi	r24, 0x3F	; 63
/home/oggy/.arduino15/packages/MiniCore/hardware/avr/3.1.2/cores/MCUdude_corefiles/HardwareSerial_private.h:110

    // if we should be storing the received character into the location
    // just before the tail (meaning that the head would advance to the
    // current location of the tail), we're about to overflow the buffer
    // and so we don't write the character or advance the head.
    if (i != _rx_buffer_tail) {
    21a2:	20 91 7c 06 	lds	r18, 0x067C	; 0x80067c <Serial+0x1a>
    21a6:	82 17       	cp	r24, r18
    21a8:	41 f0       	breq	.+16     	; 0x21ba <__vector_18+0x4c>
/home/oggy/.arduino15/packages/MiniCore/hardware/avr/3.1.2/cores/MCUdude_corefiles/HardwareSerial_private.h:111
      _rx_buffer[_rx_buffer_head] = c;
    21aa:	e0 91 7b 06 	lds	r30, 0x067B	; 0x80067b <Serial+0x19>
    21ae:	f0 e0       	ldi	r31, 0x00	; 0
    21b0:	ee 59       	subi	r30, 0x9E	; 158
    21b2:	f9 4f       	sbci	r31, 0xF9	; 249
    21b4:	95 8f       	std	Z+29, r25	; 0x1d
/home/oggy/.arduino15/packages/MiniCore/hardware/avr/3.1.2/cores/MCUdude_corefiles/HardwareSerial_private.h:112
      _rx_buffer_head = i;
    21b6:	80 93 7b 06 	sts	0x067B, r24	; 0x80067b <Serial+0x19>
__vector_18():
/home/oggy/.arduino15/packages/MiniCore/hardware/avr/3.1.2/cores/MCUdude_corefiles/HardwareSerial0.cpp:52
    Serial._rx_complete_irq();
  }
    21ba:	ff 91       	pop	r31
    21bc:	ef 91       	pop	r30
    21be:	9f 91       	pop	r25
    21c0:	8f 91       	pop	r24
    21c2:	2f 91       	pop	r18
    21c4:	0f 90       	pop	r0
    21c6:	0f be       	out	0x3f, r0	; 63
    21c8:	0f 90       	pop	r0
    21ca:	1f 90       	pop	r1
    21cc:	18 95       	reti
_rx_complete_irq():
/home/oggy/.arduino15/packages/MiniCore/hardware/avr/3.1.2/cores/MCUdude_corefiles/HardwareSerial_private.h:116
    }
  } else {
    // Parity error, read byte but discard it
    *_udr;
    21ce:	80 81       	ld	r24, Z
    21d0:	f4 cf       	rjmp	.-24     	; 0x21ba <__vector_18+0x4c>

000021d2 <global constructors keyed to 65535_0_padrack.cpp.o.3014>:
_GLOBAL__I_65535_0_padrack.cpp.o.3014():
    21d2:	e2 e6       	ldi	r30, 0x62	; 98
    21d4:	f6 e0       	ldi	r31, 0x06	; 6
    21d6:	13 82       	std	Z+3, r1	; 0x03
    21d8:	12 82       	std	Z+2, r1	; 0x02
    21da:	88 ee       	ldi	r24, 0xE8	; 232
    21dc:	93 e0       	ldi	r25, 0x03	; 3
    21de:	a0 e0       	ldi	r26, 0x00	; 0
    21e0:	b0 e0       	ldi	r27, 0x00	; 0
    21e2:	84 83       	std	Z+4, r24	; 0x04
    21e4:	95 83       	std	Z+5, r25	; 0x05
    21e6:	a6 83       	std	Z+6, r26	; 0x06
    21e8:	b7 83       	std	Z+7, r27	; 0x07
    21ea:	85 e3       	ldi	r24, 0x35	; 53
    21ec:	91 e0       	ldi	r25, 0x01	; 1
    21ee:	91 83       	std	Z+1, r25	; 0x01
    21f0:	80 83       	st	Z, r24
    21f2:	85 ec       	ldi	r24, 0xC5	; 197
    21f4:	90 e0       	ldi	r25, 0x00	; 0
    21f6:	95 87       	std	Z+13, r25	; 0x0d
    21f8:	84 87       	std	Z+12, r24	; 0x0c
    21fa:	84 ec       	ldi	r24, 0xC4	; 196
    21fc:	90 e0       	ldi	r25, 0x00	; 0
    21fe:	97 87       	std	Z+15, r25	; 0x0f
    2200:	86 87       	std	Z+14, r24	; 0x0e
    2202:	80 ec       	ldi	r24, 0xC0	; 192
    2204:	90 e0       	ldi	r25, 0x00	; 0
    2206:	91 8b       	std	Z+17, r25	; 0x11
    2208:	80 8b       	std	Z+16, r24	; 0x10
    220a:	81 ec       	ldi	r24, 0xC1	; 193
    220c:	90 e0       	ldi	r25, 0x00	; 0
    220e:	93 8b       	std	Z+19, r25	; 0x13
    2210:	82 8b       	std	Z+18, r24	; 0x12
    2212:	82 ec       	ldi	r24, 0xC2	; 194
    2214:	90 e0       	ldi	r25, 0x00	; 0
    2216:	95 8b       	std	Z+21, r25	; 0x15
    2218:	84 8b       	std	Z+20, r24	; 0x14
    221a:	86 ec       	ldi	r24, 0xC6	; 198
    221c:	90 e0       	ldi	r25, 0x00	; 0
    221e:	97 8b       	std	Z+23, r25	; 0x17
    2220:	86 8b       	std	Z+22, r24	; 0x16
    2222:	11 8e       	std	Z+25, r1	; 0x19
    2224:	12 8e       	std	Z+26, r1	; 0x1a
    2226:	13 8e       	std	Z+27, r1	; 0x1b
    2228:	14 8e       	std	Z+28, r1	; 0x1c
    222a:	60 91 1b 01 	lds	r22, 0x011B	; 0x80011b <pulseForFiveRupeeNote>
    222e:	70 91 1c 01 	lds	r23, 0x011C	; 0x80011c <pulseForFiveRupeeNote+0x1>
    2232:	07 2e       	mov	r0, r23
    2234:	00 0c       	add	r0, r0
    2236:	88 0b       	sbc	r24, r24
    2238:	99 0b       	sbc	r25, r25
    223a:	0e 94 5e 20 	call	0x40bc	; 0x40bc <__floatsisf>
    223e:	9b 01       	movw	r18, r22
    2240:	ac 01       	movw	r20, r24
    2242:	60 e0       	ldi	r22, 0x00	; 0
    2244:	70 e0       	ldi	r23, 0x00	; 0
    2246:	80 ea       	ldi	r24, 0xA0	; 160
    2248:	90 e4       	ldi	r25, 0x40	; 64
    224a:	0e 94 35 22 	call	0x446a	; 0x446a <__divsf3>
    224e:	60 93 3f 07 	sts	0x073F, r22	; 0x80073f <cashPulseFactor>
    2252:	70 93 40 07 	sts	0x0740, r23	; 0x800740 <cashPulseFactor+0x1>
    2256:	80 93 41 07 	sts	0x0741, r24	; 0x800741 <cashPulseFactor+0x2>
    225a:	90 93 42 07 	sts	0x0742, r25	; 0x800742 <cashPulseFactor+0x3>
    225e:	ef e2       	ldi	r30, 0x2F	; 47
    2260:	f7 e0       	ldi	r31, 0x07	; 7
    2262:	83 e5       	ldi	r24, 0x53	; 83
    2264:	91 e0       	ldi	r25, 0x01	; 1
    2266:	91 83       	std	Z+1, r25	; 0x01
    2268:	80 83       	st	Z, r24
    226a:	8a e0       	ldi	r24, 0x0A	; 10
    226c:	86 87       	std	Z+14, r24	; 0x0e
    226e:	82 e0       	ldi	r24, 0x02	; 2
    2270:	87 87       	std	Z+15, r24	; 0x0f
    2272:	e7 e1       	ldi	r30, 0x17	; 23
    2274:	f7 e0       	ldi	r31, 0x07	; 7
    2276:	13 82       	std	Z+3, r1	; 0x03
    2278:	12 82       	std	Z+2, r1	; 0x02
    227a:	87 e4       	ldi	r24, 0x47	; 71
    227c:	91 e0       	ldi	r25, 0x01	; 1
    227e:	91 83       	std	Z+1, r25	; 0x01
    2280:	80 83       	st	Z, r24
    2282:	84 e0       	ldi	r24, 0x04	; 4
    2284:	84 83       	std	Z+4, r24	; 0x04
    2286:	8f ef       	ldi	r24, 0xFF	; 255
    2288:	85 83       	std	Z+5, r24	; 0x05
    228a:	85 e0       	ldi	r24, 0x05	; 5
    228c:	86 83       	std	Z+6, r24	; 0x06
    228e:	86 e0       	ldi	r24, 0x06	; 6
    2290:	87 83       	std	Z+7, r24	; 0x07
    2292:	87 e0       	ldi	r24, 0x07	; 7
    2294:	80 87       	std	Z+8, r24	; 0x08
    2296:	88 e0       	ldi	r24, 0x08	; 8
    2298:	81 87       	std	Z+9, r24	; 0x09
    229a:	89 e0       	ldi	r24, 0x09	; 9
    229c:	82 87       	std	Z+10, r24	; 0x0a
    229e:	13 86       	std	Z+11, r1	; 0x0b
    22a0:	14 86       	std	Z+12, r1	; 0x0c
    22a2:	15 86       	std	Z+13, r1	; 0x0d
    22a4:	16 86       	std	Z+14, r1	; 0x0e
    22a6:	17 86       	std	Z+15, r1	; 0x0f
    22a8:	81 e0       	ldi	r24, 0x01	; 1
    22aa:	0e 94 8a 03 	call	0x714	; 0x714 <LiquidCrystal::begin(unsigned char, unsigned char, unsigned char) [clone .constprop.49]>
    22ae:	ef ef       	ldi	r30, 0xFF	; 255
    22b0:	f6 e0       	ldi	r31, 0x06	; 6
    22b2:	11 82       	std	Z+1, r1	; 0x01
    22b4:	10 82       	st	Z, r1
    22b6:	15 82       	std	Z+5, r1	; 0x05
    22b8:	14 82       	std	Z+4, r1	; 0x04
    22ba:	11 86       	std	Z+9, r1	; 0x09
    22bc:	10 86       	std	Z+8, r1	; 0x08
    22be:	15 86       	std	Z+13, r1	; 0x0d
    22c0:	14 86       	std	Z+12, r1	; 0x0c
    22c2:	11 8a       	std	Z+17, r1	; 0x11
    22c4:	10 8a       	std	Z+16, r1	; 0x10
    22c6:	15 8a       	std	Z+21, r1	; 0x15
    22c8:	14 8a       	std	Z+20, r1	; 0x14
    22ca:	08 95       	ret

000022cc <main>:
main():
/home/oggy/.arduino15/packages/MiniCore/hardware/avr/3.1.2/cores/MCUdude_corefiles/main.cpp:34

//void setupUSB() __attribute__((weak));
//void setupUSB() { }

int main(void)
{
    22cc:	cf 93       	push	r28
    22ce:	df 93       	push	r29
    22d0:	cd b7       	in	r28, 0x3d	; 61
    22d2:	de b7       	in	r29, 0x3e	; 62
    22d4:	e3 97       	sbiw	r28, 0x33	; 51
    22d6:	0f b6       	in	r0, 0x3f	; 63
    22d8:	f8 94       	cli
    22da:	de bf       	out	0x3e, r29	; 62
    22dc:	0f be       	out	0x3f, r0	; 63
    22de:	cd bf       	out	0x3d, r28	; 61
init():
/home/oggy/.arduino15/packages/MiniCore/hardware/avr/3.1.2/cores/MCUdude_corefiles/wiring.c:945

void init()
{
  // this needs to be called before setup() or some functions won't
  // work there
  sei();
    22e0:	78 94       	sei
/home/oggy/.arduino15/packages/MiniCore/hardware/avr/3.1.2/cores/MCUdude_corefiles/wiring.c:957

  // On the ATmega168, timer 0 is also used for fast hardware pwm
  // (using phase-correct PWM would mean that timer 0 overflowed half as often
  // resulting in different millis() behavior on the ATmega8 and ATmega168)
#if defined(TCCR0A) && defined(WGM01)
  TCCR0A |= _BV(WGM01) | _BV(WGM00);
    22e2:	84 b5       	in	r24, 0x24	; 36
    22e4:	83 60       	ori	r24, 0x03	; 3
    22e6:	84 bd       	out	0x24, r24	; 36
/home/oggy/.arduino15/packages/MiniCore/hardware/avr/3.1.2/cores/MCUdude_corefiles/wiring.c:972
  #if defined(WGM00) && defined(WGM01) // The ATmega8 doesn't have WGM00 and WGM01
    TCCR0 |= _BV(WGM01) | _BV(WGM00);
  #endif
#elif defined(TCCR0B) && defined(CS01) && defined(CS00)
  // This combination is for the standard 168/328/640/1280/1281/2560/2561
  TCCR0B |= _BV(CS01) | _BV(CS00);
    22e8:	85 b5       	in	r24, 0x25	; 37
    22ea:	83 60       	ori	r24, 0x03	; 3
    22ec:	85 bd       	out	0x25, r24	; 37
/home/oggy/.arduino15/packages/MiniCore/hardware/avr/3.1.2/cores/MCUdude_corefiles/wiring.c:984

// Enable timer 0 overflow interrupt
#if defined(TIMSK) && defined(TOIE0)
  TIMSK |= _BV(TOIE0);
#elif defined(TIMSK0) && defined(TOIE0)
  TIMSK0 |= _BV(TOIE0);
    22ee:	80 91 6e 00 	lds	r24, 0x006E	; 0x80006e <__DATA_REGION_ORIGIN__+0xe>
    22f2:	81 60       	ori	r24, 0x01	; 1
    22f4:	80 93 6e 00 	sts	0x006E, r24	; 0x80006e <__DATA_REGION_ORIGIN__+0xe>
/home/oggy/.arduino15/packages/MiniCore/hardware/avr/3.1.2/cores/MCUdude_corefiles/wiring.c:995
// this is better for motors as it ensures an even waveform
// note, however, that fast pwm mode can achieve a frequency of up
// 8 MHz (with a 16 MHz clock) at 50% duty cycle

#if defined(TCCR1B) && defined(CS11) && defined(CS10)
  TCCR1B = _BV(CS11); // Set timer 1 prescale factor to 64
    22f8:	92 e0       	ldi	r25, 0x02	; 2
    22fa:	90 93 81 00 	sts	0x0081, r25	; 0x800081 <__DATA_REGION_ORIGIN__+0x21>
/home/oggy/.arduino15/packages/MiniCore/hardware/avr/3.1.2/cores/MCUdude_corefiles/wiring.c:997
#if F_CPU >= 8000000L
  TCCR1B |= _BV(CS10);
    22fe:	80 91 81 00 	lds	r24, 0x0081	; 0x800081 <__DATA_REGION_ORIGIN__+0x21>
    2302:	81 60       	ori	r24, 0x01	; 1
    2304:	80 93 81 00 	sts	0x0081, r24	; 0x800081 <__DATA_REGION_ORIGIN__+0x21>
/home/oggy/.arduino15/packages/MiniCore/hardware/avr/3.1.2/cores/MCUdude_corefiles/wiring.c:1006
#if F_CPU >= 8000000L
  TCCR1 |= _BV(CS10);
#endif
#endif
#if defined(TCCR1A) && defined(WGM10)
  TCCR1A |= _BV(WGM10); // Put timer 1 in 8-bit phase correct pwm mode
    2308:	80 91 80 00 	lds	r24, 0x0080	; 0x800080 <__DATA_REGION_ORIGIN__+0x20>
    230c:	81 60       	ori	r24, 0x01	; 1
    230e:	80 93 80 00 	sts	0x0080, r24	; 0x800080 <__DATA_REGION_ORIGIN__+0x20>
/home/oggy/.arduino15/packages/MiniCore/hardware/avr/3.1.2/cores/MCUdude_corefiles/wiring.c:1013

// Set timer 2 prescale factor to 64
#if defined(TCCR2) && defined(CS22)
  TCCR2 |= _BV(CS22);
#elif defined(TCCR2B) && defined(CS22)
  TCCR2B |= _BV(CS22);
    2312:	80 91 b1 00 	lds	r24, 0x00B1	; 0x8000b1 <__DATA_REGION_ORIGIN__+0x51>
    2316:	84 60       	ori	r24, 0x04	; 4
    2318:	80 93 b1 00 	sts	0x00B1, r24	; 0x8000b1 <__DATA_REGION_ORIGIN__+0x51>
/home/oggy/.arduino15/packages/MiniCore/hardware/avr/3.1.2/cores/MCUdude_corefiles/wiring.c:1022

// Configure timer 2 for phase correct pwm (8-bit)
#if defined(TCCR2) && defined(WGM20)
  TCCR2 |= _BV(WGM20);
#elif defined(TCCR2A) && defined(WGM20)
  TCCR2A |= _BV(WGM20);
    231c:	80 91 b0 00 	lds	r24, 0x00B0	; 0x8000b0 <__DATA_REGION_ORIGIN__+0x50>
    2320:	81 60       	ori	r24, 0x01	; 1
    2322:	80 93 b0 00 	sts	0x00B0, r24	; 0x8000b0 <__DATA_REGION_ORIGIN__+0x50>
/home/oggy/.arduino15/packages/MiniCore/hardware/avr/3.1.2/cores/MCUdude_corefiles/wiring.c:1050
#endif

#if defined(ADCSRA)
  // set a2d prescaler so we are inside the desired 50-200 KHz range.
  #if F_CPU >= 16000000 // 16 MHz / 128 = 125 KHz
    ADCSRA = _BV(ADPS2) | _BV(ADPS1) | _BV(ADPS0) | _BV(ADEN);
    2326:	87 e8       	ldi	r24, 0x87	; 135
    2328:	80 93 7a 00 	sts	0x007A, r24	; 0x80007a <__DATA_REGION_ORIGIN__+0x1a>
/home/oggy/.arduino15/packages/MiniCore/hardware/avr/3.1.2/cores/MCUdude_corefiles/wiring.c:1070
  // here so they can be used as normal digital i/o; they will be
  // reconnected in Serial.begin()
#if defined(UCSRB)
  UCSRB = 0;
#elif defined(UCSR0B)
  UCSR0B = 0;
    232c:	10 92 c1 00 	sts	0x00C1, r1	; 0x8000c1 <__DATA_REGION_ORIGIN__+0x61>
begin():
/home/oggy/.arduino15/packages/MiniCore/hardware/avr/3.1.2/cores/MCUdude_corefiles/HardwareSerial.cpp:121

void HardwareSerial::begin(unsigned long baud, byte config)
{
  // Try u2x mode first
  uint16_t baud_setting = (F_CPU / 4 / baud - 1) / 2;
  *_ucsra = 1 << U2X0;
    2330:	e0 91 72 06 	lds	r30, 0x0672	; 0x800672 <Serial+0x10>
    2334:	f0 91 73 06 	lds	r31, 0x0673	; 0x800673 <Serial+0x11>
    2338:	90 83       	st	Z, r25
/home/oggy/.arduino15/packages/MiniCore/hardware/avr/3.1.2/cores/MCUdude_corefiles/HardwareSerial.cpp:135
    *_ucsra = 0;
    baud_setting = (F_CPU / 8 / baud - 1) / 2;
  }

  // assign the baud_setting, a.k.a. ubrr (USART Baud Rate Register)
  *_ubrrh = baud_setting >> 8;
    233a:	e0 91 6e 06 	lds	r30, 0x066E	; 0x80066e <Serial+0xc>
    233e:	f0 91 6f 06 	lds	r31, 0x066F	; 0x80066f <Serial+0xd>
    2342:	10 82       	st	Z, r1
/home/oggy/.arduino15/packages/MiniCore/hardware/avr/3.1.2/cores/MCUdude_corefiles/HardwareSerial.cpp:136
  *_ubrrl = baud_setting;
    2344:	e0 91 70 06 	lds	r30, 0x0670	; 0x800670 <Serial+0xe>
    2348:	f0 91 71 06 	lds	r31, 0x0671	; 0x800671 <Serial+0xf>
    234c:	8f ec       	ldi	r24, 0xCF	; 207
    234e:	80 83       	st	Z, r24
/home/oggy/.arduino15/packages/MiniCore/hardware/avr/3.1.2/cores/MCUdude_corefiles/HardwareSerial.cpp:138

  _written = false;
    2350:	10 92 7a 06 	sts	0x067A, r1	; 0x80067a <Serial+0x18>
/home/oggy/.arduino15/packages/MiniCore/hardware/avr/3.1.2/cores/MCUdude_corefiles/HardwareSerial.cpp:146
#if defined(__AVR_ATmega8__) || defined(__AVR_ATmega8515__) || defined(__AVR_ATmega162__) \
|| defined(__AVR_ATmega8535__) || defined(__AVR_ATmega16__)|| defined(__AVR_ATmega32__)   \
|| defined(__AVR_ATmega162__)
  config |= 0x80; // select UCSRC register (shared with UBRRH)
#endif
  *_ucsrc = config;
    2354:	e0 91 76 06 	lds	r30, 0x0676	; 0x800676 <Serial+0x14>
    2358:	f0 91 77 06 	lds	r31, 0x0677	; 0x800677 <Serial+0x15>
    235c:	86 e0       	ldi	r24, 0x06	; 6
    235e:	80 83       	st	Z, r24
/home/oggy/.arduino15/packages/MiniCore/hardware/avr/3.1.2/cores/MCUdude_corefiles/HardwareSerial.cpp:148
  
  *_ucsrb |= _BV(RXEN0) | _BV(TXEN0) | _BV(RXCIE0);
    2360:	e0 91 74 06 	lds	r30, 0x0674	; 0x800674 <Serial+0x12>
    2364:	f0 91 75 06 	lds	r31, 0x0675	; 0x800675 <Serial+0x13>
    2368:	80 81       	ld	r24, Z
    236a:	88 69       	ori	r24, 0x98	; 152
    236c:	80 83       	st	Z, r24
/home/oggy/.arduino15/packages/MiniCore/hardware/avr/3.1.2/cores/MCUdude_corefiles/HardwareSerial.cpp:149
  *_ucsrb &= ~_BV(UDRIE0);
    236e:	e0 91 74 06 	lds	r30, 0x0674	; 0x800674 <Serial+0x12>
    2372:	f0 91 75 06 	lds	r31, 0x0675	; 0x800675 <Serial+0x13>
    2376:	80 81       	ld	r24, Z
    2378:	8f 7d       	andi	r24, 0xDF	; 223
    237a:	80 83       	st	Z, r24
setup():
/home/oggy/Documents/arduinoprojects/padright_v1.5.2/padright_v1.5.2.ino:143
  0b00000
};

void setup() {
  Serial.begin(9600);
  lcd.begin(16, 2);  // initialize the lcd
    237c:	82 e0       	ldi	r24, 0x02	; 2
    237e:	0e 94 8a 03 	call	0x714	; 0x714 <LiquidCrystal::begin(unsigned char, unsigned char, unsigned char) [clone .constprop.49]>
createChar():
/home/oggy/Arduino/libraries/LiquidCrystal/src/LiquidCrystal.cpp:267

// Allows us to fill the first 8 CGRAM locations
// with custom characters
void LiquidCrystal::createChar(uint8_t location, uint8_t charmap[]) {
  location &= 0x7; // we only have 8 locations 0-7
  command(LCD_SETCGRAMADDR | (location << 3));
    2382:	80 e4       	ldi	r24, 0x40	; 64
    2384:	0e 94 7d 03 	call	0x6fa	; 0x6fa <LiquidCrystal::command(unsigned char) [clone .constprop.52]>
    2388:	04 e0       	ldi	r16, 0x04	; 4
    238a:	11 e0       	ldi	r17, 0x01	; 1
/home/oggy/Arduino/libraries/LiquidCrystal/src/LiquidCrystal.cpp:269
  for (int i=0; i<8; i++) {
    write(charmap[i]);
    238c:	d8 01       	movw	r26, r16
    238e:	6d 91       	ld	r22, X+
    2390:	8d 01       	movw	r16, r26
    2392:	87 e1       	ldi	r24, 0x17	; 23
    2394:	97 e0       	ldi	r25, 0x07	; 7
    2396:	0e 94 3b 04 	call	0x876	; 0x876 <LiquidCrystal::write(unsigned char)>
/home/oggy/Arduino/libraries/LiquidCrystal/src/LiquidCrystal.cpp:268
// Allows us to fill the first 8 CGRAM locations
// with custom characters
void LiquidCrystal::createChar(uint8_t location, uint8_t charmap[]) {
  location &= 0x7; // we only have 8 locations 0-7
  command(LCD_SETCGRAMADDR | (location << 3));
  for (int i=0; i<8; i++) {
    239a:	b1 e0       	ldi	r27, 0x01	; 1
    239c:	0c 30       	cpi	r16, 0x0C	; 12
    239e:	1b 07       	cpc	r17, r27
    23a0:	a9 f7       	brne	.-22     	; 0x238c <main+0xc0>
readFromEEPROM():
/home/oggy/Documents/arduinoprojects/padright_v1.5.2/padright_v1.5.2.ino:607
  } else if (status == 'x') {
    EEPROM.put(cashPerPadAddress, CASH_PER_PAD);
  }
}
void readFromEEPROM() {
  EEPROM.get(cashPerPadAddress, CASH_PER_PAD);
    23a2:	65 e1       	ldi	r22, 0x15	; 21
    23a4:	71 e0       	ldi	r23, 0x01	; 1
    23a6:	88 e2       	ldi	r24, 0x28	; 40
    23a8:	90 e0       	ldi	r25, 0x00	; 0
    23aa:	0e 94 3b 0d 	call	0x1a76	; 0x1a76 <int& EEPROMClass::get<int>(int, int&) [clone .isra.10]>
/home/oggy/Documents/arduinoprojects/padright_v1.5.2/padright_v1.5.2.ino:608
  if (CASH_PER_PAD <= 0) {
    23ae:	80 91 15 01 	lds	r24, 0x0115	; 0x800115 <CASH_PER_PAD>
    23b2:	90 91 16 01 	lds	r25, 0x0116	; 0x800116 <CASH_PER_PAD+0x1>
    23b6:	18 16       	cp	r1, r24
    23b8:	19 06       	cpc	r1, r25
    23ba:	64 f0       	brlt	.+24     	; 0x23d4 <main+0x108>
/home/oggy/Documents/arduinoprojects/padright_v1.5.2/padright_v1.5.2.ino:609
    CASH_PER_PAD = DEFAULT_CASH_PER_PAD;
    23bc:	85 e0       	ldi	r24, 0x05	; 5
    23be:	90 e0       	ldi	r25, 0x00	; 0
    23c0:	90 93 16 01 	sts	0x0116, r25	; 0x800116 <CASH_PER_PAD+0x1>
    23c4:	80 93 15 01 	sts	0x0115, r24	; 0x800115 <CASH_PER_PAD>
/home/oggy/Documents/arduinoprojects/padright_v1.5.2/padright_v1.5.2.ino:610
    EEPROM.put(cashPerPadAddress, CASH_PER_PAD);
    23c8:	65 e1       	ldi	r22, 0x15	; 21
    23ca:	71 e0       	ldi	r23, 0x01	; 1
    23cc:	88 e2       	ldi	r24, 0x28	; 40
    23ce:	90 e0       	ldi	r25, 0x00	; 0
    23d0:	0e 94 07 0f 	call	0x1e0e	; 0x1e0e <int const& EEPROMClass::put<int>(int, int const&) [clone .isra.7]>
/home/oggy/Documents/arduinoprojects/padright_v1.5.2/padright_v1.5.2.ino:612
  }
  EEPROM.get(maxPadAddress, padAmount);
    23d4:	6c e0       	ldi	r22, 0x0C	; 12
    23d6:	71 e0       	ldi	r23, 0x01	; 1
    23d8:	8f e0       	ldi	r24, 0x0F	; 15
    23da:	90 e0       	ldi	r25, 0x00	; 0
    23dc:	0e 94 3b 0d 	call	0x1a76	; 0x1a76 <int& EEPROMClass::get<int>(int, int&) [clone .isra.10]>
/home/oggy/Documents/arduinoprojects/padright_v1.5.2/padright_v1.5.2.ino:613
  if (padAmount <= 0) {
    23e0:	80 91 0c 01 	lds	r24, 0x010C	; 0x80010c <padAmount>
    23e4:	90 91 0d 01 	lds	r25, 0x010D	; 0x80010d <padAmount+0x1>
    23e8:	18 16       	cp	r1, r24
    23ea:	19 06       	cpc	r1, r25
    23ec:	64 f0       	brlt	.+24     	; 0x2406 <main+0x13a>
/home/oggy/Documents/arduinoprojects/padright_v1.5.2/padright_v1.5.2.ino:614
    padAmount = DEFAULT_PAD_AMOUNT;
    23ee:	8a e0       	ldi	r24, 0x0A	; 10
    23f0:	90 e0       	ldi	r25, 0x00	; 0
    23f2:	90 93 0d 01 	sts	0x010D, r25	; 0x80010d <padAmount+0x1>
    23f6:	80 93 0c 01 	sts	0x010C, r24	; 0x80010c <padAmount>
/home/oggy/Documents/arduinoprojects/padright_v1.5.2/padright_v1.5.2.ino:615
    EEPROM.put(maxPadAddress, padAmount);
    23fa:	6c e0       	ldi	r22, 0x0C	; 12
    23fc:	71 e0       	ldi	r23, 0x01	; 1
    23fe:	8f e0       	ldi	r24, 0x0F	; 15
    2400:	90 e0       	ldi	r25, 0x00	; 0
    2402:	0e 94 07 0f 	call	0x1e0e	; 0x1e0e <int const& EEPROMClass::put<int>(int, int const&) [clone .isra.7]>
/home/oggy/Documents/arduinoprojects/padright_v1.5.2/padright_v1.5.2.ino:617
  }
  EEPROM.get(mTypeAddress, mType);
    2406:	62 e4       	ldi	r22, 0x42	; 66
    2408:	76 e0       	ldi	r23, 0x06	; 6
    240a:	89 e1       	ldi	r24, 0x19	; 25
    240c:	90 e0       	ldi	r25, 0x00	; 0
    240e:	0e 94 31 0d 	call	0x1a62	; 0x1a62 <unsigned char& EEPROMClass::get<unsigned char>(int, unsigned char&) [clone .isra.11]>
/home/oggy/Documents/arduinoprojects/padright_v1.5.2/padright_v1.5.2.ino:618
  if (mType != CASH_MACHINE && mType != RFID_MACHINE) {
    2412:	80 91 42 06 	lds	r24, 0x0642	; 0x800642 <mType>
    2416:	82 30       	cpi	r24, 0x02	; 2
    2418:	40 f0       	brcs	.+16     	; 0x242a <main+0x15e>
/home/oggy/Documents/arduinoprojects/padright_v1.5.2/padright_v1.5.2.ino:619
    mType = DEFAULT_MACHINE_TYPE;
    241a:	10 92 42 06 	sts	0x0642, r1	; 0x800642 <mType>
/home/oggy/Documents/arduinoprojects/padright_v1.5.2/padright_v1.5.2.ino:620
    EEPROM.put(mTypeAddress, mType);
    241e:	62 e4       	ldi	r22, 0x42	; 66
    2420:	76 e0       	ldi	r23, 0x06	; 6
    2422:	89 e1       	ldi	r24, 0x19	; 25
    2424:	90 e0       	ldi	r25, 0x00	; 0
    2426:	0e 94 f0 0e 	call	0x1de0	; 0x1de0 <unsigned char const& EEPROMClass::put<unsigned char>(int, unsigned char const&) [clone .isra.12]>
/home/oggy/Documents/arduinoprojects/padright_v1.5.2/padright_v1.5.2.ino:622
  }
  EEPROM.get(maxRackAddress, maxRack);  /// upper three variable must be read first
    242a:	62 e1       	ldi	r22, 0x12	; 18
    242c:	71 e0       	ldi	r23, 0x01	; 1
    242e:	8e e1       	ldi	r24, 0x1E	; 30
    2430:	90 e0       	ldi	r25, 0x00	; 0
    2432:	0e 94 31 0d 	call	0x1a62	; 0x1a62 <unsigned char& EEPROMClass::get<unsigned char>(int, unsigned char&) [clone .isra.11]>
/home/oggy/Documents/arduinoprojects/padright_v1.5.2/padright_v1.5.2.ino:623
  if (maxRack > availableRack || maxRack <= 0) {
    2436:	80 91 12 01 	lds	r24, 0x0112	; 0x800112 <maxRack>
    243a:	81 50       	subi	r24, 0x01	; 1
    243c:	83 30       	cpi	r24, 0x03	; 3
    243e:	48 f0       	brcs	.+18     	; 0x2452 <main+0x186>
/home/oggy/Documents/arduinoprojects/padright_v1.5.2/padright_v1.5.2.ino:624
    maxRack = DEFAULT_MAX_RACK;
    2440:	82 e0       	ldi	r24, 0x02	; 2
    2442:	80 93 12 01 	sts	0x0112, r24	; 0x800112 <maxRack>
/home/oggy/Documents/arduinoprojects/padright_v1.5.2/padright_v1.5.2.ino:625
    EEPROM.put(maxRackAddress, maxRack);
    2446:	62 e1       	ldi	r22, 0x12	; 18
    2448:	71 e0       	ldi	r23, 0x01	; 1
    244a:	8e e1       	ldi	r24, 0x1E	; 30
    244c:	90 e0       	ldi	r25, 0x00	; 0
    244e:	0e 94 f0 0e 	call	0x1de0	; 0x1de0 <unsigned char const& EEPROMClass::put<unsigned char>(int, unsigned char const&) [clone .isra.12]>
/home/oggy/Documents/arduinoprojects/padright_v1.5.2/padright_v1.5.2.ino:627
  }
  EEPROM.get(maxRackCapacityAddress, maxRackCapacity);
    2452:	6e e0       	ldi	r22, 0x0E	; 14
    2454:	71 e0       	ldi	r23, 0x01	; 1
    2456:	84 e1       	ldi	r24, 0x14	; 20
    2458:	90 e0       	ldi	r25, 0x00	; 0
    245a:	0e 94 3b 0d 	call	0x1a76	; 0x1a76 <int& EEPROMClass::get<int>(int, int&) [clone .isra.10]>
/home/oggy/Documents/arduinoprojects/padright_v1.5.2/padright_v1.5.2.ino:628
  if (maxRackCapacity <= 0) {
    245e:	80 91 0e 01 	lds	r24, 0x010E	; 0x80010e <maxRackCapacity>
    2462:	90 91 0f 01 	lds	r25, 0x010F	; 0x80010f <maxRackCapacity+0x1>
    2466:	18 16       	cp	r1, r24
    2468:	19 06       	cpc	r1, r25
    246a:	64 f0       	brlt	.+24     	; 0x2484 <main+0x1b8>
/home/oggy/Documents/arduinoprojects/padright_v1.5.2/padright_v1.5.2.ino:629
    maxRackCapacity = DEFAULT_MAX_RACK_CAPACITY;
    246c:	80 e3       	ldi	r24, 0x30	; 48
    246e:	90 e0       	ldi	r25, 0x00	; 0
    2470:	90 93 0f 01 	sts	0x010F, r25	; 0x80010f <maxRackCapacity+0x1>
    2474:	80 93 0e 01 	sts	0x010E, r24	; 0x80010e <maxRackCapacity>
/home/oggy/Documents/arduinoprojects/padright_v1.5.2/padright_v1.5.2.ino:630
    EEPROM.put(maxRackCapacityAddress, maxRackCapacity);
    2478:	6e e0       	ldi	r22, 0x0E	; 14
    247a:	71 e0       	ldi	r23, 0x01	; 1
    247c:	84 e1       	ldi	r24, 0x14	; 20
    247e:	90 e0       	ldi	r25, 0x00	; 0
    2480:	0e 94 07 0f 	call	0x1e0e	; 0x1e0e <int const& EEPROMClass::put<int>(int, int const&) [clone .isra.7]>
operator*():
/home/oggy/.arduino15/packages/MiniCore/hardware/avr/3.1.2/libraries/EEPROM/src/EEPROM.h:42

    EERef( const int index )
        : index( index )                 {}
    
    //Access/read members.
    uint8_t operator*() const            { return eeprom_read_byte( (uint8_t*) index ); }
    2484:	8a e0       	ldi	r24, 0x0A	; 10
    2486:	90 e0       	ldi	r25, 0x00	; 0
    2488:	0e 94 7b 21 	call	0x42f6	; 0x42f6 <eeprom_read_byte>
    248c:	18 2f       	mov	r17, r24
    248e:	8b e0       	ldi	r24, 0x0B	; 11
    2490:	90 e0       	ldi	r25, 0x00	; 0
    2492:	0e 94 7b 21 	call	0x42f6	; 0x42f6 <eeprom_read_byte>
readIntFromEEPROM():
/home/oggy/Documents/arduinoprojects/padright_v1.5.2/padright_v1.5.2.ino:675
void writeIntIntoEEPROM(int address, int number) {
  EEPROM.write(address, number >> 8);
  EEPROM.write(address + 1, number & 0xFF);
}
int readIntFromEEPROM(int address) {
  return (EEPROM.read(address) << 8) + EEPROM.read(address + 1);
    2496:	21 2f       	mov	r18, r17
    2498:	30 e0       	ldi	r19, 0x00	; 0
    249a:	32 2f       	mov	r19, r18
    249c:	22 27       	eor	r18, r18
    249e:	82 0f       	add	r24, r18
    24a0:	93 2f       	mov	r25, r19
    24a2:	91 1d       	adc	r25, r1
readFromEEPROM():
/home/oggy/Documents/arduinoprojects/padright_v1.5.2/padright_v1.5.2.ino:632
  EEPROM.get(maxRackCapacityAddress, maxRackCapacity);
  if (maxRackCapacity <= 0) {
    maxRackCapacity = DEFAULT_MAX_RACK_CAPACITY;
    EEPROM.put(maxRackCapacityAddress, maxRackCapacity);
  }
  motorTimeVariable = readIntFromEEPROM(motorTimeAddress);
    24a4:	90 93 11 01 	sts	0x0111, r25	; 0x800111 <motorTimeVariable+0x1>
    24a8:	80 93 10 01 	sts	0x0110, r24	; 0x800110 <motorTimeVariable>
/home/oggy/Documents/arduinoprojects/padright_v1.5.2/padright_v1.5.2.ino:633
  if (motorTimeVariable <= 0) {
    24ac:	18 16       	cp	r1, r24
    24ae:	19 06       	cpc	r1, r25
    24b0:	64 f0       	brlt	.+24     	; 0x24ca <main+0x1fe>
/home/oggy/Documents/arduinoprojects/padright_v1.5.2/padright_v1.5.2.ino:634
    motorTimeVariable = DEFAULT_MOTOR_TIME;
    24b2:	8c ed       	ldi	r24, 0xDC	; 220
    24b4:	95 e0       	ldi	r25, 0x05	; 5
    24b6:	90 93 11 01 	sts	0x0111, r25	; 0x800111 <motorTimeVariable+0x1>
    24ba:	80 93 10 01 	sts	0x0110, r24	; 0x800110 <motorTimeVariable>
/home/oggy/Documents/arduinoprojects/padright_v1.5.2/padright_v1.5.2.ino:635
    EEPROM.put(motorTimeAddress, motorTimeVariable);
    24be:	60 e1       	ldi	r22, 0x10	; 16
    24c0:	71 e0       	ldi	r23, 0x01	; 1
    24c2:	8a e0       	ldi	r24, 0x0A	; 10
    24c4:	90 e0       	ldi	r25, 0x00	; 0
    24c6:	0e 94 07 0f 	call	0x1e0e	; 0x1e0e <int const& EEPROMClass::put<int>(int, int const&) [clone .isra.7]>
/home/oggy/Documents/arduinoprojects/padright_v1.5.2/padright_v1.5.2.ino:637
  }
  EEPROM.get(cashLimitAddress, CASH_LIMIT);
    24ca:	67 e1       	ldi	r22, 0x17	; 23
    24cc:	71 e0       	ldi	r23, 0x01	; 1
    24ce:	83 e2       	ldi	r24, 0x23	; 35
    24d0:	90 e0       	ldi	r25, 0x00	; 0
    24d2:	0e 94 3b 0d 	call	0x1a76	; 0x1a76 <int& EEPROMClass::get<int>(int, int&) [clone .isra.10]>
/home/oggy/Documents/arduinoprojects/padright_v1.5.2/padright_v1.5.2.ino:638
  if (CASH_LIMIT <= 0 || CASH_LIMIT % FIVE_RUPEES != 0 || CASH_LIMIT > MAX_CASH_LIMIT) {
    24d6:	80 91 17 01 	lds	r24, 0x0117	; 0x800117 <CASH_LIMIT>
    24da:	90 91 18 01 	lds	r25, 0x0118	; 0x800118 <CASH_LIMIT+0x1>
    24de:	9c 01       	movw	r18, r24
    24e0:	21 50       	subi	r18, 0x01	; 1
    24e2:	31 09       	sbc	r19, r1
    24e4:	2a 3f       	cpi	r18, 0xFA	; 250
    24e6:	31 05       	cpc	r19, r1
    24e8:	30 f4       	brcc	.+12     	; 0x24f6 <main+0x22a>
    24ea:	65 e0       	ldi	r22, 0x05	; 5
    24ec:	70 e0       	ldi	r23, 0x00	; 0
    24ee:	0e 94 e2 22 	call	0x45c4	; 0x45c4 <__divmodhi4>
    24f2:	89 2b       	or	r24, r25
    24f4:	79 f0       	breq	.+30     	; 0x2514 <main+0x248>
/home/oggy/Documents/arduinoprojects/padright_v1.5.2/padright_v1.5.2.ino:639
    CASH_LIMIT = DEFAULT_CASH_LIMIT;
    24f6:	84 e1       	ldi	r24, 0x14	; 20
    24f8:	90 e0       	ldi	r25, 0x00	; 0
    24fa:	90 93 18 01 	sts	0x0118, r25	; 0x800118 <CASH_LIMIT+0x1>
    24fe:	80 93 17 01 	sts	0x0117, r24	; 0x800117 <CASH_LIMIT>
/home/oggy/Documents/arduinoprojects/padright_v1.5.2/padright_v1.5.2.ino:640
    EEPROM.put(cashLimitAddress, DEFAULT_CASH_LIMIT);
    2502:	9a 83       	std	Y+2, r25	; 0x02
    2504:	89 83       	std	Y+1, r24	; 0x01
    2506:	be 01       	movw	r22, r28
    2508:	6f 5f       	subi	r22, 0xFF	; 255
    250a:	7f 4f       	sbci	r23, 0xFF	; 255
    250c:	83 e2       	ldi	r24, 0x23	; 35
    250e:	90 e0       	ldi	r25, 0x00	; 0
    2510:	0e 94 07 0f 	call	0x1e0e	; 0x1e0e <int const& EEPROMClass::put<int>(int, int const&) [clone .isra.7]>
/home/oggy/Documents/arduinoprojects/padright_v1.5.2/padright_v1.5.2.ino:643
  }

  EEPROM.get(pulseForFiveRupeeNoteAddress, pulseForFiveRupeeNote);
    2514:	6b e1       	ldi	r22, 0x1B	; 27
    2516:	71 e0       	ldi	r23, 0x01	; 1
    2518:	82 e3       	ldi	r24, 0x32	; 50
    251a:	90 e0       	ldi	r25, 0x00	; 0
    251c:	0e 94 3b 0d 	call	0x1a76	; 0x1a76 <int& EEPROMClass::get<int>(int, int&) [clone .isra.10]>
/home/oggy/Documents/arduinoprojects/padright_v1.5.2/padright_v1.5.2.ino:646
  bool valid = false;
  for (int i = 0; i < 4; i++) {
    if (pulseForFiveRupeeNote == availablePulses[i]) {
    2520:	80 91 1b 01 	lds	r24, 0x011B	; 0x80011b <pulseForFiveRupeeNote>
    2524:	90 91 1c 01 	lds	r25, 0x011C	; 0x80011c <pulseForFiveRupeeNote+0x1>
    2528:	9c 01       	movw	r18, r24
    252a:	21 50       	subi	r18, 0x01	; 1
    252c:	31 09       	sbc	r19, r1
    252e:	22 30       	cpi	r18, 0x02	; 2
    2530:	31 05       	cpc	r19, r1
    2532:	88 f0       	brcs	.+34     	; 0x2556 <main+0x28a>
    2534:	85 30       	cpi	r24, 0x05	; 5
    2536:	91 05       	cpc	r25, r1
    2538:	71 f0       	breq	.+28     	; 0x2556 <main+0x28a>
    253a:	0a 97       	sbiw	r24, 0x0a	; 10
    253c:	61 f0       	breq	.+24     	; 0x2556 <main+0x28a>
/home/oggy/Documents/arduinoprojects/padright_v1.5.2/padright_v1.5.2.ino:652
      valid = true;
      break;
    }
  }
  if (!valid) {
    pulseForFiveRupeeNote = availablePulses[0];
    253e:	81 e0       	ldi	r24, 0x01	; 1
    2540:	90 e0       	ldi	r25, 0x00	; 0
    2542:	90 93 1c 01 	sts	0x011C, r25	; 0x80011c <pulseForFiveRupeeNote+0x1>
    2546:	80 93 1b 01 	sts	0x011B, r24	; 0x80011b <pulseForFiveRupeeNote>
/home/oggy/Documents/arduinoprojects/padright_v1.5.2/padright_v1.5.2.ino:653
    EEPROM.put(pulseForFiveRupeeNoteAddress, pulseForFiveRupeeNote);
    254a:	6b e1       	ldi	r22, 0x1B	; 27
    254c:	71 e0       	ldi	r23, 0x01	; 1
    254e:	82 e3       	ldi	r24, 0x32	; 50
    2550:	90 e0       	ldi	r25, 0x00	; 0
    2552:	0e 94 07 0f 	call	0x1e0e	; 0x1e0e <int const& EEPROMClass::put<int>(int, int const&) [clone .isra.7]>
/home/oggy/Documents/arduinoprojects/padright_v1.5.2/padright_v1.5.2.ino:656
  }
  // to update cashPulseFactor
  cashPulseFactor = (float)(5.0 / pulseForFiveRupeeNote);
    2556:	60 91 1b 01 	lds	r22, 0x011B	; 0x80011b <pulseForFiveRupeeNote>
    255a:	70 91 1c 01 	lds	r23, 0x011C	; 0x80011c <pulseForFiveRupeeNote+0x1>
    255e:	07 2e       	mov	r0, r23
    2560:	00 0c       	add	r0, r0
    2562:	88 0b       	sbc	r24, r24
    2564:	99 0b       	sbc	r25, r25
    2566:	0e 94 5e 20 	call	0x40bc	; 0x40bc <__floatsisf>
    256a:	9b 01       	movw	r18, r22
    256c:	ac 01       	movw	r20, r24
    256e:	60 e0       	ldi	r22, 0x00	; 0
    2570:	70 e0       	ldi	r23, 0x00	; 0
    2572:	80 ea       	ldi	r24, 0xA0	; 160
    2574:	90 e4       	ldi	r25, 0x40	; 64
    2576:	0e 94 35 22 	call	0x446a	; 0x446a <__divsf3>
    257a:	60 93 3f 07 	sts	0x073F, r22	; 0x80073f <cashPulseFactor>
    257e:	70 93 40 07 	sts	0x0740, r23	; 0x800740 <cashPulseFactor+0x1>
    2582:	80 93 41 07 	sts	0x0741, r24	; 0x800741 <cashPulseFactor+0x2>
    2586:	90 93 42 07 	sts	0x0742, r25	; 0x800742 <cashPulseFactor+0x3>
/home/oggy/Documents/arduinoprojects/padright_v1.5.2/padright_v1.5.2.ino:657
  EEPROM.get(cashWaitTimeAddress, cashWaitTime);
    258a:	69 e1       	ldi	r22, 0x19	; 25
    258c:	71 e0       	ldi	r23, 0x01	; 1
    258e:	8d e2       	ldi	r24, 0x2D	; 45
    2590:	90 e0       	ldi	r25, 0x00	; 0
    2592:	0e 94 3b 0d 	call	0x1a76	; 0x1a76 <int& EEPROMClass::get<int>(int, int&) [clone .isra.10]>
/home/oggy/Documents/arduinoprojects/padright_v1.5.2/padright_v1.5.2.ino:658
  if (cashWaitTime > MAX_CASH_WAIT_TIME || cashWaitTime <= 0) {
    2596:	80 91 19 01 	lds	r24, 0x0119	; 0x800119 <cashWaitTime>
    259a:	90 91 1a 01 	lds	r25, 0x011A	; 0x80011a <cashWaitTime+0x1>
    259e:	01 97       	sbiw	r24, 0x01	; 1
    25a0:	80 32       	cpi	r24, 0x20	; 32
    25a2:	9e 44       	sbci	r25, 0x4E	; 78
    25a4:	60 f0       	brcs	.+24     	; 0x25be <main+0x2f2>
/home/oggy/Documents/arduinoprojects/padright_v1.5.2/padright_v1.5.2.ino:659
    cashWaitTime = 5000;
    25a6:	88 e8       	ldi	r24, 0x88	; 136
    25a8:	93 e1       	ldi	r25, 0x13	; 19
    25aa:	90 93 1a 01 	sts	0x011A, r25	; 0x80011a <cashWaitTime+0x1>
    25ae:	80 93 19 01 	sts	0x0119, r24	; 0x800119 <cashWaitTime>
/home/oggy/Documents/arduinoprojects/padright_v1.5.2/padright_v1.5.2.ino:660
    EEPROM.put(cashWaitTimeAddress, cashWaitTime);
    25b2:	69 e1       	ldi	r22, 0x19	; 25
    25b4:	71 e0       	ldi	r23, 0x01	; 1
    25b6:	8d e2       	ldi	r24, 0x2D	; 45
    25b8:	90 e0       	ldi	r25, 0x00	; 0
    25ba:	0e 94 07 0f 	call	0x1e0e	; 0x1e0e <int const& EEPROMClass::put<int>(int, int const&) [clone .isra.7]>
main():
/home/oggy/.arduino15/packages/MiniCore/hardware/avr/3.1.2/cores/MCUdude_corefiles/main.cpp:34
    25be:	0f ef       	ldi	r16, 0xFF	; 255
    25c0:	16 e0       	ldi	r17, 0x06	; 6
    25c2:	83 e2       	ldi	r24, 0x23	; 35
    25c4:	e8 2e       	mov	r14, r24
    25c6:	81 e0       	ldi	r24, 0x01	; 1
    25c8:	f8 2e       	mov	r15, r24
readFromEEPROM():
/home/oggy/Documents/arduinoprojects/padright_v1.5.2/padright_v1.5.2.ino:662
  }
  for (int i = 0; i < maxRack; i++) {
    25ca:	80 91 12 01 	lds	r24, 0x0112	; 0x800112 <maxRack>
    25ce:	90 e0       	ldi	r25, 0x00	; 0
    25d0:	97 01       	movw	r18, r14
    25d2:	23 52       	subi	r18, 0x23	; 35
    25d4:	31 40       	sbci	r19, 0x01	; 1
    25d6:	28 17       	cp	r18, r24
    25d8:	39 07       	cpc	r19, r25
    25da:	8c f0       	brlt	.+34     	; 0x25fe <main+0x332>
/home/oggy/Documents/arduinoprojects/padright_v1.5.2/padright_v1.5.2.ino:666
    rack[i].setQuantity(EEPROM.read(rackAddress[i]));
  }
  for (int i = 0; i < maxRack; i++) {
    rack[i].setMaxQuantity(maxRackCapacity);
    25dc:	40 91 0e 01 	lds	r20, 0x010E	; 0x80010e <maxRackCapacity>
    25e0:	50 91 0f 01 	lds	r21, 0x010F	; 0x80010f <maxRackCapacity+0x1>
    25e4:	ef ef       	ldi	r30, 0xFF	; 255
    25e6:	f6 e0       	ldi	r31, 0x06	; 6
main():
/home/oggy/Documents/arduinoprojects/padright_v1.5.2/padright_v1.5.2.ino:665
    EEPROM.put(cashWaitTimeAddress, cashWaitTime);
  }
  for (int i = 0; i < maxRack; i++) {
    rack[i].setQuantity(EEPROM.read(rackAddress[i]));
  }
  for (int i = 0; i < maxRack; i++) {
    25e8:	30 e0       	ldi	r19, 0x00	; 0
    25ea:	20 e0       	ldi	r18, 0x00	; 0
readFromEEPROM():
    25ec:	82 17       	cp	r24, r18
    25ee:	93 07       	cpc	r25, r19
    25f0:	99 f0       	breq	.+38     	; 0x2618 <main+0x34c>
setMaxQuantity():
/home/oggy/Documents/arduinoprojects/padright_v1.5.2/padrack.cpp:38
int padrack::getMaxQuantity()
{
    return maxQuantity;
}
void padrack::setMaxQuantity(int number){
    maxQuantity = number;
    25f2:	53 83       	std	Z+3, r21	; 0x03
    25f4:	42 83       	std	Z+2, r20	; 0x02
readFromEEPROM():
/home/oggy/Documents/arduinoprojects/padright_v1.5.2/padright_v1.5.2.ino:665
    25f6:	2f 5f       	subi	r18, 0xFF	; 255
    25f8:	3f 4f       	sbci	r19, 0xFF	; 255
    25fa:	34 96       	adiw	r30, 0x04	; 4
    25fc:	f7 cf       	rjmp	.-18     	; 0x25ec <main+0x320>
/home/oggy/Documents/arduinoprojects/padright_v1.5.2/padright_v1.5.2.ino:663
  if (cashWaitTime > MAX_CASH_WAIT_TIME || cashWaitTime <= 0) {
    cashWaitTime = 5000;
    EEPROM.put(cashWaitTimeAddress, cashWaitTime);
  }
  for (int i = 0; i < maxRack; i++) {
    rack[i].setQuantity(EEPROM.read(rackAddress[i]));
    25fe:	d7 01       	movw	r26, r14
    2600:	8d 91       	ld	r24, X+
    2602:	7d 01       	movw	r14, r26
operator*():
/home/oggy/.arduino15/packages/MiniCore/hardware/avr/3.1.2/libraries/EEPROM/src/EEPROM.h:42
    2604:	90 e0       	ldi	r25, 0x00	; 0
    2606:	0e 94 7b 21 	call	0x42f6	; 0x42f6 <eeprom_read_byte>
readFromEEPROM():
/home/oggy/Documents/arduinoprojects/padright_v1.5.2/padright_v1.5.2.ino:663
    260a:	90 e0       	ldi	r25, 0x00	; 0
    260c:	f8 01       	movw	r30, r16
    260e:	91 83       	std	Z+1, r25	; 0x01
    2610:	80 83       	st	Z, r24
    2612:	0c 5f       	subi	r16, 0xFC	; 252
    2614:	1f 4f       	sbci	r17, 0xFF	; 255
    2616:	d9 cf       	rjmp	.-78     	; 0x25ca <main+0x2fe>
pinSetup():
/home/oggy/Documents/arduinoprojects/padright_v1.5.2/padright_v1.5.2.ino:203
  }
  // machineDetails();
}

void pinSetup() {
  pinMode(menuButton, INPUT_PULLUP);
    2618:	62 e0       	ldi	r22, 0x02	; 2
    261a:	83 e0       	ldi	r24, 0x03	; 3
    261c:	0e 94 19 01 	call	0x232	; 0x232 <pinMode>
/home/oggy/Documents/arduinoprojects/padright_v1.5.2/padright_v1.5.2.ino:204
  pinMode(selectButton, INPUT_PULLUP);
    2620:	62 e0       	ldi	r22, 0x02	; 2
    2622:	8e e0       	ldi	r24, 0x0E	; 14
    2624:	0e 94 19 01 	call	0x232	; 0x232 <pinMode>
/home/oggy/Documents/arduinoprojects/padright_v1.5.2/padright_v1.5.2.ino:205
  pinMode(okButton, INPUT_PULLUP);
    2628:	62 e0       	ldi	r22, 0x02	; 2
    262a:	8f e0       	ldi	r24, 0x0F	; 15
    262c:	0e 94 19 01 	call	0x232	; 0x232 <pinMode>
/home/oggy/Documents/arduinoprojects/padright_v1.5.2/padright_v1.5.2.ino:206
  if (mType == CASH_MACHINE) {
    2630:	80 91 42 06 	lds	r24, 0x0642	; 0x800642 <mType>
    2634:	81 30       	cpi	r24, 0x01	; 1
    2636:	21 f4       	brne	.+8      	; 0x2640 <main+0x374>
/home/oggy/Documents/arduinoprojects/padright_v1.5.2/padright_v1.5.2.ino:208
    // pinMode(inhibit, OUTPUT);
    pinMode(interrupt, INPUT_PULLUP);
    2638:	62 e0       	ldi	r22, 0x02	; 2
    263a:	82 e0       	ldi	r24, 0x02	; 2
    263c:	0e 94 19 01 	call	0x232	; 0x232 <pinMode>
/home/oggy/Documents/arduinoprojects/padright_v1.5.2/padright_v1.5.2.ino:210
  }
  pinMode(buzzer, OUTPUT);
    2640:	61 e0       	ldi	r22, 0x01	; 1
    2642:	80 e1       	ldi	r24, 0x10	; 16
    2644:	0e 94 19 01 	call	0x232	; 0x232 <pinMode>
/home/oggy/Documents/arduinoprojects/padright_v1.5.2/padright_v1.5.2.ino:211
  digitalWrite(buzzer, LOW);
    2648:	60 e0       	ldi	r22, 0x00	; 0
    264a:	80 e1       	ldi	r24, 0x10	; 16
    264c:	0e 94 eb 00 	call	0x1d6	; 0x1d6 <digitalWrite>
    2650:	0d e2       	ldi	r16, 0x2D	; 45
    2652:	11 e0       	ldi	r17, 0x01	; 1
/home/oggy/Documents/arduinoprojects/padright_v1.5.2/padright_v1.5.2.ino:212
  for (int i = 0; i < maxRack; i++) {
    2654:	20 91 12 01 	lds	r18, 0x0112	; 0x800112 <maxRack>
    2658:	c8 01       	movw	r24, r16
    265a:	8d 52       	subi	r24, 0x2D	; 45
    265c:	91 40       	sbci	r25, 0x01	; 1
    265e:	28 17       	cp	r18, r24
    2660:	19 06       	cpc	r1, r25
    2662:	69 f0       	breq	.+26     	; 0x267e <main+0x3b2>
    2664:	64 f0       	brlt	.+24     	; 0x267e <main+0x3b2>
/home/oggy/Documents/arduinoprojects/padright_v1.5.2/padright_v1.5.2.ino:213
    pinMode(motor[i], OUTPUT);
    2666:	d8 01       	movw	r26, r16
    2668:	fd 90       	ld	r15, X+
    266a:	8d 01       	movw	r16, r26
    266c:	61 e0       	ldi	r22, 0x01	; 1
    266e:	8f 2d       	mov	r24, r15
    2670:	0e 94 19 01 	call	0x232	; 0x232 <pinMode>
/home/oggy/Documents/arduinoprojects/padright_v1.5.2/padright_v1.5.2.ino:214
    digitalWrite(motor[i], LOW);
    2674:	60 e0       	ldi	r22, 0x00	; 0
    2676:	8f 2d       	mov	r24, r15
    2678:	0e 94 eb 00 	call	0x1d6	; 0x1d6 <digitalWrite>
    267c:	eb cf       	rjmp	.-42     	; 0x2654 <main+0x388>
setup():
/home/oggy/Documents/arduinoprojects/padright_v1.5.2/padright_v1.5.2.ino:147
  Serial.begin(9600);
  lcd.begin(16, 2);  // initialize the lcd
  lcd.createChar(0, arrow);
  readFromEEPROM();
  pinSetup();
  if (mType == CASH_MACHINE) {
    267e:	80 91 42 06 	lds	r24, 0x0642	; 0x800642 <mType>
    2682:	81 30       	cpi	r24, 0x01	; 1
    2684:	09 f0       	breq	.+2      	; 0x2688 <main+0x3bc>
    2686:	4d c1       	rjmp	.+666    	; 0x2922 <main+0x656>
attachInterrupt():
/home/oggy/.arduino15/packages/MiniCore/hardware/avr/3.1.2/cores/MCUdude_corefiles/WInterrupts.c:66

void attachInterrupt(uint8_t interruptNum, void (*userFunc)(void), int mode)
{
  if(interruptNum < EXTERNAL_NUM_INTERRUPTS)
  {
    intFunc[interruptNum] = userFunc;
    2688:	86 e2       	ldi	r24, 0x26	; 38
    268a:	99 e0       	ldi	r25, 0x09	; 9
    268c:	90 93 01 01 	sts	0x0101, r25	; 0x800101 <__data_start+0x1>
    2690:	80 93 00 01 	sts	0x0100, r24	; 0x800100 <__data_start>
/home/oggy/.arduino15/packages/MiniCore/hardware/avr/3.1.2/cores/MCUdude_corefiles/WInterrupts.c:231
      #elif defined(__AVR_ATmega48__) || defined(__AVR_ATmega48P__)  || defined(__AVR_ATmega48PB__)  \
      || defined(__AVR_ATmega88__)    || defined(__AVR_ATmega88P__)  || defined(__AVR_ATmega88PB__)  \
      || defined(__AVR_ATmega168__)   || defined(__AVR_ATmega168P__) || defined(__AVR_ATmega168PB__) \
      || defined(__AVR_ATmega328__)   || defined(__AVR_ATmega328P__) || defined(__AVR_ATmega328PB__)
        case 0:
          EICRA = (EICRA & ~((1 << ISC00) | (1 << ISC01))) | (mode << ISC00);
    2694:	80 91 69 00 	lds	r24, 0x0069	; 0x800069 <__DATA_REGION_ORIGIN__+0x9>
    2698:	8c 7f       	andi	r24, 0xFC	; 252
    269a:	82 60       	ori	r24, 0x02	; 2
    269c:	80 93 69 00 	sts	0x0069, r24	; 0x800069 <__DATA_REGION_ORIGIN__+0x9>
/home/oggy/.arduino15/packages/MiniCore/hardware/avr/3.1.2/cores/MCUdude_corefiles/WInterrupts.c:232
          EIMSK |= (1 << INT0);
    26a0:	e8 9a       	sbi	0x1d, 0	; 29
setup():
/home/oggy/Documents/arduinoprojects/padright_v1.5.2/padright_v1.5.2.ino:149
    attachInterrupt(digitalPinToInterrupt(interrupt), _interrupt, FALLING);
    disableCashAcceptor();
    26a2:	0e 94 22 09 	call	0x1244	; 0x1244 <disableCashAcceptor()>
operator*():
/home/oggy/.arduino15/packages/MiniCore/hardware/avr/3.1.2/libraries/EEPROM/src/EEPROM.h:42
    26a6:	84 e6       	ldi	r24, 0x64	; 100
    26a8:	90 e0       	ldi	r25, 0x00	; 0
    26aa:	0e 94 7b 21 	call	0x42f6	; 0x42f6 <eeprom_read_byte>
setup():
/home/oggy/Documents/arduinoprojects/padright_v1.5.2/padright_v1.5.2.ino:155
  } else {
    // detachInterrupt(digitalPinToInterrupt(interrupt));
    SPI.begin();         // Init SPI bus
    mfrc522.PCD_Init();  // Init MFRC522 card
  }
  if (EEPROM.read(firstBootAddress) != firstBoot) {
    26ae:	89 37       	cpi	r24, 0x79	; 121
    26b0:	09 f4       	brne	.+2      	; 0x26b4 <main+0x3e8>
    26b2:	fb c1       	rjmp	.+1014   	; 0x2aaa <main+0x7de>
    26b4:	08 e6       	ldi	r16, 0x68	; 104
    26b6:	10 e0       	ldi	r17, 0x00	; 0
print():
/home/oggy/.arduino15/packages/MiniCore/hardware/avr/3.1.2/cores/MCUdude_corefiles/Print.cpp:49
size_t Print::print(const __FlashStringHelper *ifsh)
{
  PGM_P p = reinterpret_cast<PGM_P>(ifsh);
  size_t n = 0;
  while (1) {
    unsigned char c = pgm_read_byte(p++);
    26b8:	f8 01       	movw	r30, r16
    26ba:	64 91       	lpm	r22, Z
/home/oggy/.arduino15/packages/MiniCore/hardware/avr/3.1.2/cores/MCUdude_corefiles/Print.cpp:50
    if (c == 0) break;
    26bc:	66 23       	and	r22, r22
    26be:	41 f0       	breq	.+16     	; 0x26d0 <main+0x404>
/home/oggy/.arduino15/packages/MiniCore/hardware/avr/3.1.2/cores/MCUdude_corefiles/Print.cpp:51
    if (write(c)) n++;
    26c0:	82 e6       	ldi	r24, 0x62	; 98
    26c2:	96 e0       	ldi	r25, 0x06	; 6
    26c4:	0e 94 73 02 	call	0x4e6	; 0x4e6 <HardwareSerial::write(unsigned char)>
    26c8:	0f 5f       	subi	r16, 0xFF	; 255
    26ca:	1f 4f       	sbci	r17, 0xFF	; 255
    26cc:	89 2b       	or	r24, r25
    26ce:	a1 f7       	brne	.-24     	; 0x26b8 <main+0x3ec>
write():
    26d0:	6b e8       	ldi	r22, 0x8B	; 139
    26d2:	72 e0       	ldi	r23, 0x02	; 2
    26d4:	82 e6       	ldi	r24, 0x62	; 98
    26d6:	96 e0       	ldi	r25, 0x06	; 6
    26d8:	0e 94 3b 0a 	call	0x1476	; 0x1476 <Print::write(char const*) [clone .part.2]>
writeToEPPROM():
    26dc:	89 e7       	ldi	r24, 0x79	; 121
    26de:	0e 94 2d 0f 	call	0x1e5a	; 0x1e5a <writeToEPPROM(char) [clone .part.8]>
setup():
/home/oggy/Documents/arduinoprojects/padright_v1.5.2/padright_v1.5.2.ino:158
    Serial.println(F("Frist Boot"));
    writeToEPPROM('y');
    delay(100);
    26e2:	64 e6       	ldi	r22, 0x64	; 100
    26e4:	70 e0       	ldi	r23, 0x00	; 0
    26e6:	80 e0       	ldi	r24, 0x00	; 0
    26e8:	90 e0       	ldi	r25, 0x00	; 0
    26ea:	0e 94 85 01 	call	0x30a	; 0x30a <delay>
/home/oggy/Documents/arduinoprojects/padright_v1.5.2/padright_v1.5.2.ino:159
    EEPROM.write(firstBootAddress, firstBoot);
    26ee:	69 e7       	ldi	r22, 0x79	; 121
    26f0:	84 e6       	ldi	r24, 0x64	; 100
    26f2:	90 e0       	ldi	r25, 0x00	; 0
    26f4:	0e 94 2b 0f 	call	0x1e56	; 0x1e56 <EEPROMClass::write(int, unsigned char) [clone .isra.1]>
/home/oggy/Documents/arduinoprojects/padright_v1.5.2/padright_v1.5.2.ino:168
  }
  // Serial.println(maxRackCapacity);
  // Serial.println(padAmount);
  // key for auth rfid
  for (byte i = 0; i < 6; i++) {
    key.keyByte[i] = 0xFF;
    26f8:	8f ef       	ldi	r24, 0xFF	; 255
    26fa:	80 93 5c 06 	sts	0x065C, r24	; 0x80065c <key>
    26fe:	80 93 5d 06 	sts	0x065D, r24	; 0x80065d <key+0x1>
    2702:	80 93 5e 06 	sts	0x065E, r24	; 0x80065e <key+0x2>
    2706:	80 93 5f 06 	sts	0x065F, r24	; 0x80065f <key+0x3>
    270a:	80 93 60 06 	sts	0x0660, r24	; 0x800660 <key+0x4>
    270e:	80 93 61 06 	sts	0x0661, r24	; 0x800661 <key+0x5>
startMessage():
/home/oggy/Documents/arduinoprojects/padright_v1.5.2/lcd.ino:2
void startMessage() {
  lcd.clear();
    2712:	0e 94 83 03 	call	0x706	; 0x706 <LiquidCrystal::clear() [clone .constprop.51]>
/home/oggy/Documents/arduinoprojects/padright_v1.5.2/lcd.ino:3
  lcd.setCursor(3, 0);
    2716:	60 e0       	ldi	r22, 0x00	; 0
    2718:	83 e0       	ldi	r24, 0x03	; 3
    271a:	0e 94 2c 04 	call	0x858	; 0x858 <LiquidCrystal::setCursor(unsigned char, unsigned char) [clone .constprop.28]>
/home/oggy/Documents/arduinoprojects/padright_v1.5.2/lcd.ino:4
  lcd.print("Powered By");
    271e:	88 e9       	ldi	r24, 0x98	; 152
    2720:	92 e0       	ldi	r25, 0x02	; 2
    2722:	0e 94 c3 0a 	call	0x1586	; 0x1586 <Print::print(char const*) [clone .constprop.45]>
/home/oggy/Documents/arduinoprojects/padright_v1.5.2/lcd.ino:5
  lcd.setCursor(2, 1);
    2726:	61 e0       	ldi	r22, 0x01	; 1
    2728:	82 e0       	ldi	r24, 0x02	; 2
    272a:	0e 94 2c 04 	call	0x858	; 0x858 <LiquidCrystal::setCursor(unsigned char, unsigned char) [clone .constprop.28]>
/home/oggy/Documents/arduinoprojects/padright_v1.5.2/lcd.ino:6
  lcd.print("KAICHO GROUP");
    272e:	83 ea       	ldi	r24, 0xA3	; 163
    2730:	92 e0       	ldi	r25, 0x02	; 2
    2732:	0e 94 c3 0a 	call	0x1586	; 0x1586 <Print::print(char const*) [clone .constprop.45]>
/home/oggy/Documents/arduinoprojects/padright_v1.5.2/lcd.ino:7
  delay(3000);
    2736:	68 eb       	ldi	r22, 0xB8	; 184
    2738:	7b e0       	ldi	r23, 0x0B	; 11
    273a:	80 e0       	ldi	r24, 0x00	; 0
    273c:	90 e0       	ldi	r25, 0x00	; 0
    273e:	0e 94 85 01 	call	0x30a	; 0x30a <delay>
/home/oggy/Documents/arduinoprojects/padright_v1.5.2/lcd.ino:8
  lcd.clear();
    2742:	0e 94 83 03 	call	0x706	; 0x706 <LiquidCrystal::clear() [clone .constprop.51]>
/home/oggy/Documents/arduinoprojects/padright_v1.5.2/lcd.ino:9
  lcd.setCursor(2, 0);
    2746:	60 e0       	ldi	r22, 0x00	; 0
    2748:	82 e0       	ldi	r24, 0x02	; 2
    274a:	0e 94 2c 04 	call	0x858	; 0x858 <LiquidCrystal::setCursor(unsigned char, unsigned char) [clone .constprop.28]>
/home/oggy/Documents/arduinoprojects/padright_v1.5.2/lcd.ino:10
  lcd.print("-- KAWACH --");
    274e:	80 eb       	ldi	r24, 0xB0	; 176
    2750:	92 e0       	ldi	r25, 0x02	; 2
    2752:	0e 94 c3 0a 	call	0x1586	; 0x1586 <Print::print(char const*) [clone .constprop.45]>
/home/oggy/Documents/arduinoprojects/padright_v1.5.2/lcd.ino:11
  lcd.setCursor(2, 1);
    2756:	61 e0       	ldi	r22, 0x01	; 1
    2758:	82 e0       	ldi	r24, 0x02	; 2
    275a:	0e 94 2c 04 	call	0x858	; 0x858 <LiquidCrystal::setCursor(unsigned char, unsigned char) [clone .constprop.28]>
/home/oggy/Documents/arduinoprojects/padright_v1.5.2/lcd.ino:12
  lcd.print("Pad Vending");
    275e:	8d eb       	ldi	r24, 0xBD	; 189
    2760:	92 e0       	ldi	r25, 0x02	; 2
    2762:	0e 94 c3 0a 	call	0x1586	; 0x1586 <Print::print(char const*) [clone .constprop.45]>
/home/oggy/Documents/arduinoprojects/padright_v1.5.2/lcd.ino:13
  delay(2000);
    2766:	60 ed       	ldi	r22, 0xD0	; 208
    2768:	77 e0       	ldi	r23, 0x07	; 7
    276a:	80 e0       	ldi	r24, 0x00	; 0
    276c:	90 e0       	ldi	r25, 0x00	; 0
    276e:	0e 94 85 01 	call	0x30a	; 0x30a <delay>
homePage():
/home/oggy/Documents/arduinoprojects/padright_v1.5.2/lcd.ino:17
  homePage();
}
void homePage() {
  if (changeDone == true) {
    2772:	80 91 13 01 	lds	r24, 0x0113	; 0x800113 <changeDone>
    2776:	81 11       	cpse	r24, r1
    2778:	0e 94 c8 0a 	call	0x1590	; 0x1590 <homePage() [clone .part.3]>
machineDetails():
/home/oggy/Documents/arduinoprojects/padright_v1.5.2/padright_v1.5.2.ino:738
  if (padAmount > 255) {
    padAmount = 1;
  }
}
void machineDetails() {
  String var = "\nMachine Type : " + String(mType);
    277c:	60 91 42 06 	lds	r22, 0x0642	; 0x800642 <mType>
    2780:	ce 01       	movw	r24, r28
    2782:	01 96       	adiw	r24, 0x01	; 1
    2784:	0e 94 26 0e 	call	0x1c4c	; 0x1c4c <String::String(unsigned char, unsigned char) [clone .constprop.21]>
_ZN15StringSumHelperC2EPKc():
/home/oggy/.arduino15/packages/MiniCore/hardware/avr/3.1.2/cores/MCUdude_corefiles/WString.h:217
{
public:
  StringSumHelper(const String &s) : String(s) {}
  StringSumHelper(const char *p) : String(p) {}
    2788:	66 ed       	ldi	r22, 0xD6	; 214
    278a:	72 e0       	ldi	r23, 0x02	; 2
    278c:	ce 01       	movw	r24, r28
    278e:	82 96       	adiw	r24, 0x22	; 34
    2790:	0e 94 6d 0e 	call	0x1cda	; 0x1cda <String::String(char const*)>
machineDetails():
/home/oggy/Documents/arduinoprojects/padright_v1.5.2/padright_v1.5.2.ino:738
    2794:	be 01       	movw	r22, r28
    2796:	6f 5f       	subi	r22, 0xFF	; 255
    2798:	7f 4f       	sbci	r23, 0xFF	; 255
    279a:	ce 01       	movw	r24, r28
    279c:	82 96       	adiw	r24, 0x22	; 34
    279e:	0e 94 bc 0d 	call	0x1b78	; 0x1b78 <operator+(StringSumHelper const&, String const&)>
    27a2:	bc 01       	movw	r22, r24
    27a4:	ce 01       	movw	r24, r28
    27a6:	8e 96       	adiw	r24, 0x2e	; 46
    27a8:	0e 94 53 0e 	call	0x1ca6	; 0x1ca6 <String::String(String const&)>
/home/oggy/.arduino15/packages/MiniCore/hardware/avr/3.1.2/cores/MCUdude_corefiles/WString.h:213
       #if __cplusplus >= 201103L || defined(__GXX_EXPERIMENTAL_CXX0X__)
  void move(String &rhs);
  #endif
};

class StringSumHelper : public String
    27ac:	ce 01       	movw	r24, r28
    27ae:	82 96       	adiw	r24, 0x22	; 34
    27b0:	0e 94 7e 0e 	call	0x1cfc	; 0x1cfc <String::~String()>
    27b4:	ce 01       	movw	r24, r28
    27b6:	01 96       	adiw	r24, 0x01	; 1
    27b8:	0e 94 7e 0e 	call	0x1cfc	; 0x1cfc <String::~String()>
/home/oggy/Documents/arduinoprojects/padright_v1.5.2/padright_v1.5.2.ino:739
  var += "\nMaximum Rack: " + String(maxRack);
    27bc:	60 91 12 01 	lds	r22, 0x0112	; 0x800112 <maxRack>
    27c0:	ce 01       	movw	r24, r28
    27c2:	01 96       	adiw	r24, 0x01	; 1
    27c4:	0e 94 26 0e 	call	0x1c4c	; 0x1c4c <String::String(unsigned char, unsigned char) [clone .constprop.21]>
_ZN15StringSumHelperC2EPKc():
/home/oggy/.arduino15/packages/MiniCore/hardware/avr/3.1.2/cores/MCUdude_corefiles/WString.h:217
{
public:
  StringSumHelper(const String &s) : String(s) {}
  StringSumHelper(const char *p) : String(p) {}
    27c8:	67 ee       	ldi	r22, 0xE7	; 231
    27ca:	72 e0       	ldi	r23, 0x02	; 2
    27cc:	ce 01       	movw	r24, r28
    27ce:	82 96       	adiw	r24, 0x22	; 34
    27d0:	0e 94 6d 0e 	call	0x1cda	; 0x1cda <String::String(char const*)>
machineDetails():
/home/oggy/Documents/arduinoprojects/padright_v1.5.2/padright_v1.5.2.ino:739
    27d4:	be 01       	movw	r22, r28
    27d6:	6f 5f       	subi	r22, 0xFF	; 255
    27d8:	7f 4f       	sbci	r23, 0xFF	; 255
    27da:	ce 01       	movw	r24, r28
    27dc:	82 96       	adiw	r24, 0x22	; 34
    27de:	0e 94 bc 0d 	call	0x1b78	; 0x1b78 <operator+(StringSumHelper const&, String const&)>
_ZN6StringpLERKS_():
/home/oggy/.arduino15/packages/MiniCore/hardware/avr/3.1.2/cores/MCUdude_corefiles/WString.h:113
  unsigned char concat(double num);
  unsigned char concat(const __FlashStringHelper * str);

  // if there's not enough memory for the concatenated value, the string
  // will be left unchanged (but this isn't signalled in any way)
  String & operator += (const String &rhs)  {concat(rhs); return (*this);}
    27e2:	bc 01       	movw	r22, r24
    27e4:	ce 01       	movw	r24, r28
    27e6:	8e 96       	adiw	r24, 0x2e	; 46
    27e8:	0e 94 a3 0d 	call	0x1b46	; 0x1b46 <String::concat(String const&)>
_ZN15StringSumHelperD2Ev():
/home/oggy/.arduino15/packages/MiniCore/hardware/avr/3.1.2/cores/MCUdude_corefiles/WString.h:213
       #if __cplusplus >= 201103L || defined(__GXX_EXPERIMENTAL_CXX0X__)
  void move(String &rhs);
  #endif
};

class StringSumHelper : public String
    27ec:	ce 01       	movw	r24, r28
    27ee:	82 96       	adiw	r24, 0x22	; 34
    27f0:	0e 94 7e 0e 	call	0x1cfc	; 0x1cfc <String::~String()>
machineDetails():
/home/oggy/Documents/arduinoprojects/padright_v1.5.2/padright_v1.5.2.ino:739
    27f4:	ce 01       	movw	r24, r28
    27f6:	01 96       	adiw	r24, 0x01	; 1
    27f8:	0e 94 7e 0e 	call	0x1cfc	; 0x1cfc <String::~String()>
/home/oggy/Documents/arduinoprojects/padright_v1.5.2/padright_v1.5.2.ino:740
  var += "\nRack Capacity: " + String(maxRackCapacity);
    27fc:	60 91 0e 01 	lds	r22, 0x010E	; 0x80010e <maxRackCapacity>
    2800:	70 91 0f 01 	lds	r23, 0x010F	; 0x80010f <maxRackCapacity+0x1>
    2804:	ce 01       	movw	r24, r28
    2806:	01 96       	adiw	r24, 0x01	; 1
    2808:	0e 94 fa 0d 	call	0x1bf4	; 0x1bf4 <String::String(int, unsigned char) [clone .constprop.22]>
_ZN15StringSumHelperC2EPKc():
/home/oggy/.arduino15/packages/MiniCore/hardware/avr/3.1.2/cores/MCUdude_corefiles/WString.h:217
{
public:
  StringSumHelper(const String &s) : String(s) {}
  StringSumHelper(const char *p) : String(p) {}
    280c:	67 ef       	ldi	r22, 0xF7	; 247
    280e:	72 e0       	ldi	r23, 0x02	; 2
    2810:	ce 01       	movw	r24, r28
    2812:	82 96       	adiw	r24, 0x22	; 34
    2814:	0e 94 6d 0e 	call	0x1cda	; 0x1cda <String::String(char const*)>
machineDetails():
/home/oggy/Documents/arduinoprojects/padright_v1.5.2/padright_v1.5.2.ino:740
    2818:	be 01       	movw	r22, r28
    281a:	6f 5f       	subi	r22, 0xFF	; 255
    281c:	7f 4f       	sbci	r23, 0xFF	; 255
    281e:	ce 01       	movw	r24, r28
    2820:	82 96       	adiw	r24, 0x22	; 34
    2822:	0e 94 bc 0d 	call	0x1b78	; 0x1b78 <operator+(StringSumHelper const&, String const&)>
_ZN6StringpLERKS_():
/home/oggy/.arduino15/packages/MiniCore/hardware/avr/3.1.2/cores/MCUdude_corefiles/WString.h:113
  unsigned char concat(double num);
  unsigned char concat(const __FlashStringHelper * str);

  // if there's not enough memory for the concatenated value, the string
  // will be left unchanged (but this isn't signalled in any way)
  String & operator += (const String &rhs)  {concat(rhs); return (*this);}
    2826:	bc 01       	movw	r22, r24
    2828:	ce 01       	movw	r24, r28
    282a:	8e 96       	adiw	r24, 0x2e	; 46
    282c:	0e 94 a3 0d 	call	0x1b46	; 0x1b46 <String::concat(String const&)>
_ZN15StringSumHelperD2Ev():
/home/oggy/.arduino15/packages/MiniCore/hardware/avr/3.1.2/cores/MCUdude_corefiles/WString.h:213
       #if __cplusplus >= 201103L || defined(__GXX_EXPERIMENTAL_CXX0X__)
  void move(String &rhs);
  #endif
};

class StringSumHelper : public String
    2830:	ce 01       	movw	r24, r28
    2832:	82 96       	adiw	r24, 0x22	; 34
    2834:	0e 94 7e 0e 	call	0x1cfc	; 0x1cfc <String::~String()>
machineDetails():
/home/oggy/Documents/arduinoprojects/padright_v1.5.2/padright_v1.5.2.ino:740
    2838:	ce 01       	movw	r24, r28
    283a:	01 96       	adiw	r24, 0x01	; 1
    283c:	0e 94 7e 0e 	call	0x1cfc	; 0x1cfc <String::~String()>
/home/oggy/Documents/arduinoprojects/padright_v1.5.2/padright_v1.5.2.ino:741
  var += "\nPad Amount: " + String(padAmount);
    2840:	60 91 0c 01 	lds	r22, 0x010C	; 0x80010c <padAmount>
    2844:	70 91 0d 01 	lds	r23, 0x010D	; 0x80010d <padAmount+0x1>
    2848:	ce 01       	movw	r24, r28
    284a:	01 96       	adiw	r24, 0x01	; 1
    284c:	0e 94 fa 0d 	call	0x1bf4	; 0x1bf4 <String::String(int, unsigned char) [clone .constprop.22]>
_ZN15StringSumHelperC2EPKc():
/home/oggy/.arduino15/packages/MiniCore/hardware/avr/3.1.2/cores/MCUdude_corefiles/WString.h:217
{
public:
  StringSumHelper(const String &s) : String(s) {}
  StringSumHelper(const char *p) : String(p) {}
    2850:	68 e0       	ldi	r22, 0x08	; 8
    2852:	73 e0       	ldi	r23, 0x03	; 3
    2854:	ce 01       	movw	r24, r28
    2856:	82 96       	adiw	r24, 0x22	; 34
    2858:	0e 94 6d 0e 	call	0x1cda	; 0x1cda <String::String(char const*)>
machineDetails():
/home/oggy/Documents/arduinoprojects/padright_v1.5.2/padright_v1.5.2.ino:741
    285c:	be 01       	movw	r22, r28
    285e:	6f 5f       	subi	r22, 0xFF	; 255
    2860:	7f 4f       	sbci	r23, 0xFF	; 255
    2862:	ce 01       	movw	r24, r28
    2864:	82 96       	adiw	r24, 0x22	; 34
    2866:	0e 94 bc 0d 	call	0x1b78	; 0x1b78 <operator+(StringSumHelper const&, String const&)>
_ZN6StringpLERKS_():
/home/oggy/.arduino15/packages/MiniCore/hardware/avr/3.1.2/cores/MCUdude_corefiles/WString.h:113
  unsigned char concat(double num);
  unsigned char concat(const __FlashStringHelper * str);

  // if there's not enough memory for the concatenated value, the string
  // will be left unchanged (but this isn't signalled in any way)
  String & operator += (const String &rhs)  {concat(rhs); return (*this);}
    286a:	bc 01       	movw	r22, r24
    286c:	ce 01       	movw	r24, r28
    286e:	8e 96       	adiw	r24, 0x2e	; 46
    2870:	0e 94 a3 0d 	call	0x1b46	; 0x1b46 <String::concat(String const&)>
_ZN15StringSumHelperD2Ev():
/home/oggy/.arduino15/packages/MiniCore/hardware/avr/3.1.2/cores/MCUdude_corefiles/WString.h:213
       #if __cplusplus >= 201103L || defined(__GXX_EXPERIMENTAL_CXX0X__)
  void move(String &rhs);
  #endif
};

class StringSumHelper : public String
    2874:	ce 01       	movw	r24, r28
    2876:	82 96       	adiw	r24, 0x22	; 34
    2878:	0e 94 7e 0e 	call	0x1cfc	; 0x1cfc <String::~String()>
machineDetails():
/home/oggy/Documents/arduinoprojects/padright_v1.5.2/padright_v1.5.2.ino:741
    287c:	ce 01       	movw	r24, r28
    287e:	01 96       	adiw	r24, 0x01	; 1
    2880:	0e 94 7e 0e 	call	0x1cfc	; 0x1cfc <String::~String()>
    2884:	bf ef       	ldi	r27, 0xFF	; 255
    2886:	eb 2e       	mov	r14, r27
    2888:	b6 e0       	ldi	r27, 0x06	; 6
    288a:	fb 2e       	mov	r15, r27
main():
/home/oggy/Documents/arduinoprojects/padright_v1.5.2/padright_v1.5.2.ino:742
  for (int i = 0; i < maxRack; i++) {
    288c:	10 e0       	ldi	r17, 0x00	; 0
    288e:	00 e0       	ldi	r16, 0x00	; 0
machineDetails():
    2890:	80 91 12 01 	lds	r24, 0x0112	; 0x800112 <maxRack>
    2894:	80 17       	cp	r24, r16
    2896:	11 06       	cpc	r1, r17
    2898:	09 f0       	breq	.+2      	; 0x289c <main+0x5d0>
    289a:	0c f4       	brge	.+2      	; 0x289e <main+0x5d2>
    289c:	0b c1       	rjmp	.+534    	; 0x2ab4 <main+0x7e8>
/home/oggy/Documents/arduinoprojects/padright_v1.5.2/padright_v1.5.2.ino:743
    var += "\nRack " + String(i + 1) + " Quantity: " + String(rack[i].getQuantity());
    289e:	d7 01       	movw	r26, r14
    28a0:	6d 91       	ld	r22, X+
    28a2:	7c 91       	ld	r23, X
    28a4:	ce 01       	movw	r24, r28
    28a6:	01 96       	adiw	r24, 0x01	; 1
    28a8:	0e 94 fa 0d 	call	0x1bf4	; 0x1bf4 <String::String(int, unsigned char) [clone .constprop.22]>
    28ac:	0f 5f       	subi	r16, 0xFF	; 255
    28ae:	1f 4f       	sbci	r17, 0xFF	; 255
    28b0:	b8 01       	movw	r22, r16
    28b2:	ce 01       	movw	r24, r28
    28b4:	82 96       	adiw	r24, 0x22	; 34
    28b6:	0e 94 fa 0d 	call	0x1bf4	; 0x1bf4 <String::String(int, unsigned char) [clone .constprop.22]>
_ZN15StringSumHelperC2EPKc():
/home/oggy/.arduino15/packages/MiniCore/hardware/avr/3.1.2/cores/MCUdude_corefiles/WString.h:217
{
public:
  StringSumHelper(const String &s) : String(s) {}
  StringSumHelper(const char *p) : String(p) {}
    28ba:	66 e1       	ldi	r22, 0x16	; 22
    28bc:	73 e0       	ldi	r23, 0x03	; 3
    28be:	ce 01       	movw	r24, r28
    28c0:	88 96       	adiw	r24, 0x28	; 40
    28c2:	0e 94 6d 0e 	call	0x1cda	; 0x1cda <String::String(char const*)>
machineDetails():
/home/oggy/Documents/arduinoprojects/padright_v1.5.2/padright_v1.5.2.ino:743
    28c6:	be 01       	movw	r22, r28
    28c8:	6e 5d       	subi	r22, 0xDE	; 222
    28ca:	7f 4f       	sbci	r23, 0xFF	; 255
    28cc:	ce 01       	movw	r24, r28
    28ce:	88 96       	adiw	r24, 0x28	; 40
    28d0:	0e 94 bc 0d 	call	0x1b78	; 0x1b78 <operator+(StringSumHelper const&, String const&)>
    28d4:	6c 01       	movw	r12, r24
operator+():
/home/oggy/.arduino15/packages/MiniCore/hardware/avr/3.1.2/cores/MCUdude_corefiles/WString.cpp:364
    28d6:	4b e0       	ldi	r20, 0x0B	; 11
    28d8:	50 e0       	ldi	r21, 0x00	; 0
    28da:	6d e1       	ldi	r22, 0x1D	; 29
    28dc:	73 e0       	ldi	r23, 0x03	; 3
    28de:	0e 94 77 0d 	call	0x1aee	; 0x1aee <String::concat(char const*, unsigned int)>
    28e2:	81 11       	cpse	r24, r1
    28e4:	03 c0       	rjmp	.+6      	; 0x28ec <main+0x620>
    28e6:	c6 01       	movw	r24, r12
    28e8:	0e 94 aa 0d 	call	0x1b54	; 0x1b54 <String::invalidate()>
machineDetails():
/home/oggy/Documents/arduinoprojects/padright_v1.5.2/padright_v1.5.2.ino:743
    28ec:	be 01       	movw	r22, r28
    28ee:	6f 5f       	subi	r22, 0xFF	; 255
    28f0:	7f 4f       	sbci	r23, 0xFF	; 255
    28f2:	c6 01       	movw	r24, r12
    28f4:	0e 94 bc 0d 	call	0x1b78	; 0x1b78 <operator+(StringSumHelper const&, String const&)>
_ZN6StringpLERKS_():
/home/oggy/.arduino15/packages/MiniCore/hardware/avr/3.1.2/cores/MCUdude_corefiles/WString.h:113
  unsigned char concat(double num);
  unsigned char concat(const __FlashStringHelper * str);

  // if there's not enough memory for the concatenated value, the string
  // will be left unchanged (but this isn't signalled in any way)
  String & operator += (const String &rhs)  {concat(rhs); return (*this);}
    28f8:	bc 01       	movw	r22, r24
    28fa:	ce 01       	movw	r24, r28
    28fc:	8e 96       	adiw	r24, 0x2e	; 46
    28fe:	0e 94 a3 0d 	call	0x1b46	; 0x1b46 <String::concat(String const&)>
_ZN15StringSumHelperD2Ev():
/home/oggy/.arduino15/packages/MiniCore/hardware/avr/3.1.2/cores/MCUdude_corefiles/WString.h:213
       #if __cplusplus >= 201103L || defined(__GXX_EXPERIMENTAL_CXX0X__)
  void move(String &rhs);
  #endif
};

class StringSumHelper : public String
    2902:	ce 01       	movw	r24, r28
    2904:	88 96       	adiw	r24, 0x28	; 40
    2906:	0e 94 7e 0e 	call	0x1cfc	; 0x1cfc <String::~String()>
machineDetails():
/home/oggy/Documents/arduinoprojects/padright_v1.5.2/padright_v1.5.2.ino:743
    290a:	ce 01       	movw	r24, r28
    290c:	82 96       	adiw	r24, 0x22	; 34
    290e:	0e 94 7e 0e 	call	0x1cfc	; 0x1cfc <String::~String()>
    2912:	ce 01       	movw	r24, r28
    2914:	01 96       	adiw	r24, 0x01	; 1
    2916:	0e 94 7e 0e 	call	0x1cfc	; 0x1cfc <String::~String()>
    291a:	b4 e0       	ldi	r27, 0x04	; 4
    291c:	eb 0e       	add	r14, r27
    291e:	f1 1c       	adc	r15, r1
    2920:	b7 cf       	rjmp	.-146    	; 0x2890 <main+0x5c4>
begin():
/home/oggy/.arduino15/packages/MiniCore/hardware/avr/3.1.2/libraries/SPI/src/SPI.cpp:28
uint8_t SPIClass::inTransactionFlag = 0;
#endif

void SPIClass::begin()
{
  uint8_t sreg = SREG;
    2922:	1f b7       	in	r17, 0x3f	; 63
/home/oggy/.arduino15/packages/MiniCore/hardware/avr/3.1.2/libraries/SPI/src/SPI.cpp:29
  noInterrupts(); // Protect from a scheduler and prevent transactionBegin
    2924:	f8 94       	cli
/home/oggy/.arduino15/packages/MiniCore/hardware/avr/3.1.2/libraries/SPI/src/SPI.cpp:30
  if (!initialized) {
    2926:	80 91 1c 06 	lds	r24, 0x061C	; 0x80061c <__data_end>
    292a:	81 11       	cpse	r24, r1
    292c:	27 c0       	rjmp	.+78     	; 0x297c <main+0x6b0>
/home/oggy/.arduino15/packages/MiniCore/hardware/avr/3.1.2/libraries/SPI/src/SPI.cpp:32
    // Set SS to high so a connected chip will be "deselected" by default
    uint8_t port = digitalPinToPort(SS);
    292e:	eb e9       	ldi	r30, 0x9B	; 155
    2930:	f0 e0       	ldi	r31, 0x00	; 0
    2932:	84 91       	lpm	r24, Z
/home/oggy/.arduino15/packages/MiniCore/hardware/avr/3.1.2/libraries/SPI/src/SPI.cpp:33
    uint8_t bit = digitalPinToBitMask(SS);
    2934:	e2 eb       	ldi	r30, 0xB2	; 178
    2936:	f0 e0       	ldi	r31, 0x00	; 0
    2938:	94 91       	lpm	r25, Z
/home/oggy/.arduino15/packages/MiniCore/hardware/avr/3.1.2/libraries/SPI/src/SPI.cpp:34
    volatile uint8_t *reg = portModeRegister(port);
    293a:	e8 2f       	mov	r30, r24
    293c:	f0 e0       	ldi	r31, 0x00	; 0
    293e:	ee 0f       	add	r30, r30
    2940:	ff 1f       	adc	r31, r31
    2942:	ed 58       	subi	r30, 0x8D	; 141
    2944:	ff 4f       	sbci	r31, 0xFF	; 255
    2946:	a5 91       	lpm	r26, Z+
    2948:	b4 91       	lpm	r27, Z
/home/oggy/.arduino15/packages/MiniCore/hardware/avr/3.1.2/libraries/SPI/src/SPI.cpp:38

    // if the SS pin is not already configured as an output
    // then set it high (to enable the internal pull-up resistor)
    if(!(*reg & bit)){
    294a:	ec 91       	ld	r30, X
    294c:	e9 23       	and	r30, r25
    294e:	21 f4       	brne	.+8      	; 0x2958 <main+0x68c>
/home/oggy/.arduino15/packages/MiniCore/hardware/avr/3.1.2/libraries/SPI/src/SPI.cpp:39
      digitalWrite(SS, HIGH);
    2950:	61 e0       	ldi	r22, 0x01	; 1
    2952:	8a e0       	ldi	r24, 0x0A	; 10
    2954:	0e 94 eb 00 	call	0x1d6	; 0x1d6 <digitalWrite>
/home/oggy/.arduino15/packages/MiniCore/hardware/avr/3.1.2/libraries/SPI/src/SPI.cpp:45
    }

    // When the SS pin is set as OUTPUT, it can be used as
    // a general purpose output port (it doesn't influence
    // SPI operations).
    pinMode(SS, OUTPUT);
    2958:	61 e0       	ldi	r22, 0x01	; 1
    295a:	8a e0       	ldi	r24, 0x0A	; 10
    295c:	0e 94 19 01 	call	0x232	; 0x232 <pinMode>
/home/oggy/.arduino15/packages/MiniCore/hardware/avr/3.1.2/libraries/SPI/src/SPI.cpp:50

    // Warning: if the SS pin ever becomes a LOW INPUT then SPI
    // automatically switches to Slave, so the data direction of
    // the SS pin MUST be kept as OUTPUT.
    SPCR |= _BV(MSTR);
    2960:	8c b5       	in	r24, 0x2c	; 44
    2962:	80 61       	ori	r24, 0x10	; 16
    2964:	8c bd       	out	0x2c, r24	; 44
/home/oggy/.arduino15/packages/MiniCore/hardware/avr/3.1.2/libraries/SPI/src/SPI.cpp:51
    SPCR |= _BV(SPE);
    2966:	8c b5       	in	r24, 0x2c	; 44
    2968:	80 64       	ori	r24, 0x40	; 64
    296a:	8c bd       	out	0x2c, r24	; 44
/home/oggy/.arduino15/packages/MiniCore/hardware/avr/3.1.2/libraries/SPI/src/SPI.cpp:59
    // MISO pin automatically overrides to INPUT.
    // By doing this AFTER enabling SPI, we avoid accidentally
    // clocking in a single bit since the lines go directly
    // from "input" to SPI control.
    // http://code.google.com/p/arduino/issues/detail?id=888
    pinMode(SCK, OUTPUT);
    296c:	61 e0       	ldi	r22, 0x01	; 1
    296e:	8d e0       	ldi	r24, 0x0D	; 13
    2970:	0e 94 19 01 	call	0x232	; 0x232 <pinMode>
/home/oggy/.arduino15/packages/MiniCore/hardware/avr/3.1.2/libraries/SPI/src/SPI.cpp:60
    pinMode(MOSI, OUTPUT);
    2974:	61 e0       	ldi	r22, 0x01	; 1
    2976:	8b e0       	ldi	r24, 0x0B	; 11
    2978:	0e 94 19 01 	call	0x232	; 0x232 <pinMode>
/home/oggy/.arduino15/packages/MiniCore/hardware/avr/3.1.2/libraries/SPI/src/SPI.cpp:62
  }
  initialized++; // reference count
    297c:	80 91 1c 06 	lds	r24, 0x061C	; 0x80061c <__data_end>
    2980:	8f 5f       	subi	r24, 0xFF	; 255
    2982:	80 93 1c 06 	sts	0x061C, r24	; 0x80061c <__data_end>
/home/oggy/.arduino15/packages/MiniCore/hardware/avr/3.1.2/libraries/SPI/src/SPI.cpp:63
  SREG = sreg;
    2986:	1f bf       	out	0x3f, r17	; 63
PCD_Init():
/home/oggy/Arduino/libraries/MFRC522/src/MFRC522.cpp:202
 */
void MFRC522::PCD_Init() {
	bool hardReset = false;

	// Set the chipSelectPin as digital output, do not select the slave yet
	pinMode(_chipSelectPin, OUTPUT);
    2988:	61 e0       	ldi	r22, 0x01	; 1
    298a:	80 91 3d 07 	lds	r24, 0x073D	; 0x80073d <mfrc522+0xe>
    298e:	0e 94 19 01 	call	0x232	; 0x232 <pinMode>
/home/oggy/Arduino/libraries/MFRC522/src/MFRC522.cpp:203
	digitalWrite(_chipSelectPin, HIGH);
    2992:	61 e0       	ldi	r22, 0x01	; 1
    2994:	80 91 3d 07 	lds	r24, 0x073D	; 0x80073d <mfrc522+0xe>
    2998:	0e 94 eb 00 	call	0x1d6	; 0x1d6 <digitalWrite>
/home/oggy/Arduino/libraries/MFRC522/src/MFRC522.cpp:206
	
	// If a valid pin number has been set, pull device out of power down / reset state.
	if (_resetPowerDownPin != UNUSED_PIN) {
    299c:	80 91 3e 07 	lds	r24, 0x073E	; 0x80073e <mfrc522+0xf>
    29a0:	8f 3f       	cpi	r24, 0xFF	; 255
    29a2:	09 f4       	brne	.+2      	; 0x29a6 <main+0x6da>
    29a4:	6b c0       	rjmp	.+214    	; 0x2a7c <main+0x7b0>
/home/oggy/Arduino/libraries/MFRC522/src/MFRC522.cpp:208
		// First set the resetPowerDownPin as digital input, to check the MFRC522 power down mode.
		pinMode(_resetPowerDownPin, INPUT);
    29a6:	60 e0       	ldi	r22, 0x00	; 0
    29a8:	0e 94 19 01 	call	0x232	; 0x232 <pinMode>
/home/oggy/Arduino/libraries/MFRC522/src/MFRC522.cpp:210
	
		if (digitalRead(_resetPowerDownPin) == LOW) {	// The MFRC522 chip is in power down mode.
    29ac:	80 91 3e 07 	lds	r24, 0x073E	; 0x80073e <mfrc522+0xf>
    29b0:	0e 94 c2 00 	call	0x184	; 0x184 <digitalRead>
    29b4:	89 2b       	or	r24, r25
    29b6:	09 f0       	breq	.+2      	; 0x29ba <main+0x6ee>
    29b8:	61 c0       	rjmp	.+194    	; 0x2a7c <main+0x7b0>
/home/oggy/Arduino/libraries/MFRC522/src/MFRC522.cpp:211
			pinMode(_resetPowerDownPin, OUTPUT);		// Now set the resetPowerDownPin as digital output.
    29ba:	61 e0       	ldi	r22, 0x01	; 1
    29bc:	80 91 3e 07 	lds	r24, 0x073E	; 0x80073e <mfrc522+0xf>
    29c0:	0e 94 19 01 	call	0x232	; 0x232 <pinMode>
/home/oggy/Arduino/libraries/MFRC522/src/MFRC522.cpp:212
			digitalWrite(_resetPowerDownPin, LOW);		// Make sure we have a clean LOW state.
    29c4:	60 e0       	ldi	r22, 0x00	; 0
    29c6:	80 91 3e 07 	lds	r24, 0x073E	; 0x80073e <mfrc522+0xf>
    29ca:	0e 94 eb 00 	call	0x1d6	; 0x1d6 <digitalWrite>
/home/oggy/Arduino/libraries/MFRC522/src/MFRC522.cpp:213
			delayMicroseconds(2);				// 8.8.1 Reset timing requirements says about 100ns. Let us be generous: 2μsl
    29ce:	82 e0       	ldi	r24, 0x02	; 2
    29d0:	90 e0       	ldi	r25, 0x00	; 0
    29d2:	0e 94 55 01 	call	0x2aa	; 0x2aa <delayMicroseconds>
/home/oggy/Arduino/libraries/MFRC522/src/MFRC522.cpp:214
			digitalWrite(_resetPowerDownPin, HIGH);		// Exit power down mode. This triggers a hard reset.
    29d6:	61 e0       	ldi	r22, 0x01	; 1
    29d8:	80 91 3e 07 	lds	r24, 0x073E	; 0x80073e <mfrc522+0xf>
    29dc:	0e 94 eb 00 	call	0x1d6	; 0x1d6 <digitalWrite>
/home/oggy/Arduino/libraries/MFRC522/src/MFRC522.cpp:216
			// Section 8.8.2 in the datasheet says the oscillator start-up time is the start up time of the crystal + 37,74μs. Let us be generous: 50ms.
			delay(50);
    29e0:	62 e3       	ldi	r22, 0x32	; 50
    29e2:	70 e0       	ldi	r23, 0x00	; 0
    29e4:	80 e0       	ldi	r24, 0x00	; 0
    29e6:	90 e0       	ldi	r25, 0x00	; 0
    29e8:	0e 94 85 01 	call	0x30a	; 0x30a <delay>
/home/oggy/Arduino/libraries/MFRC522/src/MFRC522.cpp:226
	if (!hardReset) { // Perform a soft reset if we haven't triggered a hard reset above.
		PCD_Reset();
	}
	
	// Reset baud rates
	PCD_WriteRegister(TxModeReg, 0x00);
    29ec:	40 e0       	ldi	r20, 0x00	; 0
    29ee:	64 e2       	ldi	r22, 0x24	; 36
    29f0:	8f e2       	ldi	r24, 0x2F	; 47
    29f2:	97 e0       	ldi	r25, 0x07	; 7
    29f4:	0e 94 aa 04 	call	0x954	; 0x954 <MFRC522::PCD_WriteRegister(MFRC522::PCD_Register, unsigned char)>
/home/oggy/Arduino/libraries/MFRC522/src/MFRC522.cpp:227
	PCD_WriteRegister(RxModeReg, 0x00);
    29f8:	40 e0       	ldi	r20, 0x00	; 0
    29fa:	66 e2       	ldi	r22, 0x26	; 38
    29fc:	8f e2       	ldi	r24, 0x2F	; 47
    29fe:	97 e0       	ldi	r25, 0x07	; 7
    2a00:	0e 94 aa 04 	call	0x954	; 0x954 <MFRC522::PCD_WriteRegister(MFRC522::PCD_Register, unsigned char)>
/home/oggy/Arduino/libraries/MFRC522/src/MFRC522.cpp:229
	// Reset ModWidthReg
	PCD_WriteRegister(ModWidthReg, 0x26);
    2a04:	46 e2       	ldi	r20, 0x26	; 38
    2a06:	68 e4       	ldi	r22, 0x48	; 72
    2a08:	8f e2       	ldi	r24, 0x2F	; 47
    2a0a:	97 e0       	ldi	r25, 0x07	; 7
    2a0c:	0e 94 aa 04 	call	0x954	; 0x954 <MFRC522::PCD_WriteRegister(MFRC522::PCD_Register, unsigned char)>
/home/oggy/Arduino/libraries/MFRC522/src/MFRC522.cpp:234

	// When communicating with a PICC we need a timeout if something goes wrong.
	// f_timer = 13.56 MHz / (2*TPreScaler+1) where TPreScaler = [TPrescaler_Hi:TPrescaler_Lo].
	// TPrescaler_Hi are the four low bits in TModeReg. TPrescaler_Lo is TPrescalerReg.
	PCD_WriteRegister(TModeReg, 0x80);			// TAuto=1; timer starts automatically at the end of the transmission in all communication modes at all speeds
    2a10:	40 e8       	ldi	r20, 0x80	; 128
    2a12:	64 e5       	ldi	r22, 0x54	; 84
    2a14:	8f e2       	ldi	r24, 0x2F	; 47
    2a16:	97 e0       	ldi	r25, 0x07	; 7
    2a18:	0e 94 aa 04 	call	0x954	; 0x954 <MFRC522::PCD_WriteRegister(MFRC522::PCD_Register, unsigned char)>
/home/oggy/Arduino/libraries/MFRC522/src/MFRC522.cpp:235
	PCD_WriteRegister(TPrescalerReg, 0xA9);		// TPreScaler = TModeReg[3..0]:TPrescalerReg, ie 0x0A9 = 169 => f_timer=40kHz, ie a timer period of 25μs.
    2a1c:	49 ea       	ldi	r20, 0xA9	; 169
    2a1e:	66 e5       	ldi	r22, 0x56	; 86
    2a20:	8f e2       	ldi	r24, 0x2F	; 47
    2a22:	97 e0       	ldi	r25, 0x07	; 7
    2a24:	0e 94 aa 04 	call	0x954	; 0x954 <MFRC522::PCD_WriteRegister(MFRC522::PCD_Register, unsigned char)>
/home/oggy/Arduino/libraries/MFRC522/src/MFRC522.cpp:236
	PCD_WriteRegister(TReloadRegH, 0x03);		// Reload timer with 0x3E8 = 1000, ie 25ms before timeout.
    2a28:	43 e0       	ldi	r20, 0x03	; 3
    2a2a:	68 e5       	ldi	r22, 0x58	; 88
    2a2c:	8f e2       	ldi	r24, 0x2F	; 47
    2a2e:	97 e0       	ldi	r25, 0x07	; 7
    2a30:	0e 94 aa 04 	call	0x954	; 0x954 <MFRC522::PCD_WriteRegister(MFRC522::PCD_Register, unsigned char)>
/home/oggy/Arduino/libraries/MFRC522/src/MFRC522.cpp:237
	PCD_WriteRegister(TReloadRegL, 0xE8);
    2a34:	48 ee       	ldi	r20, 0xE8	; 232
    2a36:	6a e5       	ldi	r22, 0x5A	; 90
    2a38:	8f e2       	ldi	r24, 0x2F	; 47
    2a3a:	97 e0       	ldi	r25, 0x07	; 7
    2a3c:	0e 94 aa 04 	call	0x954	; 0x954 <MFRC522::PCD_WriteRegister(MFRC522::PCD_Register, unsigned char)>
/home/oggy/Arduino/libraries/MFRC522/src/MFRC522.cpp:239
	
	PCD_WriteRegister(TxASKReg, 0x40);		// Default 0x00. Force a 100 % ASK modulation independent of the ModGsPReg register setting
    2a40:	40 e4       	ldi	r20, 0x40	; 64
    2a42:	6a e2       	ldi	r22, 0x2A	; 42
    2a44:	8f e2       	ldi	r24, 0x2F	; 47
    2a46:	97 e0       	ldi	r25, 0x07	; 7
    2a48:	0e 94 aa 04 	call	0x954	; 0x954 <MFRC522::PCD_WriteRegister(MFRC522::PCD_Register, unsigned char)>
/home/oggy/Arduino/libraries/MFRC522/src/MFRC522.cpp:240
	PCD_WriteRegister(ModeReg, 0x3D);		// Default 0x3F. Set the preset value for the CRC coprocessor for the CalcCRC command to 0x6363 (ISO 14443-3 part 6.2.4)
    2a4c:	4d e3       	ldi	r20, 0x3D	; 61
    2a4e:	62 e2       	ldi	r22, 0x22	; 34
    2a50:	8f e2       	ldi	r24, 0x2F	; 47
    2a52:	97 e0       	ldi	r25, 0x07	; 7
    2a54:	0e 94 aa 04 	call	0x954	; 0x954 <MFRC522::PCD_WriteRegister(MFRC522::PCD_Register, unsigned char)>
PCD_AntennaOn():
/home/oggy/Arduino/libraries/MFRC522/src/MFRC522.cpp:284
/**
 * Turns the antenna on by enabling pins TX1 and TX2.
 * After a reset these pins are disabled.
 */
void MFRC522::PCD_AntennaOn() {
	byte value = PCD_ReadRegister(TxControlReg);
    2a58:	68 e2       	ldi	r22, 0x28	; 40
    2a5a:	8f e2       	ldi	r24, 0x2F	; 47
    2a5c:	97 e0       	ldi	r25, 0x07	; 7
    2a5e:	0e 94 8c 04 	call	0x918	; 0x918 <MFRC522::PCD_ReadRegister(MFRC522::PCD_Register)>
/home/oggy/Arduino/libraries/MFRC522/src/MFRC522.cpp:285
	if ((value & 0x03) != 0x03) {
    2a62:	98 2f       	mov	r25, r24
    2a64:	93 70       	andi	r25, 0x03	; 3
    2a66:	93 30       	cpi	r25, 0x03	; 3
    2a68:	09 f4       	brne	.+2      	; 0x2a6c <main+0x7a0>
    2a6a:	1d ce       	rjmp	.-966    	; 0x26a6 <main+0x3da>
/home/oggy/Arduino/libraries/MFRC522/src/MFRC522.cpp:286
		PCD_WriteRegister(TxControlReg, value | 0x03);
    2a6c:	48 2f       	mov	r20, r24
    2a6e:	43 60       	ori	r20, 0x03	; 3
    2a70:	68 e2       	ldi	r22, 0x28	; 40
    2a72:	8f e2       	ldi	r24, 0x2F	; 47
    2a74:	97 e0       	ldi	r25, 0x07	; 7
    2a76:	0e 94 aa 04 	call	0x954	; 0x954 <MFRC522::PCD_WriteRegister(MFRC522::PCD_Register, unsigned char)>
    2a7a:	15 ce       	rjmp	.-982    	; 0x26a6 <main+0x3da>
PCD_Reset():
/home/oggy/Arduino/libraries/MFRC522/src/MFRC522.cpp:268

/**
 * Performs a soft reset on the MFRC522 chip and waits for it to be ready again.
 */
void MFRC522::PCD_Reset() {
	PCD_WriteRegister(CommandReg, PCD_SoftReset);	// Issue the SoftReset command.
    2a7c:	4f e0       	ldi	r20, 0x0F	; 15
    2a7e:	62 e0       	ldi	r22, 0x02	; 2
    2a80:	8f e2       	ldi	r24, 0x2F	; 47
    2a82:	97 e0       	ldi	r25, 0x07	; 7
    2a84:	0e 94 aa 04 	call	0x954	; 0x954 <MFRC522::PCD_WriteRegister(MFRC522::PCD_Register, unsigned char)>
    2a88:	13 e0       	ldi	r17, 0x03	; 3
/home/oggy/Arduino/libraries/MFRC522/src/MFRC522.cpp:275
	// But the MFRC522 might have been in soft power-down mode (triggered by bit 4 of CommandReg) 
	// Section 8.8.2 in the datasheet says the oscillator start-up time is the start up time of the crystal + 37,74μs. Let us be generous: 50ms.
	uint8_t count = 0;
	do {
		// Wait for the PowerDown bit in CommandReg to be cleared (max 3x50ms)
		delay(50);
    2a8a:	62 e3       	ldi	r22, 0x32	; 50
    2a8c:	70 e0       	ldi	r23, 0x00	; 0
    2a8e:	80 e0       	ldi	r24, 0x00	; 0
    2a90:	90 e0       	ldi	r25, 0x00	; 0
    2a92:	0e 94 85 01 	call	0x30a	; 0x30a <delay>
/home/oggy/Arduino/libraries/MFRC522/src/MFRC522.cpp:276
	} while ((PCD_ReadRegister(CommandReg) & (1 << 4)) && (++count) < 3);
    2a96:	62 e0       	ldi	r22, 0x02	; 2
    2a98:	8f e2       	ldi	r24, 0x2F	; 47
    2a9a:	97 e0       	ldi	r25, 0x07	; 7
    2a9c:	0e 94 8c 04 	call	0x918	; 0x918 <MFRC522::PCD_ReadRegister(MFRC522::PCD_Register)>
    2aa0:	84 ff       	sbrs	r24, 4
    2aa2:	a4 cf       	rjmp	.-184    	; 0x29ec <main+0x720>
    2aa4:	11 50       	subi	r17, 0x01	; 1
    2aa6:	89 f7       	brne	.-30     	; 0x2a8a <main+0x7be>
    2aa8:	a1 cf       	rjmp	.-190    	; 0x29ec <main+0x720>
setup():
/home/oggy/Documents/arduinoprojects/padright_v1.5.2/padright_v1.5.2.ino:161
    Serial.println(F("Frist Boot"));
    writeToEPPROM('y');
    delay(100);
    EEPROM.write(firstBootAddress, firstBoot);
  } else {
    Serial.println("Welcome Back");
    2aaa:	89 ec       	ldi	r24, 0xC9	; 201
    2aac:	92 e0       	ldi	r25, 0x02	; 2
    2aae:	0e 94 1e 0d 	call	0x1a3c	; 0x1a3c <Print::println(char const*) [clone .constprop.24]>
    2ab2:	22 ce       	rjmp	.-956    	; 0x26f8 <main+0x42c>
println():
/home/oggy/.arduino15/packages/MiniCore/hardware/avr/3.1.2/cores/MCUdude_corefiles/Print.cpp:133
  return write("\r\n");
}

size_t Print::println(const String &s)
{
  size_t n = print(s);
    2ab4:	be 01       	movw	r22, r28
    2ab6:	62 5d       	subi	r22, 0xD2	; 210
    2ab8:	7f 4f       	sbci	r23, 0xFF	; 255
    2aba:	82 e6       	ldi	r24, 0x62	; 98
    2abc:	96 e0       	ldi	r25, 0x06	; 6
    2abe:	0e 94 c5 01 	call	0x38a	; 0x38a <Print::print(String const&)>
write():
    2ac2:	6b e8       	ldi	r22, 0x8B	; 139
    2ac4:	72 e0       	ldi	r23, 0x02	; 2
    2ac6:	82 e6       	ldi	r24, 0x62	; 98
    2ac8:	96 e0       	ldi	r25, 0x06	; 6
    2aca:	0e 94 3b 0a 	call	0x1476	; 0x1476 <Print::write(char const*) [clone .part.2]>
machineDetails():
/home/oggy/Documents/arduinoprojects/padright_v1.5.2/padright_v1.5.2.ino:747
  for (int i = 0; i < maxRack; i++) {
    var += "\nRack " + String(i + 1) + " Quantity: " + String(rack[i].getQuantity());
  }

 Serial.println(var);
  delay(1000);
    2ace:	68 ee       	ldi	r22, 0xE8	; 232
    2ad0:	73 e0       	ldi	r23, 0x03	; 3
    2ad2:	80 e0       	ldi	r24, 0x00	; 0
    2ad4:	90 e0       	ldi	r25, 0x00	; 0
    2ad6:	0e 94 85 01 	call	0x30a	; 0x30a <delay>
/home/oggy/Documents/arduinoprojects/padright_v1.5.2/padright_v1.5.2.ino:738
  if (padAmount > 255) {
    padAmount = 1;
  }
}
void machineDetails() {
  String var = "\nMachine Type : " + String(mType);
    2ada:	ce 01       	movw	r24, r28
    2adc:	8e 96       	adiw	r24, 0x2e	; 46
    2ade:	0e 94 7e 0e 	call	0x1cfc	; 0x1cfc <String::~String()>
setup():
/home/oggy/Documents/arduinoprojects/padright_v1.5.2/padright_v1.5.2.ino:174
  }
  startMessage();
  // delay(2000);
  // menu();
  machineDetails();
  if (!digitalRead(menuButton)) {
    2ae2:	83 e0       	ldi	r24, 0x03	; 3
    2ae4:	0e 94 c2 00 	call	0x184	; 0x184 <digitalRead>
    2ae8:	89 2b       	or	r24, r25
    2aea:	09 f0       	breq	.+2      	; 0x2aee <main+0x822>
    2aec:	0d c1       	rjmp	.+538    	; 0x2d08 <main+0xa3c>
/home/oggy/Documents/arduinoprojects/padright_v1.5.2/padright_v1.5.2.ino:175
    makeChange = true;
    2aee:	81 e0       	ldi	r24, 0x01	; 1
    2af0:	80 93 1f 06 	sts	0x061F, r24	; 0x80061f <makeChange>
/home/oggy/Documents/arduinoprojects/padright_v1.5.2/padright_v1.5.2.ino:176
    changeDone = true;
    2af4:	80 93 13 01 	sts	0x0113, r24	; 0x800113 <changeDone>
/home/oggy/Documents/arduinoprojects/padright_v1.5.2/padright_v1.5.2.ino:177
    state = 1;
    2af8:	81 e0       	ldi	r24, 0x01	; 1
    2afa:	90 e0       	ldi	r25, 0x00	; 0
    2afc:	90 93 41 06 	sts	0x0641, r25	; 0x800641 <state+0x1>
    2b00:	80 93 40 06 	sts	0x0640, r24	; 0x800640 <state>
/home/oggy/Documents/arduinoprojects/padright_v1.5.2/padright_v1.5.2.ino:178
    status = 'n';   
    2b04:	8e e6       	ldi	r24, 0x6E	; 110
    2b06:	80 93 14 01 	sts	0x0114, r24	; 0x800114 <status>
/home/oggy/Documents/arduinoprojects/padright_v1.5.2/padright_v1.5.2.ino:179
    menu();
    2b0a:	0e 94 bc 0b 	call	0x1778	; 0x1778 <menu()>
/home/oggy/Documents/arduinoprojects/padright_v1.5.2/padright_v1.5.2.ino:180
    while (!digitalRead(menuButton)); 
    2b0e:	83 e0       	ldi	r24, 0x03	; 3
    2b10:	0e 94 c2 00 	call	0x184	; 0x184 <digitalRead>
    2b14:	89 2b       	or	r24, r25
    2b16:	d9 f3       	breq	.-10     	; 0x2b0e <main+0x842>
/home/oggy/Documents/arduinoprojects/padright_v1.5.2/padright_v1.5.2.ino:181
    delay(500); // 500ms debounce after release
    2b18:	64 ef       	ldi	r22, 0xF4	; 244
    2b1a:	71 e0       	ldi	r23, 0x01	; 1
    2b1c:	80 e0       	ldi	r24, 0x00	; 0
    2b1e:	90 e0       	ldi	r25, 0x00	; 0
    2b20:	0e 94 85 01 	call	0x30a	; 0x30a <delay>
menuManagement():
/home/oggy/Documents/arduinoprojects/padright_v1.5.2/padright_v1.5.2.ino:397
            // delay(300);
            if (!digitalRead(selectButton)) {
              delay(300);
              motorTimeVariable = motorTimeVariable + 100;
              if (motorTimeVariable > 5000)
                motorTimeVariable = 100;
    2b24:	a4 e6       	ldi	r26, 0x64	; 100
    2b26:	2a 2e       	mov	r2, r26
    2b28:	31 2c       	mov	r3, r1
/home/oggy/Documents/arduinoprojects/padright_v1.5.2/padright_v1.5.2.ino:218
    pinMode(motor[i], OUTPUT);
    digitalWrite(motor[i], LOW);
  }
}
void menuManagement() {
  previous_time = millis();
    2b2a:	0e 94 b8 01 	call	0x370	; 0x370 <millis>
/home/oggy/Documents/arduinoprojects/padright_v1.5.2/padright_v1.5.2.ino:221
  
  // Shortcuts from Home Page (state == 0)
  if (state == 0) {
    2b2e:	e0 90 40 06 	lds	r14, 0x0640	; 0x800640 <state>
    2b32:	f0 90 41 06 	lds	r15, 0x0641	; 0x800641 <state+0x1>
    2b36:	e1 14       	cp	r14, r1
    2b38:	f1 04       	cpc	r15, r1
    2b3a:	09 f0       	breq	.+2      	; 0x2b3e <main+0x872>
    2b3c:	92 c1       	rjmp	.+804    	; 0x2e62 <main+0xb96>
/home/oggy/Documents/arduinoprojects/padright_v1.5.2/padright_v1.5.2.ino:223
    // Select Button -> Fill All Racks (requires 1.5s hold)
    if (!digitalRead(selectButton)) {
    2b3e:	8e e0       	ldi	r24, 0x0E	; 14
    2b40:	0e 94 c2 00 	call	0x184	; 0x184 <digitalRead>
    2b44:	89 2b       	or	r24, r25
    2b46:	09 f0       	breq	.+2      	; 0x2b4a <main+0x87e>
    2b48:	e7 c0       	rjmp	.+462    	; 0x2d18 <main+0xa4c>
/home/oggy/Documents/arduinoprojects/padright_v1.5.2/padright_v1.5.2.ino:224
      uint32_t press_start = millis();
    2b4a:	0e 94 b8 01 	call	0x370	; 0x370 <millis>
    2b4e:	4b 01       	movw	r8, r22
    2b50:	5c 01       	movw	r10, r24
/home/oggy/Documents/arduinoprojects/padright_v1.5.2/padright_v1.5.2.ino:225
      while (!digitalRead(selectButton)) {
    2b52:	8e e0       	ldi	r24, 0x0E	; 14
    2b54:	0e 94 c2 00 	call	0x184	; 0x184 <digitalRead>
    2b58:	89 2b       	or	r24, r25
    2b5a:	09 f0       	breq	.+2      	; 0x2b5e <main+0x892>
    2b5c:	dd c0       	rjmp	.+442    	; 0x2d18 <main+0xa4c>
/home/oggy/Documents/arduinoprojects/padright_v1.5.2/padright_v1.5.2.ino:226
        if (millis() - press_start >= 1500) {
    2b5e:	0e 94 b8 01 	call	0x370	; 0x370 <millis>
    2b62:	68 19       	sub	r22, r8
    2b64:	79 09       	sbc	r23, r9
    2b66:	8a 09       	sbc	r24, r10
    2b68:	9b 09       	sbc	r25, r11
    2b6a:	6c 3d       	cpi	r22, 0xDC	; 220
    2b6c:	75 40       	sbci	r23, 0x05	; 5
    2b6e:	81 05       	cpc	r24, r1
    2b70:	91 05       	cpc	r25, r1
    2b72:	78 f3       	brcs	.-34     	; 0x2b52 <main+0x886>
/home/oggy/Documents/arduinoprojects/padright_v1.5.2/padright_v1.5.2.ino:227
          success(300);
    2b74:	8c e2       	ldi	r24, 0x2C	; 44
    2b76:	91 e0       	ldi	r25, 0x01	; 1
    2b78:	0e 94 7c 09 	call	0x12f8	; 0x12f8 <success(int)>
fillingAllRack():
/home/oggy/Documents/arduinoprojects/padright_v1.5.2/lcd.ino:245
  lcd.print("of one Rack:");
  lcd.print(maxRackCapacity);
}
void fillingAllRack() {
  {
    lcd.clear();
    2b7c:	0e 94 83 03 	call	0x706	; 0x706 <LiquidCrystal::clear() [clone .constprop.51]>
/home/oggy/Documents/arduinoprojects/padright_v1.5.2/lcd.ino:246
    lcd.setCursor(0, 0);
    2b80:	60 e0       	ldi	r22, 0x00	; 0
    2b82:	80 e0       	ldi	r24, 0x00	; 0
    2b84:	0e 94 2c 04 	call	0x858	; 0x858 <LiquidCrystal::setCursor(unsigned char, unsigned char) [clone .constprop.28]>
/home/oggy/Documents/arduinoprojects/padright_v1.5.2/lcd.ino:247
    lcd.print("Fill All");
    2b88:	89 e2       	ldi	r24, 0x29	; 41
    2b8a:	93 e0       	ldi	r25, 0x03	; 3
    2b8c:	0e 94 c3 0a 	call	0x1586	; 0x1586 <Print::print(char const*) [clone .constprop.45]>
/home/oggy/Documents/arduinoprojects/padright_v1.5.2/lcd.ino:248
    lcd.setCursor(0, 1);
    2b90:	61 e0       	ldi	r22, 0x01	; 1
    2b92:	80 e0       	ldi	r24, 0x00	; 0
    2b94:	0e 94 2c 04 	call	0x858	; 0x858 <LiquidCrystal::setCursor(unsigned char, unsigned char) [clone .constprop.28]>
/home/oggy/Documents/arduinoprojects/padright_v1.5.2/lcd.ino:249
    lcd.print("Rack");
    2b98:	8c ea       	ldi	r24, 0xAC	; 172
    2b9a:	91 e0       	ldi	r25, 0x01	; 1
    2b9c:	0e 94 c3 0a 	call	0x1586	; 0x1586 <Print::print(char const*) [clone .constprop.45]>
/home/oggy/Documents/arduinoprojects/padright_v1.5.2/lcd.ino:250
    delay(2000);
    2ba0:	60 ed       	ldi	r22, 0xD0	; 208
    2ba2:	77 e0       	ldi	r23, 0x07	; 7
    2ba4:	80 e0       	ldi	r24, 0x00	; 0
    2ba6:	90 e0       	ldi	r25, 0x00	; 0
    2ba8:	0e 94 85 01 	call	0x30a	; 0x30a <delay>
/home/oggy/Documents/arduinoprojects/padright_v1.5.2/lcd.ino:251
    lcd.clear();
    2bac:	0e 94 83 03 	call	0x706	; 0x706 <LiquidCrystal::clear() [clone .constprop.51]>
/home/oggy/Documents/arduinoprojects/padright_v1.5.2/lcd.ino:252
    lcd.setCursor(0, 0);
    2bb0:	60 e0       	ldi	r22, 0x00	; 0
    2bb2:	80 e0       	ldi	r24, 0x00	; 0
    2bb4:	0e 94 2c 04 	call	0x858	; 0x858 <LiquidCrystal::setCursor(unsigned char, unsigned char) [clone .constprop.28]>
/home/oggy/Documents/arduinoprojects/padright_v1.5.2/lcd.ino:253
    lcd.print("Press Okay");
    2bb8:	82 e3       	ldi	r24, 0x32	; 50
    2bba:	93 e0       	ldi	r25, 0x03	; 3
    2bbc:	0e 94 c3 0a 	call	0x1586	; 0x1586 <Print::print(char const*) [clone .constprop.45]>
/home/oggy/Documents/arduinoprojects/padright_v1.5.2/lcd.ino:254
    while (digitalRead(okButton))
    2bc0:	8f e0       	ldi	r24, 0x0F	; 15
    2bc2:	0e 94 c2 00 	call	0x184	; 0x184 <digitalRead>
    2bc6:	89 2b       	or	r24, r25
    2bc8:	d9 f7       	brne	.-10     	; 0x2bc0 <main+0x8f4>
/home/oggy/Documents/arduinoprojects/padright_v1.5.2/lcd.ino:256
      ;
    fillAll(maxRackCapacity);
    2bca:	80 91 0e 01 	lds	r24, 0x010E	; 0x80010e <maxRackCapacity>
    2bce:	90 91 0f 01 	lds	r25, 0x010F	; 0x80010f <maxRackCapacity+0x1>
    2bd2:	0e 94 a4 09 	call	0x1348	; 0x1348 <fillAll(int)>
/home/oggy/Documents/arduinoprojects/padright_v1.5.2/lcd.ino:257
    writeToEPPROM('f');  // write to eeprom
    2bd6:	86 e6       	ldi	r24, 0x66	; 102
    2bd8:	0e 94 b6 0f 	call	0x1f6c	; 0x1f6c <writeToEPPROM(char)>
/home/oggy/Documents/arduinoprojects/padright_v1.5.2/lcd.ino:258
    lcd.clear();
    2bdc:	0e 94 83 03 	call	0x706	; 0x706 <LiquidCrystal::clear() [clone .constprop.51]>
/home/oggy/Documents/arduinoprojects/padright_v1.5.2/lcd.ino:259
    lcd.setCursor(0, 0);
    2be0:	60 e0       	ldi	r22, 0x00	; 0
    2be2:	80 e0       	ldi	r24, 0x00	; 0
    2be4:	0e 94 2c 04 	call	0x858	; 0x858 <LiquidCrystal::setCursor(unsigned char, unsigned char) [clone .constprop.28]>
/home/oggy/Documents/arduinoprojects/padright_v1.5.2/lcd.ino:260
    lcd.print("Success..");
    2be8:	8d e3       	ldi	r24, 0x3D	; 61
    2bea:	93 e0       	ldi	r25, 0x03	; 3
    2bec:	0e 94 c3 0a 	call	0x1586	; 0x1586 <Print::print(char const*) [clone .constprop.45]>
/home/oggy/Documents/arduinoprojects/padright_v1.5.2/lcd.ino:261
    success(500);
    2bf0:	84 ef       	ldi	r24, 0xF4	; 244
    2bf2:	91 e0       	ldi	r25, 0x01	; 1
    2bf4:	0e 94 7c 09 	call	0x12f8	; 0x12f8 <success(int)>
menuManagement():
/home/oggy/Documents/arduinoprojects/padright_v1.5.2/padright_v1.5.2.ino:284
          }
          lcd.clear();
          lcd.setCursor(0, 0);
          lcd.print("Exiting...");
          delay(500);
          state = 0;
    2bf8:	10 92 41 06 	sts	0x0641, r1	; 0x800641 <state+0x1>
    2bfc:	10 92 40 06 	sts	0x0640, r1	; 0x800640 <state>
/home/oggy/Documents/arduinoprojects/padright_v1.5.2/padright_v1.5.2.ino:285
          status = 'n';
    2c00:	8e e6       	ldi	r24, 0x6E	; 110
    2c02:	80 93 14 01 	sts	0x0114, r24	; 0x800114 <status>
/home/oggy/Documents/arduinoprojects/padright_v1.5.2/padright_v1.5.2.ino:286
          makeChange = true;
    2c06:	81 e0       	ldi	r24, 0x01	; 1
    2c08:	80 93 1f 06 	sts	0x061F, r24	; 0x80061f <makeChange>
/home/oggy/Documents/arduinoprojects/padright_v1.5.2/padright_v1.5.2.ino:287
          changeDone = true;
    2c0c:	80 93 13 01 	sts	0x0113, r24	; 0x800113 <changeDone>
/home/oggy/Documents/arduinoprojects/padright_v1.5.2/padright_v1.5.2.ino:288
          menu();
    2c10:	0e 94 bc 0b 	call	0x1778	; 0x1778 <menu()>
loop():
/home/oggy/Documents/arduinoprojects/padright_v1.5.2/padright_v1.5.2.ino:188
    enableCashAcceptor();
}

void loop() {
  menuManagement();
  if (mType == RFID_MACHINE) {
    2c14:	80 91 42 06 	lds	r24, 0x0642	; 0x800642 <mType>
    2c18:	81 11       	cpse	r24, r1
    2c1a:	5b c6       	rjmp	.+3254   	; 0x38d2 <main+0x1606>
manageRFID():
/home/oggy/Documents/arduinoprojects/padright_v1.5.2/rfid.ino:3
void manageRFID()
{
  if (mfrc522.PICC_IsNewCardPresent())
    2c1c:	8f e2       	ldi	r24, 0x2F	; 47
    2c1e:	97 e0       	ldi	r25, 0x07	; 7
    2c20:	0e 94 a2 06 	call	0xd44	; 0xd44 <MFRC522::PICC_IsNewCardPresent()>
    2c24:	88 23       	and	r24, r24
    2c26:	09 f4       	brne	.+2      	; 0x2c2a <main+0x95e>
    2c28:	62 c0       	rjmp	.+196    	; 0x2cee <main+0xa22>
/home/oggy/Documents/arduinoprojects/padright_v1.5.2/rfid.ino:5
  {
    lcd.clear();
    2c2a:	0e 94 83 03 	call	0x706	; 0x706 <LiquidCrystal::clear() [clone .constprop.51]>
/home/oggy/Documents/arduinoprojects/padright_v1.5.2/rfid.ino:6
    lcd.setCursor(0, 0);
    2c2e:	60 e0       	ldi	r22, 0x00	; 0
    2c30:	80 e0       	ldi	r24, 0x00	; 0
    2c32:	0e 94 2c 04 	call	0x858	; 0x858 <LiquidCrystal::setCursor(unsigned char, unsigned char) [clone .constprop.28]>
/home/oggy/Documents/arduinoprojects/padright_v1.5.2/rfid.ino:7
    lcd.print("Card Detected!");
    2c36:	82 e8       	ldi	r24, 0x82	; 130
    2c38:	93 e0       	ldi	r25, 0x03	; 3
    2c3a:	0e 94 c3 0a 	call	0x1586	; 0x1586 <Print::print(char const*) [clone .constprop.45]>
/home/oggy/Documents/arduinoprojects/padright_v1.5.2/rfid.ino:8
    lcd.setCursor(0, 1);
    2c3e:	61 e0       	ldi	r22, 0x01	; 1
    2c40:	80 e0       	ldi	r24, 0x00	; 0
    2c42:	0e 94 2c 04 	call	0x858	; 0x858 <LiquidCrystal::setCursor(unsigned char, unsigned char) [clone .constprop.28]>
/home/oggy/Documents/arduinoprojects/padright_v1.5.2/rfid.ino:9
    lcd.print("Please Wait.....");
    2c46:	81 e9       	ldi	r24, 0x91	; 145
    2c48:	93 e0       	ldi	r25, 0x03	; 3
    2c4a:	0e 94 c3 0a 	call	0x1586	; 0x1586 <Print::print(char const*) [clone .constprop.45]>
/home/oggy/Documents/arduinoprojects/padright_v1.5.2/rfid.ino:10
    if (mfrc522.PICC_ReadCardSerial())
    2c4e:	8f e2       	ldi	r24, 0x2F	; 47
    2c50:	97 e0       	ldi	r25, 0x07	; 7
    2c52:	0e 94 45 04 	call	0x88a	; 0x88a <MFRC522::PICC_ReadCardSerial()>
    2c56:	88 23       	and	r24, r24
    2c58:	09 f4       	brne	.+2      	; 0x2c5c <main+0x990>
    2c5a:	41 c0       	rjmp	.+130    	; 0x2cde <main+0xa12>
/home/oggy/Documents/arduinoprojects/padright_v1.5.2/rfid.ino:12
    {
      if (readCard())
    2c5c:	0e 94 cd 08 	call	0x119a	; 0x119a <readCard()>
    2c60:	88 23       	and	r24, r24
    2c62:	09 f4       	brne	.+2      	; 0x2c66 <main+0x99a>
    2c64:	2d c6       	rjmp	.+3162   	; 0x38c0 <main+0x15f4>
/home/oggy/Documents/arduinoprojects/padright_v1.5.2/rfid.ino:14
      {
        success(500);
    2c66:	84 ef       	ldi	r24, 0xF4	; 244
    2c68:	91 e0       	ldi	r25, 0x01	; 1
    2c6a:	0e 94 7c 09 	call	0x12f8	; 0x12f8 <success(int)>
/home/oggy/Documents/arduinoprojects/padright_v1.5.2/rfid.ino:15
        if (readByte[0] == FILLCARD)
    2c6e:	80 91 23 06 	lds	r24, 0x0623	; 0x800623 <readByte>
    2c72:	86 34       	cpi	r24, 0x46	; 70
    2c74:	09 f0       	breq	.+2      	; 0x2c78 <main+0x9ac>
    2c76:	29 c4       	rjmp	.+2130   	; 0x34ca <main+0x11fe>
/home/oggy/Documents/arduinoprojects/padright_v1.5.2/rfid.ino:17
        {
          Serial.println("Card Detected as FILLCARD");
    2c78:	82 ea       	ldi	r24, 0xA2	; 162
    2c7a:	93 e0       	ldi	r25, 0x03	; 3
    2c7c:	0e 94 1e 0d 	call	0x1a3c	; 0x1a3c <Print::println(char const*) [clone .constprop.24]>
/home/oggy/Documents/arduinoprojects/padright_v1.5.2/rfid.ino:18
          lcd.clear();
    2c80:	0e 94 83 03 	call	0x706	; 0x706 <LiquidCrystal::clear() [clone .constprop.51]>
/home/oggy/Documents/arduinoprojects/padright_v1.5.2/rfid.ino:19
          lcd.setCursor(0, 0);
    2c84:	60 e0       	ldi	r22, 0x00	; 0
    2c86:	80 e0       	ldi	r24, 0x00	; 0
    2c88:	0e 94 2c 04 	call	0x858	; 0x858 <LiquidCrystal::setCursor(unsigned char, unsigned char) [clone .constprop.28]>
/home/oggy/Documents/arduinoprojects/padright_v1.5.2/rfid.ino:20
          lcd.print("Filling All");
    2c8c:	8c eb       	ldi	r24, 0xBC	; 188
    2c8e:	93 e0       	ldi	r25, 0x03	; 3
    2c90:	0e 94 c3 0a 	call	0x1586	; 0x1586 <Print::print(char const*) [clone .constprop.45]>
/home/oggy/Documents/arduinoprojects/padright_v1.5.2/rfid.ino:21
          lcd.setCursor(0, 1);
    2c94:	61 e0       	ldi	r22, 0x01	; 1
    2c96:	80 e0       	ldi	r24, 0x00	; 0
    2c98:	0e 94 2c 04 	call	0x858	; 0x858 <LiquidCrystal::setCursor(unsigned char, unsigned char) [clone .constprop.28]>
/home/oggy/Documents/arduinoprojects/padright_v1.5.2/rfid.ino:22
          lcd.print("Rack Via CARD");
    2c9c:	88 ec       	ldi	r24, 0xC8	; 200
    2c9e:	93 e0       	ldi	r25, 0x03	; 3
    2ca0:	0e 94 c3 0a 	call	0x1586	; 0x1586 <Print::print(char const*) [clone .constprop.45]>
/home/oggy/Documents/arduinoprojects/padright_v1.5.2/rfid.ino:23
          delay(2000);
    2ca4:	60 ed       	ldi	r22, 0xD0	; 208
    2ca6:	77 e0       	ldi	r23, 0x07	; 7
    2ca8:	80 e0       	ldi	r24, 0x00	; 0
    2caa:	90 e0       	ldi	r25, 0x00	; 0
    2cac:	0e 94 85 01 	call	0x30a	; 0x30a <delay>
/home/oggy/Documents/arduinoprojects/padright_v1.5.2/rfid.ino:24
          fillAll(maxRackCapacity);
    2cb0:	80 91 0e 01 	lds	r24, 0x010E	; 0x80010e <maxRackCapacity>
    2cb4:	90 91 0f 01 	lds	r25, 0x010F	; 0x80010f <maxRackCapacity+0x1>
    2cb8:	0e 94 a4 09 	call	0x1348	; 0x1348 <fillAll(int)>
/home/oggy/Documents/arduinoprojects/padright_v1.5.2/rfid.ino:25
          writeToEPPROM('f'); // write to eeprom
    2cbc:	86 e6       	ldi	r24, 0x66	; 102
    2cbe:	0e 94 b6 0f 	call	0x1f6c	; 0x1f6c <writeToEPPROM(char)>
/home/oggy/Documents/arduinoprojects/padright_v1.5.2/rfid.ino:112
          lcd.setCursor(0, 0);
          lcd.print("Pad Amount:");
          lcd.setCursor(0, 1);
          lcd.print(padAmount);
          delay(1000);
          lcd.clear();
    2cc2:	0e 94 83 03 	call	0x706	; 0x706 <LiquidCrystal::clear() [clone .constprop.51]>
/home/oggy/Documents/arduinoprojects/padright_v1.5.2/rfid.ino:113
          lcd.setCursor(0, 0);
    2cc6:	60 e0       	ldi	r22, 0x00	; 0
    2cc8:	80 e0       	ldi	r24, 0x00	; 0
    2cca:	0e 94 2c 04 	call	0x858	; 0x858 <LiquidCrystal::setCursor(unsigned char, unsigned char) [clone .constprop.28]>
/home/oggy/Documents/arduinoprojects/padright_v1.5.2/rfid.ino:114
          lcd.print("Success..");
    2cce:	8d e3       	ldi	r24, 0x3D	; 61
    2cd0:	93 e0       	ldi	r25, 0x03	; 3
    2cd2:	0e 94 c3 0a 	call	0x1586	; 0x1586 <Print::print(char const*) [clone .constprop.45]>
/home/oggy/Documents/arduinoprojects/padright_v1.5.2/rfid.ino:115
          success(500);
    2cd6:	84 ef       	ldi	r24, 0xF4	; 244
    2cd8:	91 e0       	ldi	r25, 0x01	; 1
    2cda:	0e 94 7c 09 	call	0x12f8	; 0x12f8 <success(int)>
/home/oggy/Documents/arduinoprojects/padright_v1.5.2/rfid.ino:195
        lcd.setCursor(0, 1);
        lcd.print("Try Again");
        warning();
      }
    }
    halt();
    2cde:	0e 94 87 08 	call	0x110e	; 0x110e <halt()>
/home/oggy/Documents/arduinoprojects/padright_v1.5.2/rfid.ino:196
    status = 'n';
    2ce2:	8e e6       	ldi	r24, 0x6E	; 110
    2ce4:	80 93 14 01 	sts	0x0114, r24	; 0x800114 <status>
/home/oggy/Documents/arduinoprojects/padright_v1.5.2/rfid.ino:197
    changeDone = true;
    2ce8:	81 e0       	ldi	r24, 0x01	; 1
    2cea:	80 93 13 01 	sts	0x0113, r24	; 0x800113 <changeDone>
serialEventRun():
/home/oggy/.arduino15/packages/MiniCore/hardware/avr/3.1.2/cores/MCUdude_corefiles/HardwareSerial.cpp:67
#endif

void serialEventRun(void)
{
#if defined(HAVE_HWSERIAL0)
  if (Serial0_available && serialEvent && Serial0_available()) serialEvent();
    2cee:	80 e0       	ldi	r24, 0x00	; 0
    2cf0:	90 e0       	ldi	r25, 0x00	; 0
    2cf2:	89 2b       	or	r24, r25
    2cf4:	09 f4       	brne	.+2      	; 0x2cf8 <main+0xa2c>
    2cf6:	19 cf       	rjmp	.-462    	; 0x2b2a <main+0x85e>
    2cf8:	0e 94 3d 02 	call	0x47a	; 0x47a <Serial0_available()>
    2cfc:	88 23       	and	r24, r24
    2cfe:	09 f4       	brne	.+2      	; 0x2d02 <main+0xa36>
    2d00:	14 cf       	rjmp	.-472    	; 0x2b2a <main+0x85e>
    2d02:	0e 94 00 00 	call	0	; 0x0 <__vectors>
    2d06:	0e cf       	rjmp	.-484    	; 0x2b24 <main+0x858>
setup():
/home/oggy/Documents/arduinoprojects/padright_v1.5.2/padright_v1.5.2.ino:182
    state = 1;
    status = 'n';   
    menu();
    while (!digitalRead(menuButton)); 
    delay(500); // 500ms debounce after release
  } else if (mType == CASH_MACHINE)
    2d08:	80 91 42 06 	lds	r24, 0x0642	; 0x800642 <mType>
    2d0c:	81 30       	cpi	r24, 0x01	; 1
    2d0e:	09 f0       	breq	.+2      	; 0x2d12 <main+0xa46>
    2d10:	09 cf       	rjmp	.-494    	; 0x2b24 <main+0x858>
/home/oggy/Documents/arduinoprojects/padright_v1.5.2/padright_v1.5.2.ino:183
    enableCashAcceptor();
    2d12:	0e 94 1e 09 	call	0x123c	; 0x123c <enableCashAcceptor()>
    2d16:	06 cf       	rjmp	.-500    	; 0x2b24 <main+0x858>
menuManagement():
/home/oggy/Documents/arduinoprojects/padright_v1.5.2/padright_v1.5.2.ino:240
        }
      }
    }
    
    // OK Button -> Batch Write Mode (requires 1.5s hold)
    if (!digitalRead(okButton) && mType == RFID_MACHINE) {
    2d18:	8f e0       	ldi	r24, 0x0F	; 15
    2d1a:	0e 94 c2 00 	call	0x184	; 0x184 <digitalRead>
    2d1e:	89 2b       	or	r24, r25
    2d20:	09 f0       	breq	.+2      	; 0x2d24 <main+0xa58>
    2d22:	c5 c0       	rjmp	.+394    	; 0x2eae <main+0xbe2>
    2d24:	80 91 42 06 	lds	r24, 0x0642	; 0x800642 <mType>
    2d28:	81 11       	cpse	r24, r1
    2d2a:	c1 c0       	rjmp	.+386    	; 0x2eae <main+0xbe2>
/home/oggy/Documents/arduinoprojects/padright_v1.5.2/padright_v1.5.2.ino:241
      uint32_t press_start = millis();
    2d2c:	0e 94 b8 01 	call	0x370	; 0x370 <millis>
    2d30:	4b 01       	movw	r8, r22
    2d32:	5c 01       	movw	r10, r24
/home/oggy/Documents/arduinoprojects/padright_v1.5.2/padright_v1.5.2.ino:242
      while (!digitalRead(okButton)) {
    2d34:	8f e0       	ldi	r24, 0x0F	; 15
    2d36:	0e 94 c2 00 	call	0x184	; 0x184 <digitalRead>
    2d3a:	89 2b       	or	r24, r25
    2d3c:	09 f0       	breq	.+2      	; 0x2d40 <main+0xa74>
    2d3e:	b7 c0       	rjmp	.+366    	; 0x2eae <main+0xbe2>
/home/oggy/Documents/arduinoprojects/padright_v1.5.2/padright_v1.5.2.ino:243
        if (millis() - press_start >= 1500) {
    2d40:	0e 94 b8 01 	call	0x370	; 0x370 <millis>
    2d44:	68 19       	sub	r22, r8
    2d46:	79 09       	sbc	r23, r9
    2d48:	8a 09       	sbc	r24, r10
    2d4a:	9b 09       	sbc	r25, r11
    2d4c:	6c 3d       	cpi	r22, 0xDC	; 220
    2d4e:	75 40       	sbci	r23, 0x05	; 5
    2d50:	81 05       	cpc	r24, r1
    2d52:	91 05       	cpc	r25, r1
    2d54:	78 f3       	brcs	.-34     	; 0x2d34 <main+0xa68>
/home/oggy/Documents/arduinoprojects/padright_v1.5.2/padright_v1.5.2.ino:244
          success(300);
    2d56:	8c e2       	ldi	r24, 0x2C	; 44
    2d58:	91 e0       	ldi	r25, 0x01	; 1
    2d5a:	0e 94 7c 09 	call	0x12f8	; 0x12f8 <success(int)>
/home/oggy/Documents/arduinoprojects/padright_v1.5.2/padright_v1.5.2.ino:245
          lcd.clear();
    2d5e:	0e 94 83 03 	call	0x706	; 0x706 <LiquidCrystal::clear() [clone .constprop.51]>
/home/oggy/Documents/arduinoprojects/padright_v1.5.2/padright_v1.5.2.ino:246
          lcd.setCursor(0, 0);
    2d62:	60 e0       	ldi	r22, 0x00	; 0
    2d64:	80 e0       	ldi	r24, 0x00	; 0
    2d66:	0e 94 2c 04 	call	0x858	; 0x858 <LiquidCrystal::setCursor(unsigned char, unsigned char) [clone .constprop.28]>
/home/oggy/Documents/arduinoprojects/padright_v1.5.2/padright_v1.5.2.ino:247
          lcd.print("Batch Write");
    2d6a:	81 e6       	ldi	r24, 0x61	; 97
    2d6c:	92 e0       	ldi	r25, 0x02	; 2
    2d6e:	0e 94 c3 0a 	call	0x1586	; 0x1586 <Print::print(char const*) [clone .constprop.45]>
/home/oggy/Documents/arduinoprojects/padright_v1.5.2/padright_v1.5.2.ino:248
          lcd.setCursor(0, 1);
    2d72:	61 e0       	ldi	r22, 0x01	; 1
    2d74:	80 e0       	ldi	r24, 0x00	; 0
    2d76:	0e 94 2c 04 	call	0x858	; 0x858 <LiquidCrystal::setCursor(unsigned char, unsigned char) [clone .constprop.28]>
/home/oggy/Documents/arduinoprojects/padright_v1.5.2/padright_v1.5.2.ino:249
          lcd.print("Mode");
    2d7a:	87 e4       	ldi	r24, 0x47	; 71
    2d7c:	93 e0       	ldi	r25, 0x03	; 3
    2d7e:	0e 94 c3 0a 	call	0x1586	; 0x1586 <Print::print(char const*) [clone .constprop.45]>
/home/oggy/Documents/arduinoprojects/padright_v1.5.2/padright_v1.5.2.ino:250
          delay(2000);
    2d82:	60 ed       	ldi	r22, 0xD0	; 208
    2d84:	77 e0       	ldi	r23, 0x07	; 7
    2d86:	80 e0       	ldi	r24, 0x00	; 0
    2d88:	90 e0       	ldi	r25, 0x00	; 0
    2d8a:	0e 94 85 01 	call	0x30a	; 0x30a <delay>
/home/oggy/Documents/arduinoprojects/padright_v1.5.2/padright_v1.5.2.ino:251
          lcd.clear();
    2d8e:	0e 94 83 03 	call	0x706	; 0x706 <LiquidCrystal::clear() [clone .constprop.51]>
/home/oggy/Documents/arduinoprojects/padright_v1.5.2/padright_v1.5.2.ino:252
          lcd.setCursor(0, 0);
    2d92:	60 e0       	ldi	r22, 0x00	; 0
    2d94:	80 e0       	ldi	r24, 0x00	; 0
    2d96:	0e 94 2c 04 	call	0x858	; 0x858 <LiquidCrystal::setCursor(unsigned char, unsigned char) [clone .constprop.28]>
/home/oggy/Documents/arduinoprojects/padright_v1.5.2/padright_v1.5.2.ino:253
          lcd.print("Scan Card!");
    2d9a:	8c e4       	ldi	r24, 0x4C	; 76
    2d9c:	93 e0       	ldi	r25, 0x03	; 3
    2d9e:	0e 94 c3 0a 	call	0x1586	; 0x1586 <Print::print(char const*) [clone .constprop.45]>
/home/oggy/Documents/arduinoprojects/padright_v1.5.2/padright_v1.5.2.ino:255

          while (digitalRead(okButton)) {
    2da2:	8f e0       	ldi	r24, 0x0F	; 15
    2da4:	0e 94 c2 00 	call	0x184	; 0x184 <digitalRead>
    2da8:	89 2b       	or	r24, r25
    2daa:	09 f4       	brne	.+2      	; 0x2dae <main+0xae2>
    2dac:	49 c0       	rjmp	.+146    	; 0x2e40 <main+0xb74>
/home/oggy/Documents/arduinoprojects/padright_v1.5.2/padright_v1.5.2.ino:256
            if (mfrc522.PICC_IsNewCardPresent()) {
    2dae:	8f e2       	ldi	r24, 0x2F	; 47
    2db0:	97 e0       	ldi	r25, 0x07	; 7
    2db2:	0e 94 a2 06 	call	0xd44	; 0xd44 <MFRC522::PICC_IsNewCardPresent()>
    2db6:	88 23       	and	r24, r24
    2db8:	a1 f3       	breq	.-24     	; 0x2da2 <main+0xad6>
/home/oggy/Documents/arduinoprojects/padright_v1.5.2/padright_v1.5.2.ino:257
              if (mfrc522.PICC_ReadCardSerial()) {
    2dba:	8f e2       	ldi	r24, 0x2F	; 47
    2dbc:	97 e0       	ldi	r25, 0x07	; 7
    2dbe:	0e 94 45 04 	call	0x88a	; 0x88a <MFRC522::PICC_ReadCardSerial()>
    2dc2:	88 23       	and	r24, r24
    2dc4:	71 f3       	breq	.-36     	; 0x2da2 <main+0xad6>
/home/oggy/Documents/arduinoprojects/padright_v1.5.2/padright_v1.5.2.ino:258
                if (readCard()) {
    2dc6:	0e 94 cd 08 	call	0x119a	; 0x119a <readCard()>
    2dca:	88 23       	and	r24, r24
    2dcc:	a9 f0       	breq	.+42     	; 0x2df8 <main+0xb2c>
/home/oggy/Documents/arduinoprojects/padright_v1.5.2/padright_v1.5.2.ino:259
                  if (readByte[0] == FILLCARD || readByte[0] == RECHCARD || readByte[0] == PADCARD) {
    2dce:	80 91 23 06 	lds	r24, 0x0623	; 0x800623 <readByte>
    2dd2:	86 34       	cpi	r24, 0x46	; 70
    2dd4:	19 f0       	breq	.+6      	; 0x2ddc <main+0xb10>
    2dd6:	8d 7f       	andi	r24, 0xFD	; 253
    2dd8:	80 35       	cpi	r24, 0x50	; 80
    2dda:	d9 f4       	brne	.+54     	; 0x2e12 <main+0xb46>
/home/oggy/Documents/arduinoprojects/padright_v1.5.2/padright_v1.5.2.ino:260
                    lcd.setCursor(0, 1);
    2ddc:	61 e0       	ldi	r22, 0x01	; 1
    2dde:	80 e0       	ldi	r24, 0x00	; 0
    2de0:	0e 94 2c 04 	call	0x858	; 0x858 <LiquidCrystal::setCursor(unsigned char, unsigned char) [clone .constprop.28]>
/home/oggy/Documents/arduinoprojects/padright_v1.5.2/padright_v1.5.2.ino:261
                    lcd.print("Error, Menu Card");
    2de4:	87 e5       	ldi	r24, 0x57	; 87
    2de6:	93 e0       	ldi	r25, 0x03	; 3
    2de8:	0e 94 c3 0a 	call	0x1586	; 0x1586 <Print::print(char const*) [clone .constprop.45]>
/home/oggy/Documents/arduinoprojects/padright_v1.5.2/padright_v1.5.2.ino:262
                    delay(1000);
    2dec:	68 ee       	ldi	r22, 0xE8	; 232
    2dee:	73 e0       	ldi	r23, 0x03	; 3
    2df0:	80 e0       	ldi	r24, 0x00	; 0
    2df2:	90 e0       	ldi	r25, 0x00	; 0
    2df4:	0e 94 85 01 	call	0x30a	; 0x30a <delay>
/home/oggy/Documents/arduinoprojects/padright_v1.5.2/padright_v1.5.2.ino:273
                      lcd.print("Done");
                      success(500);
                    }
                  }
                }
                lcd.clear();
    2df8:	0e 94 83 03 	call	0x706	; 0x706 <LiquidCrystal::clear() [clone .constprop.51]>
/home/oggy/Documents/arduinoprojects/padright_v1.5.2/padright_v1.5.2.ino:274
                lcd.setCursor(0, 0);
    2dfc:	60 e0       	ldi	r22, 0x00	; 0
    2dfe:	80 e0       	ldi	r24, 0x00	; 0
    2e00:	0e 94 2c 04 	call	0x858	; 0x858 <LiquidCrystal::setCursor(unsigned char, unsigned char) [clone .constprop.28]>
/home/oggy/Documents/arduinoprojects/padright_v1.5.2/padright_v1.5.2.ino:275
                lcd.print("Scan Card!");
    2e04:	8c e4       	ldi	r24, 0x4C	; 76
    2e06:	93 e0       	ldi	r25, 0x03	; 3
    2e08:	0e 94 c3 0a 	call	0x1586	; 0x1586 <Print::print(char const*) [clone .constprop.45]>
/home/oggy/Documents/arduinoprojects/padright_v1.5.2/padright_v1.5.2.ino:276
                halt();
    2e0c:	0e 94 87 08 	call	0x110e	; 0x110e <halt()>
    2e10:	c8 cf       	rjmp	.-112    	; 0x2da2 <main+0xad6>
/home/oggy/Documents/arduinoprojects/padright_v1.5.2/padright_v1.5.2.ino:264
                  if (readByte[0] == FILLCARD || readByte[0] == RECHCARD || readByte[0] == PADCARD) {
                    lcd.setCursor(0, 1);
                    lcd.print("Error, Menu Card");
                    delay(1000);
                  } else {
                    writeByte[0] = 0;
    2e12:	10 92 4c 06 	sts	0x064C, r1	; 0x80064c <writeByte>
/home/oggy/Documents/arduinoprojects/padright_v1.5.2/padright_v1.5.2.ino:265
                    writeByte[15] = padAmount;
    2e16:	80 91 0c 01 	lds	r24, 0x010C	; 0x80010c <padAmount>
    2e1a:	80 93 5b 06 	sts	0x065B, r24	; 0x80065b <writeByte+0xf>
/home/oggy/Documents/arduinoprojects/padright_v1.5.2/padright_v1.5.2.ino:266
                    if (writeCard(writeByte)) {
    2e1e:	0e 94 16 0a 	call	0x142c	; 0x142c <writeCard(unsigned char*) [clone .constprop.13]>
    2e22:	88 23       	and	r24, r24
    2e24:	49 f3       	breq	.-46     	; 0x2df8 <main+0xb2c>
/home/oggy/Documents/arduinoprojects/padright_v1.5.2/padright_v1.5.2.ino:267
                      lcd.setCursor(0, 1);
    2e26:	61 e0       	ldi	r22, 0x01	; 1
    2e28:	80 e0       	ldi	r24, 0x00	; 0
    2e2a:	0e 94 2c 04 	call	0x858	; 0x858 <LiquidCrystal::setCursor(unsigned char, unsigned char) [clone .constprop.28]>
/home/oggy/Documents/arduinoprojects/padright_v1.5.2/padright_v1.5.2.ino:268
                      lcd.print("Done");
    2e2e:	88 e6       	ldi	r24, 0x68	; 104
    2e30:	93 e0       	ldi	r25, 0x03	; 3
    2e32:	0e 94 c3 0a 	call	0x1586	; 0x1586 <Print::print(char const*) [clone .constprop.45]>
/home/oggy/Documents/arduinoprojects/padright_v1.5.2/padright_v1.5.2.ino:269
                      success(500);
    2e36:	84 ef       	ldi	r24, 0xF4	; 244
    2e38:	91 e0       	ldi	r25, 0x01	; 1
    2e3a:	0e 94 7c 09 	call	0x12f8	; 0x12f8 <success(int)>
    2e3e:	dc cf       	rjmp	.-72     	; 0x2df8 <main+0xb2c>
/home/oggy/Documents/arduinoprojects/padright_v1.5.2/padright_v1.5.2.ino:280
                lcd.print("Scan Card!");
                halt();
              }
            }
          }
          lcd.clear();
    2e40:	0e 94 83 03 	call	0x706	; 0x706 <LiquidCrystal::clear() [clone .constprop.51]>
/home/oggy/Documents/arduinoprojects/padright_v1.5.2/padright_v1.5.2.ino:281
          lcd.setCursor(0, 0);
    2e44:	60 e0       	ldi	r22, 0x00	; 0
    2e46:	80 e0       	ldi	r24, 0x00	; 0
    2e48:	0e 94 2c 04 	call	0x858	; 0x858 <LiquidCrystal::setCursor(unsigned char, unsigned char) [clone .constprop.28]>
/home/oggy/Documents/arduinoprojects/padright_v1.5.2/padright_v1.5.2.ino:282
          lcd.print("Exiting...");
    2e4c:	8d e6       	ldi	r24, 0x6D	; 109
    2e4e:	93 e0       	ldi	r25, 0x03	; 3
    2e50:	0e 94 c3 0a 	call	0x1586	; 0x1586 <Print::print(char const*) [clone .constprop.45]>
/home/oggy/Documents/arduinoprojects/padright_v1.5.2/padright_v1.5.2.ino:283
          delay(500);
    2e54:	64 ef       	ldi	r22, 0xF4	; 244
    2e56:	71 e0       	ldi	r23, 0x01	; 1
    2e58:	80 e0       	ldi	r24, 0x00	; 0
    2e5a:	90 e0       	ldi	r25, 0x00	; 0
    2e5c:	0e 94 85 01 	call	0x30a	; 0x30a <delay>
    2e60:	cb ce       	rjmp	.-618    	; 0x2bf8 <main+0x92c>
/home/oggy/Documents/arduinoprojects/padright_v1.5.2/padright_v1.5.2.ino:296
      }
    }
  }

  // Normal Menu Navigation (when state == 1)
  if (state == 1) {
    2e62:	21 e0       	ldi	r18, 0x01	; 1
    2e64:	e2 16       	cp	r14, r18
    2e66:	f1 04       	cpc	r15, r1
    2e68:	11 f5       	brne	.+68     	; 0x2eae <main+0xbe2>
/home/oggy/Documents/arduinoprojects/padright_v1.5.2/padright_v1.5.2.ino:297
    if (!digitalRead(menuButton)) {
    2e6a:	83 e0       	ldi	r24, 0x03	; 3
    2e6c:	0e 94 c2 00 	call	0x184	; 0x184 <digitalRead>
    2e70:	89 2b       	or	r24, r25
    2e72:	e9 f4       	brne	.+58     	; 0x2eae <main+0xbe2>
/home/oggy/Documents/arduinoprojects/padright_v1.5.2/padright_v1.5.2.ino:298
      uint32_t press_start = millis();
    2e74:	0e 94 b8 01 	call	0x370	; 0x370 <millis>
    2e78:	4b 01       	movw	r8, r22
    2e7a:	5c 01       	movw	r10, r24
/home/oggy/Documents/arduinoprojects/padright_v1.5.2/padright_v1.5.2.ino:299
      while (!digitalRead(menuButton)) {
    2e7c:	83 e0       	ldi	r24, 0x03	; 3
    2e7e:	0e 94 c2 00 	call	0x184	; 0x184 <digitalRead>
    2e82:	89 2b       	or	r24, r25
    2e84:	a1 f4       	brne	.+40     	; 0x2eae <main+0xbe2>
/home/oggy/Documents/arduinoprojects/padright_v1.5.2/padright_v1.5.2.ino:300
        if (millis() - press_start >= 1000) {  // 1s hold to exit menu
    2e86:	0e 94 b8 01 	call	0x370	; 0x370 <millis>
    2e8a:	68 19       	sub	r22, r8
    2e8c:	79 09       	sbc	r23, r9
    2e8e:	8a 09       	sbc	r24, r10
    2e90:	9b 09       	sbc	r25, r11
    2e92:	68 3e       	cpi	r22, 0xE8	; 232
    2e94:	73 40       	sbci	r23, 0x03	; 3
    2e96:	81 05       	cpc	r24, r1
    2e98:	91 05       	cpc	r25, r1
    2e9a:	80 f3       	brcs	.-32     	; 0x2e7c <main+0xbb0>
/home/oggy/Documents/arduinoprojects/padright_v1.5.2/padright_v1.5.2.ino:301
          state = 0;
    2e9c:	10 92 41 06 	sts	0x0641, r1	; 0x800641 <state+0x1>
    2ea0:	10 92 40 06 	sts	0x0640, r1	; 0x800640 <state>
/home/oggy/Documents/arduinoprojects/padright_v1.5.2/padright_v1.5.2.ino:302
          status = 'n';
    2ea4:	8e e6       	ldi	r24, 0x6E	; 110
    2ea6:	80 93 14 01 	sts	0x0114, r24	; 0x800114 <status>
/home/oggy/Documents/arduinoprojects/padright_v1.5.2/padright_v1.5.2.ino:303
          changeDone = true;
    2eaa:	81 e0       	ldi	r24, 0x01	; 1
    2eac:	af ce       	rjmp	.-674    	; 0x2c0c <main+0x940>
/home/oggy/Documents/arduinoprojects/padright_v1.5.2/padright_v1.5.2.ino:311
        }
      }
    }
  }

  if (status == 'n') {
    2eae:	80 91 14 01 	lds	r24, 0x0114	; 0x800114 <status>
    2eb2:	8e 36       	cpi	r24, 0x6E	; 110
    2eb4:	09 f0       	breq	.+2      	; 0x2eb8 <main+0xbec>
    2eb6:	87 c0       	rjmp	.+270    	; 0x2fc6 <main+0xcfa>
/home/oggy/Documents/arduinoprojects/padright_v1.5.2/padright_v1.5.2.ino:312
    if (!digitalRead(selectButton)) {
    2eb8:	8e e0       	ldi	r24, 0x0E	; 14
    2eba:	0e 94 c2 00 	call	0x184	; 0x184 <digitalRead>
    2ebe:	89 2b       	or	r24, r25
    2ec0:	19 f5       	brne	.+70     	; 0x2f08 <main+0xc3c>
/home/oggy/Documents/arduinoprojects/padright_v1.5.2/padright_v1.5.2.ino:313
      delay(300);
    2ec2:	6c e2       	ldi	r22, 0x2C	; 44
    2ec4:	71 e0       	ldi	r23, 0x01	; 1
    2ec6:	80 e0       	ldi	r24, 0x00	; 0
    2ec8:	90 e0       	ldi	r25, 0x00	; 0
    2eca:	0e 94 85 01 	call	0x30a	; 0x30a <delay>
/home/oggy/Documents/arduinoprojects/padright_v1.5.2/padright_v1.5.2.ino:314
      while (!digitalRead(selectButton))
    2ece:	8e e0       	ldi	r24, 0x0E	; 14
    2ed0:	0e 94 c2 00 	call	0x184	; 0x184 <digitalRead>
    2ed4:	89 2b       	or	r24, r25
    2ed6:	d9 f3       	breq	.-10     	; 0x2ece <main+0xc02>
/home/oggy/Documents/arduinoprojects/padright_v1.5.2/padright_v1.5.2.ino:316
        ;
      topMenuPosition++;
    2ed8:	80 91 1d 06 	lds	r24, 0x061D	; 0x80061d <topMenuPosition>
    2edc:	90 91 1e 06 	lds	r25, 0x061E	; 0x80061e <topMenuPosition+0x1>
    2ee0:	01 96       	adiw	r24, 0x01	; 1
    2ee2:	90 93 1e 06 	sts	0x061E, r25	; 0x80061e <topMenuPosition+0x1>
    2ee6:	80 93 1d 06 	sts	0x061D, r24	; 0x80061d <topMenuPosition>
/home/oggy/Documents/arduinoprojects/padright_v1.5.2/padright_v1.5.2.ino:317
      if (mType == RFID_MACHINE && topMenuPosition == 6)
    2eea:	20 91 42 06 	lds	r18, 0x0642	; 0x800642 <mType>
    2eee:	21 11       	cpse	r18, r1
    2ef0:	6f c0       	rjmp	.+222    	; 0x2fd0 <main+0xd04>
    2ef2:	06 97       	sbiw	r24, 0x06	; 6
    2ef4:	21 f4       	brne	.+8      	; 0x2efe <main+0xc32>
/home/oggy/Documents/arduinoprojects/padright_v1.5.2/padright_v1.5.2.ino:318
        topMenuPosition = 0;
    2ef6:	10 92 1e 06 	sts	0x061E, r1	; 0x80061e <topMenuPosition+0x1>
    2efa:	10 92 1d 06 	sts	0x061D, r1	; 0x80061d <topMenuPosition>
/home/oggy/Documents/arduinoprojects/padright_v1.5.2/padright_v1.5.2.ino:321
      if (mType == CASH_MACHINE && topMenuPosition >= 9)
        topMenuPosition = 0;
      makeChange = true;
    2efe:	81 e0       	ldi	r24, 0x01	; 1
    2f00:	80 93 1f 06 	sts	0x061F, r24	; 0x80061f <makeChange>
/home/oggy/Documents/arduinoprojects/padright_v1.5.2/padright_v1.5.2.ino:322
      changeDone = true;
    2f04:	80 93 13 01 	sts	0x0113, r24	; 0x800113 <changeDone>
/home/oggy/Documents/arduinoprojects/padright_v1.5.2/padright_v1.5.2.ino:325
    }

    if (!digitalRead(okButton) && state == 1) {
    2f08:	8f e0       	ldi	r24, 0x0F	; 15
    2f0a:	0e 94 c2 00 	call	0x184	; 0x184 <digitalRead>
    2f0e:	8c 01       	movw	r16, r24
    2f10:	89 2b       	or	r24, r25
    2f12:	09 f0       	breq	.+2      	; 0x2f16 <main+0xc4a>
    2f14:	58 c0       	rjmp	.+176    	; 0x2fc6 <main+0xcfa>
    2f16:	ea 94       	dec	r14
    2f18:	ef 28       	or	r14, r15
    2f1a:	09 f0       	breq	.+2      	; 0x2f1e <main+0xc52>
    2f1c:	54 c0       	rjmp	.+168    	; 0x2fc6 <main+0xcfa>
/home/oggy/Documents/arduinoprojects/padright_v1.5.2/padright_v1.5.2.ino:326
      delay(500);  // Robust debounce
    2f1e:	64 ef       	ldi	r22, 0xF4	; 244
    2f20:	71 e0       	ldi	r23, 0x01	; 1
    2f22:	80 e0       	ldi	r24, 0x00	; 0
    2f24:	90 e0       	ldi	r25, 0x00	; 0
    2f26:	0e 94 85 01 	call	0x30a	; 0x30a <delay>
/home/oggy/Documents/arduinoprojects/padright_v1.5.2/padright_v1.5.2.ino:327
      while (!digitalRead(okButton))
    2f2a:	8f e0       	ldi	r24, 0x0F	; 15
    2f2c:	0e 94 c2 00 	call	0x184	; 0x184 <digitalRead>
    2f30:	89 2b       	or	r24, r25
    2f32:	d9 f3       	breq	.-10     	; 0x2f2a <main+0xc5e>
/home/oggy/Documents/arduinoprojects/padright_v1.5.2/padright_v1.5.2.ino:329
        ;
      delay(200);  // Stabilize after release
    2f34:	68 ec       	ldi	r22, 0xC8	; 200
    2f36:	70 e0       	ldi	r23, 0x00	; 0
    2f38:	80 e0       	ldi	r24, 0x00	; 0
    2f3a:	90 e0       	ldi	r25, 0x00	; 0
    2f3c:	0e 94 85 01 	call	0x30a	; 0x30a <delay>
/home/oggy/Documents/arduinoprojects/padright_v1.5.2/padright_v1.5.2.ino:330
      if (state == 1 && topMenuPosition == 0)
    2f40:	80 91 1d 06 	lds	r24, 0x061D	; 0x80061d <topMenuPosition>
    2f44:	90 91 1e 06 	lds	r25, 0x061E	; 0x80061e <topMenuPosition+0x1>
    2f48:	00 97       	sbiw	r24, 0x00	; 0
    2f4a:	09 f0       	breq	.+2      	; 0x2f4e <main+0xc82>
    2f4c:	48 c0       	rjmp	.+144    	; 0x2fde <main+0xd12>
/home/oggy/Documents/arduinoprojects/padright_v1.5.2/padright_v1.5.2.ino:331
        status = 'r';  // pads in  rack
    2f4e:	82 e7       	ldi	r24, 0x72	; 114
/home/oggy/Documents/arduinoprojects/padright_v1.5.2/padright_v1.5.2.ino:357
        if (mType == CASH_MACHINE)
          status = 'w';  // inserting cash wait time  setting
      }
      else if (state == 1 && topMenuPosition == 8) {
        if (mType == CASH_MACHINE)
          status = 'x';  // cash per pad setting
    2f50:	80 93 14 01 	sts	0x0114, r24	; 0x800114 <status>
/home/oggy/Documents/arduinoprojects/padright_v1.5.2/padright_v1.5.2.ino:361
      }
      // Serial.println(status);

      switch (status) {
    2f54:	80 91 14 01 	lds	r24, 0x0114	; 0x800114 <status>
    2f58:	8d 36       	cpi	r24, 0x6D	; 109
    2f5a:	09 f4       	brne	.+2      	; 0x2f5e <main+0xc92>
    2f5c:	45 c1       	rjmp	.+650    	; 0x31e8 <main+0xf1c>
    2f5e:	0c f0       	brlt	.+2      	; 0x2f62 <main+0xc96>
    2f60:	aa c0       	rjmp	.+340    	; 0x30b6 <main+0xdea>
    2f62:	82 36       	cpi	r24, 0x62	; 98
    2f64:	09 f4       	brne	.+2      	; 0x2f68 <main+0xc9c>
    2f66:	6d c1       	rjmp	.+730    	; 0x3242 <main+0xf76>
    2f68:	0c f0       	brlt	.+2      	; 0x2f6c <main+0xca0>
    2f6a:	7a c0       	rjmp	.+244    	; 0x3060 <main+0xd94>
    2f6c:	8d 34       	cpi	r24, 0x4D	; 77
    2f6e:	09 f4       	brne	.+2      	; 0x2f72 <main+0xca6>
    2f70:	16 c1       	rjmp	.+556    	; 0x319e <main+0xed2>
/home/oggy/Documents/arduinoprojects/padright_v1.5.2/padright_v1.5.2.ino:541
          }
          while (!digitalRead(okButton))
            ;
          break;
      }
      writeToEPPROM(status);
    2f72:	80 91 14 01 	lds	r24, 0x0114	; 0x800114 <status>
    2f76:	0e 94 b6 0f 	call	0x1f6c	; 0x1f6c <writeToEPPROM(char)>
/home/oggy/Documents/arduinoprojects/padright_v1.5.2/padright_v1.5.2.ino:542
      success(800);
    2f7a:	80 e2       	ldi	r24, 0x20	; 32
    2f7c:	93 e0       	ldi	r25, 0x03	; 3
    2f7e:	0e 94 7c 09 	call	0x12f8	; 0x12f8 <success(int)>
save():
/home/oggy/Documents/arduinoprojects/padright_v1.5.2/padright_v1.5.2.ino:561
  lcd.setCursor(0, 1);
  // enter number
  lcd.print(motorTimeVariable);
}
void save() {
  lcd.clear();
    2f82:	0e 94 83 03 	call	0x706	; 0x706 <LiquidCrystal::clear() [clone .constprop.51]>
/home/oggy/Documents/arduinoprojects/padright_v1.5.2/padright_v1.5.2.ino:562
  lcd.setCursor(0, 0);
    2f86:	60 e0       	ldi	r22, 0x00	; 0
    2f88:	80 e0       	ldi	r24, 0x00	; 0
    2f8a:	0e 94 2c 04 	call	0x858	; 0x858 <LiquidCrystal::setCursor(unsigned char, unsigned char) [clone .constprop.28]>
/home/oggy/Documents/arduinoprojects/padright_v1.5.2/padright_v1.5.2.ino:563
  lcd.print("Saving...");
    2f8e:	88 e7       	ldi	r24, 0x78	; 120
    2f90:	93 e0       	ldi	r25, 0x03	; 3
    2f92:	0e 94 c3 0a 	call	0x1586	; 0x1586 <Print::print(char const*) [clone .constprop.45]>
/home/oggy/Documents/arduinoprojects/padright_v1.5.2/padright_v1.5.2.ino:564
  digitalWrite(buzzer, HIGH);
    2f96:	61 e0       	ldi	r22, 0x01	; 1
    2f98:	80 e1       	ldi	r24, 0x10	; 16
    2f9a:	0e 94 eb 00 	call	0x1d6	; 0x1d6 <digitalWrite>
/home/oggy/Documents/arduinoprojects/padright_v1.5.2/padright_v1.5.2.ino:565
  delay(2000);
    2f9e:	60 ed       	ldi	r22, 0xD0	; 208
    2fa0:	77 e0       	ldi	r23, 0x07	; 7
    2fa2:	80 e0       	ldi	r24, 0x00	; 0
    2fa4:	90 e0       	ldi	r25, 0x00	; 0
    2fa6:	0e 94 85 01 	call	0x30a	; 0x30a <delay>
/home/oggy/Documents/arduinoprojects/padright_v1.5.2/padright_v1.5.2.ino:566
  digitalWrite(buzzer, LOW);
    2faa:	60 e0       	ldi	r22, 0x00	; 0
    2fac:	80 e1       	ldi	r24, 0x10	; 16
    2fae:	0e 94 eb 00 	call	0x1d6	; 0x1d6 <digitalWrite>
/home/oggy/Documents/arduinoprojects/padright_v1.5.2/padright_v1.5.2.ino:567
  status = 'n';
    2fb2:	8e e6       	ldi	r24, 0x6E	; 110
    2fb4:	80 93 14 01 	sts	0x0114, r24	; 0x800114 <status>
/home/oggy/Documents/arduinoprojects/padright_v1.5.2/padright_v1.5.2.ino:568
  state = 0;
    2fb8:	10 92 41 06 	sts	0x0641, r1	; 0x800641 <state+0x1>
    2fbc:	10 92 40 06 	sts	0x0640, r1	; 0x800640 <state>
menuManagement():
/home/oggy/Documents/arduinoprojects/padright_v1.5.2/padright_v1.5.2.ino:544
          break;
      }
      writeToEPPROM(status);
      success(800);
      save();
      changeDone = true;
    2fc0:	81 e0       	ldi	r24, 0x01	; 1
    2fc2:	80 93 13 01 	sts	0x0113, r24	; 0x800113 <changeDone>
/home/oggy/Documents/arduinoprojects/padright_v1.5.2/padright_v1.5.2.ino:548
    }
  }

  menu();
    2fc6:	0e 94 bc 0b 	call	0x1778	; 0x1778 <menu()>
/home/oggy/Documents/arduinoprojects/padright_v1.5.2/padright_v1.5.2.ino:549
  makeChange = false;
    2fca:	10 92 1f 06 	sts	0x061F, r1	; 0x80061f <makeChange>
    2fce:	22 ce       	rjmp	.-956    	; 0x2c14 <main+0x948>
/home/oggy/Documents/arduinoprojects/padright_v1.5.2/padright_v1.5.2.ino:319
      while (!digitalRead(selectButton))
        ;
      topMenuPosition++;
      if (mType == RFID_MACHINE && topMenuPosition == 6)
        topMenuPosition = 0;
      if (mType == CASH_MACHINE && topMenuPosition >= 9)
    2fd0:	21 30       	cpi	r18, 0x01	; 1
    2fd2:	09 f0       	breq	.+2      	; 0x2fd6 <main+0xd0a>
    2fd4:	94 cf       	rjmp	.-216    	; 0x2efe <main+0xc32>
    2fd6:	09 97       	sbiw	r24, 0x09	; 9
    2fd8:	0c f0       	brlt	.+2      	; 0x2fdc <main+0xd10>
    2fda:	8d cf       	rjmp	.-230    	; 0x2ef6 <main+0xc2a>
    2fdc:	90 cf       	rjmp	.-224    	; 0x2efe <main+0xc32>
/home/oggy/Documents/arduinoprojects/padright_v1.5.2/padright_v1.5.2.ino:332
      while (!digitalRead(okButton))
        ;
      delay(200);  // Stabilize after release
      if (state == 1 && topMenuPosition == 0)
        status = 'r';  // pads in  rack
      else if (state == 1 && topMenuPosition == 1)
    2fde:	81 30       	cpi	r24, 0x01	; 1
    2fe0:	91 05       	cpc	r25, r1
    2fe2:	11 f4       	brne	.+4      	; 0x2fe8 <main+0xd1c>
/home/oggy/Documents/arduinoprojects/padright_v1.5.2/padright_v1.5.2.ino:333
        status = 'f';  // fill all
    2fe4:	86 e6       	ldi	r24, 0x66	; 102
    2fe6:	b4 cf       	rjmp	.-152    	; 0x2f50 <main+0xc84>
/home/oggy/Documents/arduinoprojects/padright_v1.5.2/padright_v1.5.2.ino:334
      else if (state == 1 && topMenuPosition == 2)
    2fe8:	82 30       	cpi	r24, 0x02	; 2
    2fea:	91 05       	cpc	r25, r1
    2fec:	11 f4       	brne	.+4      	; 0x2ff2 <main+0xd26>
/home/oggy/Documents/arduinoprojects/padright_v1.5.2/padright_v1.5.2.ino:335
        status = 'M';  // max racks
    2fee:	8d e4       	ldi	r24, 0x4D	; 77
    2ff0:	af cf       	rjmp	.-162    	; 0x2f50 <main+0xc84>
/home/oggy/Documents/arduinoprojects/padright_v1.5.2/padright_v1.5.2.ino:336
      else if (state == 1 && topMenuPosition == 3)
    2ff2:	83 30       	cpi	r24, 0x03	; 3
    2ff4:	91 05       	cpc	r25, r1
    2ff6:	11 f4       	brne	.+4      	; 0x2ffc <main+0xd30>
/home/oggy/Documents/arduinoprojects/padright_v1.5.2/padright_v1.5.2.ino:337
        status = 'm';  // motor time
    2ff8:	8d e6       	ldi	r24, 0x6D	; 109
    2ffa:	aa cf       	rjmp	.-172    	; 0x2f50 <main+0xc84>
/home/oggy/Documents/arduinoprojects/padright_v1.5.2/padright_v1.5.2.ino:338
      else if (state == 1 && topMenuPosition == 4) {
    2ffc:	84 30       	cpi	r24, 0x04	; 4
    2ffe:	91 05       	cpc	r25, r1
    3000:	41 f4       	brne	.+16     	; 0x3012 <main+0xd46>
/home/oggy/Documents/arduinoprojects/padright_v1.5.2/padright_v1.5.2.ino:339
        if (mType == RFID_MACHINE)
    3002:	80 91 42 06 	lds	r24, 0x0642	; 0x800642 <mType>
    3006:	81 11       	cpse	r24, r1
    3008:	02 c0       	rjmp	.+4      	; 0x300e <main+0xd42>
/home/oggy/Documents/arduinoprojects/padright_v1.5.2/padright_v1.5.2.ino:340
          status = 'b';  // batch write
    300a:	82 e6       	ldi	r24, 0x62	; 98
    300c:	a1 cf       	rjmp	.-190    	; 0x2f50 <main+0xc84>
/home/oggy/Documents/arduinoprojects/padright_v1.5.2/padright_v1.5.2.ino:342
        else
          status = 't';
    300e:	84 e7       	ldi	r24, 0x74	; 116
    3010:	9f cf       	rjmp	.-194    	; 0x2f50 <main+0xc84>
/home/oggy/Documents/arduinoprojects/padright_v1.5.2/padright_v1.5.2.ino:343
      } else if (state == 1 && topMenuPosition == 5) {
    3012:	85 30       	cpi	r24, 0x05	; 5
    3014:	91 05       	cpc	r25, r1
    3016:	31 f4       	brne	.+12     	; 0x3024 <main+0xd58>
/home/oggy/Documents/arduinoprojects/padright_v1.5.2/padright_v1.5.2.ino:344
        if (mType == RFID_MACHINE)
    3018:	80 91 42 06 	lds	r24, 0x0642	; 0x800642 <mType>
    301c:	88 23       	and	r24, r24
    301e:	b9 f3       	breq	.-18     	; 0x300e <main+0xd42>
/home/oggy/Documents/arduinoprojects/padright_v1.5.2/padright_v1.5.2.ino:347
          status = 't';
        else
          status = 'c';  // cash limiting
    3020:	83 e6       	ldi	r24, 0x63	; 99
    3022:	96 cf       	rjmp	.-212    	; 0x2f50 <main+0xc84>
/home/oggy/Documents/arduinoprojects/padright_v1.5.2/padright_v1.5.2.ino:348
      } else if (state == 1 && topMenuPosition == 6) {
    3024:	86 30       	cpi	r24, 0x06	; 6
    3026:	91 05       	cpc	r25, r1
    3028:	39 f4       	brne	.+14     	; 0x3038 <main+0xd6c>
/home/oggy/Documents/arduinoprojects/padright_v1.5.2/padright_v1.5.2.ino:349
        if (mType == CASH_MACHINE)
    302a:	80 91 42 06 	lds	r24, 0x0642	; 0x800642 <mType>
    302e:	81 30       	cpi	r24, 0x01	; 1
    3030:	09 f0       	breq	.+2      	; 0x3034 <main+0xd68>
    3032:	90 cf       	rjmp	.-224    	; 0x2f54 <main+0xc88>
/home/oggy/Documents/arduinoprojects/padright_v1.5.2/padright_v1.5.2.ino:350
          status = 'p';  // pulses setting
    3034:	80 e7       	ldi	r24, 0x70	; 112
    3036:	8c cf       	rjmp	.-232    	; 0x2f50 <main+0xc84>
/home/oggy/Documents/arduinoprojects/padright_v1.5.2/padright_v1.5.2.ino:351
      } else if (state == 1 && topMenuPosition == 7) {
    3038:	87 30       	cpi	r24, 0x07	; 7
    303a:	91 05       	cpc	r25, r1
    303c:	39 f4       	brne	.+14     	; 0x304c <main+0xd80>
/home/oggy/Documents/arduinoprojects/padright_v1.5.2/padright_v1.5.2.ino:352
        if (mType == CASH_MACHINE)
    303e:	80 91 42 06 	lds	r24, 0x0642	; 0x800642 <mType>
    3042:	81 30       	cpi	r24, 0x01	; 1
    3044:	09 f0       	breq	.+2      	; 0x3048 <main+0xd7c>
    3046:	86 cf       	rjmp	.-244    	; 0x2f54 <main+0xc88>
/home/oggy/Documents/arduinoprojects/padright_v1.5.2/padright_v1.5.2.ino:353
          status = 'w';  // inserting cash wait time  setting
    3048:	87 e7       	ldi	r24, 0x77	; 119
    304a:	82 cf       	rjmp	.-252    	; 0x2f50 <main+0xc84>
/home/oggy/Documents/arduinoprojects/padright_v1.5.2/padright_v1.5.2.ino:355
      }
      else if (state == 1 && topMenuPosition == 8) {
    304c:	08 97       	sbiw	r24, 0x08	; 8
    304e:	09 f0       	breq	.+2      	; 0x3052 <main+0xd86>
    3050:	81 cf       	rjmp	.-254    	; 0x2f54 <main+0xc88>
/home/oggy/Documents/arduinoprojects/padright_v1.5.2/padright_v1.5.2.ino:356
        if (mType == CASH_MACHINE)
    3052:	80 91 42 06 	lds	r24, 0x0642	; 0x800642 <mType>
    3056:	81 30       	cpi	r24, 0x01	; 1
    3058:	09 f0       	breq	.+2      	; 0x305c <main+0xd90>
    305a:	7c cf       	rjmp	.-264    	; 0x2f54 <main+0xc88>
/home/oggy/Documents/arduinoprojects/padright_v1.5.2/padright_v1.5.2.ino:357
          status = 'x';  // cash per pad setting
    305c:	88 e7       	ldi	r24, 0x78	; 120
    305e:	78 cf       	rjmp	.-272    	; 0x2f50 <main+0xc84>
/home/oggy/Documents/arduinoprojects/padright_v1.5.2/padright_v1.5.2.ino:361
      }
      // Serial.println(status);

      switch (status) {
    3060:	83 36       	cpi	r24, 0x63	; 99
    3062:	09 f4       	brne	.+2      	; 0x3066 <main+0xd9a>
    3064:	83 c1       	rjmp	.+774    	; 0x336c <main+0x10a0>
    3066:	86 36       	cpi	r24, 0x66	; 102
    3068:	09 f0       	breq	.+2      	; 0x306c <main+0xda0>
    306a:	83 cf       	rjmp	.-250    	; 0x2f72 <main+0xca6>
/home/oggy/Documents/arduinoprojects/padright_v1.5.2/padright_v1.5.2.ino:363
        case 'f':
          fillMenu();
    306c:	0e 94 ea 0a 	call	0x15d4	; 0x15d4 <fillMenu()>
/home/oggy/Documents/arduinoprojects/padright_v1.5.2/padright_v1.5.2.ino:370
            // delay(300);
            if (!digitalRead(selectButton)) {
              delay(300);
              maxRackCapacity = maxRackCapacity + 1;
              if (maxRackCapacity > 60)
                maxRackCapacity = 1;
    3070:	01 e0       	ldi	r16, 0x01	; 1
    3072:	10 e0       	ldi	r17, 0x00	; 0
/home/oggy/Documents/arduinoprojects/padright_v1.5.2/padright_v1.5.2.ino:364
      // Serial.println(status);

      switch (status) {
        case 'f':
          fillMenu();
          while (digitalRead(okButton)) {
    3074:	8f e0       	ldi	r24, 0x0F	; 15
    3076:	0e 94 c2 00 	call	0x184	; 0x184 <digitalRead>
    307a:	89 2b       	or	r24, r25
    307c:	09 f4       	brne	.+2      	; 0x3080 <main+0xdb4>
    307e:	88 c0       	rjmp	.+272    	; 0x3190 <main+0xec4>
/home/oggy/Documents/arduinoprojects/padright_v1.5.2/padright_v1.5.2.ino:366
            // delay(300);
            if (!digitalRead(selectButton)) {
    3080:	8e e0       	ldi	r24, 0x0E	; 14
    3082:	0e 94 c2 00 	call	0x184	; 0x184 <digitalRead>
    3086:	89 2b       	or	r24, r25
    3088:	a9 f7       	brne	.-22     	; 0x3074 <main+0xda8>
/home/oggy/Documents/arduinoprojects/padright_v1.5.2/padright_v1.5.2.ino:367
              delay(300);
    308a:	6c e2       	ldi	r22, 0x2C	; 44
    308c:	71 e0       	ldi	r23, 0x01	; 1
    308e:	80 e0       	ldi	r24, 0x00	; 0
    3090:	90 e0       	ldi	r25, 0x00	; 0
    3092:	0e 94 85 01 	call	0x30a	; 0x30a <delay>
/home/oggy/Documents/arduinoprojects/padright_v1.5.2/padright_v1.5.2.ino:368
              maxRackCapacity = maxRackCapacity + 1;
    3096:	80 91 0e 01 	lds	r24, 0x010E	; 0x80010e <maxRackCapacity>
    309a:	90 91 0f 01 	lds	r25, 0x010F	; 0x80010f <maxRackCapacity+0x1>
    309e:	01 96       	adiw	r24, 0x01	; 1
/home/oggy/Documents/arduinoprojects/padright_v1.5.2/padright_v1.5.2.ino:369
              if (maxRackCapacity > 60)
    30a0:	8d 33       	cpi	r24, 0x3D	; 61
    30a2:	91 05       	cpc	r25, r1
    30a4:	0c f0       	brlt	.+2      	; 0x30a8 <main+0xddc>
    30a6:	6f c0       	rjmp	.+222    	; 0x3186 <main+0xeba>
/home/oggy/Documents/arduinoprojects/padright_v1.5.2/padright_v1.5.2.ino:368
          fillMenu();
          while (digitalRead(okButton)) {
            // delay(300);
            if (!digitalRead(selectButton)) {
              delay(300);
              maxRackCapacity = maxRackCapacity + 1;
    30a8:	90 93 0f 01 	sts	0x010F, r25	; 0x80010f <maxRackCapacity+0x1>
    30ac:	80 93 0e 01 	sts	0x010E, r24	; 0x80010e <maxRackCapacity>
/home/oggy/Documents/arduinoprojects/padright_v1.5.2/padright_v1.5.2.ino:371
              if (maxRackCapacity > 60)
                maxRackCapacity = 1;
              fillMenu();
    30b0:	0e 94 ea 0a 	call	0x15d4	; 0x15d4 <fillMenu()>
    30b4:	df cf       	rjmp	.-66     	; 0x3074 <main+0xda8>
/home/oggy/Documents/arduinoprojects/padright_v1.5.2/padright_v1.5.2.ino:361
        if (mType == CASH_MACHINE)
          status = 'x';  // cash per pad setting
      }
      // Serial.println(status);

      switch (status) {
    30b6:	84 37       	cpi	r24, 0x74	; 116
    30b8:	09 f4       	brne	.+2      	; 0x30bc <main+0xdf0>
    30ba:	33 c1       	rjmp	.+614    	; 0x3322 <main+0x1056>
    30bc:	cc f5       	brge	.+114    	; 0x3130 <main+0xe64>
    30be:	80 37       	cpi	r24, 0x70	; 112
    30c0:	09 f4       	brne	.+2      	; 0x30c4 <main+0xdf8>
    30c2:	b2 c1       	rjmp	.+868    	; 0x3428 <main+0x115c>
    30c4:	ff ef       	ldi	r31, 0xFF	; 255
    30c6:	ef 2e       	mov	r14, r31
    30c8:	f6 e0       	ldi	r31, 0x06	; 6
    30ca:	ff 2e       	mov	r15, r31
    30cc:	82 37       	cpi	r24, 0x72	; 114
    30ce:	09 f0       	breq	.+2      	; 0x30d2 <main+0xe06>
    30d0:	50 cf       	rjmp	.-352    	; 0x2f72 <main+0xca6>
/home/oggy/Documents/arduinoprojects/padright_v1.5.2/padright_v1.5.2.ino:403
              motorTime();
            }
          }
          break;
        case 'r':
          for (int i = 0; i < maxRack; i++) {
    30d2:	80 91 12 01 	lds	r24, 0x0112	; 0x800112 <maxRack>
    30d6:	80 17       	cp	r24, r16
    30d8:	11 06       	cpc	r1, r17
    30da:	09 f0       	breq	.+2      	; 0x30de <main+0xe12>
    30dc:	0c f4       	brge	.+2      	; 0x30e0 <main+0xe14>
    30de:	49 cf       	rjmp	.-366    	; 0x2f72 <main+0xca6>
/home/oggy/Documents/arduinoprojects/padright_v1.5.2/padright_v1.5.2.ino:404
            manageRack(i);
    30e0:	d0 2e       	mov	r13, r16
    30e2:	80 2f       	mov	r24, r16
    30e4:	0e 94 86 0e 	call	0x1d0c	; 0x1d0c <manageRack(unsigned char)>
/home/oggy/Documents/arduinoprojects/padright_v1.5.2/padright_v1.5.2.ino:405
            while (digitalRead(okButton)) {
    30e8:	8f e0       	ldi	r24, 0x0F	; 15
    30ea:	0e 94 c2 00 	call	0x184	; 0x184 <digitalRead>
    30ee:	89 2b       	or	r24, r25
    30f0:	09 f4       	brne	.+2      	; 0x30f4 <main+0xe28>
    30f2:	9c c0       	rjmp	.+312    	; 0x322c <main+0xf60>
/home/oggy/Documents/arduinoprojects/padright_v1.5.2/padright_v1.5.2.ino:407
              // delay(300);
              if (!digitalRead(selectButton)) {
    30f4:	8e e0       	ldi	r24, 0x0E	; 14
    30f6:	0e 94 c2 00 	call	0x184	; 0x184 <digitalRead>
    30fa:	89 2b       	or	r24, r25
    30fc:	a9 f7       	brne	.-22     	; 0x30e8 <main+0xe1c>
/home/oggy/Documents/arduinoprojects/padright_v1.5.2/padright_v1.5.2.ino:408
                delay(300);
    30fe:	6c e2       	ldi	r22, 0x2C	; 44
    3100:	71 e0       	ldi	r23, 0x01	; 1
    3102:	80 e0       	ldi	r24, 0x00	; 0
    3104:	90 e0       	ldi	r25, 0x00	; 0
    3106:	0e 94 85 01 	call	0x30a	; 0x30a <delay>
incQuantity():
/home/oggy/Documents/arduinoprojects/padright_v1.5.2/padrack.cpp:27
        quantity = 0;
    }
}
void padrack::incQuantity()
{
    quantity++;
    310a:	d7 01       	movw	r26, r14
    310c:	8d 91       	ld	r24, X+
    310e:	9c 91       	ld	r25, X
    3110:	11 97       	sbiw	r26, 0x01	; 1
    3112:	01 96       	adiw	r24, 0x01	; 1
    3114:	11 96       	adiw	r26, 0x01	; 1
    3116:	9c 93       	st	X, r25
    3118:	8e 93       	st	-X, r24
/home/oggy/Documents/arduinoprojects/padright_v1.5.2/padrack.cpp:28
    if (quantity > maxQuantity)
    311a:	12 96       	adiw	r26, 0x02	; 2
    311c:	2d 91       	ld	r18, X+
    311e:	3c 91       	ld	r19, X
    3120:	13 97       	sbiw	r26, 0x03	; 3
    3122:	28 17       	cp	r18, r24
    3124:	39 07       	cpc	r19, r25
    3126:	14 f4       	brge	.+4      	; 0x312c <main+0xe60>
setQuantity():
/home/oggy/Documents/arduinoprojects/padright_v1.5.2/padrack.cpp:9
{
    return quantity;
}
void padrack::setQuantity(int number)
{
    quantity = number;
    3128:	1d 92       	st	X+, r1
    312a:	1c 92       	st	X, r1
menuManagement():
/home/oggy/Documents/arduinoprojects/padright_v1.5.2/padright_v1.5.2.ino:410
                rack[i].incQuantity();
                manageRack(i);
    312c:	8d 2d       	mov	r24, r13
    312e:	da cf       	rjmp	.-76     	; 0x30e4 <main+0xe18>
/home/oggy/Documents/arduinoprojects/padright_v1.5.2/padright_v1.5.2.ino:361
        if (mType == CASH_MACHINE)
          status = 'x';  // cash per pad setting
      }
      // Serial.println(status);

      switch (status) {
    3130:	87 37       	cpi	r24, 0x77	; 119
    3132:	09 f4       	brne	.+2      	; 0x3136 <main+0xe6a>
    3134:	49 c1       	rjmp	.+658    	; 0x33c8 <main+0x10fc>
    3136:	88 37       	cpi	r24, 0x78	; 120
    3138:	09 f0       	breq	.+2      	; 0x313c <main+0xe70>
    313a:	1b cf       	rjmp	.-458    	; 0x2f72 <main+0xca6>
/home/oggy/Documents/arduinoprojects/padright_v1.5.2/padright_v1.5.2.ino:527
          while (!digitalRead(okButton))
            ;
          break;
        }
        case 'x':
          cashPerPad();
    313c:	0e 94 3f 0b 	call	0x167e	; 0x167e <cashPerPad()>
/home/oggy/Documents/arduinoprojects/padright_v1.5.2/padright_v1.5.2.ino:533
          while (digitalRead(okButton)) {
            if (!digitalRead(selectButton)) {
              delay(300);
              CASH_PER_PAD = CASH_PER_PAD + 5;
              if (CASH_PER_PAD > MAX_CASH_PER_PAD)
                CASH_PER_PAD = 5;
    3140:	05 e0       	ldi	r16, 0x05	; 5
    3142:	10 e0       	ldi	r17, 0x00	; 0
/home/oggy/Documents/arduinoprojects/padright_v1.5.2/padright_v1.5.2.ino:528
            ;
          break;
        }
        case 'x':
          cashPerPad();
          while (digitalRead(okButton)) {
    3144:	8f e0       	ldi	r24, 0x0F	; 15
    3146:	0e 94 c2 00 	call	0x184	; 0x184 <digitalRead>
    314a:	89 2b       	or	r24, r25
    314c:	09 f4       	brne	.+2      	; 0x3150 <main+0xe84>
    314e:	b7 c1       	rjmp	.+878    	; 0x34be <main+0x11f2>
/home/oggy/Documents/arduinoprojects/padright_v1.5.2/padright_v1.5.2.ino:529
            if (!digitalRead(selectButton)) {
    3150:	8e e0       	ldi	r24, 0x0E	; 14
    3152:	0e 94 c2 00 	call	0x184	; 0x184 <digitalRead>
    3156:	89 2b       	or	r24, r25
    3158:	a9 f7       	brne	.-22     	; 0x3144 <main+0xe78>
/home/oggy/Documents/arduinoprojects/padright_v1.5.2/padright_v1.5.2.ino:530
              delay(300);
    315a:	6c e2       	ldi	r22, 0x2C	; 44
    315c:	71 e0       	ldi	r23, 0x01	; 1
    315e:	80 e0       	ldi	r24, 0x00	; 0
    3160:	90 e0       	ldi	r25, 0x00	; 0
    3162:	0e 94 85 01 	call	0x30a	; 0x30a <delay>
/home/oggy/Documents/arduinoprojects/padright_v1.5.2/padright_v1.5.2.ino:531
              CASH_PER_PAD = CASH_PER_PAD + 5;
    3166:	80 91 15 01 	lds	r24, 0x0115	; 0x800115 <CASH_PER_PAD>
    316a:	90 91 16 01 	lds	r25, 0x0116	; 0x800116 <CASH_PER_PAD+0x1>
    316e:	05 96       	adiw	r24, 0x05	; 5
/home/oggy/Documents/arduinoprojects/padright_v1.5.2/padright_v1.5.2.ino:532
              if (CASH_PER_PAD > MAX_CASH_PER_PAD)
    3170:	85 31       	cpi	r24, 0x15	; 21
    3172:	91 05       	cpc	r25, r1
    3174:	0c f0       	brlt	.+2      	; 0x3178 <main+0xeac>
    3176:	9e c1       	rjmp	.+828    	; 0x34b4 <main+0x11e8>
/home/oggy/Documents/arduinoprojects/padright_v1.5.2/padright_v1.5.2.ino:531
        case 'x':
          cashPerPad();
          while (digitalRead(okButton)) {
            if (!digitalRead(selectButton)) {
              delay(300);
              CASH_PER_PAD = CASH_PER_PAD + 5;
    3178:	90 93 16 01 	sts	0x0116, r25	; 0x800116 <CASH_PER_PAD+0x1>
    317c:	80 93 15 01 	sts	0x0115, r24	; 0x800115 <CASH_PER_PAD>
/home/oggy/Documents/arduinoprojects/padright_v1.5.2/padright_v1.5.2.ino:534
              if (CASH_PER_PAD > MAX_CASH_PER_PAD)
                CASH_PER_PAD = 5;
              cashPerPad();
    3180:	0e 94 3f 0b 	call	0x167e	; 0x167e <cashPerPad()>
    3184:	df cf       	rjmp	.-66     	; 0x3144 <main+0xe78>
/home/oggy/Documents/arduinoprojects/padright_v1.5.2/padright_v1.5.2.ino:370
            // delay(300);
            if (!digitalRead(selectButton)) {
              delay(300);
              maxRackCapacity = maxRackCapacity + 1;
              if (maxRackCapacity > 60)
                maxRackCapacity = 1;
    3186:	10 93 0f 01 	sts	0x010F, r17	; 0x80010f <maxRackCapacity+0x1>
    318a:	00 93 0e 01 	sts	0x010E, r16	; 0x80010e <maxRackCapacity>
    318e:	90 cf       	rjmp	.-224    	; 0x30b0 <main+0xde4>
/home/oggy/Documents/arduinoprojects/padright_v1.5.2/padright_v1.5.2.ino:374
              fillMenu();
            }
          }
          fillAll(maxRackCapacity);
    3190:	80 91 0e 01 	lds	r24, 0x010E	; 0x80010e <maxRackCapacity>
    3194:	90 91 0f 01 	lds	r25, 0x010F	; 0x80010f <maxRackCapacity+0x1>
    3198:	0e 94 a4 09 	call	0x1348	; 0x1348 <fillAll(int)>
    319c:	ea ce       	rjmp	.-556    	; 0x2f72 <main+0xca6>
/home/oggy/Documents/arduinoprojects/padright_v1.5.2/padright_v1.5.2.ino:377
          break;
        case 'M':  // for maximum racks setting
          _maxRack();
    319e:	0e 94 02 0b 	call	0x1604	; 0x1604 <_maxRack()>
/home/oggy/Documents/arduinoprojects/padright_v1.5.2/padright_v1.5.2.ino:384
            // delay(300);
            if (!digitalRead(selectButton)) {
              delay(300);
              maxRack = maxRack + 1;
              if (maxRack > availableRack)
                maxRack = 1;
    31a2:	11 e0       	ldi	r17, 0x01	; 1
/home/oggy/Documents/arduinoprojects/padright_v1.5.2/padright_v1.5.2.ino:378
          }
          fillAll(maxRackCapacity);
          break;
        case 'M':  // for maximum racks setting
          _maxRack();
          while (digitalRead(okButton)) {
    31a4:	8f e0       	ldi	r24, 0x0F	; 15
    31a6:	0e 94 c2 00 	call	0x184	; 0x184 <digitalRead>
    31aa:	89 2b       	or	r24, r25
    31ac:	09 f4       	brne	.+2      	; 0x31b0 <main+0xee4>
    31ae:	e1 ce       	rjmp	.-574    	; 0x2f72 <main+0xca6>
/home/oggy/Documents/arduinoprojects/padright_v1.5.2/padright_v1.5.2.ino:380
            // delay(300);
            if (!digitalRead(selectButton)) {
    31b0:	8e e0       	ldi	r24, 0x0E	; 14
    31b2:	0e 94 c2 00 	call	0x184	; 0x184 <digitalRead>
    31b6:	89 2b       	or	r24, r25
    31b8:	a9 f7       	brne	.-22     	; 0x31a4 <main+0xed8>
/home/oggy/Documents/arduinoprojects/padright_v1.5.2/padright_v1.5.2.ino:381
              delay(300);
    31ba:	6c e2       	ldi	r22, 0x2C	; 44
    31bc:	71 e0       	ldi	r23, 0x01	; 1
    31be:	80 e0       	ldi	r24, 0x00	; 0
    31c0:	90 e0       	ldi	r25, 0x00	; 0
    31c2:	0e 94 85 01 	call	0x30a	; 0x30a <delay>
/home/oggy/Documents/arduinoprojects/padright_v1.5.2/padright_v1.5.2.ino:382
              maxRack = maxRack + 1;
    31c6:	80 91 12 01 	lds	r24, 0x0112	; 0x800112 <maxRack>
    31ca:	8f 5f       	subi	r24, 0xFF	; 255
/home/oggy/Documents/arduinoprojects/padright_v1.5.2/padright_v1.5.2.ino:383
              if (maxRack > availableRack)
    31cc:	84 30       	cpi	r24, 0x04	; 4
    31ce:	28 f4       	brcc	.+10     	; 0x31da <main+0xf0e>
/home/oggy/Documents/arduinoprojects/padright_v1.5.2/padright_v1.5.2.ino:382
          _maxRack();
          while (digitalRead(okButton)) {
            // delay(300);
            if (!digitalRead(selectButton)) {
              delay(300);
              maxRack = maxRack + 1;
    31d0:	80 93 12 01 	sts	0x0112, r24	; 0x800112 <maxRack>
/home/oggy/Documents/arduinoprojects/padright_v1.5.2/padright_v1.5.2.ino:385
              if (maxRack > availableRack)
                maxRack = 1;
              _maxRack();
    31d4:	0e 94 02 0b 	call	0x1604	; 0x1604 <_maxRack()>
    31d8:	e5 cf       	rjmp	.-54     	; 0x31a4 <main+0xed8>
/home/oggy/Documents/arduinoprojects/padright_v1.5.2/padright_v1.5.2.ino:384
            // delay(300);
            if (!digitalRead(selectButton)) {
              delay(300);
              maxRack = maxRack + 1;
              if (maxRack > availableRack)
                maxRack = 1;
    31da:	10 93 12 01 	sts	0x0112, r17	; 0x800112 <maxRack>
    31de:	fa cf       	rjmp	.-12     	; 0x31d4 <main+0xf08>
/home/oggy/Documents/arduinoprojects/padright_v1.5.2/padright_v1.5.2.ino:397
            // delay(300);
            if (!digitalRead(selectButton)) {
              delay(300);
              motorTimeVariable = motorTimeVariable + 100;
              if (motorTimeVariable > 5000)
                motorTimeVariable = 100;
    31e0:	30 92 11 01 	sts	0x0111, r3	; 0x800111 <motorTimeVariable+0x1>
    31e4:	20 92 10 01 	sts	0x0110, r2	; 0x800110 <motorTimeVariable>
/home/oggy/Documents/arduinoprojects/padright_v1.5.2/padright_v1.5.2.ino:390
              _maxRack();
            }
          }
          break;
        case 'm':
          motorTime();
    31e8:	0e 94 0a 0d 	call	0x1a14	; 0x1a14 <motorTime()>
/home/oggy/Documents/arduinoprojects/padright_v1.5.2/padright_v1.5.2.ino:391
          while (digitalRead(okButton)) {
    31ec:	8f e0       	ldi	r24, 0x0F	; 15
    31ee:	0e 94 c2 00 	call	0x184	; 0x184 <digitalRead>
    31f2:	89 2b       	or	r24, r25
    31f4:	09 f4       	brne	.+2      	; 0x31f8 <main+0xf2c>
    31f6:	bd ce       	rjmp	.-646    	; 0x2f72 <main+0xca6>
/home/oggy/Documents/arduinoprojects/padright_v1.5.2/padright_v1.5.2.ino:393
            // delay(300);
            if (!digitalRead(selectButton)) {
    31f8:	8e e0       	ldi	r24, 0x0E	; 14
    31fa:	0e 94 c2 00 	call	0x184	; 0x184 <digitalRead>
    31fe:	89 2b       	or	r24, r25
    3200:	a9 f7       	brne	.-22     	; 0x31ec <main+0xf20>
/home/oggy/Documents/arduinoprojects/padright_v1.5.2/padright_v1.5.2.ino:394
              delay(300);
    3202:	6c e2       	ldi	r22, 0x2C	; 44
    3204:	71 e0       	ldi	r23, 0x01	; 1
    3206:	80 e0       	ldi	r24, 0x00	; 0
    3208:	90 e0       	ldi	r25, 0x00	; 0
    320a:	0e 94 85 01 	call	0x30a	; 0x30a <delay>
/home/oggy/Documents/arduinoprojects/padright_v1.5.2/padright_v1.5.2.ino:395
              motorTimeVariable = motorTimeVariable + 100;
    320e:	80 91 10 01 	lds	r24, 0x0110	; 0x800110 <motorTimeVariable>
    3212:	90 91 11 01 	lds	r25, 0x0111	; 0x800111 <motorTimeVariable+0x1>
    3216:	8c 59       	subi	r24, 0x9C	; 156
    3218:	9f 4f       	sbci	r25, 0xFF	; 255
/home/oggy/Documents/arduinoprojects/padright_v1.5.2/padright_v1.5.2.ino:396
              if (motorTimeVariable > 5000)
    321a:	89 38       	cpi	r24, 0x89	; 137
    321c:	e3 e1       	ldi	r30, 0x13	; 19
    321e:	9e 07       	cpc	r25, r30
    3220:	fc f6       	brge	.-66     	; 0x31e0 <main+0xf14>
/home/oggy/Documents/arduinoprojects/padright_v1.5.2/padright_v1.5.2.ino:395
          motorTime();
          while (digitalRead(okButton)) {
            // delay(300);
            if (!digitalRead(selectButton)) {
              delay(300);
              motorTimeVariable = motorTimeVariable + 100;
    3222:	90 93 11 01 	sts	0x0111, r25	; 0x800111 <motorTimeVariable+0x1>
    3226:	80 93 10 01 	sts	0x0110, r24	; 0x800110 <motorTimeVariable>
    322a:	de cf       	rjmp	.-68     	; 0x31e8 <main+0xf1c>
/home/oggy/Documents/arduinoprojects/padright_v1.5.2/padright_v1.5.2.ino:413
                delay(300);
                rack[i].incQuantity();
                manageRack(i);
              }
            }
            while (!digitalRead(okButton))
    322c:	8f e0       	ldi	r24, 0x0F	; 15
    322e:	0e 94 c2 00 	call	0x184	; 0x184 <digitalRead>
    3232:	89 2b       	or	r24, r25
    3234:	d9 f3       	breq	.-10     	; 0x322c <main+0xf60>
/home/oggy/Documents/arduinoprojects/padright_v1.5.2/padright_v1.5.2.ino:403
              motorTime();
            }
          }
          break;
        case 'r':
          for (int i = 0; i < maxRack; i++) {
    3236:	0f 5f       	subi	r16, 0xFF	; 255
    3238:	1f 4f       	sbci	r17, 0xFF	; 255
    323a:	b4 e0       	ldi	r27, 0x04	; 4
    323c:	eb 0e       	add	r14, r27
    323e:	f1 1c       	adc	r15, r1
    3240:	48 cf       	rjmp	.-368    	; 0x30d2 <main+0xe06>
/home/oggy/Documents/arduinoprojects/padright_v1.5.2/padright_v1.5.2.ino:418
            while (!digitalRead(okButton))
              ;
          }
          break;
        case 'b':
          batchWrite();
    3242:	0e 94 a8 0b 	call	0x1750	; 0x1750 <batchWrite()>
padAmountInc():
/home/oggy/Documents/arduinoprojects/padright_v1.5.2/padright_v1.5.2.ino:734
  digitalWrite(buzzer, LOW);
}
void padAmountInc() {
  padAmount++;
  if (padAmount > 255) {
    padAmount = 1;
    3246:	01 e0       	ldi	r16, 0x01	; 1
    3248:	10 e0       	ldi	r17, 0x00	; 0
menuManagement():
/home/oggy/Documents/arduinoprojects/padright_v1.5.2/padright_v1.5.2.ino:419
              ;
          }
          break;
        case 'b':
          batchWrite();
          while (digitalRead(okButton)) {
    324a:	8f e0       	ldi	r24, 0x0F	; 15
    324c:	0e 94 c2 00 	call	0x184	; 0x184 <digitalRead>
    3250:	89 2b       	or	r24, r25
    3252:	01 f1       	breq	.+64     	; 0x3294 <main+0xfc8>
/home/oggy/Documents/arduinoprojects/padright_v1.5.2/padright_v1.5.2.ino:420
            if (!digitalRead(selectButton)) {
    3254:	8e e0       	ldi	r24, 0x0E	; 14
    3256:	0e 94 c2 00 	call	0x184	; 0x184 <digitalRead>
    325a:	89 2b       	or	r24, r25
    325c:	b1 f7       	brne	.-20     	; 0x324a <main+0xf7e>
/home/oggy/Documents/arduinoprojects/padright_v1.5.2/padright_v1.5.2.ino:421
              delay(300);
    325e:	6c e2       	ldi	r22, 0x2C	; 44
    3260:	71 e0       	ldi	r23, 0x01	; 1
    3262:	80 e0       	ldi	r24, 0x00	; 0
    3264:	90 e0       	ldi	r25, 0x00	; 0
    3266:	0e 94 85 01 	call	0x30a	; 0x30a <delay>
padAmountInc():
/home/oggy/Documents/arduinoprojects/padright_v1.5.2/padright_v1.5.2.ino:732
  digitalWrite(buzzer, HIGH);
  delay(400);
  digitalWrite(buzzer, LOW);
}
void padAmountInc() {
  padAmount++;
    326a:	80 91 0c 01 	lds	r24, 0x010C	; 0x80010c <padAmount>
    326e:	90 91 0d 01 	lds	r25, 0x010D	; 0x80010d <padAmount+0x1>
    3272:	01 96       	adiw	r24, 0x01	; 1
/home/oggy/Documents/arduinoprojects/padright_v1.5.2/padright_v1.5.2.ino:733
  if (padAmount > 255) {
    3274:	8f 3f       	cpi	r24, 0xFF	; 255
    3276:	91 05       	cpc	r25, r1
    3278:	09 f0       	breq	.+2      	; 0x327c <main+0xfb0>
    327a:	3c f4       	brge	.+14     	; 0x328a <main+0xfbe>
/home/oggy/Documents/arduinoprojects/padright_v1.5.2/padright_v1.5.2.ino:732
  digitalWrite(buzzer, HIGH);
  delay(400);
  digitalWrite(buzzer, LOW);
}
void padAmountInc() {
  padAmount++;
    327c:	90 93 0d 01 	sts	0x010D, r25	; 0x80010d <padAmount+0x1>
    3280:	80 93 0c 01 	sts	0x010C, r24	; 0x80010c <padAmount>
menuManagement():
/home/oggy/Documents/arduinoprojects/padright_v1.5.2/padright_v1.5.2.ino:423
          batchWrite();
          while (digitalRead(okButton)) {
            if (!digitalRead(selectButton)) {
              delay(300);
              padAmountInc();
              batchWrite();
    3284:	0e 94 a8 0b 	call	0x1750	; 0x1750 <batchWrite()>
    3288:	e0 cf       	rjmp	.-64     	; 0x324a <main+0xf7e>
padAmountInc():
/home/oggy/Documents/arduinoprojects/padright_v1.5.2/padright_v1.5.2.ino:734
  digitalWrite(buzzer, LOW);
}
void padAmountInc() {
  padAmount++;
  if (padAmount > 255) {
    padAmount = 1;
    328a:	10 93 0d 01 	sts	0x010D, r17	; 0x80010d <padAmount+0x1>
    328e:	00 93 0c 01 	sts	0x010C, r16	; 0x80010c <padAmount>
    3292:	f8 cf       	rjmp	.-16     	; 0x3284 <main+0xfb8>
menuManagement():
/home/oggy/Documents/arduinoprojects/padright_v1.5.2/padright_v1.5.2.ino:426
              delay(300);
              padAmountInc();
              batchWrite();
            }
          }
          while (!digitalRead(okButton))
    3294:	8f e0       	ldi	r24, 0x0F	; 15
    3296:	0e 94 c2 00 	call	0x184	; 0x184 <digitalRead>
    329a:	89 2b       	or	r24, r25
    329c:	d9 f3       	breq	.-10     	; 0x3294 <main+0xfc8>
/home/oggy/Documents/arduinoprojects/padright_v1.5.2/padright_v1.5.2.ino:428
            ;
          lcd.clear();
    329e:	0e 94 83 03 	call	0x706	; 0x706 <LiquidCrystal::clear() [clone .constprop.51]>
/home/oggy/Documents/arduinoprojects/padright_v1.5.2/padright_v1.5.2.ino:429
          lcd.setCursor(0, 0);
    32a2:	60 e0       	ldi	r22, 0x00	; 0
    32a4:	80 e0       	ldi	r24, 0x00	; 0
    32a6:	0e 94 2c 04 	call	0x858	; 0x858 <LiquidCrystal::setCursor(unsigned char, unsigned char) [clone .constprop.28]>
/home/oggy/Documents/arduinoprojects/padright_v1.5.2/padright_v1.5.2.ino:430
          lcd.print("Scan Card!");
    32aa:	8c e4       	ldi	r24, 0x4C	; 76
    32ac:	93 e0       	ldi	r25, 0x03	; 3
    32ae:	0e 94 c3 0a 	call	0x1586	; 0x1586 <Print::print(char const*) [clone .constprop.45]>
/home/oggy/Documents/arduinoprojects/padright_v1.5.2/padright_v1.5.2.ino:431
          while (digitalRead(okButton)) {
    32b2:	8f e0       	ldi	r24, 0x0F	; 15
    32b4:	0e 94 c2 00 	call	0x184	; 0x184 <digitalRead>
    32b8:	89 2b       	or	r24, r25
    32ba:	69 f1       	breq	.+90     	; 0x3316 <main+0x104a>
/home/oggy/Documents/arduinoprojects/padright_v1.5.2/padright_v1.5.2.ino:432
            if (mfrc522.PICC_IsNewCardPresent()) {
    32bc:	8f e2       	ldi	r24, 0x2F	; 47
    32be:	97 e0       	ldi	r25, 0x07	; 7
    32c0:	0e 94 a2 06 	call	0xd44	; 0xd44 <MFRC522::PICC_IsNewCardPresent()>
    32c4:	88 23       	and	r24, r24
    32c6:	a9 f3       	breq	.-22     	; 0x32b2 <main+0xfe6>
/home/oggy/Documents/arduinoprojects/padright_v1.5.2/padright_v1.5.2.ino:433
              if (mfrc522.PICC_ReadCardSerial()) {
    32c8:	8f e2       	ldi	r24, 0x2F	; 47
    32ca:	97 e0       	ldi	r25, 0x07	; 7
    32cc:	0e 94 45 04 	call	0x88a	; 0x88a <MFRC522::PICC_ReadCardSerial()>
    32d0:	88 23       	and	r24, r24
    32d2:	a1 f0       	breq	.+40     	; 0x32fc <main+0x1030>
/home/oggy/Documents/arduinoprojects/padright_v1.5.2/padright_v1.5.2.ino:435
                // writeByte[0] = 0;
                writeByte[15] = padAmount;
    32d4:	80 91 0c 01 	lds	r24, 0x010C	; 0x80010c <padAmount>
    32d8:	80 93 5b 06 	sts	0x065B, r24	; 0x80065b <writeByte+0xf>
/home/oggy/Documents/arduinoprojects/padright_v1.5.2/padright_v1.5.2.ino:436
                if (writeCard(writeByte)) {
    32dc:	0e 94 16 0a 	call	0x142c	; 0x142c <writeCard(unsigned char*) [clone .constprop.13]>
    32e0:	88 23       	and	r24, r24
    32e2:	61 f0       	breq	.+24     	; 0x32fc <main+0x1030>
/home/oggy/Documents/arduinoprojects/padright_v1.5.2/padright_v1.5.2.ino:437
                  lcd.setCursor(0, 1);
    32e4:	61 e0       	ldi	r22, 0x01	; 1
    32e6:	80 e0       	ldi	r24, 0x00	; 0
    32e8:	0e 94 2c 04 	call	0x858	; 0x858 <LiquidCrystal::setCursor(unsigned char, unsigned char) [clone .constprop.28]>
/home/oggy/Documents/arduinoprojects/padright_v1.5.2/padright_v1.5.2.ino:438
                  lcd.print("Done");
    32ec:	88 e6       	ldi	r24, 0x68	; 104
    32ee:	93 e0       	ldi	r25, 0x03	; 3
    32f0:	0e 94 c3 0a 	call	0x1586	; 0x1586 <Print::print(char const*) [clone .constprop.45]>
/home/oggy/Documents/arduinoprojects/padright_v1.5.2/padright_v1.5.2.ino:439
                  success(500);
    32f4:	84 ef       	ldi	r24, 0xF4	; 244
    32f6:	91 e0       	ldi	r25, 0x01	; 1
    32f8:	0e 94 7c 09 	call	0x12f8	; 0x12f8 <success(int)>
/home/oggy/Documents/arduinoprojects/padright_v1.5.2/padright_v1.5.2.ino:442
                }
              }
              lcd.clear();
    32fc:	0e 94 83 03 	call	0x706	; 0x706 <LiquidCrystal::clear() [clone .constprop.51]>
/home/oggy/Documents/arduinoprojects/padright_v1.5.2/padright_v1.5.2.ino:443
              lcd.setCursor(0, 0);
    3300:	60 e0       	ldi	r22, 0x00	; 0
    3302:	80 e0       	ldi	r24, 0x00	; 0
    3304:	0e 94 2c 04 	call	0x858	; 0x858 <LiquidCrystal::setCursor(unsigned char, unsigned char) [clone .constprop.28]>
/home/oggy/Documents/arduinoprojects/padright_v1.5.2/padright_v1.5.2.ino:444
              lcd.print("Scan Card!");
    3308:	8c e4       	ldi	r24, 0x4C	; 76
    330a:	93 e0       	ldi	r25, 0x03	; 3
    330c:	0e 94 c3 0a 	call	0x1586	; 0x1586 <Print::print(char const*) [clone .constprop.45]>
/home/oggy/Documents/arduinoprojects/padright_v1.5.2/padright_v1.5.2.ino:445
              halt();
    3310:	0e 94 87 08 	call	0x110e	; 0x110e <halt()>
    3314:	ce cf       	rjmp	.-100    	; 0x32b2 <main+0xfe6>
/home/oggy/Documents/arduinoprojects/padright_v1.5.2/padright_v1.5.2.ino:449
            }
          }
          // halt();
          while (!digitalRead(okButton))
    3316:	8f e0       	ldi	r24, 0x0F	; 15
    3318:	0e 94 c2 00 	call	0x184	; 0x184 <digitalRead>
    331c:	89 2b       	or	r24, r25
    331e:	d9 f3       	breq	.-10     	; 0x3316 <main+0x104a>
    3320:	28 ce       	rjmp	.-944    	; 0x2f72 <main+0xca6>
/home/oggy/Documents/arduinoprojects/padright_v1.5.2/padright_v1.5.2.ino:454
            ;
          /////   batch code
          break;
        case 't':
          machineType();
    3322:	0e 94 8c 0b 	call	0x1718	; 0x1718 <machineType()>
/home/oggy/Documents/arduinoprojects/padright_v1.5.2/padright_v1.5.2.ino:459
          while (digitalRead(okButton)) {
            if (!digitalRead(selectButton)) {
              delay(300);
              if (mType == RFID_MACHINE) {
                mType = CASH_MACHINE;
    3326:	11 e0       	ldi	r17, 0x01	; 1
/home/oggy/Documents/arduinoprojects/padright_v1.5.2/padright_v1.5.2.ino:455
            ;
          /////   batch code
          break;
        case 't':
          machineType();
          while (digitalRead(okButton)) {
    3328:	8f e0       	ldi	r24, 0x0F	; 15
    332a:	0e 94 c2 00 	call	0x184	; 0x184 <digitalRead>
    332e:	89 2b       	or	r24, r25
    3330:	b9 f0       	breq	.+46     	; 0x3360 <main+0x1094>
/home/oggy/Documents/arduinoprojects/padright_v1.5.2/padright_v1.5.2.ino:456
            if (!digitalRead(selectButton)) {
    3332:	8e e0       	ldi	r24, 0x0E	; 14
    3334:	0e 94 c2 00 	call	0x184	; 0x184 <digitalRead>
    3338:	89 2b       	or	r24, r25
    333a:	b1 f7       	brne	.-20     	; 0x3328 <main+0x105c>
/home/oggy/Documents/arduinoprojects/padright_v1.5.2/padright_v1.5.2.ino:457
              delay(300);
    333c:	6c e2       	ldi	r22, 0x2C	; 44
    333e:	71 e0       	ldi	r23, 0x01	; 1
    3340:	80 e0       	ldi	r24, 0x00	; 0
    3342:	90 e0       	ldi	r25, 0x00	; 0
    3344:	0e 94 85 01 	call	0x30a	; 0x30a <delay>
/home/oggy/Documents/arduinoprojects/padright_v1.5.2/padright_v1.5.2.ino:458
              if (mType == RFID_MACHINE) {
    3348:	80 91 42 06 	lds	r24, 0x0642	; 0x800642 <mType>
    334c:	81 11       	cpse	r24, r1
    334e:	05 c0       	rjmp	.+10     	; 0x335a <main+0x108e>
/home/oggy/Documents/arduinoprojects/padright_v1.5.2/padright_v1.5.2.ino:459
                mType = CASH_MACHINE;
    3350:	10 93 42 06 	sts	0x0642, r17	; 0x800642 <mType>
/home/oggy/Documents/arduinoprojects/padright_v1.5.2/padright_v1.5.2.ino:463
              } else {
                mType = RFID_MACHINE;
              }
              machineType();
    3354:	0e 94 8c 0b 	call	0x1718	; 0x1718 <machineType()>
    3358:	e7 cf       	rjmp	.-50     	; 0x3328 <main+0x105c>
/home/oggy/Documents/arduinoprojects/padright_v1.5.2/padright_v1.5.2.ino:461
            if (!digitalRead(selectButton)) {
              delay(300);
              if (mType == RFID_MACHINE) {
                mType = CASH_MACHINE;
              } else {
                mType = RFID_MACHINE;
    335a:	10 92 42 06 	sts	0x0642, r1	; 0x800642 <mType>
    335e:	fa cf       	rjmp	.-12     	; 0x3354 <main+0x1088>
/home/oggy/Documents/arduinoprojects/padright_v1.5.2/padright_v1.5.2.ino:466
              }
              machineType();
            }
          }
          while (!digitalRead(okButton))
    3360:	8f e0       	ldi	r24, 0x0F	; 15
    3362:	0e 94 c2 00 	call	0x184	; 0x184 <digitalRead>
    3366:	89 2b       	or	r24, r25
    3368:	d9 f3       	breq	.-10     	; 0x3360 <main+0x1094>
    336a:	03 ce       	rjmp	.-1018   	; 0x2f72 <main+0xca6>
/home/oggy/Documents/arduinoprojects/padright_v1.5.2/padright_v1.5.2.ino:470
            ;
          break;
        case 'c':
          cashLimit();
    336c:	0e 94 57 0b 	call	0x16ae	; 0x16ae <cashLimit()>
/home/oggy/Documents/arduinoprojects/padright_v1.5.2/padright_v1.5.2.ino:477
            // delay(300);
            if (!digitalRead(selectButton)) {
              delay(300);
              CASH_LIMIT = CASH_LIMIT + 5;
              if (CASH_LIMIT > MAX_CASH_LIMIT)
                CASH_LIMIT = 5;
    3370:	05 e0       	ldi	r16, 0x05	; 5
    3372:	10 e0       	ldi	r17, 0x00	; 0
/home/oggy/Documents/arduinoprojects/padright_v1.5.2/padright_v1.5.2.ino:471
          while (!digitalRead(okButton))
            ;
          break;
        case 'c':
          cashLimit();
          while (digitalRead(okButton)) {
    3374:	8f e0       	ldi	r24, 0x0F	; 15
    3376:	0e 94 c2 00 	call	0x184	; 0x184 <digitalRead>
    337a:	89 2b       	or	r24, r25
    337c:	f9 f0       	breq	.+62     	; 0x33bc <main+0x10f0>
/home/oggy/Documents/arduinoprojects/padright_v1.5.2/padright_v1.5.2.ino:473
            // delay(300);
            if (!digitalRead(selectButton)) {
    337e:	8e e0       	ldi	r24, 0x0E	; 14
    3380:	0e 94 c2 00 	call	0x184	; 0x184 <digitalRead>
    3384:	89 2b       	or	r24, r25
    3386:	b1 f7       	brne	.-20     	; 0x3374 <main+0x10a8>
/home/oggy/Documents/arduinoprojects/padright_v1.5.2/padright_v1.5.2.ino:474
              delay(300);
    3388:	6c e2       	ldi	r22, 0x2C	; 44
    338a:	71 e0       	ldi	r23, 0x01	; 1
    338c:	80 e0       	ldi	r24, 0x00	; 0
    338e:	90 e0       	ldi	r25, 0x00	; 0
    3390:	0e 94 85 01 	call	0x30a	; 0x30a <delay>
/home/oggy/Documents/arduinoprojects/padright_v1.5.2/padright_v1.5.2.ino:475
              CASH_LIMIT = CASH_LIMIT + 5;
    3394:	80 91 17 01 	lds	r24, 0x0117	; 0x800117 <CASH_LIMIT>
    3398:	90 91 18 01 	lds	r25, 0x0118	; 0x800118 <CASH_LIMIT+0x1>
    339c:	05 96       	adiw	r24, 0x05	; 5
/home/oggy/Documents/arduinoprojects/padright_v1.5.2/padright_v1.5.2.ino:476
              if (CASH_LIMIT > MAX_CASH_LIMIT)
    339e:	8b 3f       	cpi	r24, 0xFB	; 251
    33a0:	91 05       	cpc	r25, r1
    33a2:	3c f4       	brge	.+14     	; 0x33b2 <main+0x10e6>
/home/oggy/Documents/arduinoprojects/padright_v1.5.2/padright_v1.5.2.ino:475
          cashLimit();
          while (digitalRead(okButton)) {
            // delay(300);
            if (!digitalRead(selectButton)) {
              delay(300);
              CASH_LIMIT = CASH_LIMIT + 5;
    33a4:	90 93 18 01 	sts	0x0118, r25	; 0x800118 <CASH_LIMIT+0x1>
    33a8:	80 93 17 01 	sts	0x0117, r24	; 0x800117 <CASH_LIMIT>
/home/oggy/Documents/arduinoprojects/padright_v1.5.2/padright_v1.5.2.ino:478
              if (CASH_LIMIT > MAX_CASH_LIMIT)
                CASH_LIMIT = 5;
              cashLimit();
    33ac:	0e 94 57 0b 	call	0x16ae	; 0x16ae <cashLimit()>
    33b0:	e1 cf       	rjmp	.-62     	; 0x3374 <main+0x10a8>
/home/oggy/Documents/arduinoprojects/padright_v1.5.2/padright_v1.5.2.ino:477
            // delay(300);
            if (!digitalRead(selectButton)) {
              delay(300);
              CASH_LIMIT = CASH_LIMIT + 5;
              if (CASH_LIMIT > MAX_CASH_LIMIT)
                CASH_LIMIT = 5;
    33b2:	10 93 18 01 	sts	0x0118, r17	; 0x800118 <CASH_LIMIT+0x1>
    33b6:	00 93 17 01 	sts	0x0117, r16	; 0x800117 <CASH_LIMIT>
    33ba:	f8 cf       	rjmp	.-16     	; 0x33ac <main+0x10e0>
/home/oggy/Documents/arduinoprojects/padright_v1.5.2/padright_v1.5.2.ino:481
              cashLimit();
            }
          }
          while (!digitalRead(okButton))
    33bc:	8f e0       	ldi	r24, 0x0F	; 15
    33be:	0e 94 c2 00 	call	0x184	; 0x184 <digitalRead>
    33c2:	89 2b       	or	r24, r25
    33c4:	d9 f3       	breq	.-10     	; 0x33bc <main+0x10f0>
    33c6:	d5 cd       	rjmp	.-1110   	; 0x2f72 <main+0xca6>
/home/oggy/Documents/arduinoprojects/padright_v1.5.2/padright_v1.5.2.ino:485
            ;
          break;
        case 'w':
          cashWait();
    33c8:	0e 94 6f 0b 	call	0x16de	; 0x16de <cashWait()>
/home/oggy/Documents/arduinoprojects/padright_v1.5.2/padright_v1.5.2.ino:492
            // delay(300);
            if (!digitalRead(selectButton)) {
              delay(300);
              cashWaitTime = cashWaitTime + 1000;
              if (cashWaitTime > MAX_CASH_WAIT_TIME)
                cashWaitTime = 1000;
    33cc:	08 ee       	ldi	r16, 0xE8	; 232
    33ce:	13 e0       	ldi	r17, 0x03	; 3
/home/oggy/Documents/arduinoprojects/padright_v1.5.2/padright_v1.5.2.ino:486
          while (!digitalRead(okButton))
            ;
          break;
        case 'w':
          cashWait();
          while (digitalRead(okButton)) {
    33d0:	8f e0       	ldi	r24, 0x0F	; 15
    33d2:	0e 94 c2 00 	call	0x184	; 0x184 <digitalRead>
    33d6:	89 2b       	or	r24, r25
    33d8:	09 f1       	breq	.+66     	; 0x341c <main+0x1150>
/home/oggy/Documents/arduinoprojects/padright_v1.5.2/padright_v1.5.2.ino:488
            // delay(300);
            if (!digitalRead(selectButton)) {
    33da:	8e e0       	ldi	r24, 0x0E	; 14
    33dc:	0e 94 c2 00 	call	0x184	; 0x184 <digitalRead>
    33e0:	89 2b       	or	r24, r25
    33e2:	b1 f7       	brne	.-20     	; 0x33d0 <main+0x1104>
/home/oggy/Documents/arduinoprojects/padright_v1.5.2/padright_v1.5.2.ino:489
              delay(300);
    33e4:	6c e2       	ldi	r22, 0x2C	; 44
    33e6:	71 e0       	ldi	r23, 0x01	; 1
    33e8:	80 e0       	ldi	r24, 0x00	; 0
    33ea:	90 e0       	ldi	r25, 0x00	; 0
    33ec:	0e 94 85 01 	call	0x30a	; 0x30a <delay>
/home/oggy/Documents/arduinoprojects/padright_v1.5.2/padright_v1.5.2.ino:490
              cashWaitTime = cashWaitTime + 1000;
    33f0:	80 91 19 01 	lds	r24, 0x0119	; 0x800119 <cashWaitTime>
    33f4:	90 91 1a 01 	lds	r25, 0x011A	; 0x80011a <cashWaitTime+0x1>
    33f8:	88 51       	subi	r24, 0x18	; 24
    33fa:	9c 4f       	sbci	r25, 0xFC	; 252
/home/oggy/Documents/arduinoprojects/padright_v1.5.2/padright_v1.5.2.ino:491
              if (cashWaitTime > MAX_CASH_WAIT_TIME)
    33fc:	81 32       	cpi	r24, 0x21	; 33
    33fe:	ee e4       	ldi	r30, 0x4E	; 78
    3400:	9e 07       	cpc	r25, r30
    3402:	3c f4       	brge	.+14     	; 0x3412 <main+0x1146>
/home/oggy/Documents/arduinoprojects/padright_v1.5.2/padright_v1.5.2.ino:490
          cashWait();
          while (digitalRead(okButton)) {
            // delay(300);
            if (!digitalRead(selectButton)) {
              delay(300);
              cashWaitTime = cashWaitTime + 1000;
    3404:	90 93 1a 01 	sts	0x011A, r25	; 0x80011a <cashWaitTime+0x1>
    3408:	80 93 19 01 	sts	0x0119, r24	; 0x800119 <cashWaitTime>
/home/oggy/Documents/arduinoprojects/padright_v1.5.2/padright_v1.5.2.ino:493
              if (cashWaitTime > MAX_CASH_WAIT_TIME)
                cashWaitTime = 1000;
              cashWait();
    340c:	0e 94 6f 0b 	call	0x16de	; 0x16de <cashWait()>
    3410:	df cf       	rjmp	.-66     	; 0x33d0 <main+0x1104>
/home/oggy/Documents/arduinoprojects/padright_v1.5.2/padright_v1.5.2.ino:492
            // delay(300);
            if (!digitalRead(selectButton)) {
              delay(300);
              cashWaitTime = cashWaitTime + 1000;
              if (cashWaitTime > MAX_CASH_WAIT_TIME)
                cashWaitTime = 1000;
    3412:	10 93 1a 01 	sts	0x011A, r17	; 0x80011a <cashWaitTime+0x1>
    3416:	00 93 19 01 	sts	0x0119, r16	; 0x800119 <cashWaitTime>
    341a:	f8 cf       	rjmp	.-16     	; 0x340c <main+0x1140>
/home/oggy/Documents/arduinoprojects/padright_v1.5.2/padright_v1.5.2.ino:496
              cashWait();
            }
          }
          while (!digitalRead(okButton))
    341c:	8f e0       	ldi	r24, 0x0F	; 15
    341e:	0e 94 c2 00 	call	0x184	; 0x184 <digitalRead>
    3422:	89 2b       	or	r24, r25
    3424:	d9 f3       	breq	.-10     	; 0x341c <main+0x1150>
    3426:	a5 cd       	rjmp	.-1206   	; 0x2f72 <main+0xca6>
/home/oggy/Documents/arduinoprojects/padright_v1.5.2/padright_v1.5.2.ino:500
            ;
          break;
        case 'p': {
          pulseLimit();
    3428:	0e 94 1a 0b 	call	0x1634	; 0x1634 <pulseLimit()>
/home/oggy/Documents/arduinoprojects/padright_v1.5.2/padright_v1.5.2.ino:504
          byte length = sizeof(availablePulses) / sizeof(availablePulses[0]);
          int8_t currentIndex = -1;
          for (int i = 0; i < length; i++) {
            if (availablePulses[i] == pulseForFiveRupeeNote) {
    342c:	80 91 1b 01 	lds	r24, 0x011B	; 0x80011b <pulseForFiveRupeeNote>
    3430:	90 91 1c 01 	lds	r25, 0x011C	; 0x80011c <pulseForFiveRupeeNote+0x1>
    3434:	81 30       	cpi	r24, 0x01	; 1
    3436:	91 05       	cpc	r25, r1
    3438:	79 f0       	breq	.+30     	; 0x3458 <main+0x118c>
/home/oggy/Documents/arduinoprojects/padright_v1.5.2/padright_v1.5.2.ino:503
          break;
        case 'p': {
          pulseLimit();
          byte length = sizeof(availablePulses) / sizeof(availablePulses[0]);
          int8_t currentIndex = -1;
          for (int i = 0; i < length; i++) {
    343a:	01 e0       	ldi	r16, 0x01	; 1
    343c:	10 e0       	ldi	r17, 0x00	; 0
/home/oggy/Documents/arduinoprojects/padright_v1.5.2/padright_v1.5.2.ino:504
            if (availablePulses[i] == pulseForFiveRupeeNote) {
    343e:	82 30       	cpi	r24, 0x02	; 2
    3440:	91 05       	cpc	r25, r1
    3442:	51 f0       	breq	.+20     	; 0x3458 <main+0x118c>
/home/oggy/Documents/arduinoprojects/padright_v1.5.2/padright_v1.5.2.ino:503
          break;
        case 'p': {
          pulseLimit();
          byte length = sizeof(availablePulses) / sizeof(availablePulses[0]);
          int8_t currentIndex = -1;
          for (int i = 0; i < length; i++) {
    3444:	02 e0       	ldi	r16, 0x02	; 2
    3446:	10 e0       	ldi	r17, 0x00	; 0
/home/oggy/Documents/arduinoprojects/padright_v1.5.2/padright_v1.5.2.ino:504
            if (availablePulses[i] == pulseForFiveRupeeNote) {
    3448:	85 30       	cpi	r24, 0x05	; 5
    344a:	91 05       	cpc	r25, r1
    344c:	29 f0       	breq	.+10     	; 0x3458 <main+0x118c>
/home/oggy/Documents/arduinoprojects/padright_v1.5.2/padright_v1.5.2.ino:503
          break;
        case 'p': {
          pulseLimit();
          byte length = sizeof(availablePulses) / sizeof(availablePulses[0]);
          int8_t currentIndex = -1;
          for (int i = 0; i < length; i++) {
    344e:	03 e0       	ldi	r16, 0x03	; 3
    3450:	10 e0       	ldi	r17, 0x00	; 0
/home/oggy/Documents/arduinoprojects/padright_v1.5.2/padright_v1.5.2.ino:504
            if (availablePulses[i] == pulseForFiveRupeeNote) {
    3452:	0a 97       	sbiw	r24, 0x0a	; 10
    3454:	09 f0       	breq	.+2      	; 0x3458 <main+0x118c>
main():
/home/oggy/Documents/arduinoprojects/padright_v1.5.2/padright_v1.5.2.ino:502
            ;
          break;
        case 'p': {
          pulseLimit();
          byte length = sizeof(availablePulses) / sizeof(availablePulses[0]);
          int8_t currentIndex = -1;
    3456:	0f ef       	ldi	r16, 0xFF	; 255
menuManagement():
/home/oggy/Documents/arduinoprojects/padright_v1.5.2/padright_v1.5.2.ino:509
            if (availablePulses[i] == pulseForFiveRupeeNote) {
              currentIndex = i;
              break;  // Stop after finding the first match
            }
          }
          while (digitalRead(okButton)) {
    3458:	8f e0       	ldi	r24, 0x0F	; 15
    345a:	0e 94 c2 00 	call	0x184	; 0x184 <digitalRead>
    345e:	89 2b       	or	r24, r25
    3460:	19 f1       	breq	.+70     	; 0x34a8 <main+0x11dc>
/home/oggy/Documents/arduinoprojects/padright_v1.5.2/padright_v1.5.2.ino:511
            // delay(300);
            if (!digitalRead(selectButton)) {
    3462:	8e e0       	ldi	r24, 0x0E	; 14
    3464:	0e 94 c2 00 	call	0x184	; 0x184 <digitalRead>
    3468:	89 2b       	or	r24, r25
    346a:	b1 f7       	brne	.-20     	; 0x3458 <main+0x118c>
/home/oggy/Documents/arduinoprojects/padright_v1.5.2/padright_v1.5.2.ino:512
              delay(300);
    346c:	6c e2       	ldi	r22, 0x2C	; 44
    346e:	71 e0       	ldi	r23, 0x01	; 1
    3470:	80 e0       	ldi	r24, 0x00	; 0
    3472:	90 e0       	ldi	r25, 0x00	; 0
    3474:	0e 94 85 01 	call	0x30a	; 0x30a <delay>
/home/oggy/Documents/arduinoprojects/padright_v1.5.2/padright_v1.5.2.ino:513
              while (!digitalRead(selectButton))
    3478:	8e e0       	ldi	r24, 0x0E	; 14
    347a:	0e 94 c2 00 	call	0x184	; 0x184 <digitalRead>
    347e:	89 2b       	or	r24, r25
    3480:	d9 f3       	breq	.-10     	; 0x3478 <main+0x11ac>
/home/oggy/Documents/arduinoprojects/padright_v1.5.2/padright_v1.5.2.ino:515
                ;
              currentIndex++;
    3482:	0f 5f       	subi	r16, 0xFF	; 255
/home/oggy/Documents/arduinoprojects/padright_v1.5.2/padright_v1.5.2.ino:516
              if (currentIndex >= length)
    3484:	04 30       	cpi	r16, 0x04	; 4
    3486:	09 f4       	brne	.+2      	; 0x348a <main+0x11be>
    3488:	00 e0       	ldi	r16, 0x00	; 0
/home/oggy/Documents/arduinoprojects/padright_v1.5.2/padright_v1.5.2.ino:518
                currentIndex = 0;
              pulseForFiveRupeeNote = availablePulses[currentIndex];
    348a:	e0 2f       	mov	r30, r16
    348c:	00 2e       	mov	r0, r16
    348e:	00 0c       	add	r0, r0
    3490:	ff 0b       	sbc	r31, r31
    3492:	e7 5d       	subi	r30, 0xD7	; 215
    3494:	fe 4f       	sbci	r31, 0xFE	; 254
    3496:	80 81       	ld	r24, Z
    3498:	90 e0       	ldi	r25, 0x00	; 0
    349a:	90 93 1c 01 	sts	0x011C, r25	; 0x80011c <pulseForFiveRupeeNote+0x1>
    349e:	80 93 1b 01 	sts	0x011B, r24	; 0x80011b <pulseForFiveRupeeNote>
/home/oggy/Documents/arduinoprojects/padright_v1.5.2/padright_v1.5.2.ino:519
              pulseLimit();
    34a2:	0e 94 1a 0b 	call	0x1634	; 0x1634 <pulseLimit()>
    34a6:	d8 cf       	rjmp	.-80     	; 0x3458 <main+0x118c>
/home/oggy/Documents/arduinoprojects/padright_v1.5.2/padright_v1.5.2.ino:522
            }
          }
          while (!digitalRead(okButton))
    34a8:	8f e0       	ldi	r24, 0x0F	; 15
    34aa:	0e 94 c2 00 	call	0x184	; 0x184 <digitalRead>
    34ae:	89 2b       	or	r24, r25
    34b0:	d9 f3       	breq	.-10     	; 0x34a8 <main+0x11dc>
    34b2:	5f cd       	rjmp	.-1346   	; 0x2f72 <main+0xca6>
/home/oggy/Documents/arduinoprojects/padright_v1.5.2/padright_v1.5.2.ino:533
          while (digitalRead(okButton)) {
            if (!digitalRead(selectButton)) {
              delay(300);
              CASH_PER_PAD = CASH_PER_PAD + 5;
              if (CASH_PER_PAD > MAX_CASH_PER_PAD)
                CASH_PER_PAD = 5;
    34b4:	10 93 16 01 	sts	0x0116, r17	; 0x800116 <CASH_PER_PAD+0x1>
    34b8:	00 93 15 01 	sts	0x0115, r16	; 0x800115 <CASH_PER_PAD>
    34bc:	61 ce       	rjmp	.-830    	; 0x3180 <main+0xeb4>
/home/oggy/Documents/arduinoprojects/padright_v1.5.2/padright_v1.5.2.ino:537
              cashPerPad();
            }
          }
          while (!digitalRead(okButton))
    34be:	8f e0       	ldi	r24, 0x0F	; 15
    34c0:	0e 94 c2 00 	call	0x184	; 0x184 <digitalRead>
    34c4:	89 2b       	or	r24, r25
    34c6:	d9 f3       	breq	.-10     	; 0x34be <main+0x11f2>
    34c8:	54 cd       	rjmp	.-1368   	; 0x2f72 <main+0xca6>
manageRFID():
/home/oggy/Documents/arduinoprojects/padright_v1.5.2/rfid.ino:31
          lcd.clear();
          lcd.setCursor(0, 0);
          lcd.print("Success..");
          success(500);
        }
        else if (readByte[0] == RECHCARD)
    34ca:	82 35       	cpi	r24, 0x52	; 82
    34cc:	09 f0       	breq	.+2      	; 0x34d0 <main+0x1204>
    34ce:	94 c0       	rjmp	.+296    	; 0x35f8 <main+0x132c>
/home/oggy/Documents/arduinoprojects/padright_v1.5.2/rfid.ino:33
        {
          Serial.println("Card Detected as RECHCARD");
    34d0:	86 ed       	ldi	r24, 0xD6	; 214
    34d2:	93 e0       	ldi	r25, 0x03	; 3
    34d4:	0e 94 1e 0d 	call	0x1a3c	; 0x1a3c <Print::println(char const*) [clone .constprop.24]>
/home/oggy/Documents/arduinoprojects/padright_v1.5.2/rfid.ino:34
          lcd.clear();
    34d8:	0e 94 83 03 	call	0x706	; 0x706 <LiquidCrystal::clear() [clone .constprop.51]>
/home/oggy/Documents/arduinoprojects/padright_v1.5.2/rfid.ino:35
          lcd.setCursor(0, 0);
    34dc:	60 e0       	ldi	r22, 0x00	; 0
    34de:	80 e0       	ldi	r24, 0x00	; 0
    34e0:	0e 94 2c 04 	call	0x858	; 0x858 <LiquidCrystal::setCursor(unsigned char, unsigned char) [clone .constprop.28]>
/home/oggy/Documents/arduinoprojects/padright_v1.5.2/rfid.ino:36
          lcd.print("Batch Write");
    34e4:	81 e6       	ldi	r24, 0x61	; 97
    34e6:	92 e0       	ldi	r25, 0x02	; 2
    34e8:	0e 94 c3 0a 	call	0x1586	; 0x1586 <Print::print(char const*) [clone .constprop.45]>
/home/oggy/Documents/arduinoprojects/padright_v1.5.2/rfid.ino:37
          lcd.setCursor(0, 1);
    34ec:	61 e0       	ldi	r22, 0x01	; 1
    34ee:	80 e0       	ldi	r24, 0x00	; 0
    34f0:	0e 94 2c 04 	call	0x858	; 0x858 <LiquidCrystal::setCursor(unsigned char, unsigned char) [clone .constprop.28]>
/home/oggy/Documents/arduinoprojects/padright_v1.5.2/rfid.ino:38
          lcd.print("Mode Via CARD");
    34f4:	80 ef       	ldi	r24, 0xF0	; 240
    34f6:	93 e0       	ldi	r25, 0x03	; 3
    34f8:	0e 94 c3 0a 	call	0x1586	; 0x1586 <Print::print(char const*) [clone .constprop.45]>
/home/oggy/Documents/arduinoprojects/padright_v1.5.2/rfid.ino:39
          delay(2000);
    34fc:	60 ed       	ldi	r22, 0xD0	; 208
    34fe:	77 e0       	ldi	r23, 0x07	; 7
    3500:	80 e0       	ldi	r24, 0x00	; 0
    3502:	90 e0       	ldi	r25, 0x00	; 0
    3504:	0e 94 85 01 	call	0x30a	; 0x30a <delay>
/home/oggy/Documents/arduinoprojects/padright_v1.5.2/rfid.ino:40
          lcd.clear();
    3508:	0e 94 83 03 	call	0x706	; 0x706 <LiquidCrystal::clear() [clone .constprop.51]>
/home/oggy/Documents/arduinoprojects/padright_v1.5.2/rfid.ino:41
          lcd.setCursor(0, 0);
    350c:	60 e0       	ldi	r22, 0x00	; 0
    350e:	80 e0       	ldi	r24, 0x00	; 0
    3510:	0e 94 2c 04 	call	0x858	; 0x858 <LiquidCrystal::setCursor(unsigned char, unsigned char) [clone .constprop.28]>
/home/oggy/Documents/arduinoprojects/padright_v1.5.2/rfid.ino:42
          lcd.print("Scan Card!");
    3514:	8c e4       	ldi	r24, 0x4C	; 76
    3516:	93 e0       	ldi	r25, 0x03	; 3
    3518:	0e 94 c3 0a 	call	0x1586	; 0x1586 <Print::print(char const*) [clone .constprop.45]>
/home/oggy/Documents/arduinoprojects/padright_v1.5.2/rfid.ino:43
          halt();
    351c:	0e 94 87 08 	call	0x110e	; 0x110e <halt()>
/home/oggy/Documents/arduinoprojects/padright_v1.5.2/rfid.ino:44
          rechCardDetected = true;
    3520:	81 e0       	ldi	r24, 0x01	; 1
    3522:	80 93 22 06 	sts	0x0622, r24	; 0x800622 <rechCardDetected>
/home/oggy/Documents/arduinoprojects/padright_v1.5.2/rfid.ino:45
          while (rechCardDetected)
    3526:	80 91 22 06 	lds	r24, 0x0622	; 0x800622 <rechCardDetected>
    352a:	88 23       	and	r24, r24
    352c:	09 f4       	brne	.+2      	; 0x3530 <main+0x1264>
    352e:	d7 cb       	rjmp	.-2130   	; 0x2cde <main+0xa12>
/home/oggy/Documents/arduinoprojects/padright_v1.5.2/rfid.ino:48
          {
            // Serial.println("inside ");
            if (mfrc522.PICC_IsNewCardPresent())
    3530:	8f e2       	ldi	r24, 0x2F	; 47
    3532:	97 e0       	ldi	r25, 0x07	; 7
    3534:	0e 94 a2 06 	call	0xd44	; 0xd44 <MFRC522::PICC_IsNewCardPresent()>
    3538:	88 23       	and	r24, r24
    353a:	a9 f3       	breq	.-22     	; 0x3526 <main+0x125a>
/home/oggy/Documents/arduinoprojects/padright_v1.5.2/rfid.ino:50
            {
              if (mfrc522.PICC_ReadCardSerial())
    353c:	8f e2       	ldi	r24, 0x2F	; 47
    353e:	97 e0       	ldi	r25, 0x07	; 7
    3540:	0e 94 45 04 	call	0x88a	; 0x88a <MFRC522::PICC_ReadCardSerial()>
    3544:	88 23       	and	r24, r24
    3546:	29 f1       	breq	.+74     	; 0x3592 <main+0x12c6>
/home/oggy/Documents/arduinoprojects/padright_v1.5.2/rfid.ino:53
              {
                // writeByte[0] = 107;
                if (readCard())
    3548:	0e 94 cd 08 	call	0x119a	; 0x119a <readCard()>
    354c:	88 23       	and	r24, r24
    354e:	09 f1       	breq	.+66     	; 0x3592 <main+0x12c6>
/home/oggy/Documents/arduinoprojects/padright_v1.5.2/rfid.ino:55
                {
                  if (readByte[0] == FILLCARD || readByte[0] == RECHCARD || readByte[0] == PADCARD)
    3550:	80 91 23 06 	lds	r24, 0x0623	; 0x800623 <readByte>
    3554:	86 34       	cpi	r24, 0x46	; 70
    3556:	19 f0       	breq	.+6      	; 0x355e <main+0x1292>
    3558:	8d 7f       	andi	r24, 0xFD	; 253
    355a:	80 35       	cpi	r24, 0x50	; 80
    355c:	c1 f5       	brne	.+112    	; 0x35ce <main+0x1302>
/home/oggy/Documents/arduinoprojects/padright_v1.5.2/rfid.ino:57
                  {
                    Serial.println("This is Menu card");
    355e:	8e ef       	ldi	r24, 0xFE	; 254
    3560:	93 e0       	ldi	r25, 0x03	; 3
    3562:	0e 94 1e 0d 	call	0x1a3c	; 0x1a3c <Print::println(char const*) [clone .constprop.24]>
/home/oggy/Documents/arduinoprojects/padright_v1.5.2/rfid.ino:58
                    if (readByte[0] == RECHCARD)
    3566:	80 91 23 06 	lds	r24, 0x0623	; 0x800623 <readByte>
    356a:	82 35       	cpi	r24, 0x52	; 82
    356c:	f9 f4       	brne	.+62     	; 0x35ac <main+0x12e0>
/home/oggy/Documents/arduinoprojects/padright_v1.5.2/rfid.ino:60
                    {
                      rechCardDetected = false;
    356e:	10 92 22 06 	sts	0x0622, r1	; 0x800622 <rechCardDetected>
/home/oggy/Documents/arduinoprojects/padright_v1.5.2/rfid.ino:61
                      lcd.clear();
    3572:	0e 94 83 03 	call	0x706	; 0x706 <LiquidCrystal::clear() [clone .constprop.51]>
/home/oggy/Documents/arduinoprojects/padright_v1.5.2/rfid.ino:62
                      lcd.setCursor(0, 0);
    3576:	60 e0       	ldi	r22, 0x00	; 0
    3578:	80 e0       	ldi	r24, 0x00	; 0
    357a:	0e 94 2c 04 	call	0x858	; 0x858 <LiquidCrystal::setCursor(unsigned char, unsigned char) [clone .constprop.28]>
/home/oggy/Documents/arduinoprojects/padright_v1.5.2/rfid.ino:63
                      lcd.print("Exiting..");
    357e:	80 e1       	ldi	r24, 0x10	; 16
    3580:	94 e0       	ldi	r25, 0x04	; 4
/home/oggy/Documents/arduinoprojects/padright_v1.5.2/rfid.ino:72
                    {
                      lcd.clear();
                      lcd.setCursor(0, 0);
                      lcd.print("Use RECH CARD");
                      lcd.setCursor(0, 1);
                      lcd.print("to exit..");
    3582:	0e 94 c3 0a 	call	0x1586	; 0x1586 <Print::print(char const*) [clone .constprop.45]>
/home/oggy/Documents/arduinoprojects/padright_v1.5.2/rfid.ino:73
                      delay(1000);
    3586:	68 ee       	ldi	r22, 0xE8	; 232
    3588:	73 e0       	ldi	r23, 0x03	; 3
    358a:	80 e0       	ldi	r24, 0x00	; 0
    358c:	90 e0       	ldi	r25, 0x00	; 0
    358e:	0e 94 85 01 	call	0x30a	; 0x30a <delay>
/home/oggy/Documents/arduinoprojects/padright_v1.5.2/rfid.ino:88
                      success(500);
                    }
                  }
                }
              }
              lcd.clear();
    3592:	0e 94 83 03 	call	0x706	; 0x706 <LiquidCrystal::clear() [clone .constprop.51]>
/home/oggy/Documents/arduinoprojects/padright_v1.5.2/rfid.ino:89
              lcd.setCursor(0, 0);
    3596:	60 e0       	ldi	r22, 0x00	; 0
    3598:	80 e0       	ldi	r24, 0x00	; 0
    359a:	0e 94 2c 04 	call	0x858	; 0x858 <LiquidCrystal::setCursor(unsigned char, unsigned char) [clone .constprop.28]>
/home/oggy/Documents/arduinoprojects/padright_v1.5.2/rfid.ino:90
              lcd.print("Scan Card!");
    359e:	8c e4       	ldi	r24, 0x4C	; 76
    35a0:	93 e0       	ldi	r25, 0x03	; 3
    35a2:	0e 94 c3 0a 	call	0x1586	; 0x1586 <Print::print(char const*) [clone .constprop.45]>
/home/oggy/Documents/arduinoprojects/padright_v1.5.2/rfid.ino:91
              halt();
    35a6:	0e 94 87 08 	call	0x110e	; 0x110e <halt()>
    35aa:	bd cf       	rjmp	.-134    	; 0x3526 <main+0x125a>
/home/oggy/Documents/arduinoprojects/padright_v1.5.2/rfid.ino:68
                      lcd.print("Exiting..");
                      delay(1000);
                    }
                    else
                    {
                      lcd.clear();
    35ac:	0e 94 83 03 	call	0x706	; 0x706 <LiquidCrystal::clear() [clone .constprop.51]>
/home/oggy/Documents/arduinoprojects/padright_v1.5.2/rfid.ino:69
                      lcd.setCursor(0, 0);
    35b0:	60 e0       	ldi	r22, 0x00	; 0
    35b2:	80 e0       	ldi	r24, 0x00	; 0
    35b4:	0e 94 2c 04 	call	0x858	; 0x858 <LiquidCrystal::setCursor(unsigned char, unsigned char) [clone .constprop.28]>
/home/oggy/Documents/arduinoprojects/padright_v1.5.2/rfid.ino:70
                      lcd.print("Use RECH CARD");
    35b8:	8a e1       	ldi	r24, 0x1A	; 26
    35ba:	94 e0       	ldi	r25, 0x04	; 4
    35bc:	0e 94 c3 0a 	call	0x1586	; 0x1586 <Print::print(char const*) [clone .constprop.45]>
/home/oggy/Documents/arduinoprojects/padright_v1.5.2/rfid.ino:71
                      lcd.setCursor(0, 1);
    35c0:	61 e0       	ldi	r22, 0x01	; 1
    35c2:	80 e0       	ldi	r24, 0x00	; 0
    35c4:	0e 94 2c 04 	call	0x858	; 0x858 <LiquidCrystal::setCursor(unsigned char, unsigned char) [clone .constprop.28]>
/home/oggy/Documents/arduinoprojects/padright_v1.5.2/rfid.ino:72
                      lcd.print("to exit..");
    35c8:	88 e2       	ldi	r24, 0x28	; 40
    35ca:	94 e0       	ldi	r25, 0x04	; 4
    35cc:	da cf       	rjmp	.-76     	; 0x3582 <main+0x12b6>
/home/oggy/Documents/arduinoprojects/padright_v1.5.2/rfid.ino:78
                      delay(1000);
                    }
                  }
                  else
                  {
                    writeByte[15] = padAmount;
    35ce:	80 91 0c 01 	lds	r24, 0x010C	; 0x80010c <padAmount>
    35d2:	80 93 5b 06 	sts	0x065B, r24	; 0x80065b <writeByte+0xf>
/home/oggy/Documents/arduinoprojects/padright_v1.5.2/rfid.ino:79
                    if (writeCard(writeByte))
    35d6:	0e 94 16 0a 	call	0x142c	; 0x142c <writeCard(unsigned char*) [clone .constprop.13]>
    35da:	88 23       	and	r24, r24
    35dc:	d1 f2       	breq	.-76     	; 0x3592 <main+0x12c6>
/home/oggy/Documents/arduinoprojects/padright_v1.5.2/rfid.ino:81
                    {
                      lcd.setCursor(0, 1);
    35de:	61 e0       	ldi	r22, 0x01	; 1
    35e0:	80 e0       	ldi	r24, 0x00	; 0
    35e2:	0e 94 2c 04 	call	0x858	; 0x858 <LiquidCrystal::setCursor(unsigned char, unsigned char) [clone .constprop.28]>
/home/oggy/Documents/arduinoprojects/padright_v1.5.2/rfid.ino:82
                      lcd.print("Done");
    35e6:	88 e6       	ldi	r24, 0x68	; 104
    35e8:	93 e0       	ldi	r25, 0x03	; 3
    35ea:	0e 94 c3 0a 	call	0x1586	; 0x1586 <Print::print(char const*) [clone .constprop.45]>
/home/oggy/Documents/arduinoprojects/padright_v1.5.2/rfid.ino:83
                      success(500);
    35ee:	84 ef       	ldi	r24, 0xF4	; 244
    35f0:	91 e0       	ldi	r25, 0x01	; 1
    35f2:	0e 94 7c 09 	call	0x12f8	; 0x12f8 <success(int)>
    35f6:	cd cf       	rjmp	.-102    	; 0x3592 <main+0x12c6>
/home/oggy/Documents/arduinoprojects/padright_v1.5.2/rfid.ino:95
              lcd.print("Scan Card!");
              halt();
            }
          }
        }
        else if (readByte[0] == PADCARD)
    35f8:	80 35       	cpi	r24, 0x50	; 80
    35fa:	09 f0       	breq	.+2      	; 0x35fe <main+0x1332>
    35fc:	41 c0       	rjmp	.+130    	; 0x3680 <main+0x13b4>
/home/oggy/Documents/arduinoprojects/padright_v1.5.2/rfid.ino:97
        {
          Serial.println("Card Detected as PADCARD");
    35fe:	82 e3       	ldi	r24, 0x32	; 50
    3600:	94 e0       	ldi	r25, 0x04	; 4
    3602:	0e 94 1e 0d 	call	0x1a3c	; 0x1a3c <Print::println(char const*) [clone .constprop.24]>
/home/oggy/Documents/arduinoprojects/padright_v1.5.2/rfid.ino:98
          padAmount = int(readByte[15]);
    3606:	80 91 32 06 	lds	r24, 0x0632	; 0x800632 <readByte+0xf>
    360a:	90 e0       	ldi	r25, 0x00	; 0
    360c:	90 93 0d 01 	sts	0x010D, r25	; 0x80010d <padAmount+0x1>
    3610:	80 93 0c 01 	sts	0x010C, r24	; 0x80010c <padAmount>
/home/oggy/Documents/arduinoprojects/padright_v1.5.2/rfid.ino:99
          writeToEPPROM('b');
    3614:	82 e6       	ldi	r24, 0x62	; 98
    3616:	0e 94 b6 0f 	call	0x1f6c	; 0x1f6c <writeToEPPROM(char)>
/home/oggy/Documents/arduinoprojects/padright_v1.5.2/rfid.ino:100
          lcd.clear();
    361a:	0e 94 83 03 	call	0x706	; 0x706 <LiquidCrystal::clear() [clone .constprop.51]>
/home/oggy/Documents/arduinoprojects/padright_v1.5.2/rfid.ino:101
          lcd.setCursor(0, 0);
    361e:	60 e0       	ldi	r22, 0x00	; 0
    3620:	80 e0       	ldi	r24, 0x00	; 0
    3622:	0e 94 2c 04 	call	0x858	; 0x858 <LiquidCrystal::setCursor(unsigned char, unsigned char) [clone .constprop.28]>
/home/oggy/Documents/arduinoprojects/padright_v1.5.2/rfid.ino:102
          lcd.print("Set Pad Amount");
    3626:	8b e4       	ldi	r24, 0x4B	; 75
    3628:	94 e0       	ldi	r25, 0x04	; 4
    362a:	0e 94 c3 0a 	call	0x1586	; 0x1586 <Print::print(char const*) [clone .constprop.45]>
/home/oggy/Documents/arduinoprojects/padright_v1.5.2/rfid.ino:103
          lcd.setCursor(0, 1);
    362e:	61 e0       	ldi	r22, 0x01	; 1
    3630:	80 e0       	ldi	r24, 0x00	; 0
    3632:	0e 94 2c 04 	call	0x858	; 0x858 <LiquidCrystal::setCursor(unsigned char, unsigned char) [clone .constprop.28]>
/home/oggy/Documents/arduinoprojects/padright_v1.5.2/rfid.ino:104
          lcd.print("via CARD");
    3636:	8a e5       	ldi	r24, 0x5A	; 90
    3638:	94 e0       	ldi	r25, 0x04	; 4
    363a:	0e 94 c3 0a 	call	0x1586	; 0x1586 <Print::print(char const*) [clone .constprop.45]>
/home/oggy/Documents/arduinoprojects/padright_v1.5.2/rfid.ino:105
          delay(1000);
    363e:	68 ee       	ldi	r22, 0xE8	; 232
    3640:	73 e0       	ldi	r23, 0x03	; 3
    3642:	80 e0       	ldi	r24, 0x00	; 0
    3644:	90 e0       	ldi	r25, 0x00	; 0
    3646:	0e 94 85 01 	call	0x30a	; 0x30a <delay>
/home/oggy/Documents/arduinoprojects/padright_v1.5.2/rfid.ino:106
          lcd.clear();
    364a:	0e 94 83 03 	call	0x706	; 0x706 <LiquidCrystal::clear() [clone .constprop.51]>
/home/oggy/Documents/arduinoprojects/padright_v1.5.2/rfid.ino:107
          lcd.setCursor(0, 0);
    364e:	60 e0       	ldi	r22, 0x00	; 0
    3650:	80 e0       	ldi	r24, 0x00	; 0
    3652:	0e 94 2c 04 	call	0x858	; 0x858 <LiquidCrystal::setCursor(unsigned char, unsigned char) [clone .constprop.28]>
/home/oggy/Documents/arduinoprojects/padright_v1.5.2/rfid.ino:108
          lcd.print("Pad Amount:");
    3656:	83 e6       	ldi	r24, 0x63	; 99
    3658:	94 e0       	ldi	r25, 0x04	; 4
    365a:	0e 94 c3 0a 	call	0x1586	; 0x1586 <Print::print(char const*) [clone .constprop.45]>
/home/oggy/Documents/arduinoprojects/padright_v1.5.2/rfid.ino:109
          lcd.setCursor(0, 1);
    365e:	61 e0       	ldi	r22, 0x01	; 1
    3660:	80 e0       	ldi	r24, 0x00	; 0
    3662:	0e 94 2c 04 	call	0x858	; 0x858 <LiquidCrystal::setCursor(unsigned char, unsigned char) [clone .constprop.28]>
/home/oggy/Documents/arduinoprojects/padright_v1.5.2/rfid.ino:110
          lcd.print(padAmount);
    3666:	80 91 0c 01 	lds	r24, 0x010C	; 0x80010c <padAmount>
    366a:	90 91 0d 01 	lds	r25, 0x010D	; 0x80010d <padAmount+0x1>
    366e:	0e 94 96 0a 	call	0x152c	; 0x152c <Print::print(int, int) [clone .constprop.29]>
/home/oggy/Documents/arduinoprojects/padright_v1.5.2/rfid.ino:111
          delay(1000);
    3672:	68 ee       	ldi	r22, 0xE8	; 232
    3674:	73 e0       	ldi	r23, 0x03	; 3
    3676:	80 e0       	ldi	r24, 0x00	; 0
    3678:	90 e0       	ldi	r25, 0x00	; 0
    367a:	0e 94 85 01 	call	0x30a	; 0x30a <delay>
    367e:	21 cb       	rjmp	.-2494   	; 0x2cc2 <main+0x9f6>
/home/oggy/Documents/arduinoprojects/padright_v1.5.2/rfid.ino:117
          lcd.clear();
          lcd.setCursor(0, 0);
          lcd.print("Success..");
          success(500);
        }
        else if (readByte[15] != 0) // && readByte[0] == 107) // verify the card and available quantity on card
    3680:	80 91 32 06 	lds	r24, 0x0632	; 0x800632 <readByte+0xf>
    3684:	88 23       	and	r24, r24
    3686:	09 f4       	brne	.+2      	; 0x368a <main+0x13be>
    3688:	0a c1       	rjmp	.+532    	; 0x389e <main+0x15d2>
    368a:	03 e2       	ldi	r16, 0x23	; 35
    368c:	16 e0       	ldi	r17, 0x06	; 6
    368e:	7c e4       	ldi	r23, 0x4C	; 76
    3690:	e7 2e       	mov	r14, r23
    3692:	76 e0       	ldi	r23, 0x06	; 6
    3694:	f7 2e       	mov	r15, r23
    3696:	e3 e3       	ldi	r30, 0x33	; 51
    3698:	ce 2e       	mov	r12, r30
    369a:	e6 e0       	ldi	r30, 0x06	; 6
    369c:	de 2e       	mov	r13, r30
dumpToWriteVar():
/home/oggy/Documents/arduinoprojects/padright_v1.5.2/rfid.ino:230
}
void dumpToWriteVar(byte *buffer, byte bufferSize)
{
  for (byte i = 0; i < bufferSize; i++)
  {
    Serial.print(buffer[i]);
    369e:	d8 01       	movw	r26, r16
    36a0:	4d 91       	ld	r20, X+
    36a2:	8d 01       	movw	r16, r26
print():
/home/oggy/.arduino15/packages/MiniCore/hardware/avr/3.1.2/cores/MCUdude_corefiles/Print.cpp:74
  return write(c);
}

size_t Print::print(unsigned char b, int base)
{
  return print((unsigned long) b, base);
    36a4:	50 e0       	ldi	r21, 0x00	; 0
    36a6:	70 e0       	ldi	r23, 0x00	; 0
    36a8:	60 e0       	ldi	r22, 0x00	; 0
/home/oggy/.arduino15/packages/MiniCore/hardware/avr/3.1.2/cores/MCUdude_corefiles/Print.cpp:106
}

size_t Print::print(unsigned long n, int base)
{
  if (base == 0) return write(n);
  else return printNumber(n, base);
    36aa:	2a e0       	ldi	r18, 0x0A	; 10
    36ac:	82 e6       	ldi	r24, 0x62	; 98
    36ae:	96 e0       	ldi	r25, 0x06	; 6
    36b0:	0e 94 4a 0a 	call	0x1494	; 0x1494 <Print::printNumber(unsigned long, unsigned char)>
dumpToWriteVar():
/home/oggy/Documents/arduinoprojects/padright_v1.5.2/rfid.ino:231
    writeByte[i] = buffer[i];
    36b4:	f8 01       	movw	r30, r16
    36b6:	31 97       	sbiw	r30, 0x01	; 1
    36b8:	80 81       	ld	r24, Z
    36ba:	f7 01       	movw	r30, r14
    36bc:	81 93       	st	Z+, r24
    36be:	7f 01       	movw	r14, r30
/home/oggy/Documents/arduinoprojects/padright_v1.5.2/rfid.ino:228
  }
  return true;
}
void dumpToWriteVar(byte *buffer, byte bufferSize)
{
  for (byte i = 0; i < bufferSize; i++)
    36c0:	c0 16       	cp	r12, r16
    36c2:	d1 06       	cpc	r13, r17
    36c4:	61 f7       	brne	.-40     	; 0x369e <main+0x13d2>
/home/oggy/Documents/arduinoprojects/padright_v1.5.2/rfid.ino:233
  {
    Serial.print(buffer[i]);
    writeByte[i] = buffer[i];
  }
  writeByte[15]--;
    36c6:	80 91 5b 06 	lds	r24, 0x065B	; 0x80065b <writeByte+0xf>
    36ca:	81 50       	subi	r24, 0x01	; 1
    36cc:	80 93 5b 06 	sts	0x065B, r24	; 0x80065b <writeByte+0xf>
manageRFID():
/home/oggy/Documents/arduinoprojects/padright_v1.5.2/rfid.ino:120
          success(500);
        }
        else if (readByte[15] != 0) // && readByte[0] == 107) // verify the card and available quantity on card
        {
          dumpToWriteVar(readByte, 16);
          if (!writeCard(writeByte))
    36d0:	0e 94 16 0a 	call	0x142c	; 0x142c <writeCard(unsigned char*) [clone .constprop.13]>
    36d4:	81 11       	cpse	r24, r1
    36d6:	11 c0       	rjmp	.+34     	; 0x36fa <main+0x142e>
/home/oggy/Documents/arduinoprojects/padright_v1.5.2/rfid.ino:122
          {
            lcd.clear();
    36d8:	0e 94 83 03 	call	0x706	; 0x706 <LiquidCrystal::clear() [clone .constprop.51]>
/home/oggy/Documents/arduinoprojects/padright_v1.5.2/rfid.ino:123
            lcd.setCursor(0, 0);
    36dc:	60 e0       	ldi	r22, 0x00	; 0
    36de:	80 e0       	ldi	r24, 0x00	; 0
    36e0:	0e 94 2c 04 	call	0x858	; 0x858 <LiquidCrystal::setCursor(unsigned char, unsigned char) [clone .constprop.28]>
/home/oggy/Documents/arduinoprojects/padright_v1.5.2/rfid.ino:124
            lcd.print("Write Failed");
    36e4:	8f e6       	ldi	r24, 0x6F	; 111
    36e6:	94 e0       	ldi	r25, 0x04	; 4
/home/oggy/Documents/arduinoprojects/padright_v1.5.2/rfid.ino:189
      }
      else
      {
        lcd.clear();
        lcd.setCursor(0, 0);
        lcd.print("Error Reading");
    36e8:	0e 94 c3 0a 	call	0x1586	; 0x1586 <Print::print(char const*) [clone .constprop.45]>
/home/oggy/Documents/arduinoprojects/padright_v1.5.2/rfid.ino:190
        lcd.setCursor(0, 1);
    36ec:	61 e0       	ldi	r22, 0x01	; 1
    36ee:	80 e0       	ldi	r24, 0x00	; 0
    36f0:	0e 94 2c 04 	call	0x858	; 0x858 <LiquidCrystal::setCursor(unsigned char, unsigned char) [clone .constprop.28]>
/home/oggy/Documents/arduinoprojects/padright_v1.5.2/rfid.ino:191
        lcd.print("Try Again");
    36f4:	8c e7       	ldi	r24, 0x7C	; 124
    36f6:	94 e0       	ldi	r25, 0x04	; 4
    36f8:	bc c0       	rjmp	.+376    	; 0x3872 <main+0x15a6>
/home/oggy/Documents/arduinoprojects/padright_v1.5.2/rfid.ino:131
            lcd.print("Try Again");
            warning();
          }
          else
          {
            byte lastData = readByte[15];
    36fa:	10 91 32 06 	lds	r17, 0x0632	; 0x800632 <readByte+0xf>
/home/oggy/Documents/arduinoprojects/padright_v1.5.2/rfid.ino:132
            readCard();
    36fe:	0e 94 cd 08 	call	0x119a	; 0x119a <readCard()>
/home/oggy/Documents/arduinoprojects/padright_v1.5.2/rfid.ino:133
            if (getStock() != 0) // check the stock before proceeding
    3702:	0e 94 8f 09 	call	0x131e	; 0x131e <getStock()>
    3706:	89 2b       	or	r24, r25
    3708:	09 f4       	brne	.+2      	; 0x370c <main+0x1440>
    370a:	b8 c0       	rjmp	.+368    	; 0x387c <main+0x15b0>
/home/oggy/Documents/arduinoprojects/padright_v1.5.2/rfid.ino:135
            {
              if (lastData != readByte[15]) // check the stock before proceeding
    370c:	80 91 32 06 	lds	r24, 0x0632	; 0x800632 <readByte+0xf>
    3710:	18 17       	cp	r17, r24
    3712:	09 f4       	brne	.+2      	; 0x3716 <main+0x144a>
    3714:	9e c0       	rjmp	.+316    	; 0x3852 <main+0x1586>
/home/oggy/Documents/arduinoprojects/padright_v1.5.2/rfid.ino:137
              {
                delay(500);
    3716:	64 ef       	ldi	r22, 0xF4	; 244
    3718:	71 e0       	ldi	r23, 0x01	; 1
    371a:	80 e0       	ldi	r24, 0x00	; 0
    371c:	90 e0       	ldi	r25, 0x00	; 0
    371e:	0e 94 85 01 	call	0x30a	; 0x30a <delay>
/home/oggy/Documents/arduinoprojects/padright_v1.5.2/rfid.ino:138
                lcd.clear();
    3722:	0e 94 83 03 	call	0x706	; 0x706 <LiquidCrystal::clear() [clone .constprop.51]>
/home/oggy/Documents/arduinoprojects/padright_v1.5.2/rfid.ino:139
                lcd.setCursor(0, 0);
    3726:	60 e0       	ldi	r22, 0x00	; 0
    3728:	80 e0       	ldi	r24, 0x00	; 0
    372a:	0e 94 2c 04 	call	0x858	; 0x858 <LiquidCrystal::setCursor(unsigned char, unsigned char) [clone .constprop.28]>
/home/oggy/Documents/arduinoprojects/padright_v1.5.2/rfid.ino:140
                lcd.print("Left for Card:");
    372e:	86 e8       	ldi	r24, 0x86	; 134
    3730:	94 e0       	ldi	r25, 0x04	; 4
    3732:	0e 94 c3 0a 	call	0x1586	; 0x1586 <Print::print(char const*) [clone .constprop.45]>
/home/oggy/Documents/arduinoprojects/padright_v1.5.2/rfid.ino:141
                lcd.setCursor(0, 1);
    3736:	61 e0       	ldi	r22, 0x01	; 1
    3738:	80 e0       	ldi	r24, 0x00	; 0
    373a:	0e 94 2c 04 	call	0x858	; 0x858 <LiquidCrystal::setCursor(unsigned char, unsigned char) [clone .constprop.28]>
print():
/home/oggy/.arduino15/packages/MiniCore/hardware/avr/3.1.2/cores/MCUdude_corefiles/Print.cpp:74
  return write(c);
}

size_t Print::print(unsigned char b, int base)
{
  return print((unsigned long) b, base);
    373e:	40 91 5b 06 	lds	r20, 0x065B	; 0x80065b <writeByte+0xf>
    3742:	50 e0       	ldi	r21, 0x00	; 0
    3744:	70 e0       	ldi	r23, 0x00	; 0
    3746:	60 e0       	ldi	r22, 0x00	; 0
/home/oggy/.arduino15/packages/MiniCore/hardware/avr/3.1.2/cores/MCUdude_corefiles/Print.cpp:106
}

size_t Print::print(unsigned long n, int base)
{
  if (base == 0) return write(n);
  else return printNumber(n, base);
    3748:	2a e0       	ldi	r18, 0x0A	; 10
    374a:	87 e1       	ldi	r24, 0x17	; 23
    374c:	97 e0       	ldi	r25, 0x07	; 7
    374e:	0e 94 4a 0a 	call	0x1494	; 0x1494 <Print::printNumber(unsigned long, unsigned char)>
manageRFID():
/home/oggy/Documents/arduinoprojects/padright_v1.5.2/rfid.ino:143
                lcd.print(writeByte[15]);
                delay(3000);
    3752:	68 eb       	ldi	r22, 0xB8	; 184
    3754:	7b e0       	ldi	r23, 0x0B	; 11
    3756:	80 e0       	ldi	r24, 0x00	; 0
    3758:	90 e0       	ldi	r25, 0x00	; 0
    375a:	0e 94 85 01 	call	0x30a	; 0x30a <delay>
/home/oggy/Documents/arduinoprojects/padright_v1.5.2/rfid.ino:144
                lcd.clear();
    375e:	0e 94 83 03 	call	0x706	; 0x706 <LiquidCrystal::clear() [clone .constprop.51]>
/home/oggy/Documents/arduinoprojects/padright_v1.5.2/rfid.ino:145
                lcd.setCursor(0, 0);
    3762:	60 e0       	ldi	r22, 0x00	; 0
    3764:	80 e0       	ldi	r24, 0x00	; 0
    3766:	0e 94 2c 04 	call	0x858	; 0x858 <LiquidCrystal::setCursor(unsigned char, unsigned char) [clone .constprop.28]>
/home/oggy/Documents/arduinoprojects/padright_v1.5.2/rfid.ino:146
                lcd.print("Receive Pad");
    376a:	85 e9       	ldi	r24, 0x95	; 149
    376c:	94 e0       	ldi	r25, 0x04	; 4
    376e:	0e 94 c3 0a 	call	0x1586	; 0x1586 <Print::print(char const*) [clone .constprop.45]>
/home/oggy/Documents/arduinoprojects/padright_v1.5.2/rfid.ino:147
                lcd.setCursor(0, 1);
    3772:	61 e0       	ldi	r22, 0x01	; 1
    3774:	80 e0       	ldi	r24, 0x00	; 0
    3776:	0e 94 2c 04 	call	0x858	; 0x858 <LiquidCrystal::setCursor(unsigned char, unsigned char) [clone .constprop.28]>
/home/oggy/Documents/arduinoprojects/padright_v1.5.2/rfid.ino:148
                lcd.print("Thank you!");
    377a:	81 ea       	ldi	r24, 0xA1	; 161
    377c:	94 e0       	ldi	r25, 0x04	; 4
    377e:	0e 94 c3 0a 	call	0x1586	; 0x1586 <Print::print(char const*) [clone .constprop.45]>
runMotor():
/home/oggy/Documents/arduinoprojects/padright_v1.5.2/padright_v1.5.2.ino:679
int readIntFromEEPROM(int address) {
  return (EEPROM.read(address) << 8) + EEPROM.read(address + 1);
}

void runMotor() {
  Serial.println("motor running");
    3782:	8c ea       	ldi	r24, 0xAC	; 172
    3784:	94 e0       	ldi	r25, 0x04	; 4
    3786:	0e 94 1e 0d 	call	0x1a3c	; 0x1a3c <Print::println(char const*) [clone .constprop.24]>
/home/oggy/Documents/arduinoprojects/padright_v1.5.2/padright_v1.5.2.ino:682
  static int i = 0;
  /// only for pad vending machine for testing alternating motor
  if (getStock() > 0) {
    378a:	0e 94 8f 09 	call	0x131e	; 0x131e <getStock()>
    378e:	18 16       	cp	r1, r24
    3790:	19 06       	cpc	r1, r25
    3792:	0c f0       	brlt	.+2      	; 0x3796 <main+0x14ca>
    3794:	4d c0       	rjmp	.+154    	; 0x3830 <main+0x1564>
/home/oggy/Documents/arduinoprojects/padright_v1.5.2/padright_v1.5.2.ino:683
    for (int count = 0; count < maxRack; count++) {
    3796:	20 91 12 01 	lds	r18, 0x0112	; 0x800112 <maxRack>
    379a:	30 e0       	ldi	r19, 0x00	; 0
    379c:	80 91 20 06 	lds	r24, 0x0620	; 0x800620 <runMotor()::i>
    37a0:	90 91 21 06 	lds	r25, 0x0621	; 0x800621 <runMotor()::i+0x1>
main():
    37a4:	f0 e0       	ldi	r31, 0x00	; 0
    37a6:	e0 e0       	ldi	r30, 0x00	; 0
runMotor():
    37a8:	e2 17       	cp	r30, r18
    37aa:	f3 07       	cpc	r31, r19
    37ac:	d4 f5       	brge	.+116    	; 0x3822 <main+0x1556>
    37ae:	8c 01       	movw	r16, r24
    37b0:	0f 5f       	subi	r16, 0xFF	; 255
    37b2:	1f 4f       	sbci	r17, 0xFF	; 255
getQuantity():
/home/oggy/Documents/arduinoprojects/padright_v1.5.2/padrack.cpp:5
#include "padrack.h"

int padrack::getQuantity()
{
    return quantity;
    37b4:	ac 01       	movw	r20, r24
    37b6:	44 0f       	add	r20, r20
    37b8:	55 1f       	adc	r21, r21
    37ba:	44 0f       	add	r20, r20
    37bc:	55 1f       	adc	r21, r21
    37be:	ba 01       	movw	r22, r20
    37c0:	61 50       	subi	r22, 0x01	; 1
    37c2:	79 4f       	sbci	r23, 0xF9	; 249
    37c4:	7b 01       	movw	r14, r22
runMotor():
/home/oggy/Documents/arduinoprojects/padright_v1.5.2/padright_v1.5.2.ino:684
      if (rack[i].getQuantity() != 0) {
    37c6:	db 01       	movw	r26, r22
    37c8:	4d 91       	ld	r20, X+
    37ca:	5c 91       	ld	r21, X
    37cc:	45 2b       	or	r20, r21
    37ce:	d9 f1       	breq	.+118    	; 0x3846 <main+0x157a>
    37d0:	90 93 21 06 	sts	0x0621, r25	; 0x800621 <runMotor()::i+0x1>
    37d4:	80 93 20 06 	sts	0x0620, r24	; 0x800620 <runMotor()::i>
/home/oggy/Documents/arduinoprojects/padright_v1.5.2/padright_v1.5.2.ino:686
        // Serial.println("motor");
        digitalWrite(motor[i], HIGH);
    37d8:	83 5d       	subi	r24, 0xD3	; 211
    37da:	9e 4f       	sbci	r25, 0xFE	; 254
    37dc:	fc 01       	movw	r30, r24
    37de:	d0 80       	ld	r13, Z
    37e0:	61 e0       	ldi	r22, 0x01	; 1
    37e2:	8d 2d       	mov	r24, r13
    37e4:	0e 94 eb 00 	call	0x1d6	; 0x1d6 <digitalWrite>
/home/oggy/Documents/arduinoprojects/padright_v1.5.2/padright_v1.5.2.ino:687
        delay(motorTimeVariable);
    37e8:	60 91 10 01 	lds	r22, 0x0110	; 0x800110 <motorTimeVariable>
    37ec:	70 91 11 01 	lds	r23, 0x0111	; 0x800111 <motorTimeVariable+0x1>
    37f0:	07 2e       	mov	r0, r23
    37f2:	00 0c       	add	r0, r0
    37f4:	88 0b       	sbc	r24, r24
    37f6:	99 0b       	sbc	r25, r25
    37f8:	0e 94 85 01 	call	0x30a	; 0x30a <delay>
/home/oggy/Documents/arduinoprojects/padright_v1.5.2/padright_v1.5.2.ino:688
        digitalWrite(motor[i], LOW);
    37fc:	60 e0       	ldi	r22, 0x00	; 0
    37fe:	8d 2d       	mov	r24, r13
    3800:	0e 94 eb 00 	call	0x1d6	; 0x1d6 <digitalWrite>
decQuantity():
/home/oggy/Documents/arduinoprojects/padright_v1.5.2/padrack.cpp:13
{
    quantity = number;
}
void padrack::decQuantity()
{
    if (quantity != 0)
    3804:	d7 01       	movw	r26, r14
    3806:	8d 91       	ld	r24, X+
    3808:	9c 91       	ld	r25, X
    380a:	11 97       	sbiw	r26, 0x01	; 1
    380c:	00 97       	sbiw	r24, 0x00	; 0
    380e:	19 f0       	breq	.+6      	; 0x3816 <main+0x154a>
/home/oggy/Documents/arduinoprojects/padright_v1.5.2/padrack.cpp:15
    {
        quantity--;
    3810:	01 97       	sbiw	r24, 0x01	; 1
    3812:	8d 93       	st	X+, r24
    3814:	9c 93       	st	X, r25
runMotor():
/home/oggy/Documents/arduinoprojects/padright_v1.5.2/padright_v1.5.2.ino:691
        rack[i].decQuantity();
        // move to next rack for next call
        i = (i + 1) % maxRack;
    3816:	60 91 12 01 	lds	r22, 0x0112	; 0x800112 <maxRack>
    381a:	70 e0       	ldi	r23, 0x00	; 0
    381c:	c8 01       	movw	r24, r16
    381e:	0e 94 e2 22 	call	0x45c4	; 0x45c4 <__divmodhi4>
    3822:	90 93 21 06 	sts	0x0621, r25	; 0x800621 <runMotor()::i+0x1>
    3826:	80 93 20 06 	sts	0x0620, r24	; 0x800620 <runMotor()::i>
/home/oggy/Documents/arduinoprojects/padright_v1.5.2/padright_v1.5.2.ino:697
        break;
      }
      // move to next rack and wrap around if needed
      i = (i + 1) % maxRack;
    }
    writeToEPPROM('r');
    382a:	82 e7       	ldi	r24, 0x72	; 114
    382c:	0e 94 b6 0f 	call	0x1f6c	; 0x1f6c <writeToEPPROM(char)>
manageRFID():
/home/oggy/Documents/arduinoprojects/padright_v1.5.2/rfid.ino:150
                runMotor();
                success(800);
    3830:	80 e2       	ldi	r24, 0x20	; 32
    3832:	93 e0       	ldi	r25, 0x03	; 3
    3834:	0e 94 7c 09 	call	0x12f8	; 0x12f8 <success(int)>
/home/oggy/Documents/arduinoprojects/padright_v1.5.2/rfid.ino:151
                delay(1000);
    3838:	68 ee       	ldi	r22, 0xE8	; 232
    383a:	73 e0       	ldi	r23, 0x03	; 3
    383c:	80 e0       	ldi	r24, 0x00	; 0
    383e:	90 e0       	ldi	r25, 0x00	; 0
    3840:	0e 94 85 01 	call	0x30a	; 0x30a <delay>
    3844:	4c ca       	rjmp	.-2920   	; 0x2cde <main+0xa12>
runMotor():
/home/oggy/Documents/arduinoprojects/padright_v1.5.2/padright_v1.5.2.ino:683
void runMotor() {
  Serial.println("motor running");
  static int i = 0;
  /// only for pad vending machine for testing alternating motor
  if (getStock() > 0) {
    for (int count = 0; count < maxRack; count++) {
    3846:	31 96       	adiw	r30, 0x01	; 1
/home/oggy/Documents/arduinoprojects/padright_v1.5.2/padright_v1.5.2.ino:695
        // move to next rack for next call
        i = (i + 1) % maxRack;
        break;
      }
      // move to next rack and wrap around if needed
      i = (i + 1) % maxRack;
    3848:	c8 01       	movw	r24, r16
    384a:	b9 01       	movw	r22, r18
    384c:	0e 94 e2 22 	call	0x45c4	; 0x45c4 <__divmodhi4>
    3850:	ab cf       	rjmp	.-170    	; 0x37a8 <main+0x14dc>
manageRFID():
/home/oggy/Documents/arduinoprojects/padright_v1.5.2/rfid.ino:155
              }
              else // print if card scan time is fast
              {
                lcd.clear();
    3852:	0e 94 83 03 	call	0x706	; 0x706 <LiquidCrystal::clear() [clone .constprop.51]>
/home/oggy/Documents/arduinoprojects/padright_v1.5.2/rfid.ino:156
                lcd.setCursor(0, 0);
    3856:	60 e0       	ldi	r22, 0x00	; 0
    3858:	80 e0       	ldi	r24, 0x00	; 0
    385a:	0e 94 2c 04 	call	0x858	; 0x858 <LiquidCrystal::setCursor(unsigned char, unsigned char) [clone .constprop.28]>
/home/oggy/Documents/arduinoprojects/padright_v1.5.2/rfid.ino:157
                lcd.print("Sorry");
    385e:	8a eb       	ldi	r24, 0xBA	; 186
    3860:	94 e0       	ldi	r25, 0x04	; 4
    3862:	0e 94 c3 0a 	call	0x1586	; 0x1586 <Print::print(char const*) [clone .constprop.45]>
/home/oggy/Documents/arduinoprojects/padright_v1.5.2/rfid.ino:158
                lcd.setCursor(0, 1);
    3866:	61 e0       	ldi	r22, 0x01	; 1
    3868:	80 e0       	ldi	r24, 0x00	; 0
    386a:	0e 94 2c 04 	call	0x858	; 0x858 <LiquidCrystal::setCursor(unsigned char, unsigned char) [clone .constprop.28]>
/home/oggy/Documents/arduinoprojects/padright_v1.5.2/rfid.ino:159
                lcd.print("Hold card for 1Sec");
    386e:	80 ec       	ldi	r24, 0xC0	; 192
    3870:	94 e0       	ldi	r25, 0x04	; 4
/home/oggy/Documents/arduinoprojects/padright_v1.5.2/rfid.ino:191
      {
        lcd.clear();
        lcd.setCursor(0, 0);
        lcd.print("Error Reading");
        lcd.setCursor(0, 1);
        lcd.print("Try Again");
    3872:	0e 94 c3 0a 	call	0x1586	; 0x1586 <Print::print(char const*) [clone .constprop.45]>
/home/oggy/Documents/arduinoprojects/padright_v1.5.2/rfid.ino:192
        warning();
    3876:	0e 94 46 09 	call	0x128c	; 0x128c <warning()>
    387a:	31 ca       	rjmp	.-2974   	; 0x2cde <main+0xa12>
/home/oggy/Documents/arduinoprojects/padright_v1.5.2/rfid.ino:166
              }
            }

            else // print if no stock remaining
            {
              lcd.clear();
    387c:	0e 94 83 03 	call	0x706	; 0x706 <LiquidCrystal::clear() [clone .constprop.51]>
/home/oggy/Documents/arduinoprojects/padright_v1.5.2/rfid.ino:167
              lcd.setCursor(0, 0);
    3880:	60 e0       	ldi	r22, 0x00	; 0
    3882:	80 e0       	ldi	r24, 0x00	; 0
    3884:	0e 94 2c 04 	call	0x858	; 0x858 <LiquidCrystal::setCursor(unsigned char, unsigned char) [clone .constprop.28]>
/home/oggy/Documents/arduinoprojects/padright_v1.5.2/rfid.ino:168
              lcd.print("Sorry");
    3888:	8a eb       	ldi	r24, 0xBA	; 186
    388a:	94 e0       	ldi	r25, 0x04	; 4
    388c:	0e 94 c3 0a 	call	0x1586	; 0x1586 <Print::print(char const*) [clone .constprop.45]>
/home/oggy/Documents/arduinoprojects/padright_v1.5.2/rfid.ino:169
              lcd.setCursor(0, 1);
    3890:	61 e0       	ldi	r22, 0x01	; 1
    3892:	80 e0       	ldi	r24, 0x00	; 0
    3894:	0e 94 2c 04 	call	0x858	; 0x858 <LiquidCrystal::setCursor(unsigned char, unsigned char) [clone .constprop.28]>
/home/oggy/Documents/arduinoprojects/padright_v1.5.2/rfid.ino:170
              lcd.print("No Stocks");
    3898:	83 ed       	ldi	r24, 0xD3	; 211
    389a:	94 e0       	ldi	r25, 0x04	; 4
    389c:	ea cf       	rjmp	.-44     	; 0x3872 <main+0x15a6>
/home/oggy/Documents/arduinoprojects/padright_v1.5.2/rfid.ino:177
            }
          }
        }
        else
        {
          lcd.clear();
    389e:	0e 94 83 03 	call	0x706	; 0x706 <LiquidCrystal::clear() [clone .constprop.51]>
/home/oggy/Documents/arduinoprojects/padright_v1.5.2/rfid.ino:178
          lcd.setCursor(0, 0);
    38a2:	60 e0       	ldi	r22, 0x00	; 0
    38a4:	80 e0       	ldi	r24, 0x00	; 0
    38a6:	0e 94 2c 04 	call	0x858	; 0x858 <LiquidCrystal::setCursor(unsigned char, unsigned char) [clone .constprop.28]>
/home/oggy/Documents/arduinoprojects/padright_v1.5.2/rfid.ino:179
          lcd.print("Opps!");
    38aa:	8d ed       	ldi	r24, 0xDD	; 221
    38ac:	94 e0       	ldi	r25, 0x04	; 4
    38ae:	0e 94 c3 0a 	call	0x1586	; 0x1586 <Print::print(char const*) [clone .constprop.45]>
/home/oggy/Documents/arduinoprojects/padright_v1.5.2/rfid.ino:180
          lcd.setCursor(0, 1);
    38b2:	61 e0       	ldi	r22, 0x01	; 1
    38b4:	80 e0       	ldi	r24, 0x00	; 0
    38b6:	0e 94 2c 04 	call	0x858	; 0x858 <LiquidCrystal::setCursor(unsigned char, unsigned char) [clone .constprop.28]>
/home/oggy/Documents/arduinoprojects/padright_v1.5.2/rfid.ino:181
          lcd.print("Zero Balance");
    38ba:	83 ee       	ldi	r24, 0xE3	; 227
    38bc:	94 e0       	ldi	r25, 0x04	; 4
    38be:	d9 cf       	rjmp	.-78     	; 0x3872 <main+0x15a6>
/home/oggy/Documents/arduinoprojects/padright_v1.5.2/rfid.ino:187
          warning();
        }
      }
      else
      {
        lcd.clear();
    38c0:	0e 94 83 03 	call	0x706	; 0x706 <LiquidCrystal::clear() [clone .constprop.51]>
/home/oggy/Documents/arduinoprojects/padright_v1.5.2/rfid.ino:188
        lcd.setCursor(0, 0);
    38c4:	60 e0       	ldi	r22, 0x00	; 0
    38c6:	80 e0       	ldi	r24, 0x00	; 0
    38c8:	0e 94 2c 04 	call	0x858	; 0x858 <LiquidCrystal::setCursor(unsigned char, unsigned char) [clone .constprop.28]>
/home/oggy/Documents/arduinoprojects/padright_v1.5.2/rfid.ino:189
        lcd.print("Error Reading");
    38cc:	80 ef       	ldi	r24, 0xF0	; 240
    38ce:	94 e0       	ldi	r25, 0x04	; 4
    38d0:	0b cf       	rjmp	.-490    	; 0x36e8 <main+0x141c>
loop():
/home/oggy/Documents/arduinoprojects/padright_v1.5.2/padright_v1.5.2.ino:190

void loop() {
  menuManagement();
  if (mType == RFID_MACHINE) {
    manageRFID();  // when machine is rfid type
  } else if (mType == CASH_MACHINE) {
    38d2:	81 30       	cpi	r24, 0x01	; 1
    38d4:	09 f0       	breq	.+2      	; 0x38d8 <main+0x160c>
    38d6:	0b ca       	rjmp	.-3050   	; 0x2cee <main+0xa22>
/home/oggy/Documents/arduinoprojects/padright_v1.5.2/padright_v1.5.2.ino:192
    // disable cash acceptor when stock is out
    if (getStock() > 0 && state == 0) {
    38d8:	0e 94 8f 09 	call	0x131e	; 0x131e <getStock()>
    38dc:	18 16       	cp	r1, r24
    38de:	19 06       	cpc	r1, r25
    38e0:	0c f0       	brlt	.+2      	; 0x38e4 <main+0x1618>
    38e2:	bc c0       	rjmp	.+376    	; 0x3a5c <main+0x1790>
    38e4:	80 91 40 06 	lds	r24, 0x0640	; 0x800640 <state>
    38e8:	90 91 41 06 	lds	r25, 0x0641	; 0x800641 <state+0x1>
    38ec:	89 2b       	or	r24, r25
    38ee:	09 f0       	breq	.+2      	; 0x38f2 <main+0x1626>
    38f0:	b5 c0       	rjmp	.+362    	; 0x3a5c <main+0x1790>
/home/oggy/Documents/arduinoprojects/padright_v1.5.2/padright_v1.5.2.ino:193
      enableCashAcceptor();
    38f2:	0e 94 1e 09 	call	0x123c	; 0x123c <enableCashAcceptor()>
mangaeCash():
/home/oggy/Documents/arduinoprojects/padright_v1.5.2/cashInterrupt.ino:15
void mangaeCash() {
  if (isInterrupt) {
    38f6:	80 91 3f 06 	lds	r24, 0x063F	; 0x80063f <isInterrupt>
    38fa:	88 23       	and	r24, r24
    38fc:	09 f4       	brne	.+2      	; 0x3900 <main+0x1634>
    38fe:	f7 c9       	rjmp	.-3090   	; 0x2cee <main+0xa22>
/home/oggy/Documents/arduinoprojects/padright_v1.5.2/cashInterrupt.ino:16
    disableCashAcceptor();
    3900:	0e 94 22 09 	call	0x1244	; 0x1244 <disableCashAcceptor()>
/home/oggy/Documents/arduinoprojects/padright_v1.5.2/cashInterrupt.ino:17
    previous_time2 = millis();
    3904:	0e 94 b8 01 	call	0x370	; 0x370 <millis>
    3908:	60 93 3b 06 	sts	0x063B, r22	; 0x80063b <previous_time2>
    390c:	70 93 3c 06 	sts	0x063C, r23	; 0x80063c <previous_time2+0x1>
    3910:	80 93 3d 06 	sts	0x063D, r24	; 0x80063d <previous_time2+0x2>
    3914:	90 93 3e 06 	sts	0x063E, r25	; 0x80063e <previous_time2+0x3>
/home/oggy/Documents/arduinoprojects/padright_v1.5.2/cashInterrupt.ino:18
    totalCash = 0;
    3918:	10 92 3a 06 	sts	0x063A, r1	; 0x80063a <totalCash+0x1>
    391c:	10 92 39 06 	sts	0x0639, r1	; 0x800639 <totalCash>
/home/oggy/Documents/arduinoprojects/padright_v1.5.2/cashInterrupt.ino:19
    while (millis() - previous_time2 < cashWaitTime) {
    3920:	0e 94 b8 01 	call	0x370	; 0x370 <millis>
    3924:	00 91 3b 06 	lds	r16, 0x063B	; 0x80063b <previous_time2>
    3928:	10 91 3c 06 	lds	r17, 0x063C	; 0x80063c <previous_time2+0x1>
    392c:	20 91 3d 06 	lds	r18, 0x063D	; 0x80063d <previous_time2+0x2>
    3930:	30 91 3e 06 	lds	r19, 0x063E	; 0x80063e <previous_time2+0x3>
    3934:	ab 01       	movw	r20, r22
    3936:	bc 01       	movw	r22, r24
    3938:	40 1b       	sub	r20, r16
    393a:	51 0b       	sbc	r21, r17
    393c:	62 0b       	sbc	r22, r18
    393e:	73 0b       	sbc	r23, r19
    3940:	80 91 19 01 	lds	r24, 0x0119	; 0x800119 <cashWaitTime>
    3944:	90 91 1a 01 	lds	r25, 0x011A	; 0x80011a <cashWaitTime+0x1>
    3948:	09 2e       	mov	r0, r25
    394a:	00 0c       	add	r0, r0
    394c:	aa 0b       	sbc	r26, r26
    394e:	bb 0b       	sbc	r27, r27
    3950:	48 17       	cp	r20, r24
    3952:	59 07       	cpc	r21, r25
    3954:	6a 07       	cpc	r22, r26
    3956:	7b 07       	cpc	r23, r27
    3958:	08 f0       	brcs	.+2      	; 0x395c <main+0x1690>
    395a:	18 c1       	rjmp	.+560    	; 0x3b8c <main+0x18c0>
/home/oggy/Documents/arduinoprojects/padright_v1.5.2/cashInterrupt.ino:20
      if (isInterrupt) {
    395c:	80 91 3f 06 	lds	r24, 0x063F	; 0x80063f <isInterrupt>
    3960:	88 23       	and	r24, r24
    3962:	09 f4       	brne	.+2      	; 0x3966 <main+0x169a>
    3964:	ee c1       	rjmp	.+988    	; 0x3d42 <main+0x1a76>
/home/oggy/Documents/arduinoprojects/padright_v1.5.2/cashInterrupt.ino:21
        lcd.clear();
    3966:	0e 94 83 03 	call	0x706	; 0x706 <LiquidCrystal::clear() [clone .constprop.51]>
/home/oggy/Documents/arduinoprojects/padright_v1.5.2/cashInterrupt.ino:22
        lcd.setCursor(0, 0);
    396a:	60 e0       	ldi	r22, 0x00	; 0
    396c:	80 e0       	ldi	r24, 0x00	; 0
    396e:	0e 94 2c 04 	call	0x858	; 0x858 <LiquidCrystal::setCursor(unsigned char, unsigned char) [clone .constprop.28]>
/home/oggy/Documents/arduinoprojects/padright_v1.5.2/cashInterrupt.ino:23
        lcd.print("Receiving Cash");
    3972:	8e ef       	ldi	r24, 0xFE	; 254
    3974:	94 e0       	ldi	r25, 0x04	; 4
    3976:	0e 94 c3 0a 	call	0x1586	; 0x1586 <Print::print(char const*) [clone .constprop.45]>
/home/oggy/Documents/arduinoprojects/padright_v1.5.2/cashInterrupt.ino:24
        lcd.setCursor(0, 1);
    397a:	61 e0       	ldi	r22, 0x01	; 1
    397c:	80 e0       	ldi	r24, 0x00	; 0
    397e:	0e 94 2c 04 	call	0x858	; 0x858 <LiquidCrystal::setCursor(unsigned char, unsigned char) [clone .constprop.28]>
/home/oggy/Documents/arduinoprojects/padright_v1.5.2/cashInterrupt.ino:25
        lcd.print("Please wait...");
    3982:	8d e0       	ldi	r24, 0x0D	; 13
    3984:	95 e0       	ldi	r25, 0x05	; 5
    3986:	0e 94 c3 0a 	call	0x1586	; 0x1586 <Print::print(char const*) [clone .constprop.45]>
/home/oggy/Documents/arduinoprojects/padright_v1.5.2/cashInterrupt.ino:26
        success(200);
    398a:	88 ec       	ldi	r24, 0xC8	; 200
    398c:	90 e0       	ldi	r25, 0x00	; 0
    398e:	0e 94 7c 09 	call	0x12f8	; 0x12f8 <success(int)>
/home/oggy/Documents/arduinoprojects/padright_v1.5.2/cashInterrupt.ino:27
        delay(500);
    3992:	64 ef       	ldi	r22, 0xF4	; 244
    3994:	71 e0       	ldi	r23, 0x01	; 1
    3996:	80 e0       	ldi	r24, 0x00	; 0
    3998:	90 e0       	ldi	r25, 0x00	; 0
    399a:	0e 94 85 01 	call	0x30a	; 0x30a <delay>
/home/oggy/Documents/arduinoprojects/padright_v1.5.2/cashInterrupt.ino:28
        delay(1000);
    399e:	68 ee       	ldi	r22, 0xE8	; 232
    39a0:	73 e0       	ldi	r23, 0x03	; 3
    39a2:	80 e0       	ldi	r24, 0x00	; 0
    39a4:	90 e0       	ldi	r25, 0x00	; 0
    39a6:	0e 94 85 01 	call	0x30a	; 0x30a <delay>
/home/oggy/Documents/arduinoprojects/padright_v1.5.2/cashInterrupt.ino:29
        isInterrupt = false;
    39aa:	10 92 3f 06 	sts	0x063F, r1	; 0x80063f <isInterrupt>
/home/oggy/Documents/arduinoprojects/padright_v1.5.2/cashInterrupt.ino:30
        currentCash = (int)round((float)(cashPulseCounter * cashPulseFactor));
    39ae:	60 91 37 06 	lds	r22, 0x0637	; 0x800637 <cashPulseCounter>
    39b2:	70 91 38 06 	lds	r23, 0x0638	; 0x800638 <cashPulseCounter+0x1>
    39b6:	07 2e       	mov	r0, r23
    39b8:	00 0c       	add	r0, r0
    39ba:	88 0b       	sbc	r24, r24
    39bc:	99 0b       	sbc	r25, r25
    39be:	0e 94 5e 20 	call	0x40bc	; 0x40bc <__floatsisf>
    39c2:	20 91 3f 07 	lds	r18, 0x073F	; 0x80073f <cashPulseFactor>
    39c6:	30 91 40 07 	lds	r19, 0x0740	; 0x800740 <cashPulseFactor+0x1>
    39ca:	40 91 41 07 	lds	r20, 0x0741	; 0x800741 <cashPulseFactor+0x2>
    39ce:	50 91 42 07 	lds	r21, 0x0742	; 0x800742 <cashPulseFactor+0x3>
    39d2:	0e 94 bd 20 	call	0x417a	; 0x417a <__mulsf3>
    39d6:	6b 01       	movw	r12, r22
    39d8:	7c 01       	movw	r14, r24
_Z5roundIfElRKT_.isra.13():
/home/oggy/.arduino15/packages/MiniCore/hardware/avr/3.1.2/cores/MCUdude_corefiles/Arduino.h:325
		return (a < b) ? b : a;
	}

	template<class T>
	long round(const T& x) {
		return (long)(x >= 0 ? (x + 0.5) : (x - 0.5));
    39da:	20 e0       	ldi	r18, 0x00	; 0
    39dc:	30 e0       	ldi	r19, 0x00	; 0
    39de:	a9 01       	movw	r20, r18
    39e0:	0e 94 dd 22 	call	0x45ba	; 0x45ba <__gesf2>
    39e4:	20 e0       	ldi	r18, 0x00	; 0
    39e6:	30 e0       	ldi	r19, 0x00	; 0
    39e8:	40 e0       	ldi	r20, 0x00	; 0
    39ea:	5f e3       	ldi	r21, 0x3F	; 63
    39ec:	87 fd       	sbrc	r24, 7
    39ee:	39 c0       	rjmp	.+114    	; 0x3a62 <main+0x1796>
    39f0:	c7 01       	movw	r24, r14
    39f2:	b6 01       	movw	r22, r12
    39f4:	0e 94 c9 21 	call	0x4392	; 0x4392 <__addsf3>
    39f8:	0e 94 a7 22 	call	0x454e	; 0x454e <__fixsfsi>
mangaeCash():
/home/oggy/Documents/arduinoprojects/padright_v1.5.2/cashInterrupt.ino:30
    39fc:	8b 01       	movw	r16, r22
    39fe:	70 93 36 06 	sts	0x0636, r23	; 0x800636 <currentCash+0x1>
    3a02:	60 93 35 06 	sts	0x0635, r22	; 0x800635 <currentCash>
/home/oggy/Documents/arduinoprojects/padright_v1.5.2/cashInterrupt.ino:31
        totalCash += currentCash;
    3a06:	20 91 39 06 	lds	r18, 0x0639	; 0x800639 <totalCash>
    3a0a:	30 91 3a 06 	lds	r19, 0x063A	; 0x80063a <totalCash+0x1>
    3a0e:	62 0f       	add	r22, r18
    3a10:	73 1f       	adc	r23, r19
    3a12:	70 93 3a 06 	sts	0x063A, r23	; 0x80063a <totalCash+0x1>
    3a16:	60 93 39 06 	sts	0x0639, r22	; 0x800639 <totalCash>
/home/oggy/Documents/arduinoprojects/padright_v1.5.2/cashInterrupt.ino:32
        previous_time2 = millis();
    3a1a:	0e 94 b8 01 	call	0x370	; 0x370 <millis>
    3a1e:	60 93 3b 06 	sts	0x063B, r22	; 0x80063b <previous_time2>
    3a22:	70 93 3c 06 	sts	0x063C, r23	; 0x80063c <previous_time2+0x1>
    3a26:	80 93 3d 06 	sts	0x063D, r24	; 0x80063d <previous_time2+0x2>
    3a2a:	90 93 3e 06 	sts	0x063E, r25	; 0x80063e <previous_time2+0x3>
/home/oggy/Documents/arduinoprojects/padright_v1.5.2/cashInterrupt.ino:33
        switch (currentCash) {
    3a2e:	09 31       	cpi	r16, 0x19	; 25
    3a30:	11 05       	cpc	r17, r1
    3a32:	09 f4       	brne	.+2      	; 0x3a36 <main+0x176a>
    3a34:	60 c1       	rjmp	.+704    	; 0x3cf6 <main+0x1a2a>
    3a36:	54 f5       	brge	.+84     	; 0x3a8c <main+0x17c0>
    3a38:	0a 30       	cpi	r16, 0x0A	; 10
    3a3a:	11 05       	cpc	r17, r1
    3a3c:	09 f4       	brne	.+2      	; 0x3a40 <main+0x1774>
    3a3e:	49 c1       	rjmp	.+658    	; 0x3cd2 <main+0x1a06>
    3a40:	ac f4       	brge	.+42     	; 0x3a6c <main+0x17a0>
    3a42:	05 30       	cpi	r16, 0x05	; 5
    3a44:	11 05       	cpc	r17, r1
    3a46:	09 f4       	brne	.+2      	; 0x3a4a <main+0x177e>
    3a48:	46 c0       	rjmp	.+140    	; 0x3ad6 <main+0x180a>
/home/oggy/Documents/arduinoprojects/padright_v1.5.2/cashInterrupt.ino:125
            lcd.print("Total: ");
            lcd.print(String(totalCash));
            cashPulseCounter = 0;
            break;
          default:
            lcd.clear();
    3a4a:	0e 94 83 03 	call	0x706	; 0x706 <LiquidCrystal::clear() [clone .constprop.51]>
/home/oggy/Documents/arduinoprojects/padright_v1.5.2/cashInterrupt.ino:126
            lcd.setCursor(0, 0);
    3a4e:	60 e0       	ldi	r22, 0x00	; 0
    3a50:	80 e0       	ldi	r24, 0x00	; 0
    3a52:	0e 94 2c 04 	call	0x858	; 0x858 <LiquidCrystal::setCursor(unsigned char, unsigned char) [clone .constprop.28]>
/home/oggy/Documents/arduinoprojects/padright_v1.5.2/cashInterrupt.ino:127
            lcd.print("Invalid Notes");
    3a56:	89 eb       	ldi	r24, 0xB9	; 185
    3a58:	95 e0       	ldi	r25, 0x05	; 5
    3a5a:	45 c0       	rjmp	.+138    	; 0x3ae6 <main+0x181a>
loop():
/home/oggy/Documents/arduinoprojects/padright_v1.5.2/padright_v1.5.2.ino:195
    } else {
      disableCashAcceptor();
    3a5c:	0e 94 22 09 	call	0x1244	; 0x1244 <disableCashAcceptor()>
    3a60:	4a cf       	rjmp	.-364    	; 0x38f6 <main+0x162a>
_Z5roundIfElRKT_.isra.13():
/home/oggy/.arduino15/packages/MiniCore/hardware/avr/3.1.2/cores/MCUdude_corefiles/Arduino.h:325
    3a62:	c7 01       	movw	r24, r14
    3a64:	b6 01       	movw	r22, r12
    3a66:	0e 94 c8 21 	call	0x4390	; 0x4390 <__subsf3>
    3a6a:	c6 cf       	rjmp	.-116    	; 0x39f8 <main+0x172c>
mangaeCash():
/home/oggy/Documents/arduinoprojects/padright_v1.5.2/cashInterrupt.ino:33
        delay(1000);
        isInterrupt = false;
        currentCash = (int)round((float)(cashPulseCounter * cashPulseFactor));
        totalCash += currentCash;
        previous_time2 = millis();
        switch (currentCash) {
    3a6c:	0f 30       	cpi	r16, 0x0F	; 15
    3a6e:	11 05       	cpc	r17, r1
    3a70:	09 f4       	brne	.+2      	; 0x3a74 <main+0x17a8>
    3a72:	38 c1       	rjmp	.+624    	; 0x3ce4 <main+0x1a18>
    3a74:	04 31       	cpi	r16, 0x14	; 20
    3a76:	11 05       	cpc	r17, r1
    3a78:	41 f7       	brne	.-48     	; 0x3a4a <main+0x177e>
/home/oggy/Documents/arduinoprojects/padright_v1.5.2/cashInterrupt.ino:62
            lcd.print("Total: ");
            lcd.print(String(totalCash));
            cashPulseCounter = 0;
            break;
          case TWENTY_RUPEES:
            lcd.clear();
    3a7a:	0e 94 83 03 	call	0x706	; 0x706 <LiquidCrystal::clear() [clone .constprop.51]>
/home/oggy/Documents/arduinoprojects/padright_v1.5.2/cashInterrupt.ino:63
            lcd.setCursor(0, 0);
    3a7e:	60 e0       	ldi	r22, 0x00	; 0
    3a80:	80 e0       	ldi	r24, 0x00	; 0
    3a82:	0e 94 2c 04 	call	0x858	; 0x858 <LiquidCrystal::setCursor(unsigned char, unsigned char) [clone .constprop.28]>
/home/oggy/Documents/arduinoprojects/padright_v1.5.2/cashInterrupt.ino:64
            lcd.print("Received Rs.20");
    3a86:	80 e5       	ldi	r24, 0x50	; 80
    3a88:	95 e0       	ldi	r25, 0x05	; 5
    3a8a:	2d c0       	rjmp	.+90     	; 0x3ae6 <main+0x181a>
/home/oggy/Documents/arduinoprojects/padright_v1.5.2/cashInterrupt.ino:33
        delay(1000);
        isInterrupt = false;
        currentCash = (int)round((float)(cashPulseCounter * cashPulseFactor));
        totalCash += currentCash;
        previous_time2 = millis();
        switch (currentCash) {
    3a8c:	08 32       	cpi	r16, 0x28	; 40
    3a8e:	11 05       	cpc	r17, r1
    3a90:	09 f4       	brne	.+2      	; 0x3a94 <main+0x17c8>
    3a92:	43 c1       	rjmp	.+646    	; 0x3d1a <main+0x1a4e>
    3a94:	84 f4       	brge	.+32     	; 0x3ab6 <main+0x17ea>
    3a96:	0e 31       	cpi	r16, 0x1E	; 30
    3a98:	11 05       	cpc	r17, r1
    3a9a:	09 f4       	brne	.+2      	; 0x3a9e <main+0x17d2>
    3a9c:	35 c1       	rjmp	.+618    	; 0x3d08 <main+0x1a3c>
    3a9e:	03 32       	cpi	r16, 0x23	; 35
    3aa0:	11 05       	cpc	r17, r1
    3aa2:	99 f6       	brne	.-90     	; 0x3a4a <main+0x177e>
/home/oggy/Documents/arduinoprojects/padright_v1.5.2/cashInterrupt.ino:89
            lcd.print("Total: ");
            lcd.print(String(totalCash));
            cashPulseCounter = 0;
            break;
          case THITY_FIVE_RUPEES:
            lcd.clear();
    3aa4:	0e 94 83 03 	call	0x706	; 0x706 <LiquidCrystal::clear() [clone .constprop.51]>
/home/oggy/Documents/arduinoprojects/padright_v1.5.2/cashInterrupt.ino:90
            lcd.setCursor(0, 0);
    3aa8:	60 e0       	ldi	r22, 0x00	; 0
    3aaa:	80 e0       	ldi	r24, 0x00	; 0
    3aac:	0e 94 2c 04 	call	0x858	; 0x858 <LiquidCrystal::setCursor(unsigned char, unsigned char) [clone .constprop.28]>
/home/oggy/Documents/arduinoprojects/padright_v1.5.2/cashInterrupt.ino:91
            lcd.print("Received Rs.35");
    3ab0:	8d e7       	ldi	r24, 0x7D	; 125
    3ab2:	95 e0       	ldi	r25, 0x05	; 5
    3ab4:	18 c0       	rjmp	.+48     	; 0x3ae6 <main+0x181a>
/home/oggy/Documents/arduinoprojects/padright_v1.5.2/cashInterrupt.ino:33
        delay(1000);
        isInterrupt = false;
        currentCash = (int)round((float)(cashPulseCounter * cashPulseFactor));
        totalCash += currentCash;
        previous_time2 = millis();
        switch (currentCash) {
    3ab6:	0d 32       	cpi	r16, 0x2D	; 45
    3ab8:	11 05       	cpc	r17, r1
    3aba:	09 f4       	brne	.+2      	; 0x3abe <main+0x17f2>
    3abc:	37 c1       	rjmp	.+622    	; 0x3d2c <main+0x1a60>
    3abe:	02 33       	cpi	r16, 0x32	; 50
    3ac0:	11 05       	cpc	r17, r1
    3ac2:	19 f6       	brne	.-122    	; 0x3a4a <main+0x177e>
/home/oggy/Documents/arduinoprojects/padright_v1.5.2/cashInterrupt.ino:116
            lcd.print("Total: ");
            lcd.print(String(totalCash));
            cashPulseCounter = 0;
            break;
          case FIFTY_RUPEES:
            lcd.clear();
    3ac4:	0e 94 83 03 	call	0x706	; 0x706 <LiquidCrystal::clear() [clone .constprop.51]>
/home/oggy/Documents/arduinoprojects/padright_v1.5.2/cashInterrupt.ino:117
            lcd.setCursor(0, 0);
    3ac8:	60 e0       	ldi	r22, 0x00	; 0
    3aca:	80 e0       	ldi	r24, 0x00	; 0
    3acc:	0e 94 2c 04 	call	0x858	; 0x858 <LiquidCrystal::setCursor(unsigned char, unsigned char) [clone .constprop.28]>
/home/oggy/Documents/arduinoprojects/padright_v1.5.2/cashInterrupt.ino:118
            lcd.print("Received Rs.50");
    3ad0:	8a ea       	ldi	r24, 0xAA	; 170
    3ad2:	95 e0       	ldi	r25, 0x05	; 5
    3ad4:	08 c0       	rjmp	.+16     	; 0x3ae6 <main+0x181a>
/home/oggy/Documents/arduinoprojects/padright_v1.5.2/cashInterrupt.ino:35
        currentCash = (int)round((float)(cashPulseCounter * cashPulseFactor));
        totalCash += currentCash;
        previous_time2 = millis();
        switch (currentCash) {
          case FIVE_RUPEES:
            lcd.clear();
    3ad6:	0e 94 83 03 	call	0x706	; 0x706 <LiquidCrystal::clear() [clone .constprop.51]>
/home/oggy/Documents/arduinoprojects/padright_v1.5.2/cashInterrupt.ino:36
            lcd.setCursor(0, 0);
    3ada:	60 e0       	ldi	r22, 0x00	; 0
    3adc:	80 e0       	ldi	r24, 0x00	; 0
    3ade:	0e 94 2c 04 	call	0x858	; 0x858 <LiquidCrystal::setCursor(unsigned char, unsigned char) [clone .constprop.28]>
/home/oggy/Documents/arduinoprojects/padright_v1.5.2/cashInterrupt.ino:37
            lcd.print("Received Rs.5");
    3ae2:	8c e1       	ldi	r24, 0x1C	; 28
    3ae4:	95 e0       	ldi	r25, 0x05	; 5
/home/oggy/Documents/arduinoprojects/padright_v1.5.2/cashInterrupt.ino:127
            cashPulseCounter = 0;
            break;
          default:
            lcd.clear();
            lcd.setCursor(0, 0);
            lcd.print("Invalid Notes");
    3ae6:	0e 94 c3 0a 	call	0x1586	; 0x1586 <Print::print(char const*) [clone .constprop.45]>
/home/oggy/Documents/arduinoprojects/padright_v1.5.2/cashInterrupt.ino:128
            lcd.setCursor(0, 1);
    3aea:	61 e0       	ldi	r22, 0x01	; 1
    3aec:	80 e0       	ldi	r24, 0x00	; 0
    3aee:	0e 94 2c 04 	call	0x858	; 0x858 <LiquidCrystal::setCursor(unsigned char, unsigned char) [clone .constprop.28]>
/home/oggy/Documents/arduinoprojects/padright_v1.5.2/cashInterrupt.ino:129
            lcd.print("Total: ");
    3af2:	8a e2       	ldi	r24, 0x2A	; 42
    3af4:	95 e0       	ldi	r25, 0x05	; 5
    3af6:	0e 94 c3 0a 	call	0x1586	; 0x1586 <Print::print(char const*) [clone .constprop.45]>
/home/oggy/Documents/arduinoprojects/padright_v1.5.2/cashInterrupt.ino:130
            lcd.print(String(totalCash));
    3afa:	60 91 39 06 	lds	r22, 0x0639	; 0x800639 <totalCash>
    3afe:	70 91 3a 06 	lds	r23, 0x063A	; 0x80063a <totalCash+0x1>
    3b02:	ce 01       	movw	r24, r28
    3b04:	01 96       	adiw	r24, 0x01	; 1
    3b06:	0e 94 fa 0d 	call	0x1bf4	; 0x1bf4 <String::String(int, unsigned char) [clone .constprop.22]>
    3b0a:	be 01       	movw	r22, r28
    3b0c:	6f 5f       	subi	r22, 0xFF	; 255
    3b0e:	7f 4f       	sbci	r23, 0xFF	; 255
    3b10:	87 e1       	ldi	r24, 0x17	; 23
    3b12:	97 e0       	ldi	r25, 0x07	; 7
    3b14:	0e 94 c5 01 	call	0x38a	; 0x38a <Print::print(String const&)>
    3b18:	ce 01       	movw	r24, r28
    3b1a:	01 96       	adiw	r24, 0x01	; 1
    3b1c:	0e 94 7e 0e 	call	0x1cfc	; 0x1cfc <String::~String()>
/home/oggy/Documents/arduinoprojects/padright_v1.5.2/cashInterrupt.ino:131
            cashPulseCounter = 0;
    3b20:	10 92 38 06 	sts	0x0638, r1	; 0x800638 <cashPulseCounter+0x1>
    3b24:	10 92 37 06 	sts	0x0637, r1	; 0x800637 <cashPulseCounter>
/home/oggy/Documents/arduinoprojects/padright_v1.5.2/cashInterrupt.ino:134
            break;
        }
        if (totalCash >= CASH_LIMIT) {
    3b28:	20 91 39 06 	lds	r18, 0x0639	; 0x800639 <totalCash>
    3b2c:	30 91 3a 06 	lds	r19, 0x063A	; 0x80063a <totalCash+0x1>
    3b30:	80 91 17 01 	lds	r24, 0x0117	; 0x800117 <CASH_LIMIT>
    3b34:	90 91 18 01 	lds	r25, 0x0118	; 0x800118 <CASH_LIMIT+0x1>
    3b38:	28 17       	cp	r18, r24
    3b3a:	39 07       	cpc	r19, r25
    3b3c:	0c f4       	brge	.+2      	; 0x3b40 <main+0x1874>
    3b3e:	ff c0       	rjmp	.+510    	; 0x3d3e <main+0x1a72>
/home/oggy/Documents/arduinoprojects/padright_v1.5.2/cashInterrupt.ino:135
          delay(1000);
    3b40:	68 ee       	ldi	r22, 0xE8	; 232
    3b42:	73 e0       	ldi	r23, 0x03	; 3
    3b44:	80 e0       	ldi	r24, 0x00	; 0
    3b46:	90 e0       	ldi	r25, 0x00	; 0
    3b48:	0e 94 85 01 	call	0x30a	; 0x30a <delay>
/home/oggy/Documents/arduinoprojects/padright_v1.5.2/cashInterrupt.ino:136
          lcd.clear();
    3b4c:	0e 94 83 03 	call	0x706	; 0x706 <LiquidCrystal::clear() [clone .constprop.51]>
/home/oggy/Documents/arduinoprojects/padright_v1.5.2/cashInterrupt.ino:137
          lcd.setCursor(0, 0);
    3b50:	60 e0       	ldi	r22, 0x00	; 0
    3b52:	80 e0       	ldi	r24, 0x00	; 0
    3b54:	0e 94 2c 04 	call	0x858	; 0x858 <LiquidCrystal::setCursor(unsigned char, unsigned char) [clone .constprop.28]>
/home/oggy/Documents/arduinoprojects/padright_v1.5.2/cashInterrupt.ino:138
          lcd.print("Cash Limit");
    3b58:	82 ef       	ldi	r24, 0xF2	; 242
    3b5a:	91 e0       	ldi	r25, 0x01	; 1
    3b5c:	0e 94 c3 0a 	call	0x1586	; 0x1586 <Print::print(char const*) [clone .constprop.45]>
/home/oggy/Documents/arduinoprojects/padright_v1.5.2/cashInterrupt.ino:139
          lcd.setCursor(0, 1);
    3b60:	61 e0       	ldi	r22, 0x01	; 1
    3b62:	80 e0       	ldi	r24, 0x00	; 0
    3b64:	0e 94 2c 04 	call	0x858	; 0x858 <LiquidCrystal::setCursor(unsigned char, unsigned char) [clone .constprop.28]>
/home/oggy/Documents/arduinoprojects/padright_v1.5.2/cashInterrupt.ino:140
          lcd.print("Reached");
    3b68:	87 ec       	ldi	r24, 0xC7	; 199
    3b6a:	95 e0       	ldi	r25, 0x05	; 5
    3b6c:	0e 94 c3 0a 	call	0x1586	; 0x1586 <Print::print(char const*) [clone .constprop.45]>
/home/oggy/Documents/arduinoprojects/padright_v1.5.2/cashInterrupt.ino:141
          delay(1000);
    3b70:	68 ee       	ldi	r22, 0xE8	; 232
    3b72:	73 e0       	ldi	r23, 0x03	; 3
    3b74:	80 e0       	ldi	r24, 0x00	; 0
    3b76:	90 e0       	ldi	r25, 0x00	; 0
    3b78:	0e 94 85 01 	call	0x30a	; 0x30a <delay>
/home/oggy/Documents/arduinoprojects/padright_v1.5.2/cashInterrupt.ino:142
          totalCash = CASH_LIMIT;
    3b7c:	80 91 17 01 	lds	r24, 0x0117	; 0x800117 <CASH_LIMIT>
    3b80:	90 91 18 01 	lds	r25, 0x0118	; 0x800118 <CASH_LIMIT+0x1>
    3b84:	90 93 3a 06 	sts	0x063A, r25	; 0x80063a <totalCash+0x1>
    3b88:	80 93 39 06 	sts	0x0639, r24	; 0x800639 <totalCash>
/home/oggy/Documents/arduinoprojects/padright_v1.5.2/cashInterrupt.ino:189
          }
        }
      }
    }

    disableCashAcceptor();
    3b8c:	0e 94 22 09 	call	0x1244	; 0x1244 <disableCashAcceptor()>
/home/oggy/Documents/arduinoprojects/padright_v1.5.2/cashInterrupt.ino:190
    int padsToDispense = (int)round((float)totalCash / CASH_PER_PAD);
    3b90:	e0 90 39 06 	lds	r14, 0x0639	; 0x800639 <totalCash>
    3b94:	f0 90 3a 06 	lds	r15, 0x063A	; 0x80063a <totalCash+0x1>
    3b98:	b7 01       	movw	r22, r14
    3b9a:	0f 2c       	mov	r0, r15
    3b9c:	00 0c       	add	r0, r0
    3b9e:	88 0b       	sbc	r24, r24
    3ba0:	99 0b       	sbc	r25, r25
    3ba2:	0e 94 5e 20 	call	0x40bc	; 0x40bc <__floatsisf>
    3ba6:	4b 01       	movw	r8, r22
    3ba8:	5c 01       	movw	r10, r24
    3baa:	60 91 15 01 	lds	r22, 0x0115	; 0x800115 <CASH_PER_PAD>
    3bae:	70 91 16 01 	lds	r23, 0x0116	; 0x800116 <CASH_PER_PAD+0x1>
    3bb2:	07 2e       	mov	r0, r23
    3bb4:	00 0c       	add	r0, r0
    3bb6:	88 0b       	sbc	r24, r24
    3bb8:	99 0b       	sbc	r25, r25
    3bba:	0e 94 5e 20 	call	0x40bc	; 0x40bc <__floatsisf>
    3bbe:	9b 01       	movw	r18, r22
    3bc0:	ac 01       	movw	r20, r24
    3bc2:	c5 01       	movw	r24, r10
    3bc4:	b4 01       	movw	r22, r8
    3bc6:	0e 94 35 22 	call	0x446a	; 0x446a <__divsf3>
    3bca:	4b 01       	movw	r8, r22
    3bcc:	5c 01       	movw	r10, r24
_Z5roundIfElRKT_.isra.13():
/home/oggy/.arduino15/packages/MiniCore/hardware/avr/3.1.2/cores/MCUdude_corefiles/Arduino.h:325
    3bce:	20 e0       	ldi	r18, 0x00	; 0
    3bd0:	30 e0       	ldi	r19, 0x00	; 0
    3bd2:	a9 01       	movw	r20, r18
    3bd4:	0e 94 dd 22 	call	0x45ba	; 0x45ba <__gesf2>
    3bd8:	20 e0       	ldi	r18, 0x00	; 0
    3bda:	30 e0       	ldi	r19, 0x00	; 0
    3bdc:	40 e0       	ldi	r20, 0x00	; 0
    3bde:	5f e3       	ldi	r21, 0x3F	; 63
    3be0:	87 fd       	sbrc	r24, 7
    3be2:	5c c1       	rjmp	.+696    	; 0x3e9c <main+0x1bd0>
    3be4:	c5 01       	movw	r24, r10
    3be6:	b4 01       	movw	r22, r8
    3be8:	0e 94 c9 21 	call	0x4392	; 0x4392 <__addsf3>
    3bec:	0e 94 a7 22 	call	0x454e	; 0x454e <__fixsfsi>
mangaeCash():
/home/oggy/Documents/arduinoprojects/padright_v1.5.2/cashInterrupt.ino:190
    3bf0:	8b 01       	movw	r16, r22
/home/oggy/Documents/arduinoprojects/padright_v1.5.2/cashInterrupt.ino:191
    if (padsToDispense > 0) {
    3bf2:	16 16       	cp	r1, r22
    3bf4:	17 06       	cpc	r1, r23
    3bf6:	0c f0       	brlt	.+2      	; 0x3bfa <main+0x192e>
    3bf8:	f0 c1       	rjmp	.+992    	; 0x3fda <main+0x1d0e>
dispenseProduct():
/home/oggy/Documents/arduinoprojects/padright_v1.5.2/cashInterrupt.ino:216
}

// run motor when cash is accepted
void dispenseProduct(int runCount) {
  // int totalProductToDispense = runCount;
  if (getStock() != 0) {
    3bfa:	0e 94 8f 09 	call	0x131e	; 0x131e <getStock()>
    3bfe:	89 2b       	or	r24, r25
    3c00:	09 f4       	brne	.+2      	; 0x3c04 <main+0x1938>
    3c02:	d6 c1       	rjmp	.+940    	; 0x3fb0 <main+0x1ce4>
    3c04:	9d e2       	ldi	r25, 0x2D	; 45
    3c06:	c9 2e       	mov	r12, r25
    3c08:	91 e0       	ldi	r25, 0x01	; 1
    3c0a:	d9 2e       	mov	r13, r25
    3c0c:	2f ef       	ldi	r18, 0xFF	; 255
    3c0e:	e2 2e       	mov	r14, r18
    3c10:	26 e0       	ldi	r18, 0x06	; 6
    3c12:	f2 2e       	mov	r15, r18
/home/oggy/Documents/arduinoprojects/padright_v1.5.2/cashInterrupt.ino:217
    for (int i = 0; i < maxRack && runCount > 0; i++) {
    3c14:	20 91 12 01 	lds	r18, 0x0112	; 0x800112 <maxRack>
    3c18:	c6 01       	movw	r24, r12
    3c1a:	8d 52       	subi	r24, 0x2D	; 45
    3c1c:	91 40       	sbci	r25, 0x01	; 1
    3c1e:	28 17       	cp	r18, r24
    3c20:	19 06       	cpc	r1, r25
    3c22:	09 f0       	breq	.+2      	; 0x3c26 <main+0x195a>
    3c24:	0c f4       	brge	.+2      	; 0x3c28 <main+0x195c>
    3c26:	97 c1       	rjmp	.+814    	; 0x3f56 <main+0x1c8a>
    3c28:	10 16       	cp	r1, r16
    3c2a:	11 06       	cpc	r1, r17
    3c2c:	0c f0       	brlt	.+2      	; 0x3c30 <main+0x1964>
    3c2e:	93 c1       	rjmp	.+806    	; 0x3f56 <main+0x1c8a>
getQuantity():
/home/oggy/Documents/arduinoprojects/padright_v1.5.2/padrack.cpp:5
#include "padrack.h"

int padrack::getQuantity()
{
    return quantity;
    3c30:	d7 01       	movw	r26, r14
    3c32:	8d 90       	ld	r8, X+
    3c34:	9c 90       	ld	r9, X
dispenseProduct():
/home/oggy/Documents/arduinoprojects/padright_v1.5.2/cashInterrupt.ino:219
      bool hadStock = rack[i].getQuantity() > 0;
      lcd.clear();
    3c36:	0e 94 83 03 	call	0x706	; 0x706 <LiquidCrystal::clear() [clone .constprop.51]>
getQuantity():
/home/oggy/Documents/arduinoprojects/padright_v1.5.2/padrack.cpp:5
    3c3a:	f7 01       	movw	r30, r14
    3c3c:	a0 80       	ld	r10, Z
    3c3e:	b1 80       	ldd	r11, Z+1	; 0x01
dispenseProduct():
/home/oggy/Documents/arduinoprojects/padright_v1.5.2/cashInterrupt.ino:220
      while (rack[i].getQuantity() > 0 && runCount > 0) {
    3c40:	1a 14       	cp	r1, r10
    3c42:	1b 04       	cpc	r1, r11
    3c44:	0c f0       	brlt	.+2      	; 0x3c48 <main+0x197c>
    3c46:	2f c1       	rjmp	.+606    	; 0x3ea6 <main+0x1bda>
    3c48:	01 15       	cp	r16, r1
    3c4a:	11 05       	cpc	r17, r1
    3c4c:	09 f4       	brne	.+2      	; 0x3c50 <main+0x1984>
    3c4e:	7c c1       	rjmp	.+760    	; 0x3f48 <main+0x1c7c>
/home/oggy/Documents/arduinoprojects/padright_v1.5.2/cashInterrupt.ino:221
        lcd.setCursor(0, 0);
    3c50:	60 e0       	ldi	r22, 0x00	; 0
    3c52:	80 e0       	ldi	r24, 0x00	; 0
    3c54:	0e 94 2c 04 	call	0x858	; 0x858 <LiquidCrystal::setCursor(unsigned char, unsigned char) [clone .constprop.28]>
/home/oggy/Documents/arduinoprojects/padright_v1.5.2/cashInterrupt.ino:222
        lcd.print("Dispensing Pad");
    3c58:	8a ee       	ldi	r24, 0xEA	; 234
    3c5a:	95 e0       	ldi	r25, 0x05	; 5
    3c5c:	0e 94 c3 0a 	call	0x1586	; 0x1586 <Print::print(char const*) [clone .constprop.45]>
/home/oggy/Documents/arduinoprojects/padright_v1.5.2/cashInterrupt.ino:223
        lcd.setCursor(0, 1);
    3c60:	61 e0       	ldi	r22, 0x01	; 1
    3c62:	80 e0       	ldi	r24, 0x00	; 0
    3c64:	0e 94 2c 04 	call	0x858	; 0x858 <LiquidCrystal::setCursor(unsigned char, unsigned char) [clone .constprop.28]>
/home/oggy/Documents/arduinoprojects/padright_v1.5.2/cashInterrupt.ino:224
        lcd.print("Collect Now");
    3c68:	89 ef       	ldi	r24, 0xF9	; 249
    3c6a:	95 e0       	ldi	r25, 0x05	; 5
    3c6c:	0e 94 c3 0a 	call	0x1586	; 0x1586 <Print::print(char const*) [clone .constprop.45]>
/home/oggy/Documents/arduinoprojects/padright_v1.5.2/cashInterrupt.ino:225
        digitalWrite(motor[i], HIGH);
    3c70:	d6 01       	movw	r26, r12
    3c72:	bc 90       	ld	r11, X
    3c74:	61 e0       	ldi	r22, 0x01	; 1
    3c76:	8b 2d       	mov	r24, r11
    3c78:	0e 94 eb 00 	call	0x1d6	; 0x1d6 <digitalWrite>
/home/oggy/Documents/arduinoprojects/padright_v1.5.2/cashInterrupt.ino:226
        delay(motorTimeVariable);
    3c7c:	60 91 10 01 	lds	r22, 0x0110	; 0x800110 <motorTimeVariable>
    3c80:	70 91 11 01 	lds	r23, 0x0111	; 0x800111 <motorTimeVariable+0x1>
    3c84:	07 2e       	mov	r0, r23
    3c86:	00 0c       	add	r0, r0
    3c88:	88 0b       	sbc	r24, r24
    3c8a:	99 0b       	sbc	r25, r25
    3c8c:	0e 94 85 01 	call	0x30a	; 0x30a <delay>
/home/oggy/Documents/arduinoprojects/padright_v1.5.2/cashInterrupt.ino:227
        digitalWrite(motor[i], LOW);
    3c90:	60 e0       	ldi	r22, 0x00	; 0
    3c92:	8b 2d       	mov	r24, r11
    3c94:	0e 94 eb 00 	call	0x1d6	; 0x1d6 <digitalWrite>
decQuantity():
/home/oggy/Documents/arduinoprojects/padright_v1.5.2/padrack.cpp:13
{
    quantity = number;
}
void padrack::decQuantity()
{
    if (quantity != 0)
    3c98:	f7 01       	movw	r30, r14
    3c9a:	80 81       	ld	r24, Z
    3c9c:	91 81       	ldd	r25, Z+1	; 0x01
    3c9e:	00 97       	sbiw	r24, 0x00	; 0
    3ca0:	19 f0       	breq	.+6      	; 0x3ca8 <main+0x19dc>
/home/oggy/Documents/arduinoprojects/padright_v1.5.2/padrack.cpp:15
    {
        quantity--;
    3ca2:	01 97       	sbiw	r24, 0x01	; 1
    3ca4:	91 83       	std	Z+1, r25	; 0x01
    3ca6:	80 83       	st	Z, r24
dispenseProduct():
/home/oggy/Documents/arduinoprojects/padright_v1.5.2/cashInterrupt.ino:229
        rack[i].decQuantity();
        --runCount;
    3ca8:	01 50       	subi	r16, 0x01	; 1
    3caa:	11 09       	sbc	r17, r1
/home/oggy/Documents/arduinoprojects/padright_v1.5.2/cashInterrupt.ino:230
        success(800);
    3cac:	80 e2       	ldi	r24, 0x20	; 32
    3cae:	93 e0       	ldi	r25, 0x03	; 3
    3cb0:	0e 94 7c 09 	call	0x12f8	; 0x12f8 <success(int)>
/home/oggy/Documents/arduinoprojects/padright_v1.5.2/cashInterrupt.ino:231
        delay(1050);
    3cb4:	6a e1       	ldi	r22, 0x1A	; 26
    3cb6:	74 e0       	ldi	r23, 0x04	; 4
    3cb8:	80 e0       	ldi	r24, 0x00	; 0
    3cba:	90 e0       	ldi	r25, 0x00	; 0
    3cbc:	0e 94 85 01 	call	0x30a	; 0x30a <delay>
/home/oggy/Documents/arduinoprojects/padright_v1.5.2/cashInterrupt.ino:232
        lcd.clear();
    3cc0:	0e 94 83 03 	call	0x706	; 0x706 <LiquidCrystal::clear() [clone .constprop.51]>
/home/oggy/Documents/arduinoprojects/padright_v1.5.2/cashInterrupt.ino:233
        delay(150);
    3cc4:	66 e9       	ldi	r22, 0x96	; 150
    3cc6:	70 e0       	ldi	r23, 0x00	; 0
    3cc8:	80 e0       	ldi	r24, 0x00	; 0
    3cca:	90 e0       	ldi	r25, 0x00	; 0
    3ccc:	0e 94 85 01 	call	0x30a	; 0x30a <delay>
    3cd0:	b4 cf       	rjmp	.-152    	; 0x3c3a <main+0x196e>
mangaeCash():
/home/oggy/Documents/arduinoprojects/padright_v1.5.2/cashInterrupt.ino:44
            lcd.print("Total: ");
            lcd.print(String(totalCash));
            cashPulseCounter = 0;
            break;
          case TEN_RUPEES:
            lcd.clear();
    3cd2:	0e 94 83 03 	call	0x706	; 0x706 <LiquidCrystal::clear() [clone .constprop.51]>
/home/oggy/Documents/arduinoprojects/padright_v1.5.2/cashInterrupt.ino:45
            lcd.setCursor(0, 0);
    3cd6:	60 e0       	ldi	r22, 0x00	; 0
    3cd8:	80 e0       	ldi	r24, 0x00	; 0
    3cda:	0e 94 2c 04 	call	0x858	; 0x858 <LiquidCrystal::setCursor(unsigned char, unsigned char) [clone .constprop.28]>
/home/oggy/Documents/arduinoprojects/padright_v1.5.2/cashInterrupt.ino:46
            lcd.print("Received Rs.10");
    3cde:	82 e3       	ldi	r24, 0x32	; 50
    3ce0:	95 e0       	ldi	r25, 0x05	; 5
    3ce2:	01 cf       	rjmp	.-510    	; 0x3ae6 <main+0x181a>
/home/oggy/Documents/arduinoprojects/padright_v1.5.2/cashInterrupt.ino:53
            lcd.print("Total: ");
            lcd.print(String(totalCash));
            cashPulseCounter = 0;
            break;
          case FIFTEEN_RUPEES:
            lcd.clear();
    3ce4:	0e 94 83 03 	call	0x706	; 0x706 <LiquidCrystal::clear() [clone .constprop.51]>
/home/oggy/Documents/arduinoprojects/padright_v1.5.2/cashInterrupt.ino:54
            lcd.setCursor(0, 0);
    3ce8:	60 e0       	ldi	r22, 0x00	; 0
    3cea:	80 e0       	ldi	r24, 0x00	; 0
    3cec:	0e 94 2c 04 	call	0x858	; 0x858 <LiquidCrystal::setCursor(unsigned char, unsigned char) [clone .constprop.28]>
/home/oggy/Documents/arduinoprojects/padright_v1.5.2/cashInterrupt.ino:55
            lcd.print("Received Rs.15");
    3cf0:	81 e4       	ldi	r24, 0x41	; 65
    3cf2:	95 e0       	ldi	r25, 0x05	; 5
    3cf4:	f8 ce       	rjmp	.-528    	; 0x3ae6 <main+0x181a>
/home/oggy/Documents/arduinoprojects/padright_v1.5.2/cashInterrupt.ino:71
            lcd.print("Total: ");
            lcd.print(String(totalCash));
            cashPulseCounter = 0;
            break;
          case TWENTY_FIVE_RUPEES:
            lcd.clear();
    3cf6:	0e 94 83 03 	call	0x706	; 0x706 <LiquidCrystal::clear() [clone .constprop.51]>
/home/oggy/Documents/arduinoprojects/padright_v1.5.2/cashInterrupt.ino:72
            lcd.setCursor(0, 0);
    3cfa:	60 e0       	ldi	r22, 0x00	; 0
    3cfc:	80 e0       	ldi	r24, 0x00	; 0
    3cfe:	0e 94 2c 04 	call	0x858	; 0x858 <LiquidCrystal::setCursor(unsigned char, unsigned char) [clone .constprop.28]>
/home/oggy/Documents/arduinoprojects/padright_v1.5.2/cashInterrupt.ino:73
            lcd.print("Received Rs.25");
    3d02:	8f e5       	ldi	r24, 0x5F	; 95
    3d04:	95 e0       	ldi	r25, 0x05	; 5
    3d06:	ef ce       	rjmp	.-546    	; 0x3ae6 <main+0x181a>
/home/oggy/Documents/arduinoprojects/padright_v1.5.2/cashInterrupt.ino:80
            lcd.print("Total: ");
            lcd.print(String(totalCash));
            cashPulseCounter = 0;
            break;
          case THIRTY_RUPEES:
            lcd.clear();
    3d08:	0e 94 83 03 	call	0x706	; 0x706 <LiquidCrystal::clear() [clone .constprop.51]>
/home/oggy/Documents/arduinoprojects/padright_v1.5.2/cashInterrupt.ino:81
            lcd.setCursor(0, 0);
    3d0c:	60 e0       	ldi	r22, 0x00	; 0
    3d0e:	80 e0       	ldi	r24, 0x00	; 0
    3d10:	0e 94 2c 04 	call	0x858	; 0x858 <LiquidCrystal::setCursor(unsigned char, unsigned char) [clone .constprop.28]>
/home/oggy/Documents/arduinoprojects/padright_v1.5.2/cashInterrupt.ino:82
            lcd.print("Received Rs.30");
    3d14:	8e e6       	ldi	r24, 0x6E	; 110
    3d16:	95 e0       	ldi	r25, 0x05	; 5
    3d18:	e6 ce       	rjmp	.-564    	; 0x3ae6 <main+0x181a>
/home/oggy/Documents/arduinoprojects/padright_v1.5.2/cashInterrupt.ino:98
            lcd.print("Total: ");
            lcd.print(String(totalCash));
            cashPulseCounter = 0;
            break;
          case FOURTY_RUPEES:
            lcd.clear();
    3d1a:	0e 94 83 03 	call	0x706	; 0x706 <LiquidCrystal::clear() [clone .constprop.51]>
/home/oggy/Documents/arduinoprojects/padright_v1.5.2/cashInterrupt.ino:99
            lcd.setCursor(0, 0);
    3d1e:	60 e0       	ldi	r22, 0x00	; 0
    3d20:	80 e0       	ldi	r24, 0x00	; 0
    3d22:	0e 94 2c 04 	call	0x858	; 0x858 <LiquidCrystal::setCursor(unsigned char, unsigned char) [clone .constprop.28]>
/home/oggy/Documents/arduinoprojects/padright_v1.5.2/cashInterrupt.ino:100
            lcd.print("Received Rs.40");
    3d26:	8c e8       	ldi	r24, 0x8C	; 140
    3d28:	95 e0       	ldi	r25, 0x05	; 5
    3d2a:	dd ce       	rjmp	.-582    	; 0x3ae6 <main+0x181a>
/home/oggy/Documents/arduinoprojects/padright_v1.5.2/cashInterrupt.ino:107
            lcd.print("Total: ");
            lcd.print(String(totalCash));
            cashPulseCounter = 0;
            break;
          case FOURTY_FIVE_RUPEES:
            lcd.clear();
    3d2c:	0e 94 83 03 	call	0x706	; 0x706 <LiquidCrystal::clear() [clone .constprop.51]>
/home/oggy/Documents/arduinoprojects/padright_v1.5.2/cashInterrupt.ino:108
            lcd.setCursor(0, 0);
    3d30:	60 e0       	ldi	r22, 0x00	; 0
    3d32:	80 e0       	ldi	r24, 0x00	; 0
    3d34:	0e 94 2c 04 	call	0x858	; 0x858 <LiquidCrystal::setCursor(unsigned char, unsigned char) [clone .constprop.28]>
/home/oggy/Documents/arduinoprojects/padright_v1.5.2/cashInterrupt.ino:109
            lcd.print("Received Rs.45");
    3d38:	8b e9       	ldi	r24, 0x9B	; 155
    3d3a:	95 e0       	ldi	r25, 0x05	; 5
    3d3c:	d4 ce       	rjmp	.-600    	; 0x3ae6 <main+0x181a>
/home/oggy/Documents/arduinoprojects/padright_v1.5.2/cashInterrupt.ino:145
          lcd.print("Reached");
          delay(1000);
          totalCash = CASH_LIMIT;
          break;
        } else {
          enableCashAcceptor();
    3d3e:	0e 94 1e 09 	call	0x123c	; 0x123c <enableCashAcceptor()>
/home/oggy/Documents/arduinoprojects/padright_v1.5.2/cashInterrupt.ino:150
        }
      }

      // Only for machine in which pad cost Rs 10. This is to wait until there is multiple of CASH_PER_PAD
      if (totalCash % CASH_PER_PAD != 0) {
    3d42:	e0 90 39 06 	lds	r14, 0x0639	; 0x800639 <totalCash>
    3d46:	f0 90 3a 06 	lds	r15, 0x063A	; 0x80063a <totalCash+0x1>
    3d4a:	60 91 15 01 	lds	r22, 0x0115	; 0x800115 <CASH_PER_PAD>
    3d4e:	70 91 16 01 	lds	r23, 0x0116	; 0x800116 <CASH_PER_PAD+0x1>
    3d52:	c7 01       	movw	r24, r14
    3d54:	0e 94 e2 22 	call	0x45c4	; 0x45c4 <__divmodhi4>
    3d58:	89 2b       	or	r24, r25
    3d5a:	09 f4       	brne	.+2      	; 0x3d5e <main+0x1a92>
    3d5c:	e1 cd       	rjmp	.-1086   	; 0x3920 <main+0x1654>
/home/oggy/Documents/arduinoprojects/padright_v1.5.2/cashInterrupt.ino:151
        uint32_t _time = millis();
    3d5e:	0e 94 b8 01 	call	0x370	; 0x370 <millis>
    3d62:	2b 01       	movw	r4, r22
    3d64:	3c 01       	movw	r6, r24
/home/oggy/Documents/arduinoprojects/padright_v1.5.2/cashInterrupt.ino:152
        int remaining = CASH_PER_PAD - (totalCash % CASH_PER_PAD);
    3d66:	00 91 15 01 	lds	r16, 0x0115	; 0x800115 <CASH_PER_PAD>
    3d6a:	10 91 16 01 	lds	r17, 0x0116	; 0x800116 <CASH_PER_PAD+0x1>
    3d6e:	c7 01       	movw	r24, r14
    3d70:	b8 01       	movw	r22, r16
    3d72:	0e 94 e2 22 	call	0x45c4	; 0x45c4 <__divmodhi4>
    3d76:	08 1b       	sub	r16, r24
    3d78:	19 0b       	sbc	r17, r25
/home/oggy/Documents/arduinoprojects/padright_v1.5.2/cashInterrupt.ino:153
        delay(1000);
    3d7a:	68 ee       	ldi	r22, 0xE8	; 232
    3d7c:	73 e0       	ldi	r23, 0x03	; 3
    3d7e:	80 e0       	ldi	r24, 0x00	; 0
    3d80:	90 e0       	ldi	r25, 0x00	; 0
    3d82:	0e 94 85 01 	call	0x30a	; 0x30a <delay>
/home/oggy/Documents/arduinoprojects/padright_v1.5.2/cashInterrupt.ino:154
        lcd.clear();
    3d86:	0e 94 83 03 	call	0x706	; 0x706 <LiquidCrystal::clear() [clone .constprop.51]>
/home/oggy/Documents/arduinoprojects/padright_v1.5.2/cashInterrupt.ino:155
        lcd.setCursor(0, 0);
    3d8a:	60 e0       	ldi	r22, 0x00	; 0
    3d8c:	80 e0       	ldi	r24, 0x00	; 0
    3d8e:	0e 94 2c 04 	call	0x858	; 0x858 <LiquidCrystal::setCursor(unsigned char, unsigned char) [clone .constprop.28]>
/home/oggy/Documents/arduinoprojects/padright_v1.5.2/cashInterrupt.ino:156
        lcd.print("Insert Rs.");
    3d92:	8f ec       	ldi	r24, 0xCF	; 207
    3d94:	95 e0       	ldi	r25, 0x05	; 5
    3d96:	0e 94 c3 0a 	call	0x1586	; 0x1586 <Print::print(char const*) [clone .constprop.45]>
/home/oggy/Documents/arduinoprojects/padright_v1.5.2/cashInterrupt.ino:157
        lcd.print(remaining);
    3d9a:	c8 01       	movw	r24, r16
    3d9c:	0e 94 96 0a 	call	0x152c	; 0x152c <Print::print(int, int) [clone .constprop.29]>
/home/oggy/Documents/arduinoprojects/padright_v1.5.2/cashInterrupt.ino:158
        lcd.print(" more");
    3da0:	8a ed       	ldi	r24, 0xDA	; 218
    3da2:	95 e0       	ldi	r25, 0x05	; 5
    3da4:	0e 94 c3 0a 	call	0x1586	; 0x1586 <Print::print(char const*) [clone .constprop.45]>
/home/oggy/Documents/arduinoprojects/padright_v1.5.2/cashInterrupt.ino:159
        lcd.setCursor(0, 1);
    3da8:	61 e0       	ldi	r22, 0x01	; 1
    3daa:	80 e0       	ldi	r24, 0x00	; 0
    3dac:	0e 94 2c 04 	call	0x858	; 0x858 <LiquidCrystal::setCursor(unsigned char, unsigned char) [clone .constprop.28]>
/home/oggy/Documents/arduinoprojects/padright_v1.5.2/cashInterrupt.ino:160
        lcd.print("Waiting..");
    3db0:	80 ee       	ldi	r24, 0xE0	; 224
    3db2:	95 e0       	ldi	r25, 0x05	; 5
    3db4:	0e 94 c3 0a 	call	0x1586	; 0x1586 <Print::print(char const*) [clone .constprop.45]>
main():
/home/oggy/Documents/arduinoprojects/padright_v1.5.2/cashInterrupt.ino:162

        uint32_t lastwait = 0;
    3db8:	81 2c       	mov	r8, r1
    3dba:	91 2c       	mov	r9, r1
    3dbc:	54 01       	movw	r10, r8
mangaeCash():
/home/oggy/Documents/arduinoprojects/padright_v1.5.2/cashInterrupt.ino:164

        while (totalCash % CASH_PER_PAD != 0) {
    3dbe:	80 91 39 06 	lds	r24, 0x0639	; 0x800639 <totalCash>
    3dc2:	90 91 3a 06 	lds	r25, 0x063A	; 0x80063a <totalCash+0x1>
    3dc6:	60 91 15 01 	lds	r22, 0x0115	; 0x800115 <CASH_PER_PAD>
    3dca:	70 91 16 01 	lds	r23, 0x0116	; 0x800116 <CASH_PER_PAD+0x1>
    3dce:	0e 94 e2 22 	call	0x45c4	; 0x45c4 <__divmodhi4>
    3dd2:	89 2b       	or	r24, r25
    3dd4:	09 f4       	brne	.+2      	; 0x3dd8 <main+0x1b0c>
    3dd6:	a4 cd       	rjmp	.-1208   	; 0x3920 <main+0x1654>
/home/oggy/Documents/arduinoprojects/padright_v1.5.2/cashInterrupt.ino:165
          uint32_t elapsed = (millis() - _time) / 1000;  // Update elapsed time each iteration
    3dd8:	0e 94 b8 01 	call	0x370	; 0x370 <millis>
    3ddc:	64 19       	sub	r22, r4
    3dde:	75 09       	sbc	r23, r5
    3de0:	86 09       	sbc	r24, r6
    3de2:	97 09       	sbc	r25, r7
    3de4:	28 ee       	ldi	r18, 0xE8	; 232
    3de6:	33 e0       	ldi	r19, 0x03	; 3
    3de8:	40 e0       	ldi	r20, 0x00	; 0
    3dea:	50 e0       	ldi	r21, 0x00	; 0
    3dec:	0e 94 f6 22 	call	0x45ec	; 0x45ec <__udivmodsi4>
    3df0:	69 01       	movw	r12, r18
    3df2:	7a 01       	movw	r14, r20
/home/oggy/Documents/arduinoprojects/padright_v1.5.2/cashInterrupt.ino:167

          if (elapsed <= 10) {
    3df4:	bb e0       	ldi	r27, 0x0B	; 11
    3df6:	cb 16       	cp	r12, r27
    3df8:	d1 04       	cpc	r13, r1
    3dfa:	e1 04       	cpc	r14, r1
    3dfc:	f1 04       	cpc	r15, r1
    3dfe:	88 f5       	brcc	.+98     	; 0x3e62 <main+0x1b96>
/home/oggy/Documents/arduinoprojects/padright_v1.5.2/cashInterrupt.ino:168
            if (elapsed != lastwait) {
    3e00:	c8 14       	cp	r12, r8
    3e02:	d9 04       	cpc	r13, r9
    3e04:	ea 04       	cpc	r14, r10
    3e06:	fb 04       	cpc	r15, r11
    3e08:	61 f1       	breq	.+88     	; 0x3e62 <main+0x1b96>
/home/oggy/Documents/arduinoprojects/padright_v1.5.2/cashInterrupt.ino:169
              lcd.setCursor(9, 1);
    3e0a:	61 e0       	ldi	r22, 0x01	; 1
    3e0c:	89 e0       	ldi	r24, 0x09	; 9
    3e0e:	0e 94 2c 04 	call	0x858	; 0x858 <LiquidCrystal::setCursor(unsigned char, unsigned char) [clone .constprop.28]>
_ZN6String4initEv():
/home/oggy/.arduino15/packages/MiniCore/hardware/avr/3.1.2/cores/MCUdude_corefiles/WString.cpp:134
/*  Memory Management                        */
/*********************************************/

inline void String::init(void)
{
  buffer = NULL;
    3e12:	1b a2       	std	Y+35, r1	; 0x23
    3e14:	1a a2       	std	Y+34, r1	; 0x22
/home/oggy/.arduino15/packages/MiniCore/hardware/avr/3.1.2/cores/MCUdude_corefiles/WString.cpp:135
  capacity = 0;
    3e16:	1d a2       	std	Y+37, r1	; 0x25
    3e18:	1c a2       	std	Y+36, r1	; 0x24
/home/oggy/.arduino15/packages/MiniCore/hardware/avr/3.1.2/cores/MCUdude_corefiles/WString.cpp:136
  len = 0;
    3e1a:	1f a2       	std	Y+39, r1	; 0x27
    3e1c:	1e a2       	std	Y+38, r1	; 0x26
ultoa():
/home/oggy/.arduino15/packages/arduino/tools/avr-gcc/7.3.0-atmel3.6.1-arduino7/avr/include/stdlib.h:569
    } else if (__radix < 2 || __radix > 36) {
	*__s = 0;
	return __s;
    } else {
	extern char *__ultoa_ncheck (unsigned long, char *, unsigned char);
	return __ultoa_ncheck (__val, __s, __radix);
    3e1e:	2a e0       	ldi	r18, 0x0A	; 10
    3e20:	ae 01       	movw	r20, r28
    3e22:	4f 5f       	subi	r20, 0xFF	; 255
    3e24:	5f 4f       	sbci	r21, 0xFF	; 255
    3e26:	6a e0       	ldi	r22, 0x0A	; 10
    3e28:	70 e0       	ldi	r23, 0x00	; 0
    3e2a:	80 e0       	ldi	r24, 0x00	; 0
    3e2c:	90 e0       	ldi	r25, 0x00	; 0
    3e2e:	6c 19       	sub	r22, r12
    3e30:	7d 09       	sbc	r23, r13
    3e32:	8e 09       	sbc	r24, r14
    3e34:	9f 09       	sbc	r25, r15
    3e36:	0e 94 10 20 	call	0x4020	; 0x4020 <__ultoa_ncheck>
operator=():
    3e3a:	be 01       	movw	r22, r28
    3e3c:	6f 5f       	subi	r22, 0xFF	; 255
    3e3e:	7f 4f       	sbci	r23, 0xFF	; 255
    3e40:	ce 01       	movw	r24, r28
    3e42:	82 96       	adiw	r24, 0x22	; 34
    3e44:	0e 94 f0 0d 	call	0x1be0	; 0x1be0 <String::operator=(char const*) [clone .part.3]>
mangaeCash():
/home/oggy/Documents/arduinoprojects/padright_v1.5.2/cashInterrupt.ino:170
              lcd.print(String(10 - elapsed));
    3e48:	be 01       	movw	r22, r28
    3e4a:	6e 5d       	subi	r22, 0xDE	; 222
    3e4c:	7f 4f       	sbci	r23, 0xFF	; 255
    3e4e:	87 e1       	ldi	r24, 0x17	; 23
    3e50:	97 e0       	ldi	r25, 0x07	; 7
    3e52:	0e 94 c5 01 	call	0x38a	; 0x38a <Print::print(String const&)>
    3e56:	ce 01       	movw	r24, r28
    3e58:	82 96       	adiw	r24, 0x22	; 34
    3e5a:	0e 94 7e 0e 	call	0x1cfc	; 0x1cfc <String::~String()>
    3e5e:	46 01       	movw	r8, r12
    3e60:	57 01       	movw	r10, r14
/home/oggy/Documents/arduinoprojects/padright_v1.5.2/cashInterrupt.ino:175
              lastwait = elapsed;
            }
          }
          // Optional: Add a small delay to prevent too many LCD updates
          delay(100);
    3e62:	64 e6       	ldi	r22, 0x64	; 100
    3e64:	70 e0       	ldi	r23, 0x00	; 0
    3e66:	80 e0       	ldi	r24, 0x00	; 0
    3e68:	90 e0       	ldi	r25, 0x00	; 0
    3e6a:	0e 94 85 01 	call	0x30a	; 0x30a <delay>
/home/oggy/Documents/arduinoprojects/padright_v1.5.2/cashInterrupt.ino:178

          // Check if cash was updated via interrupt or coin acceptor
          if (isInterrupt) {
    3e6e:	80 91 3f 06 	lds	r24, 0x063F	; 0x80063f <isInterrupt>
    3e72:	88 23       	and	r24, r24
    3e74:	59 f0       	breq	.+22     	; 0x3e8c <main+0x1bc0>
/home/oggy/Documents/arduinoprojects/padright_v1.5.2/cashInterrupt.ino:179
            previous_time2 = millis();
    3e76:	0e 94 b8 01 	call	0x370	; 0x370 <millis>
    3e7a:	60 93 3b 06 	sts	0x063B, r22	; 0x80063b <previous_time2>
    3e7e:	70 93 3c 06 	sts	0x063C, r23	; 0x80063c <previous_time2+0x1>
    3e82:	80 93 3d 06 	sts	0x063D, r24	; 0x80063d <previous_time2+0x2>
    3e86:	90 93 3e 06 	sts	0x063E, r25	; 0x80063e <previous_time2+0x3>
    3e8a:	4a cd       	rjmp	.-1388   	; 0x3920 <main+0x1654>
/home/oggy/Documents/arduinoprojects/padright_v1.5.2/cashInterrupt.ino:182
            break;
          }
          if (elapsed >= 10) {
    3e8c:	ea e0       	ldi	r30, 0x0A	; 10
    3e8e:	ce 16       	cp	r12, r30
    3e90:	d1 04       	cpc	r13, r1
    3e92:	e1 04       	cpc	r14, r1
    3e94:	f1 04       	cpc	r15, r1
    3e96:	08 f4       	brcc	.+2      	; 0x3e9a <main+0x1bce>
    3e98:	92 cf       	rjmp	.-220    	; 0x3dbe <main+0x1af2>
    3e9a:	42 cd       	rjmp	.-1404   	; 0x3920 <main+0x1654>
_Z5roundIfElRKT_.isra.13():
/home/oggy/.arduino15/packages/MiniCore/hardware/avr/3.1.2/cores/MCUdude_corefiles/Arduino.h:325
    3e9c:	c5 01       	movw	r24, r10
    3e9e:	b4 01       	movw	r22, r8
    3ea0:	0e 94 c8 21 	call	0x4390	; 0x4390 <__subsf3>
    3ea4:	a3 ce       	rjmp	.-698    	; 0x3bec <main+0x1920>
dispenseProduct():
/home/oggy/Documents/arduinoprojects/padright_v1.5.2/cashInterrupt.ino:236
        delay(1050);
        lcd.clear();
        delay(150);
      }
      //  at this movement stock fininshed at rack[i] and still more runs needed
      if (hadStock && rack[i].getQuantity() == 0 && runCount > 0) {
    3ea6:	18 14       	cp	r1, r8
    3ea8:	19 04       	cpc	r1, r9
    3eaa:	0c f0       	brlt	.+2      	; 0x3eae <main+0x1be2>
    3eac:	4d c0       	rjmp	.+154    	; 0x3f48 <main+0x1c7c>
    3eae:	a1 14       	cp	r10, r1
    3eb0:	b1 04       	cpc	r11, r1
    3eb2:	09 f0       	breq	.+2      	; 0x3eb6 <main+0x1bea>
    3eb4:	49 c0       	rjmp	.+146    	; 0x3f48 <main+0x1c7c>
    3eb6:	01 15       	cp	r16, r1
    3eb8:	11 05       	cpc	r17, r1
    3eba:	09 f4       	brne	.+2      	; 0x3ebe <main+0x1bf2>
    3ebc:	45 c0       	rjmp	.+138    	; 0x3f48 <main+0x1c7c>
main():
/home/oggy/.arduino15/packages/MiniCore/hardware/avr/3.1.2/cores/MCUdude_corefiles/Arduino.h:315
		return x > 0 ? x : -x;
	}

	template<class T, class L>
	auto min(const T& a, const L& b) -> decltype((b < a) ? b : a) {
		return (b < a) ? b : a;
    3ebe:	84 e0       	ldi	r24, 0x04	; 4
    3ec0:	88 2e       	mov	r8, r24
    3ec2:	91 2c       	mov	r9, r1
_Z3minIiiEDTqultfp0_fp_fp0_fp_ERKT_RKT0_():
    3ec4:	04 30       	cpi	r16, 0x04	; 4
    3ec6:	11 05       	cpc	r17, r1
    3ec8:	0c f4       	brge	.+2      	; 0x3ecc <main+0x1c00>
    3eca:	48 01       	movw	r8, r16
runExtra():
/home/oggy/Documents/arduinoprojects/padright_v1.5.2/cashInterrupt.ino:264
  digitalWrite(inhibit, LOW);
}
void runExtra(int &runCount, int i) {
  int extraToRun = min(maxExtraMotorRun, runCount);
  for (int j = 0; j < extraToRun; j++) {
    lcd.setCursor(0, 0);
    3ecc:	60 e0       	ldi	r22, 0x00	; 0
    3ece:	80 e0       	ldi	r24, 0x00	; 0
    3ed0:	0e 94 2c 04 	call	0x858	; 0x858 <LiquidCrystal::setCursor(unsigned char, unsigned char) [clone .constprop.28]>
/home/oggy/Documents/arduinoprojects/padright_v1.5.2/cashInterrupt.ino:265
    lcd.print("Dispensing Pad");
    3ed4:	8a ee       	ldi	r24, 0xEA	; 234
    3ed6:	95 e0       	ldi	r25, 0x05	; 5
    3ed8:	0e 94 c3 0a 	call	0x1586	; 0x1586 <Print::print(char const*) [clone .constprop.45]>
/home/oggy/Documents/arduinoprojects/padright_v1.5.2/cashInterrupt.ino:266
    lcd.setCursor(0, 1);
    3edc:	61 e0       	ldi	r22, 0x01	; 1
    3ede:	80 e0       	ldi	r24, 0x00	; 0
    3ee0:	0e 94 2c 04 	call	0x858	; 0x858 <LiquidCrystal::setCursor(unsigned char, unsigned char) [clone .constprop.28]>
/home/oggy/Documents/arduinoprojects/padright_v1.5.2/cashInterrupt.ino:267
    lcd.print("Collect Now");
    3ee4:	89 ef       	ldi	r24, 0xF9	; 249
    3ee6:	95 e0       	ldi	r25, 0x05	; 5
    3ee8:	0e 94 c3 0a 	call	0x1586	; 0x1586 <Print::print(char const*) [clone .constprop.45]>
/home/oggy/Documents/arduinoprojects/padright_v1.5.2/cashInterrupt.ino:268
    digitalWrite(motor[i], HIGH);
    3eec:	d6 01       	movw	r26, r12
    3eee:	7c 90       	ld	r7, X
    3ef0:	61 e0       	ldi	r22, 0x01	; 1
    3ef2:	87 2d       	mov	r24, r7
    3ef4:	0e 94 eb 00 	call	0x1d6	; 0x1d6 <digitalWrite>
/home/oggy/Documents/arduinoprojects/padright_v1.5.2/cashInterrupt.ino:269
    delay(motorTimeVariable);
    3ef8:	60 91 10 01 	lds	r22, 0x0110	; 0x800110 <motorTimeVariable>
    3efc:	70 91 11 01 	lds	r23, 0x0111	; 0x800111 <motorTimeVariable+0x1>
    3f00:	07 2e       	mov	r0, r23
    3f02:	00 0c       	add	r0, r0
    3f04:	88 0b       	sbc	r24, r24
    3f06:	99 0b       	sbc	r25, r25
    3f08:	0e 94 85 01 	call	0x30a	; 0x30a <delay>
/home/oggy/Documents/arduinoprojects/padright_v1.5.2/cashInterrupt.ino:270
    digitalWrite(motor[i], LOW);
    3f0c:	60 e0       	ldi	r22, 0x00	; 0
    3f0e:	87 2d       	mov	r24, r7
    3f10:	0e 94 eb 00 	call	0x1d6	; 0x1d6 <digitalWrite>
/home/oggy/Documents/arduinoprojects/padright_v1.5.2/cashInterrupt.ino:272
    --runCount;
    success(800);
    3f14:	80 e2       	ldi	r24, 0x20	; 32
    3f16:	93 e0       	ldi	r25, 0x03	; 3
    3f18:	0e 94 7c 09 	call	0x12f8	; 0x12f8 <success(int)>
/home/oggy/Documents/arduinoprojects/padright_v1.5.2/cashInterrupt.ino:273
    delay(1050);
    3f1c:	6a e1       	ldi	r22, 0x1A	; 26
    3f1e:	74 e0       	ldi	r23, 0x04	; 4
    3f20:	80 e0       	ldi	r24, 0x00	; 0
    3f22:	90 e0       	ldi	r25, 0x00	; 0
    3f24:	0e 94 85 01 	call	0x30a	; 0x30a <delay>
/home/oggy/Documents/arduinoprojects/padright_v1.5.2/cashInterrupt.ino:274
    lcd.clear();
    3f28:	0e 94 83 03 	call	0x706	; 0x706 <LiquidCrystal::clear() [clone .constprop.51]>
/home/oggy/Documents/arduinoprojects/padright_v1.5.2/cashInterrupt.ino:275
    delay(150);
    3f2c:	66 e9       	ldi	r22, 0x96	; 150
    3f2e:	70 e0       	ldi	r23, 0x00	; 0
    3f30:	80 e0       	ldi	r24, 0x00	; 0
    3f32:	90 e0       	ldi	r25, 0x00	; 0
    3f34:	0e 94 85 01 	call	0x30a	; 0x30a <delay>
/home/oggy/Documents/arduinoprojects/padright_v1.5.2/cashInterrupt.ino:263
void enableCashAcceptor() {
  digitalWrite(inhibit, LOW);
}
void runExtra(int &runCount, int i) {
  int extraToRun = min(maxExtraMotorRun, runCount);
  for (int j = 0; j < extraToRun; j++) {
    3f38:	bf ef       	ldi	r27, 0xFF	; 255
    3f3a:	ab 1a       	sub	r10, r27
    3f3c:	bb 0a       	sbc	r11, r27
    3f3e:	8a 14       	cp	r8, r10
    3f40:	9b 04       	cpc	r9, r11
    3f42:	21 f6       	brne	.-120    	; 0x3ecc <main+0x1c00>
    3f44:	08 19       	sub	r16, r8
    3f46:	19 09       	sbc	r17, r9
    3f48:	e4 e0       	ldi	r30, 0x04	; 4
    3f4a:	ee 0e       	add	r14, r30
    3f4c:	f1 1c       	adc	r15, r1
    3f4e:	ff ef       	ldi	r31, 0xFF	; 255
    3f50:	cf 1a       	sub	r12, r31
    3f52:	df 0a       	sbc	r13, r31
    3f54:	5f ce       	rjmp	.-834    	; 0x3c14 <main+0x1948>
dispenseProduct():
/home/oggy/Documents/arduinoprojects/padright_v1.5.2/cashInterrupt.ino:240
      //  at this movement stock fininshed at rack[i] and still more runs needed
      if (hadStock && rack[i].getQuantity() == 0 && runCount > 0) {
        runExtra(runCount, i);
      }
    }
    writeToEPPROM('r');
    3f56:	82 e7       	ldi	r24, 0x72	; 114
    3f58:	0e 94 b6 0f 	call	0x1f6c	; 0x1f6c <writeToEPPROM(char)>
/home/oggy/Documents/arduinoprojects/padright_v1.5.2/cashInterrupt.ino:250
    lcd.print("Sorry");
    lcd.setCursor(0, 1);
    lcd.print("No Stocks");
    warning();
  }
  state = 0;
    3f5c:	10 92 41 06 	sts	0x0641, r1	; 0x800641 <state+0x1>
    3f60:	10 92 40 06 	sts	0x0640, r1	; 0x800640 <state>
/home/oggy/Documents/arduinoprojects/padright_v1.5.2/cashInterrupt.ino:251
  status = 'n';
    3f64:	8e e6       	ldi	r24, 0x6E	; 110
    3f66:	80 93 14 01 	sts	0x0114, r24	; 0x800114 <status>
/home/oggy/Documents/arduinoprojects/padright_v1.5.2/cashInterrupt.ino:252
  changeDone = true;
    3f6a:	81 e0       	ldi	r24, 0x01	; 1
    3f6c:	80 93 13 01 	sts	0x0113, r24	; 0x800113 <changeDone>
/home/oggy/Documents/arduinoprojects/padright_v1.5.2/cashInterrupt.ino:253
  menu();
    3f70:	0e 94 bc 0b 	call	0x1778	; 0x1778 <menu()>
mangaeCash():
/home/oggy/Documents/arduinoprojects/padright_v1.5.2/cashInterrupt.ino:201
      lcd.print("Invalid Amount");
      lcd.setCursor(0, 1);
      lcd.print("Error!!");
      warning();
    }
    currentCash = 0;
    3f74:	10 92 36 06 	sts	0x0636, r1	; 0x800636 <currentCash+0x1>
    3f78:	10 92 35 06 	sts	0x0635, r1	; 0x800635 <currentCash>
/home/oggy/Documents/arduinoprojects/padright_v1.5.2/cashInterrupt.ino:202
    totalCash = 0;
    3f7c:	10 92 3a 06 	sts	0x063A, r1	; 0x80063a <totalCash+0x1>
    3f80:	10 92 39 06 	sts	0x0639, r1	; 0x800639 <totalCash>
/home/oggy/Documents/arduinoprojects/padright_v1.5.2/cashInterrupt.ino:203
    cashPulseCounter = 0;
    3f84:	10 92 38 06 	sts	0x0638, r1	; 0x800638 <cashPulseCounter+0x1>
    3f88:	10 92 37 06 	sts	0x0637, r1	; 0x800637 <cashPulseCounter>
/home/oggy/Documents/arduinoprojects/padright_v1.5.2/cashInterrupt.ino:204
    enableCashAcceptor();
    3f8c:	0e 94 1e 09 	call	0x123c	; 0x123c <enableCashAcceptor()>
/home/oggy/Documents/arduinoprojects/padright_v1.5.2/cashInterrupt.ino:205
    isInterrupt = false;
    3f90:	10 92 3f 06 	sts	0x063F, r1	; 0x80063f <isInterrupt>
/home/oggy/Documents/arduinoprojects/padright_v1.5.2/cashInterrupt.ino:206
    state = 0;
    3f94:	10 92 41 06 	sts	0x0641, r1	; 0x800641 <state+0x1>
    3f98:	10 92 40 06 	sts	0x0640, r1	; 0x800640 <state>
/home/oggy/Documents/arduinoprojects/padright_v1.5.2/cashInterrupt.ino:207
    status = 'n';
    3f9c:	8e e6       	ldi	r24, 0x6E	; 110
    3f9e:	80 93 14 01 	sts	0x0114, r24	; 0x800114 <status>
/home/oggy/Documents/arduinoprojects/padright_v1.5.2/cashInterrupt.ino:208
    changeDone = true;
    3fa2:	81 e0       	ldi	r24, 0x01	; 1
    3fa4:	80 93 13 01 	sts	0x0113, r24	; 0x800113 <changeDone>
/home/oggy/Documents/arduinoprojects/padright_v1.5.2/cashInterrupt.ino:209
    menu();
    3fa8:	0e 94 bc 0b 	call	0x1778	; 0x1778 <menu()>
    3fac:	0c 94 77 16 	jmp	0x2cee	; 0x2cee <main+0xa22>
dispenseProduct():
/home/oggy/Documents/arduinoprojects/padright_v1.5.2/cashInterrupt.ino:243
      }
    }
    writeToEPPROM('r');
  } else  // print if no stock remaining
  {
    lcd.clear();
    3fb0:	0e 94 83 03 	call	0x706	; 0x706 <LiquidCrystal::clear() [clone .constprop.51]>
/home/oggy/Documents/arduinoprojects/padright_v1.5.2/cashInterrupt.ino:244
    lcd.setCursor(0, 0);
    3fb4:	60 e0       	ldi	r22, 0x00	; 0
    3fb6:	80 e0       	ldi	r24, 0x00	; 0
    3fb8:	0e 94 2c 04 	call	0x858	; 0x858 <LiquidCrystal::setCursor(unsigned char, unsigned char) [clone .constprop.28]>
/home/oggy/Documents/arduinoprojects/padright_v1.5.2/cashInterrupt.ino:245
    lcd.print("Sorry");
    3fbc:	8a eb       	ldi	r24, 0xBA	; 186
    3fbe:	94 e0       	ldi	r25, 0x04	; 4
    3fc0:	0e 94 c3 0a 	call	0x1586	; 0x1586 <Print::print(char const*) [clone .constprop.45]>
/home/oggy/Documents/arduinoprojects/padright_v1.5.2/cashInterrupt.ino:246
    lcd.setCursor(0, 1);
    3fc4:	61 e0       	ldi	r22, 0x01	; 1
    3fc6:	80 e0       	ldi	r24, 0x00	; 0
    3fc8:	0e 94 2c 04 	call	0x858	; 0x858 <LiquidCrystal::setCursor(unsigned char, unsigned char) [clone .constprop.28]>
/home/oggy/Documents/arduinoprojects/padright_v1.5.2/cashInterrupt.ino:247
    lcd.print("No Stocks");
    3fcc:	83 ed       	ldi	r24, 0xD3	; 211
    3fce:	94 e0       	ldi	r25, 0x04	; 4
    3fd0:	0e 94 c3 0a 	call	0x1586	; 0x1586 <Print::print(char const*) [clone .constprop.45]>
/home/oggy/Documents/arduinoprojects/padright_v1.5.2/cashInterrupt.ino:248
    warning();
    3fd4:	0e 94 46 09 	call	0x128c	; 0x128c <warning()>
    3fd8:	c1 cf       	rjmp	.-126    	; 0x3f5c <main+0x1c90>
mangaeCash():
/home/oggy/Documents/arduinoprojects/padright_v1.5.2/cashInterrupt.ino:193

    disableCashAcceptor();
    int padsToDispense = (int)round((float)totalCash / CASH_PER_PAD);
    if (padsToDispense > 0) {
      dispenseProduct(padsToDispense);
    } else if (totalCash > 0) {
    3fda:	1e 14       	cp	r1, r14
    3fdc:	1f 04       	cpc	r1, r15
    3fde:	54 f6       	brge	.-108    	; 0x3f74 <main+0x1ca8>
/home/oggy/Documents/arduinoprojects/padright_v1.5.2/cashInterrupt.ino:194
      lcd.clear();
    3fe0:	0e 94 83 03 	call	0x706	; 0x706 <LiquidCrystal::clear() [clone .constprop.51]>
/home/oggy/Documents/arduinoprojects/padright_v1.5.2/cashInterrupt.ino:195
      lcd.setCursor(0, 0);
    3fe4:	60 e0       	ldi	r22, 0x00	; 0
    3fe6:	80 e0       	ldi	r24, 0x00	; 0
    3fe8:	0e 94 2c 04 	call	0x858	; 0x858 <LiquidCrystal::setCursor(unsigned char, unsigned char) [clone .constprop.28]>
/home/oggy/Documents/arduinoprojects/padright_v1.5.2/cashInterrupt.ino:196
      lcd.print("Invalid Amount");
    3fec:	85 e0       	ldi	r24, 0x05	; 5
    3fee:	96 e0       	ldi	r25, 0x06	; 6
    3ff0:	0e 94 c3 0a 	call	0x1586	; 0x1586 <Print::print(char const*) [clone .constprop.45]>
/home/oggy/Documents/arduinoprojects/padright_v1.5.2/cashInterrupt.ino:197
      lcd.setCursor(0, 1);
    3ff4:	61 e0       	ldi	r22, 0x01	; 1
    3ff6:	80 e0       	ldi	r24, 0x00	; 0
    3ff8:	0e 94 2c 04 	call	0x858	; 0x858 <LiquidCrystal::setCursor(unsigned char, unsigned char) [clone .constprop.28]>
/home/oggy/Documents/arduinoprojects/padright_v1.5.2/cashInterrupt.ino:198
      lcd.print("Error!!");
    3ffc:	84 e1       	ldi	r24, 0x14	; 20
    3ffe:	96 e0       	ldi	r25, 0x06	; 6
    4000:	0e 94 c3 0a 	call	0x1586	; 0x1586 <Print::print(char const*) [clone .constprop.45]>
/home/oggy/Documents/arduinoprojects/padright_v1.5.2/cashInterrupt.ino:199
      warning();
    4004:	0e 94 46 09 	call	0x128c	; 0x128c <warning()>
    4008:	b5 cf       	rjmp	.-150    	; 0x3f74 <main+0x1ca8>

0000400a <__itoa_ncheck>:
__itoa_ncheck():
    400a:	bb 27       	eor	r27, r27
    400c:	4a 30       	cpi	r20, 0x0A	; 10
    400e:	31 f4       	brne	.+12     	; 0x401c <__itoa_ncheck+0x12>
    4010:	99 23       	and	r25, r25
    4012:	22 f4       	brpl	.+8      	; 0x401c <__itoa_ncheck+0x12>
    4014:	bd e2       	ldi	r27, 0x2D	; 45
    4016:	90 95       	com	r25
    4018:	81 95       	neg	r24
    401a:	9f 4f       	sbci	r25, 0xFF	; 255
    401c:	0c 94 33 20 	jmp	0x4066	; 0x4066 <__utoa_common>

00004020 <__ultoa_ncheck>:
__ultoa_ncheck():
    4020:	bb 27       	eor	r27, r27

00004022 <__ultoa_common>:
    4022:	fa 01       	movw	r30, r20
    4024:	a6 2f       	mov	r26, r22
    4026:	62 17       	cp	r22, r18
    4028:	71 05       	cpc	r23, r1
    402a:	81 05       	cpc	r24, r1
    402c:	91 05       	cpc	r25, r1
    402e:	33 0b       	sbc	r19, r19
    4030:	30 fb       	bst	r19, 0
    4032:	66 f0       	brts	.+24     	; 0x404c <__ultoa_common+0x2a>
    4034:	aa 27       	eor	r26, r26
    4036:	66 0f       	add	r22, r22
    4038:	77 1f       	adc	r23, r23
    403a:	88 1f       	adc	r24, r24
    403c:	99 1f       	adc	r25, r25
    403e:	aa 1f       	adc	r26, r26
    4040:	a2 17       	cp	r26, r18
    4042:	10 f0       	brcs	.+4      	; 0x4048 <__ultoa_common+0x26>
    4044:	a2 1b       	sub	r26, r18
    4046:	63 95       	inc	r22
    4048:	38 50       	subi	r19, 0x08	; 8
    404a:	a9 f7       	brne	.-22     	; 0x4036 <__ultoa_common+0x14>
    404c:	a0 5d       	subi	r26, 0xD0	; 208
    404e:	aa 33       	cpi	r26, 0x3A	; 58
    4050:	08 f0       	brcs	.+2      	; 0x4054 <__ultoa_common+0x32>
    4052:	a9 5d       	subi	r26, 0xD9	; 217
    4054:	a1 93       	st	Z+, r26
    4056:	36 f7       	brtc	.-52     	; 0x4024 <__ultoa_common+0x2>
    4058:	b1 11       	cpse	r27, r1
    405a:	b1 93       	st	Z+, r27
    405c:	10 82       	st	Z, r1
    405e:	ca 01       	movw	r24, r20
    4060:	0c 94 4c 20 	jmp	0x4098	; 0x4098 <strrev>

00004064 <__utoa_ncheck>:
__utoa_ncheck():
    4064:	bb 27       	eor	r27, r27

00004066 <__utoa_common>:
    4066:	fb 01       	movw	r30, r22
    4068:	55 27       	eor	r21, r21
    406a:	aa 27       	eor	r26, r26
    406c:	88 0f       	add	r24, r24
    406e:	99 1f       	adc	r25, r25
    4070:	aa 1f       	adc	r26, r26
    4072:	a4 17       	cp	r26, r20
    4074:	10 f0       	brcs	.+4      	; 0x407a <__utoa_common+0x14>
    4076:	a4 1b       	sub	r26, r20
    4078:	83 95       	inc	r24
    407a:	50 51       	subi	r21, 0x10	; 16
    407c:	b9 f7       	brne	.-18     	; 0x406c <__utoa_common+0x6>
    407e:	a0 5d       	subi	r26, 0xD0	; 208
    4080:	aa 33       	cpi	r26, 0x3A	; 58
    4082:	08 f0       	brcs	.+2      	; 0x4086 <__utoa_common+0x20>
    4084:	a9 5d       	subi	r26, 0xD9	; 217
    4086:	a1 93       	st	Z+, r26
    4088:	00 97       	sbiw	r24, 0x00	; 0
    408a:	79 f7       	brne	.-34     	; 0x406a <__utoa_common+0x4>
    408c:	b1 11       	cpse	r27, r1
    408e:	b1 93       	st	Z+, r27
    4090:	11 92       	st	Z+, r1
    4092:	cb 01       	movw	r24, r22
    4094:	0c 94 4c 20 	jmp	0x4098	; 0x4098 <strrev>

00004098 <strrev>:
strrev():
    4098:	dc 01       	movw	r26, r24
    409a:	fc 01       	movw	r30, r24
    409c:	67 2f       	mov	r22, r23
    409e:	71 91       	ld	r23, Z+
    40a0:	77 23       	and	r23, r23
    40a2:	e1 f7       	brne	.-8      	; 0x409c <strrev+0x4>
    40a4:	32 97       	sbiw	r30, 0x02	; 2
    40a6:	04 c0       	rjmp	.+8      	; 0x40b0 <strrev+0x18>
    40a8:	7c 91       	ld	r23, X
    40aa:	6d 93       	st	X+, r22
    40ac:	70 83       	st	Z, r23
    40ae:	62 91       	ld	r22, -Z
    40b0:	ae 17       	cp	r26, r30
    40b2:	bf 07       	cpc	r27, r31
    40b4:	c8 f3       	brcs	.-14     	; 0x40a8 <strrev+0x10>
    40b6:	08 95       	ret

000040b8 <__floatunsisf>:
__floatunsisf():
    40b8:	e8 94       	clt
    40ba:	09 c0       	rjmp	.+18     	; 0x40ce <__floatsisf+0x12>

000040bc <__floatsisf>:
    40bc:	97 fb       	bst	r25, 7
    40be:	3e f4       	brtc	.+14     	; 0x40ce <__floatsisf+0x12>
    40c0:	90 95       	com	r25
    40c2:	80 95       	com	r24
    40c4:	70 95       	com	r23
    40c6:	61 95       	neg	r22
    40c8:	7f 4f       	sbci	r23, 0xFF	; 255
    40ca:	8f 4f       	sbci	r24, 0xFF	; 255
    40cc:	9f 4f       	sbci	r25, 0xFF	; 255
    40ce:	99 23       	and	r25, r25
    40d0:	a9 f0       	breq	.+42     	; 0x40fc <__floatsisf+0x40>
    40d2:	f9 2f       	mov	r31, r25
    40d4:	96 e9       	ldi	r25, 0x96	; 150
    40d6:	bb 27       	eor	r27, r27
    40d8:	93 95       	inc	r25
    40da:	f6 95       	lsr	r31
    40dc:	87 95       	ror	r24
    40de:	77 95       	ror	r23
    40e0:	67 95       	ror	r22
    40e2:	b7 95       	ror	r27
    40e4:	f1 11       	cpse	r31, r1
    40e6:	f8 cf       	rjmp	.-16     	; 0x40d8 <__floatsisf+0x1c>
    40e8:	fa f4       	brpl	.+62     	; 0x4128 <__floatsisf+0x6c>
    40ea:	bb 0f       	add	r27, r27
    40ec:	11 f4       	brne	.+4      	; 0x40f2 <__floatsisf+0x36>
    40ee:	60 ff       	sbrs	r22, 0
    40f0:	1b c0       	rjmp	.+54     	; 0x4128 <__floatsisf+0x6c>
    40f2:	6f 5f       	subi	r22, 0xFF	; 255
    40f4:	7f 4f       	sbci	r23, 0xFF	; 255
    40f6:	8f 4f       	sbci	r24, 0xFF	; 255
    40f8:	9f 4f       	sbci	r25, 0xFF	; 255
    40fa:	16 c0       	rjmp	.+44     	; 0x4128 <__floatsisf+0x6c>
    40fc:	88 23       	and	r24, r24
    40fe:	11 f0       	breq	.+4      	; 0x4104 <__floatsisf+0x48>
    4100:	96 e9       	ldi	r25, 0x96	; 150
    4102:	11 c0       	rjmp	.+34     	; 0x4126 <__floatsisf+0x6a>
    4104:	77 23       	and	r23, r23
    4106:	21 f0       	breq	.+8      	; 0x4110 <__floatsisf+0x54>
    4108:	9e e8       	ldi	r25, 0x8E	; 142
    410a:	87 2f       	mov	r24, r23
    410c:	76 2f       	mov	r23, r22
    410e:	05 c0       	rjmp	.+10     	; 0x411a <__floatsisf+0x5e>
    4110:	66 23       	and	r22, r22
    4112:	71 f0       	breq	.+28     	; 0x4130 <__floatsisf+0x74>
    4114:	96 e8       	ldi	r25, 0x86	; 134
    4116:	86 2f       	mov	r24, r22
    4118:	70 e0       	ldi	r23, 0x00	; 0
    411a:	60 e0       	ldi	r22, 0x00	; 0
    411c:	2a f0       	brmi	.+10     	; 0x4128 <__floatsisf+0x6c>
    411e:	9a 95       	dec	r25
    4120:	66 0f       	add	r22, r22
    4122:	77 1f       	adc	r23, r23
    4124:	88 1f       	adc	r24, r24
    4126:	da f7       	brpl	.-10     	; 0x411e <__floatsisf+0x62>
    4128:	88 0f       	add	r24, r24
    412a:	96 95       	lsr	r25
    412c:	87 95       	ror	r24
    412e:	97 f9       	bld	r25, 7
    4130:	08 95       	ret

00004132 <__fp_cmp>:
__fp_cmp():
    4132:	99 0f       	add	r25, r25
    4134:	00 08       	sbc	r0, r0
    4136:	55 0f       	add	r21, r21
    4138:	aa 0b       	sbc	r26, r26
    413a:	e0 e8       	ldi	r30, 0x80	; 128
    413c:	fe ef       	ldi	r31, 0xFE	; 254
    413e:	16 16       	cp	r1, r22
    4140:	17 06       	cpc	r1, r23
    4142:	e8 07       	cpc	r30, r24
    4144:	f9 07       	cpc	r31, r25
    4146:	c0 f0       	brcs	.+48     	; 0x4178 <__fp_cmp+0x46>
    4148:	12 16       	cp	r1, r18
    414a:	13 06       	cpc	r1, r19
    414c:	e4 07       	cpc	r30, r20
    414e:	f5 07       	cpc	r31, r21
    4150:	98 f0       	brcs	.+38     	; 0x4178 <__fp_cmp+0x46>
    4152:	62 1b       	sub	r22, r18
    4154:	73 0b       	sbc	r23, r19
    4156:	84 0b       	sbc	r24, r20
    4158:	95 0b       	sbc	r25, r21
    415a:	39 f4       	brne	.+14     	; 0x416a <__fp_cmp+0x38>
    415c:	0a 26       	eor	r0, r26
    415e:	61 f0       	breq	.+24     	; 0x4178 <__fp_cmp+0x46>
    4160:	23 2b       	or	r18, r19
    4162:	24 2b       	or	r18, r20
    4164:	25 2b       	or	r18, r21
    4166:	21 f4       	brne	.+8      	; 0x4170 <__fp_cmp+0x3e>
    4168:	08 95       	ret
    416a:	0a 26       	eor	r0, r26
    416c:	09 f4       	brne	.+2      	; 0x4170 <__fp_cmp+0x3e>
    416e:	a1 40       	sbci	r26, 0x01	; 1
    4170:	a6 95       	lsr	r26
    4172:	8f ef       	ldi	r24, 0xFF	; 255
    4174:	81 1d       	adc	r24, r1
    4176:	81 1d       	adc	r24, r1
    4178:	08 95       	ret

0000417a <__mulsf3>:
__mulsf3():
    417a:	0e 94 d0 20 	call	0x41a0	; 0x41a0 <__mulsf3x>
    417e:	0c 94 41 21 	jmp	0x4282	; 0x4282 <__fp_round>
    4182:	0e 94 33 21 	call	0x4266	; 0x4266 <__fp_pscA>
    4186:	38 f0       	brcs	.+14     	; 0x4196 <__mulsf3+0x1c>
    4188:	0e 94 3a 21 	call	0x4274	; 0x4274 <__fp_pscB>
    418c:	20 f0       	brcs	.+8      	; 0x4196 <__mulsf3+0x1c>
    418e:	95 23       	and	r25, r21
    4190:	11 f0       	breq	.+4      	; 0x4196 <__mulsf3+0x1c>
    4192:	0c 94 2a 21 	jmp	0x4254	; 0x4254 <__fp_inf>
    4196:	0c 94 30 21 	jmp	0x4260	; 0x4260 <__fp_nan>
    419a:	11 24       	eor	r1, r1
    419c:	0c 94 75 21 	jmp	0x42ea	; 0x42ea <__fp_szero>

000041a0 <__mulsf3x>:
__mulsf3x():
    41a0:	0e 94 52 21 	call	0x42a4	; 0x42a4 <__fp_split3>
    41a4:	70 f3       	brcs	.-36     	; 0x4182 <__mulsf3+0x8>

000041a6 <__mulsf3_pse>:
    41a6:	95 9f       	mul	r25, r21
    41a8:	c1 f3       	breq	.-16     	; 0x419a <__mulsf3+0x20>
    41aa:	95 0f       	add	r25, r21
    41ac:	50 e0       	ldi	r21, 0x00	; 0
    41ae:	55 1f       	adc	r21, r21
    41b0:	62 9f       	mul	r22, r18
    41b2:	f0 01       	movw	r30, r0
    41b4:	72 9f       	mul	r23, r18
    41b6:	bb 27       	eor	r27, r27
    41b8:	f0 0d       	add	r31, r0
    41ba:	b1 1d       	adc	r27, r1
    41bc:	63 9f       	mul	r22, r19
    41be:	aa 27       	eor	r26, r26
    41c0:	f0 0d       	add	r31, r0
    41c2:	b1 1d       	adc	r27, r1
    41c4:	aa 1f       	adc	r26, r26
    41c6:	64 9f       	mul	r22, r20
    41c8:	66 27       	eor	r22, r22
    41ca:	b0 0d       	add	r27, r0
    41cc:	a1 1d       	adc	r26, r1
    41ce:	66 1f       	adc	r22, r22
    41d0:	82 9f       	mul	r24, r18
    41d2:	22 27       	eor	r18, r18
    41d4:	b0 0d       	add	r27, r0
    41d6:	a1 1d       	adc	r26, r1
    41d8:	62 1f       	adc	r22, r18
    41da:	73 9f       	mul	r23, r19
    41dc:	b0 0d       	add	r27, r0
    41de:	a1 1d       	adc	r26, r1
    41e0:	62 1f       	adc	r22, r18
    41e2:	83 9f       	mul	r24, r19
    41e4:	a0 0d       	add	r26, r0
    41e6:	61 1d       	adc	r22, r1
    41e8:	22 1f       	adc	r18, r18
    41ea:	74 9f       	mul	r23, r20
    41ec:	33 27       	eor	r19, r19
    41ee:	a0 0d       	add	r26, r0
    41f0:	61 1d       	adc	r22, r1
    41f2:	23 1f       	adc	r18, r19
    41f4:	84 9f       	mul	r24, r20
    41f6:	60 0d       	add	r22, r0
    41f8:	21 1d       	adc	r18, r1
    41fa:	82 2f       	mov	r24, r18
    41fc:	76 2f       	mov	r23, r22
    41fe:	6a 2f       	mov	r22, r26
    4200:	11 24       	eor	r1, r1
    4202:	9f 57       	subi	r25, 0x7F	; 127
    4204:	50 40       	sbci	r21, 0x00	; 0
    4206:	9a f0       	brmi	.+38     	; 0x422e <__mulsf3_pse+0x88>
    4208:	f1 f0       	breq	.+60     	; 0x4246 <__mulsf3_pse+0xa0>
    420a:	88 23       	and	r24, r24
    420c:	4a f0       	brmi	.+18     	; 0x4220 <__mulsf3_pse+0x7a>
    420e:	ee 0f       	add	r30, r30
    4210:	ff 1f       	adc	r31, r31
    4212:	bb 1f       	adc	r27, r27
    4214:	66 1f       	adc	r22, r22
    4216:	77 1f       	adc	r23, r23
    4218:	88 1f       	adc	r24, r24
    421a:	91 50       	subi	r25, 0x01	; 1
    421c:	50 40       	sbci	r21, 0x00	; 0
    421e:	a9 f7       	brne	.-22     	; 0x420a <__mulsf3_pse+0x64>
    4220:	9e 3f       	cpi	r25, 0xFE	; 254
    4222:	51 05       	cpc	r21, r1
    4224:	80 f0       	brcs	.+32     	; 0x4246 <__mulsf3_pse+0xa0>
    4226:	0c 94 2a 21 	jmp	0x4254	; 0x4254 <__fp_inf>
    422a:	0c 94 75 21 	jmp	0x42ea	; 0x42ea <__fp_szero>
    422e:	5f 3f       	cpi	r21, 0xFF	; 255
    4230:	e4 f3       	brlt	.-8      	; 0x422a <__mulsf3_pse+0x84>
    4232:	98 3e       	cpi	r25, 0xE8	; 232
    4234:	d4 f3       	brlt	.-12     	; 0x422a <__mulsf3_pse+0x84>
    4236:	86 95       	lsr	r24
    4238:	77 95       	ror	r23
    423a:	67 95       	ror	r22
    423c:	b7 95       	ror	r27
    423e:	f7 95       	ror	r31
    4240:	e7 95       	ror	r30
    4242:	9f 5f       	subi	r25, 0xFF	; 255
    4244:	c1 f7       	brne	.-16     	; 0x4236 <__mulsf3_pse+0x90>
    4246:	fe 2b       	or	r31, r30
    4248:	88 0f       	add	r24, r24
    424a:	91 1d       	adc	r25, r1
    424c:	96 95       	lsr	r25
    424e:	87 95       	ror	r24
    4250:	97 f9       	bld	r25, 7
    4252:	08 95       	ret

00004254 <__fp_inf>:
    4254:	97 f9       	bld	r25, 7
    4256:	9f 67       	ori	r25, 0x7F	; 127
    4258:	80 e8       	ldi	r24, 0x80	; 128
    425a:	70 e0       	ldi	r23, 0x00	; 0
    425c:	60 e0       	ldi	r22, 0x00	; 0
    425e:	08 95       	ret

00004260 <__fp_nan>:
    4260:	9f ef       	ldi	r25, 0xFF	; 255
    4262:	80 ec       	ldi	r24, 0xC0	; 192
    4264:	08 95       	ret

00004266 <__fp_pscA>:
    4266:	00 24       	eor	r0, r0
    4268:	0a 94       	dec	r0
    426a:	16 16       	cp	r1, r22
    426c:	17 06       	cpc	r1, r23
    426e:	18 06       	cpc	r1, r24
    4270:	09 06       	cpc	r0, r25
__fp_pscA():
    4272:	08 95       	ret

00004274 <__fp_pscB>:
__fp_pscB():
    4274:	00 24       	eor	r0, r0
    4276:	0a 94       	dec	r0
    4278:	12 16       	cp	r1, r18
    427a:	13 06       	cpc	r1, r19
    427c:	14 06       	cpc	r1, r20
    427e:	05 06       	cpc	r0, r21
    4280:	08 95       	ret

00004282 <__fp_round>:
__fp_round():
    4282:	09 2e       	mov	r0, r25
    4284:	03 94       	inc	r0
    4286:	00 0c       	add	r0, r0
    4288:	11 f4       	brne	.+4      	; 0x428e <__fp_round+0xc>
    428a:	88 23       	and	r24, r24
    428c:	52 f0       	brmi	.+20     	; 0x42a2 <__fp_round+0x20>
    428e:	bb 0f       	add	r27, r27
    4290:	40 f4       	brcc	.+16     	; 0x42a2 <__fp_round+0x20>
    4292:	bf 2b       	or	r27, r31
    4294:	11 f4       	brne	.+4      	; 0x429a <__fp_round+0x18>
    4296:	60 ff       	sbrs	r22, 0
    4298:	04 c0       	rjmp	.+8      	; 0x42a2 <__fp_round+0x20>
    429a:	6f 5f       	subi	r22, 0xFF	; 255
    429c:	7f 4f       	sbci	r23, 0xFF	; 255
    429e:	8f 4f       	sbci	r24, 0xFF	; 255
    42a0:	9f 4f       	sbci	r25, 0xFF	; 255
    42a2:	08 95       	ret

000042a4 <__fp_split3>:
__fp_split3():
    42a4:	57 fd       	sbrc	r21, 7
    42a6:	90 58       	subi	r25, 0x80	; 128
    42a8:	44 0f       	add	r20, r20
    42aa:	55 1f       	adc	r21, r21
    42ac:	59 f0       	breq	.+22     	; 0x42c4 <__fp_splitA+0x10>
    42ae:	5f 3f       	cpi	r21, 0xFF	; 255
    42b0:	71 f0       	breq	.+28     	; 0x42ce <__fp_splitA+0x1a>
    42b2:	47 95       	ror	r20

000042b4 <__fp_splitA>:
    42b4:	88 0f       	add	r24, r24
    42b6:	97 fb       	bst	r25, 7
    42b8:	99 1f       	adc	r25, r25
    42ba:	61 f0       	breq	.+24     	; 0x42d4 <__fp_splitA+0x20>
    42bc:	9f 3f       	cpi	r25, 0xFF	; 255
    42be:	79 f0       	breq	.+30     	; 0x42de <__fp_splitA+0x2a>
    42c0:	87 95       	ror	r24
    42c2:	08 95       	ret
    42c4:	12 16       	cp	r1, r18
    42c6:	13 06       	cpc	r1, r19
    42c8:	14 06       	cpc	r1, r20
    42ca:	55 1f       	adc	r21, r21
    42cc:	f2 cf       	rjmp	.-28     	; 0x42b2 <__fp_split3+0xe>
    42ce:	46 95       	lsr	r20
    42d0:	f1 df       	rcall	.-30     	; 0x42b4 <__fp_splitA>
    42d2:	08 c0       	rjmp	.+16     	; 0x42e4 <__fp_splitA+0x30>
    42d4:	16 16       	cp	r1, r22
    42d6:	17 06       	cpc	r1, r23
    42d8:	18 06       	cpc	r1, r24
    42da:	99 1f       	adc	r25, r25
    42dc:	f1 cf       	rjmp	.-30     	; 0x42c0 <__fp_splitA+0xc>
    42de:	86 95       	lsr	r24
    42e0:	71 05       	cpc	r23, r1
    42e2:	61 05       	cpc	r22, r1
    42e4:	08 94       	sec
    42e6:	08 95       	ret

000042e8 <__fp_zero>:
__fp_zero():
    42e8:	e8 94       	clt

000042ea <__fp_szero>:
    42ea:	bb 27       	eor	r27, r27
    42ec:	66 27       	eor	r22, r22
    42ee:	77 27       	eor	r23, r23
    42f0:	cb 01       	movw	r24, r22
    42f2:	97 f9       	bld	r25, 7
    42f4:	08 95       	ret

000042f6 <eeprom_read_byte>:
eeprom_read_byte():
    42f6:	f9 99       	sbic	0x1f, 1	; 31
    42f8:	fe cf       	rjmp	.-4      	; 0x42f6 <eeprom_read_byte>
    42fa:	92 bd       	out	0x22, r25	; 34
    42fc:	81 bd       	out	0x21, r24	; 33
    42fe:	f8 9a       	sbi	0x1f, 0	; 31
    4300:	99 27       	eor	r25, r25
    4302:	80 b5       	in	r24, 0x20	; 32
    4304:	08 95       	ret

00004306 <eeprom_write_byte>:
eeprom_write_byte():
    4306:	26 2f       	mov	r18, r22

00004308 <eeprom_write_r18>:
    4308:	f9 99       	sbic	0x1f, 1	; 31
    430a:	fe cf       	rjmp	.-4      	; 0x4308 <eeprom_write_r18>
    430c:	1f ba       	out	0x1f, r1	; 31
    430e:	92 bd       	out	0x22, r25	; 34
    4310:	81 bd       	out	0x21, r24	; 33
    4312:	20 bd       	out	0x20, r18	; 32
    4314:	0f b6       	in	r0, 0x3f	; 63
    4316:	f8 94       	cli
    4318:	fa 9a       	sbi	0x1f, 2	; 31
    431a:	f9 9a       	sbi	0x1f, 1	; 31
    431c:	0f be       	out	0x3f, r0	; 63
    431e:	01 96       	adiw	r24, 0x01	; 1
    4320:	08 95       	ret

00004322 <__prologue_saves__>:
__prologue_saves__():
/home/jenkins/workspace/avr-gcc-staging/label/debian7-x86_64/gcc-build/avr/avr5/libgcc/../../../../gcc/libgcc/config/avr/lib1funcs.S:2169
    4322:	2f 92       	push	r2
/home/jenkins/workspace/avr-gcc-staging/label/debian7-x86_64/gcc-build/avr/avr5/libgcc/../../../../gcc/libgcc/config/avr/lib1funcs.S:2170
    4324:	3f 92       	push	r3
/home/jenkins/workspace/avr-gcc-staging/label/debian7-x86_64/gcc-build/avr/avr5/libgcc/../../../../gcc/libgcc/config/avr/lib1funcs.S:2171
    4326:	4f 92       	push	r4
/home/jenkins/workspace/avr-gcc-staging/label/debian7-x86_64/gcc-build/avr/avr5/libgcc/../../../../gcc/libgcc/config/avr/lib1funcs.S:2172
    4328:	5f 92       	push	r5
/home/jenkins/workspace/avr-gcc-staging/label/debian7-x86_64/gcc-build/avr/avr5/libgcc/../../../../gcc/libgcc/config/avr/lib1funcs.S:2173
    432a:	6f 92       	push	r6
/home/jenkins/workspace/avr-gcc-staging/label/debian7-x86_64/gcc-build/avr/avr5/libgcc/../../../../gcc/libgcc/config/avr/lib1funcs.S:2174
    432c:	7f 92       	push	r7
/home/jenkins/workspace/avr-gcc-staging/label/debian7-x86_64/gcc-build/avr/avr5/libgcc/../../../../gcc/libgcc/config/avr/lib1funcs.S:2175
    432e:	8f 92       	push	r8
/home/jenkins/workspace/avr-gcc-staging/label/debian7-x86_64/gcc-build/avr/avr5/libgcc/../../../../gcc/libgcc/config/avr/lib1funcs.S:2176
    4330:	9f 92       	push	r9
/home/jenkins/workspace/avr-gcc-staging/label/debian7-x86_64/gcc-build/avr/avr5/libgcc/../../../../gcc/libgcc/config/avr/lib1funcs.S:2177
    4332:	af 92       	push	r10
/home/jenkins/workspace/avr-gcc-staging/label/debian7-x86_64/gcc-build/avr/avr5/libgcc/../../../../gcc/libgcc/config/avr/lib1funcs.S:2178
    4334:	bf 92       	push	r11
/home/jenkins/workspace/avr-gcc-staging/label/debian7-x86_64/gcc-build/avr/avr5/libgcc/../../../../gcc/libgcc/config/avr/lib1funcs.S:2179
    4336:	cf 92       	push	r12
/home/jenkins/workspace/avr-gcc-staging/label/debian7-x86_64/gcc-build/avr/avr5/libgcc/../../../../gcc/libgcc/config/avr/lib1funcs.S:2180
    4338:	df 92       	push	r13
/home/jenkins/workspace/avr-gcc-staging/label/debian7-x86_64/gcc-build/avr/avr5/libgcc/../../../../gcc/libgcc/config/avr/lib1funcs.S:2181
    433a:	ef 92       	push	r14
/home/jenkins/workspace/avr-gcc-staging/label/debian7-x86_64/gcc-build/avr/avr5/libgcc/../../../../gcc/libgcc/config/avr/lib1funcs.S:2182
    433c:	ff 92       	push	r15
/home/jenkins/workspace/avr-gcc-staging/label/debian7-x86_64/gcc-build/avr/avr5/libgcc/../../../../gcc/libgcc/config/avr/lib1funcs.S:2183
    433e:	0f 93       	push	r16
/home/jenkins/workspace/avr-gcc-staging/label/debian7-x86_64/gcc-build/avr/avr5/libgcc/../../../../gcc/libgcc/config/avr/lib1funcs.S:2184
    4340:	1f 93       	push	r17
/home/jenkins/workspace/avr-gcc-staging/label/debian7-x86_64/gcc-build/avr/avr5/libgcc/../../../../gcc/libgcc/config/avr/lib1funcs.S:2185
    4342:	cf 93       	push	r28
/home/jenkins/workspace/avr-gcc-staging/label/debian7-x86_64/gcc-build/avr/avr5/libgcc/../../../../gcc/libgcc/config/avr/lib1funcs.S:2186
    4344:	df 93       	push	r29
/home/jenkins/workspace/avr-gcc-staging/label/debian7-x86_64/gcc-build/avr/avr5/libgcc/../../../../gcc/libgcc/config/avr/lib1funcs.S:2200
    4346:	cd b7       	in	r28, 0x3d	; 61
/home/jenkins/workspace/avr-gcc-staging/label/debian7-x86_64/gcc-build/avr/avr5/libgcc/../../../../gcc/libgcc/config/avr/lib1funcs.S:2201
    4348:	de b7       	in	r29, 0x3e	; 62
/home/jenkins/workspace/avr-gcc-staging/label/debian7-x86_64/gcc-build/avr/avr5/libgcc/../../../../gcc/libgcc/config/avr/lib1funcs.S:2202
    434a:	ca 1b       	sub	r28, r26
/home/jenkins/workspace/avr-gcc-staging/label/debian7-x86_64/gcc-build/avr/avr5/libgcc/../../../../gcc/libgcc/config/avr/lib1funcs.S:2203
    434c:	db 0b       	sbc	r29, r27
/home/jenkins/workspace/avr-gcc-staging/label/debian7-x86_64/gcc-build/avr/avr5/libgcc/../../../../gcc/libgcc/config/avr/lib1funcs.S:2204
    434e:	0f b6       	in	r0, 0x3f	; 63
/home/jenkins/workspace/avr-gcc-staging/label/debian7-x86_64/gcc-build/avr/avr5/libgcc/../../../../gcc/libgcc/config/avr/lib1funcs.S:2205
    4350:	f8 94       	cli
/home/jenkins/workspace/avr-gcc-staging/label/debian7-x86_64/gcc-build/avr/avr5/libgcc/../../../../gcc/libgcc/config/avr/lib1funcs.S:2206
    4352:	de bf       	out	0x3e, r29	; 62
/home/jenkins/workspace/avr-gcc-staging/label/debian7-x86_64/gcc-build/avr/avr5/libgcc/../../../../gcc/libgcc/config/avr/lib1funcs.S:2207
    4354:	0f be       	out	0x3f, r0	; 63
/home/jenkins/workspace/avr-gcc-staging/label/debian7-x86_64/gcc-build/avr/avr5/libgcc/../../../../gcc/libgcc/config/avr/lib1funcs.S:2208
    4356:	cd bf       	out	0x3d, r28	; 61
/home/jenkins/workspace/avr-gcc-staging/label/debian7-x86_64/gcc-build/avr/avr5/libgcc/../../../../gcc/libgcc/config/avr/lib1funcs.S:2211
    4358:	09 94       	ijmp

0000435a <__epilogue_restores__>:
__epilogue_restores__():
/home/jenkins/workspace/avr-gcc-staging/label/debian7-x86_64/gcc-build/avr/avr5/libgcc/../../../../gcc/libgcc/config/avr/lib1funcs.S:2222
    435a:	2a 88       	ldd	r2, Y+18	; 0x12
/home/jenkins/workspace/avr-gcc-staging/label/debian7-x86_64/gcc-build/avr/avr5/libgcc/../../../../gcc/libgcc/config/avr/lib1funcs.S:2223
    435c:	39 88       	ldd	r3, Y+17	; 0x11
/home/jenkins/workspace/avr-gcc-staging/label/debian7-x86_64/gcc-build/avr/avr5/libgcc/../../../../gcc/libgcc/config/avr/lib1funcs.S:2224
    435e:	48 88       	ldd	r4, Y+16	; 0x10
/home/jenkins/workspace/avr-gcc-staging/label/debian7-x86_64/gcc-build/avr/avr5/libgcc/../../../../gcc/libgcc/config/avr/lib1funcs.S:2225
    4360:	5f 84       	ldd	r5, Y+15	; 0x0f
/home/jenkins/workspace/avr-gcc-staging/label/debian7-x86_64/gcc-build/avr/avr5/libgcc/../../../../gcc/libgcc/config/avr/lib1funcs.S:2226
    4362:	6e 84       	ldd	r6, Y+14	; 0x0e
/home/jenkins/workspace/avr-gcc-staging/label/debian7-x86_64/gcc-build/avr/avr5/libgcc/../../../../gcc/libgcc/config/avr/lib1funcs.S:2227
    4364:	7d 84       	ldd	r7, Y+13	; 0x0d
/home/jenkins/workspace/avr-gcc-staging/label/debian7-x86_64/gcc-build/avr/avr5/libgcc/../../../../gcc/libgcc/config/avr/lib1funcs.S:2228
    4366:	8c 84       	ldd	r8, Y+12	; 0x0c
/home/jenkins/workspace/avr-gcc-staging/label/debian7-x86_64/gcc-build/avr/avr5/libgcc/../../../../gcc/libgcc/config/avr/lib1funcs.S:2229
    4368:	9b 84       	ldd	r9, Y+11	; 0x0b
/home/jenkins/workspace/avr-gcc-staging/label/debian7-x86_64/gcc-build/avr/avr5/libgcc/../../../../gcc/libgcc/config/avr/lib1funcs.S:2230
    436a:	aa 84       	ldd	r10, Y+10	; 0x0a
/home/jenkins/workspace/avr-gcc-staging/label/debian7-x86_64/gcc-build/avr/avr5/libgcc/../../../../gcc/libgcc/config/avr/lib1funcs.S:2231
    436c:	b9 84       	ldd	r11, Y+9	; 0x09
/home/jenkins/workspace/avr-gcc-staging/label/debian7-x86_64/gcc-build/avr/avr5/libgcc/../../../../gcc/libgcc/config/avr/lib1funcs.S:2232
    436e:	c8 84       	ldd	r12, Y+8	; 0x08
/home/jenkins/workspace/avr-gcc-staging/label/debian7-x86_64/gcc-build/avr/avr5/libgcc/../../../../gcc/libgcc/config/avr/lib1funcs.S:2233
    4370:	df 80       	ldd	r13, Y+7	; 0x07
/home/jenkins/workspace/avr-gcc-staging/label/debian7-x86_64/gcc-build/avr/avr5/libgcc/../../../../gcc/libgcc/config/avr/lib1funcs.S:2234
    4372:	ee 80       	ldd	r14, Y+6	; 0x06
/home/jenkins/workspace/avr-gcc-staging/label/debian7-x86_64/gcc-build/avr/avr5/libgcc/../../../../gcc/libgcc/config/avr/lib1funcs.S:2235
    4374:	fd 80       	ldd	r15, Y+5	; 0x05
/home/jenkins/workspace/avr-gcc-staging/label/debian7-x86_64/gcc-build/avr/avr5/libgcc/../../../../gcc/libgcc/config/avr/lib1funcs.S:2236
    4376:	0c 81       	ldd	r16, Y+4	; 0x04
/home/jenkins/workspace/avr-gcc-staging/label/debian7-x86_64/gcc-build/avr/avr5/libgcc/../../../../gcc/libgcc/config/avr/lib1funcs.S:2237
    4378:	1b 81       	ldd	r17, Y+3	; 0x03
/home/jenkins/workspace/avr-gcc-staging/label/debian7-x86_64/gcc-build/avr/avr5/libgcc/../../../../gcc/libgcc/config/avr/lib1funcs.S:2238
    437a:	aa 81       	ldd	r26, Y+2	; 0x02
/home/jenkins/workspace/avr-gcc-staging/label/debian7-x86_64/gcc-build/avr/avr5/libgcc/../../../../gcc/libgcc/config/avr/lib1funcs.S:2252
    437c:	b9 81       	ldd	r27, Y+1	; 0x01
/home/jenkins/workspace/avr-gcc-staging/label/debian7-x86_64/gcc-build/avr/avr5/libgcc/../../../../gcc/libgcc/config/avr/lib1funcs.S:2253
    437e:	ce 0f       	add	r28, r30
/home/jenkins/workspace/avr-gcc-staging/label/debian7-x86_64/gcc-build/avr/avr5/libgcc/../../../../gcc/libgcc/config/avr/lib1funcs.S:2254
    4380:	d1 1d       	adc	r29, r1
/home/jenkins/workspace/avr-gcc-staging/label/debian7-x86_64/gcc-build/avr/avr5/libgcc/../../../../gcc/libgcc/config/avr/lib1funcs.S:2255
    4382:	0f b6       	in	r0, 0x3f	; 63
/home/jenkins/workspace/avr-gcc-staging/label/debian7-x86_64/gcc-build/avr/avr5/libgcc/../../../../gcc/libgcc/config/avr/lib1funcs.S:2256
    4384:	f8 94       	cli
/home/jenkins/workspace/avr-gcc-staging/label/debian7-x86_64/gcc-build/avr/avr5/libgcc/../../../../gcc/libgcc/config/avr/lib1funcs.S:2257
    4386:	de bf       	out	0x3e, r29	; 62
/home/jenkins/workspace/avr-gcc-staging/label/debian7-x86_64/gcc-build/avr/avr5/libgcc/../../../../gcc/libgcc/config/avr/lib1funcs.S:2258
    4388:	0f be       	out	0x3f, r0	; 63
/home/jenkins/workspace/avr-gcc-staging/label/debian7-x86_64/gcc-build/avr/avr5/libgcc/../../../../gcc/libgcc/config/avr/lib1funcs.S:2259
    438a:	cd bf       	out	0x3d, r28	; 61
/home/jenkins/workspace/avr-gcc-staging/label/debian7-x86_64/gcc-build/avr/avr5/libgcc/../../../../gcc/libgcc/config/avr/lib1funcs.S:2260
    438c:	ed 01       	movw	r28, r26
/home/jenkins/workspace/avr-gcc-staging/label/debian7-x86_64/gcc-build/avr/avr5/libgcc/../../../../gcc/libgcc/config/avr/lib1funcs.S:2263
    438e:	08 95       	ret

00004390 <__subsf3>:
__subsf3():
    4390:	50 58       	subi	r21, 0x80	; 128

00004392 <__addsf3>:
    4392:	bb 27       	eor	r27, r27
    4394:	aa 27       	eor	r26, r26
    4396:	0e 94 e0 21 	call	0x43c0	; 0x43c0 <__addsf3x>
    439a:	0c 94 41 21 	jmp	0x4282	; 0x4282 <__fp_round>
__addsf3():
    439e:	0e 94 33 21 	call	0x4266	; 0x4266 <__fp_pscA>
    43a2:	38 f0       	brcs	.+14     	; 0x43b2 <__addsf3+0x20>
    43a4:	0e 94 3a 21 	call	0x4274	; 0x4274 <__fp_pscB>
    43a8:	20 f0       	brcs	.+8      	; 0x43b2 <__addsf3+0x20>
    43aa:	39 f4       	brne	.+14     	; 0x43ba <__addsf3+0x28>
    43ac:	9f 3f       	cpi	r25, 0xFF	; 255
    43ae:	19 f4       	brne	.+6      	; 0x43b6 <__addsf3+0x24>
    43b0:	26 f4       	brtc	.+8      	; 0x43ba <__addsf3+0x28>
    43b2:	0c 94 30 21 	jmp	0x4260	; 0x4260 <__fp_nan>
    43b6:	0e f4       	brtc	.+2      	; 0x43ba <__addsf3+0x28>
    43b8:	e0 95       	com	r30
    43ba:	e7 fb       	bst	r30, 7
    43bc:	0c 94 2a 21 	jmp	0x4254	; 0x4254 <__fp_inf>

000043c0 <__addsf3x>:
__addsf3x():
    43c0:	e9 2f       	mov	r30, r25
    43c2:	0e 94 52 21 	call	0x42a4	; 0x42a4 <__fp_split3>
    43c6:	58 f3       	brcs	.-42     	; 0x439e <__addsf3+0xc>
    43c8:	ba 17       	cp	r27, r26
    43ca:	62 07       	cpc	r22, r18
    43cc:	73 07       	cpc	r23, r19
    43ce:	84 07       	cpc	r24, r20
    43d0:	95 07       	cpc	r25, r21
    43d2:	20 f0       	brcs	.+8      	; 0x43dc <__addsf3x+0x1c>
    43d4:	79 f4       	brne	.+30     	; 0x43f4 <__addsf3x+0x34>
    43d6:	a6 f5       	brtc	.+104    	; 0x4440 <__addsf3x+0x80>
    43d8:	0c 94 74 21 	jmp	0x42e8	; 0x42e8 <__fp_zero>
    43dc:	0e f4       	brtc	.+2      	; 0x43e0 <__addsf3x+0x20>
    43de:	e0 95       	com	r30
    43e0:	0b 2e       	mov	r0, r27
    43e2:	ba 2f       	mov	r27, r26
    43e4:	a0 2d       	mov	r26, r0
    43e6:	0b 01       	movw	r0, r22
    43e8:	b9 01       	movw	r22, r18
    43ea:	90 01       	movw	r18, r0
    43ec:	0c 01       	movw	r0, r24
    43ee:	ca 01       	movw	r24, r20
    43f0:	a0 01       	movw	r20, r0
    43f2:	11 24       	eor	r1, r1
    43f4:	ff 27       	eor	r31, r31
    43f6:	59 1b       	sub	r21, r25
    43f8:	99 f0       	breq	.+38     	; 0x4420 <__addsf3x+0x60>
    43fa:	59 3f       	cpi	r21, 0xF9	; 249
    43fc:	50 f4       	brcc	.+20     	; 0x4412 <__addsf3x+0x52>
    43fe:	50 3e       	cpi	r21, 0xE0	; 224
    4400:	68 f1       	brcs	.+90     	; 0x445c <__addsf3x+0x9c>
    4402:	1a 16       	cp	r1, r26
    4404:	f0 40       	sbci	r31, 0x00	; 0
    4406:	a2 2f       	mov	r26, r18
    4408:	23 2f       	mov	r18, r19
    440a:	34 2f       	mov	r19, r20
    440c:	44 27       	eor	r20, r20
    440e:	58 5f       	subi	r21, 0xF8	; 248
    4410:	f3 cf       	rjmp	.-26     	; 0x43f8 <__addsf3x+0x38>
    4412:	46 95       	lsr	r20
    4414:	37 95       	ror	r19
    4416:	27 95       	ror	r18
    4418:	a7 95       	ror	r26
    441a:	f0 40       	sbci	r31, 0x00	; 0
    441c:	53 95       	inc	r21
    441e:	c9 f7       	brne	.-14     	; 0x4412 <__addsf3x+0x52>
    4420:	7e f4       	brtc	.+30     	; 0x4440 <__addsf3x+0x80>
    4422:	1f 16       	cp	r1, r31
    4424:	ba 0b       	sbc	r27, r26
    4426:	62 0b       	sbc	r22, r18
    4428:	73 0b       	sbc	r23, r19
    442a:	84 0b       	sbc	r24, r20
    442c:	ba f0       	brmi	.+46     	; 0x445c <__addsf3x+0x9c>
    442e:	91 50       	subi	r25, 0x01	; 1
    4430:	a1 f0       	breq	.+40     	; 0x445a <__addsf3x+0x9a>
    4432:	ff 0f       	add	r31, r31
    4434:	bb 1f       	adc	r27, r27
    4436:	66 1f       	adc	r22, r22
    4438:	77 1f       	adc	r23, r23
    443a:	88 1f       	adc	r24, r24
    443c:	c2 f7       	brpl	.-16     	; 0x442e <__addsf3x+0x6e>
    443e:	0e c0       	rjmp	.+28     	; 0x445c <__addsf3x+0x9c>
    4440:	ba 0f       	add	r27, r26
    4442:	62 1f       	adc	r22, r18
    4444:	73 1f       	adc	r23, r19
    4446:	84 1f       	adc	r24, r20
    4448:	48 f4       	brcc	.+18     	; 0x445c <__addsf3x+0x9c>
    444a:	87 95       	ror	r24
    444c:	77 95       	ror	r23
    444e:	67 95       	ror	r22
    4450:	b7 95       	ror	r27
    4452:	f7 95       	ror	r31
    4454:	9e 3f       	cpi	r25, 0xFE	; 254
    4456:	08 f0       	brcs	.+2      	; 0x445a <__addsf3x+0x9a>
    4458:	b0 cf       	rjmp	.-160    	; 0x43ba <__addsf3+0x28>
    445a:	93 95       	inc	r25
    445c:	88 0f       	add	r24, r24
    445e:	08 f0       	brcs	.+2      	; 0x4462 <__addsf3x+0xa2>
    4460:	99 27       	eor	r25, r25
    4462:	ee 0f       	add	r30, r30
    4464:	97 95       	ror	r25
    4466:	87 95       	ror	r24
    4468:	08 95       	ret

0000446a <__divsf3>:
    446a:	0e 94 49 22 	call	0x4492	; 0x4492 <__divsf3x>
    446e:	0c 94 41 21 	jmp	0x4282	; 0x4282 <__fp_round>
    4472:	0e 94 3a 21 	call	0x4274	; 0x4274 <__fp_pscB>
    4476:	58 f0       	brcs	.+22     	; 0x448e <__divsf3+0x24>
    4478:	0e 94 33 21 	call	0x4266	; 0x4266 <__fp_pscA>
    447c:	40 f0       	brcs	.+16     	; 0x448e <__divsf3+0x24>
    447e:	29 f4       	brne	.+10     	; 0x448a <__divsf3+0x20>
    4480:	5f 3f       	cpi	r21, 0xFF	; 255
    4482:	29 f0       	breq	.+10     	; 0x448e <__divsf3+0x24>
    4484:	0c 94 2a 21 	jmp	0x4254	; 0x4254 <__fp_inf>
    4488:	51 11       	cpse	r21, r1
    448a:	0c 94 75 21 	jmp	0x42ea	; 0x42ea <__fp_szero>
__divsf3():
    448e:	0c 94 30 21 	jmp	0x4260	; 0x4260 <__fp_nan>

00004492 <__divsf3x>:
__divsf3x():
    4492:	0e 94 52 21 	call	0x42a4	; 0x42a4 <__fp_split3>
    4496:	68 f3       	brcs	.-38     	; 0x4472 <__divsf3+0x8>

00004498 <__divsf3_pse>:
    4498:	99 23       	and	r25, r25
    449a:	b1 f3       	breq	.-20     	; 0x4488 <__divsf3+0x1e>
    449c:	55 23       	and	r21, r21
    449e:	91 f3       	breq	.-28     	; 0x4484 <__divsf3+0x1a>
    44a0:	95 1b       	sub	r25, r21
    44a2:	55 0b       	sbc	r21, r21
    44a4:	bb 27       	eor	r27, r27
    44a6:	aa 27       	eor	r26, r26
    44a8:	62 17       	cp	r22, r18
    44aa:	73 07       	cpc	r23, r19
    44ac:	84 07       	cpc	r24, r20
    44ae:	38 f0       	brcs	.+14     	; 0x44be <__divsf3_pse+0x26>
    44b0:	9f 5f       	subi	r25, 0xFF	; 255
    44b2:	5f 4f       	sbci	r21, 0xFF	; 255
    44b4:	22 0f       	add	r18, r18
    44b6:	33 1f       	adc	r19, r19
    44b8:	44 1f       	adc	r20, r20
    44ba:	aa 1f       	adc	r26, r26
    44bc:	a9 f3       	breq	.-22     	; 0x44a8 <__divsf3_pse+0x10>
    44be:	35 d0       	rcall	.+106    	; 0x452a <__divsf3_pse+0x92>
    44c0:	0e 2e       	mov	r0, r30
    44c2:	3a f0       	brmi	.+14     	; 0x44d2 <__divsf3_pse+0x3a>
    44c4:	e0 e8       	ldi	r30, 0x80	; 128
    44c6:	32 d0       	rcall	.+100    	; 0x452c <__divsf3_pse+0x94>
    44c8:	91 50       	subi	r25, 0x01	; 1
    44ca:	50 40       	sbci	r21, 0x00	; 0
    44cc:	e6 95       	lsr	r30
    44ce:	00 1c       	adc	r0, r0
    44d0:	ca f7       	brpl	.-14     	; 0x44c4 <__divsf3_pse+0x2c>
    44d2:	2b d0       	rcall	.+86     	; 0x452a <__divsf3_pse+0x92>
    44d4:	fe 2f       	mov	r31, r30
    44d6:	29 d0       	rcall	.+82     	; 0x452a <__divsf3_pse+0x92>
    44d8:	66 0f       	add	r22, r22
    44da:	77 1f       	adc	r23, r23
    44dc:	88 1f       	adc	r24, r24
    44de:	bb 1f       	adc	r27, r27
    44e0:	26 17       	cp	r18, r22
    44e2:	37 07       	cpc	r19, r23
    44e4:	48 07       	cpc	r20, r24
    44e6:	ab 07       	cpc	r26, r27
    44e8:	b0 e8       	ldi	r27, 0x80	; 128
    44ea:	09 f0       	breq	.+2      	; 0x44ee <__divsf3_pse+0x56>
    44ec:	bb 0b       	sbc	r27, r27
    44ee:	80 2d       	mov	r24, r0
    44f0:	bf 01       	movw	r22, r30
    44f2:	ff 27       	eor	r31, r31
    44f4:	93 58       	subi	r25, 0x83	; 131
    44f6:	5f 4f       	sbci	r21, 0xFF	; 255
    44f8:	3a f0       	brmi	.+14     	; 0x4508 <__divsf3_pse+0x70>
    44fa:	9e 3f       	cpi	r25, 0xFE	; 254
    44fc:	51 05       	cpc	r21, r1
    44fe:	78 f0       	brcs	.+30     	; 0x451e <__divsf3_pse+0x86>
    4500:	0c 94 2a 21 	jmp	0x4254	; 0x4254 <__fp_inf>
    4504:	0c 94 75 21 	jmp	0x42ea	; 0x42ea <__fp_szero>
    4508:	5f 3f       	cpi	r21, 0xFF	; 255
    450a:	e4 f3       	brlt	.-8      	; 0x4504 <__divsf3_pse+0x6c>
    450c:	98 3e       	cpi	r25, 0xE8	; 232
    450e:	d4 f3       	brlt	.-12     	; 0x4504 <__divsf3_pse+0x6c>
    4510:	86 95       	lsr	r24
    4512:	77 95       	ror	r23
    4514:	67 95       	ror	r22
    4516:	b7 95       	ror	r27
    4518:	f7 95       	ror	r31
    451a:	9f 5f       	subi	r25, 0xFF	; 255
    451c:	c9 f7       	brne	.-14     	; 0x4510 <__divsf3_pse+0x78>
    451e:	88 0f       	add	r24, r24
    4520:	91 1d       	adc	r25, r1
    4522:	96 95       	lsr	r25
    4524:	87 95       	ror	r24
    4526:	97 f9       	bld	r25, 7
    4528:	08 95       	ret
    452a:	e1 e0       	ldi	r30, 0x01	; 1
    452c:	66 0f       	add	r22, r22
    452e:	77 1f       	adc	r23, r23
    4530:	88 1f       	adc	r24, r24
    4532:	bb 1f       	adc	r27, r27
    4534:	62 17       	cp	r22, r18
    4536:	73 07       	cpc	r23, r19
    4538:	84 07       	cpc	r24, r20
    453a:	ba 07       	cpc	r27, r26
    453c:	20 f0       	brcs	.+8      	; 0x4546 <__divsf3_pse+0xae>
    453e:	62 1b       	sub	r22, r18
    4540:	73 0b       	sbc	r23, r19
    4542:	84 0b       	sbc	r24, r20
    4544:	ba 0b       	sbc	r27, r26
    4546:	ee 1f       	adc	r30, r30
    4548:	88 f7       	brcc	.-30     	; 0x452c <__divsf3_pse+0x94>
    454a:	e0 95       	com	r30
    454c:	08 95       	ret

0000454e <__fixsfsi>:
    454e:	0e 94 ae 22 	call	0x455c	; 0x455c <__fixunssfsi>
    4552:	68 94       	set
    4554:	b1 11       	cpse	r27, r1
    4556:	0c 94 75 21 	jmp	0x42ea	; 0x42ea <__fp_szero>
    455a:	08 95       	ret

0000455c <__fixunssfsi>:
    455c:	0e 94 5a 21 	call	0x42b4	; 0x42b4 <__fp_splitA>
    4560:	88 f0       	brcs	.+34     	; 0x4584 <__fixunssfsi+0x28>
    4562:	9f 57       	subi	r25, 0x7F	; 127
    4564:	98 f0       	brcs	.+38     	; 0x458c <__fixunssfsi+0x30>
    4566:	b9 2f       	mov	r27, r25
    4568:	99 27       	eor	r25, r25
    456a:	b7 51       	subi	r27, 0x17	; 23
    456c:	b0 f0       	brcs	.+44     	; 0x459a <__fixunssfsi+0x3e>
__fixunssfsi():
    456e:	e1 f0       	breq	.+56     	; 0x45a8 <__fixunssfsi+0x4c>
    4570:	66 0f       	add	r22, r22
    4572:	77 1f       	adc	r23, r23
    4574:	88 1f       	adc	r24, r24
    4576:	99 1f       	adc	r25, r25
    4578:	1a f0       	brmi	.+6      	; 0x4580 <__fixunssfsi+0x24>
    457a:	ba 95       	dec	r27
    457c:	c9 f7       	brne	.-14     	; 0x4570 <__fixunssfsi+0x14>
    457e:	14 c0       	rjmp	.+40     	; 0x45a8 <__fixunssfsi+0x4c>
    4580:	b1 30       	cpi	r27, 0x01	; 1
    4582:	91 f0       	breq	.+36     	; 0x45a8 <__fixunssfsi+0x4c>
    4584:	0e 94 74 21 	call	0x42e8	; 0x42e8 <__fp_zero>
    4588:	b1 e0       	ldi	r27, 0x01	; 1
    458a:	08 95       	ret
    458c:	0c 94 74 21 	jmp	0x42e8	; 0x42e8 <__fp_zero>
    4590:	67 2f       	mov	r22, r23
    4592:	78 2f       	mov	r23, r24
    4594:	88 27       	eor	r24, r24
    4596:	b8 5f       	subi	r27, 0xF8	; 248
    4598:	39 f0       	breq	.+14     	; 0x45a8 <__fixunssfsi+0x4c>
    459a:	b9 3f       	cpi	r27, 0xF9	; 249
    459c:	cc f3       	brlt	.-14     	; 0x4590 <__fixunssfsi+0x34>
    459e:	86 95       	lsr	r24
    45a0:	77 95       	ror	r23
    45a2:	67 95       	ror	r22
    45a4:	b3 95       	inc	r27
    45a6:	d9 f7       	brne	.-10     	; 0x459e <__fixunssfsi+0x42>
    45a8:	3e f4       	brtc	.+14     	; 0x45b8 <__fixunssfsi+0x5c>
    45aa:	90 95       	com	r25
    45ac:	80 95       	com	r24
    45ae:	70 95       	com	r23
    45b0:	61 95       	neg	r22
    45b2:	7f 4f       	sbci	r23, 0xFF	; 255
    45b4:	8f 4f       	sbci	r24, 0xFF	; 255
    45b6:	9f 4f       	sbci	r25, 0xFF	; 255
    45b8:	08 95       	ret

000045ba <__gesf2>:
__gesf2():
    45ba:	0e 94 99 20 	call	0x4132	; 0x4132 <__fp_cmp>
    45be:	08 f4       	brcc	.+2      	; 0x45c2 <__gesf2+0x8>
    45c0:	8f ef       	ldi	r24, 0xFF	; 255
    45c2:	08 95       	ret

000045c4 <__divmodhi4>:
__divmodhi4():
/home/jenkins/workspace/avr-gcc-staging/label/debian7-x86_64/gcc-build/avr/avr5/libgcc/../../../../gcc/libgcc/config/avr/lib1funcs.S:1440
    45c4:	97 fb       	bst	r25, 7
/home/jenkins/workspace/avr-gcc-staging/label/debian7-x86_64/gcc-build/avr/avr5/libgcc/../../../../gcc/libgcc/config/avr/lib1funcs.S:1441
    45c6:	07 2e       	mov	r0, r23
/home/jenkins/workspace/avr-gcc-staging/label/debian7-x86_64/gcc-build/avr/avr5/libgcc/../../../../gcc/libgcc/config/avr/lib1funcs.S:1442
    45c8:	16 f4       	brtc	.+4      	; 0x45ce <__divmodhi4+0xa>
/home/jenkins/workspace/avr-gcc-staging/label/debian7-x86_64/gcc-build/avr/avr5/libgcc/../../../../gcc/libgcc/config/avr/lib1funcs.S:1443
    45ca:	00 94       	com	r0
/home/jenkins/workspace/avr-gcc-staging/label/debian7-x86_64/gcc-build/avr/avr5/libgcc/../../../../gcc/libgcc/config/avr/lib1funcs.S:1444
    45cc:	07 d0       	rcall	.+14     	; 0x45dc <__divmodhi4_neg1>
/home/jenkins/workspace/avr-gcc-staging/label/debian7-x86_64/gcc-build/avr/avr5/libgcc/../../../../gcc/libgcc/config/avr/lib1funcs.S:1446
    45ce:	77 fd       	sbrc	r23, 7
/home/jenkins/workspace/avr-gcc-staging/label/debian7-x86_64/gcc-build/avr/avr5/libgcc/../../../../gcc/libgcc/config/avr/lib1funcs.S:1447
    45d0:	09 d0       	rcall	.+18     	; 0x45e4 <__divmodhi4_neg2>
/home/jenkins/workspace/avr-gcc-staging/label/debian7-x86_64/gcc-build/avr/avr5/libgcc/../../../../gcc/libgcc/config/avr/lib1funcs.S:1448
    45d2:	0e 94 1e 23 	call	0x463c	; 0x463c <__udivmodhi4>
/home/jenkins/workspace/avr-gcc-staging/label/debian7-x86_64/gcc-build/avr/avr5/libgcc/../../../../gcc/libgcc/config/avr/lib1funcs.S:1449
    45d6:	07 fc       	sbrc	r0, 7
/home/jenkins/workspace/avr-gcc-staging/label/debian7-x86_64/gcc-build/avr/avr5/libgcc/../../../../gcc/libgcc/config/avr/lib1funcs.S:1450
    45d8:	05 d0       	rcall	.+10     	; 0x45e4 <__divmodhi4_neg2>
/home/jenkins/workspace/avr-gcc-staging/label/debian7-x86_64/gcc-build/avr/avr5/libgcc/../../../../gcc/libgcc/config/avr/lib1funcs.S:1451
    45da:	3e f4       	brtc	.+14     	; 0x45ea <__divmodhi4_exit>

000045dc <__divmodhi4_neg1>:
/home/jenkins/workspace/avr-gcc-staging/label/debian7-x86_64/gcc-build/avr/avr5/libgcc/../../../../gcc/libgcc/config/avr/lib1funcs.S:1454
    45dc:	90 95       	com	r25
/home/jenkins/workspace/avr-gcc-staging/label/debian7-x86_64/gcc-build/avr/avr5/libgcc/../../../../gcc/libgcc/config/avr/lib1funcs.S:1455
    45de:	81 95       	neg	r24
/home/jenkins/workspace/avr-gcc-staging/label/debian7-x86_64/gcc-build/avr/avr5/libgcc/../../../../gcc/libgcc/config/avr/lib1funcs.S:1456
    45e0:	9f 4f       	sbci	r25, 0xFF	; 255
/home/jenkins/workspace/avr-gcc-staging/label/debian7-x86_64/gcc-build/avr/avr5/libgcc/../../../../gcc/libgcc/config/avr/lib1funcs.S:1457
    45e2:	08 95       	ret

000045e4 <__divmodhi4_neg2>:
/home/jenkins/workspace/avr-gcc-staging/label/debian7-x86_64/gcc-build/avr/avr5/libgcc/../../../../gcc/libgcc/config/avr/lib1funcs.S:1460
    45e4:	70 95       	com	r23
/home/jenkins/workspace/avr-gcc-staging/label/debian7-x86_64/gcc-build/avr/avr5/libgcc/../../../../gcc/libgcc/config/avr/lib1funcs.S:1461
    45e6:	61 95       	neg	r22
/home/jenkins/workspace/avr-gcc-staging/label/debian7-x86_64/gcc-build/avr/avr5/libgcc/../../../../gcc/libgcc/config/avr/lib1funcs.S:1462
    45e8:	7f 4f       	sbci	r23, 0xFF	; 255

000045ea <__divmodhi4_exit>:
/home/jenkins/workspace/avr-gcc-staging/label/debian7-x86_64/gcc-build/avr/avr5/libgcc/../../../../gcc/libgcc/config/avr/lib1funcs.S:1464
    45ea:	08 95       	ret

000045ec <__udivmodsi4>:
__udivmodsi4():
/home/jenkins/workspace/avr-gcc-staging/label/debian7-x86_64/gcc-build/avr/avr5/libgcc/../../../../gcc/libgcc/config/avr/lib1funcs.S:1638
    45ec:	a1 e2       	ldi	r26, 0x21	; 33
/home/jenkins/workspace/avr-gcc-staging/label/debian7-x86_64/gcc-build/avr/avr5/libgcc/../../../../gcc/libgcc/config/avr/lib1funcs.S:1639
    45ee:	1a 2e       	mov	r1, r26
/home/jenkins/workspace/avr-gcc-staging/label/debian7-x86_64/gcc-build/avr/avr5/libgcc/../../../../gcc/libgcc/config/avr/lib1funcs.S:1640
    45f0:	aa 1b       	sub	r26, r26
/home/jenkins/workspace/avr-gcc-staging/label/debian7-x86_64/gcc-build/avr/avr5/libgcc/../../../../gcc/libgcc/config/avr/lib1funcs.S:1641
    45f2:	bb 1b       	sub	r27, r27
/home/jenkins/workspace/avr-gcc-staging/label/debian7-x86_64/gcc-build/avr/avr5/libgcc/../../../../gcc/libgcc/config/avr/lib1funcs.S:1642
    45f4:	fd 01       	movw	r30, r26
/home/jenkins/workspace/avr-gcc-staging/label/debian7-x86_64/gcc-build/avr/avr5/libgcc/../../../../gcc/libgcc/config/avr/lib1funcs.S:1644
    45f6:	0d c0       	rjmp	.+26     	; 0x4612 <__udivmodsi4_ep>

000045f8 <__udivmodsi4_loop>:
/home/jenkins/workspace/avr-gcc-staging/label/debian7-x86_64/gcc-build/avr/avr5/libgcc/../../../../gcc/libgcc/config/avr/lib1funcs.S:1646
    45f8:	aa 1f       	adc	r26, r26
/home/jenkins/workspace/avr-gcc-staging/label/debian7-x86_64/gcc-build/avr/avr5/libgcc/../../../../gcc/libgcc/config/avr/lib1funcs.S:1647
    45fa:	bb 1f       	adc	r27, r27
/home/jenkins/workspace/avr-gcc-staging/label/debian7-x86_64/gcc-build/avr/avr5/libgcc/../../../../gcc/libgcc/config/avr/lib1funcs.S:1648
    45fc:	ee 1f       	adc	r30, r30
/home/jenkins/workspace/avr-gcc-staging/label/debian7-x86_64/gcc-build/avr/avr5/libgcc/../../../../gcc/libgcc/config/avr/lib1funcs.S:1649
    45fe:	ff 1f       	adc	r31, r31
/home/jenkins/workspace/avr-gcc-staging/label/debian7-x86_64/gcc-build/avr/avr5/libgcc/../../../../gcc/libgcc/config/avr/lib1funcs.S:1650
    4600:	a2 17       	cp	r26, r18
/home/jenkins/workspace/avr-gcc-staging/label/debian7-x86_64/gcc-build/avr/avr5/libgcc/../../../../gcc/libgcc/config/avr/lib1funcs.S:1651
    4602:	b3 07       	cpc	r27, r19
/home/jenkins/workspace/avr-gcc-staging/label/debian7-x86_64/gcc-build/avr/avr5/libgcc/../../../../gcc/libgcc/config/avr/lib1funcs.S:1652
    4604:	e4 07       	cpc	r30, r20
/home/jenkins/workspace/avr-gcc-staging/label/debian7-x86_64/gcc-build/avr/avr5/libgcc/../../../../gcc/libgcc/config/avr/lib1funcs.S:1653
    4606:	f5 07       	cpc	r31, r21
/home/jenkins/workspace/avr-gcc-staging/label/debian7-x86_64/gcc-build/avr/avr5/libgcc/../../../../gcc/libgcc/config/avr/lib1funcs.S:1654
    4608:	20 f0       	brcs	.+8      	; 0x4612 <__udivmodsi4_ep>
/home/jenkins/workspace/avr-gcc-staging/label/debian7-x86_64/gcc-build/avr/avr5/libgcc/../../../../gcc/libgcc/config/avr/lib1funcs.S:1655
    460a:	a2 1b       	sub	r26, r18
/home/jenkins/workspace/avr-gcc-staging/label/debian7-x86_64/gcc-build/avr/avr5/libgcc/../../../../gcc/libgcc/config/avr/lib1funcs.S:1656
    460c:	b3 0b       	sbc	r27, r19
/home/jenkins/workspace/avr-gcc-staging/label/debian7-x86_64/gcc-build/avr/avr5/libgcc/../../../../gcc/libgcc/config/avr/lib1funcs.S:1657
    460e:	e4 0b       	sbc	r30, r20
/home/jenkins/workspace/avr-gcc-staging/label/debian7-x86_64/gcc-build/avr/avr5/libgcc/../../../../gcc/libgcc/config/avr/lib1funcs.S:1658
    4610:	f5 0b       	sbc	r31, r21

00004612 <__udivmodsi4_ep>:
/home/jenkins/workspace/avr-gcc-staging/label/debian7-x86_64/gcc-build/avr/avr5/libgcc/../../../../gcc/libgcc/config/avr/lib1funcs.S:1660
    4612:	66 1f       	adc	r22, r22
/home/jenkins/workspace/avr-gcc-staging/label/debian7-x86_64/gcc-build/avr/avr5/libgcc/../../../../gcc/libgcc/config/avr/lib1funcs.S:1661
    4614:	77 1f       	adc	r23, r23
/home/jenkins/workspace/avr-gcc-staging/label/debian7-x86_64/gcc-build/avr/avr5/libgcc/../../../../gcc/libgcc/config/avr/lib1funcs.S:1662
    4616:	88 1f       	adc	r24, r24
/home/jenkins/workspace/avr-gcc-staging/label/debian7-x86_64/gcc-build/avr/avr5/libgcc/../../../../gcc/libgcc/config/avr/lib1funcs.S:1663
    4618:	99 1f       	adc	r25, r25
/home/jenkins/workspace/avr-gcc-staging/label/debian7-x86_64/gcc-build/avr/avr5/libgcc/../../../../gcc/libgcc/config/avr/lib1funcs.S:1664
    461a:	1a 94       	dec	r1
/home/jenkins/workspace/avr-gcc-staging/label/debian7-x86_64/gcc-build/avr/avr5/libgcc/../../../../gcc/libgcc/config/avr/lib1funcs.S:1665
    461c:	69 f7       	brne	.-38     	; 0x45f8 <__udivmodsi4_loop>
/home/jenkins/workspace/avr-gcc-staging/label/debian7-x86_64/gcc-build/avr/avr5/libgcc/../../../../gcc/libgcc/config/avr/lib1funcs.S:1667
    461e:	60 95       	com	r22
/home/jenkins/workspace/avr-gcc-staging/label/debian7-x86_64/gcc-build/avr/avr5/libgcc/../../../../gcc/libgcc/config/avr/lib1funcs.S:1668
    4620:	70 95       	com	r23
/home/jenkins/workspace/avr-gcc-staging/label/debian7-x86_64/gcc-build/avr/avr5/libgcc/../../../../gcc/libgcc/config/avr/lib1funcs.S:1669
    4622:	80 95       	com	r24
/home/jenkins/workspace/avr-gcc-staging/label/debian7-x86_64/gcc-build/avr/avr5/libgcc/../../../../gcc/libgcc/config/avr/lib1funcs.S:1670
    4624:	90 95       	com	r25
/home/jenkins/workspace/avr-gcc-staging/label/debian7-x86_64/gcc-build/avr/avr5/libgcc/../../../../gcc/libgcc/config/avr/lib1funcs.S:1672
    4626:	9b 01       	movw	r18, r22
/home/jenkins/workspace/avr-gcc-staging/label/debian7-x86_64/gcc-build/avr/avr5/libgcc/../../../../gcc/libgcc/config/avr/lib1funcs.S:1674
    4628:	ac 01       	movw	r20, r24
/home/jenkins/workspace/avr-gcc-staging/label/debian7-x86_64/gcc-build/avr/avr5/libgcc/../../../../gcc/libgcc/config/avr/lib1funcs.S:1676
    462a:	bd 01       	movw	r22, r26
/home/jenkins/workspace/avr-gcc-staging/label/debian7-x86_64/gcc-build/avr/avr5/libgcc/../../../../gcc/libgcc/config/avr/lib1funcs.S:1678
    462c:	cf 01       	movw	r24, r30
/home/jenkins/workspace/avr-gcc-staging/label/debian7-x86_64/gcc-build/avr/avr5/libgcc/../../../../gcc/libgcc/config/avr/lib1funcs.S:1680
    462e:	08 95       	ret

00004630 <__tablejump2__>:
__tablejump2__():
/home/jenkins/workspace/avr-gcc-staging/label/debian7-x86_64/gcc-build/avr/avr5/libgcc/../../../../gcc/libgcc/config/avr/lib1funcs.S:2296
    4630:	ee 0f       	add	r30, r30
/home/jenkins/workspace/avr-gcc-staging/label/debian7-x86_64/gcc-build/avr/avr5/libgcc/../../../../gcc/libgcc/config/avr/lib1funcs.S:2297
    4632:	ff 1f       	adc	r31, r31
/home/jenkins/workspace/avr-gcc-staging/label/debian7-x86_64/gcc-build/avr/avr5/libgcc/../../../../gcc/libgcc/config/avr/lib1funcs.S:2328
    4634:	05 90       	lpm	r0, Z+
/home/jenkins/workspace/avr-gcc-staging/label/debian7-x86_64/gcc-build/avr/avr5/libgcc/../../../../gcc/libgcc/config/avr/lib1funcs.S:2329
    4636:	f4 91       	lpm	r31, Z
/home/jenkins/workspace/avr-gcc-staging/label/debian7-x86_64/gcc-build/avr/avr5/libgcc/../../../../gcc/libgcc/config/avr/lib1funcs.S:2330
    4638:	e0 2d       	mov	r30, r0
/home/jenkins/workspace/avr-gcc-staging/label/debian7-x86_64/gcc-build/avr/avr5/libgcc/../../../../gcc/libgcc/config/avr/lib1funcs.S:2331
    463a:	09 94       	ijmp

0000463c <__udivmodhi4>:
__udivmodhi4():
/home/jenkins/workspace/avr-gcc-staging/label/debian7-x86_64/gcc-build/avr/avr5/libgcc/../../../../gcc/libgcc/config/avr/lib1funcs.S:1408
    463c:	aa 1b       	sub	r26, r26
/home/jenkins/workspace/avr-gcc-staging/label/debian7-x86_64/gcc-build/avr/avr5/libgcc/../../../../gcc/libgcc/config/avr/lib1funcs.S:1409
    463e:	bb 1b       	sub	r27, r27
/home/jenkins/workspace/avr-gcc-staging/label/debian7-x86_64/gcc-build/avr/avr5/libgcc/../../../../gcc/libgcc/config/avr/lib1funcs.S:1410
    4640:	51 e1       	ldi	r21, 0x11	; 17
/home/jenkins/workspace/avr-gcc-staging/label/debian7-x86_64/gcc-build/avr/avr5/libgcc/../../../../gcc/libgcc/config/avr/lib1funcs.S:1411
    4642:	07 c0       	rjmp	.+14     	; 0x4652 <__udivmodhi4_ep>

00004644 <__udivmodhi4_loop>:
/home/jenkins/workspace/avr-gcc-staging/label/debian7-x86_64/gcc-build/avr/avr5/libgcc/../../../../gcc/libgcc/config/avr/lib1funcs.S:1413
    4644:	aa 1f       	adc	r26, r26
/home/jenkins/workspace/avr-gcc-staging/label/debian7-x86_64/gcc-build/avr/avr5/libgcc/../../../../gcc/libgcc/config/avr/lib1funcs.S:1414
    4646:	bb 1f       	adc	r27, r27
/home/jenkins/workspace/avr-gcc-staging/label/debian7-x86_64/gcc-build/avr/avr5/libgcc/../../../../gcc/libgcc/config/avr/lib1funcs.S:1415
    4648:	a6 17       	cp	r26, r22
/home/jenkins/workspace/avr-gcc-staging/label/debian7-x86_64/gcc-build/avr/avr5/libgcc/../../../../gcc/libgcc/config/avr/lib1funcs.S:1416
    464a:	b7 07       	cpc	r27, r23
/home/jenkins/workspace/avr-gcc-staging/label/debian7-x86_64/gcc-build/avr/avr5/libgcc/../../../../gcc/libgcc/config/avr/lib1funcs.S:1417
    464c:	10 f0       	brcs	.+4      	; 0x4652 <__udivmodhi4_ep>
/home/jenkins/workspace/avr-gcc-staging/label/debian7-x86_64/gcc-build/avr/avr5/libgcc/../../../../gcc/libgcc/config/avr/lib1funcs.S:1418
    464e:	a6 1b       	sub	r26, r22
/home/jenkins/workspace/avr-gcc-staging/label/debian7-x86_64/gcc-build/avr/avr5/libgcc/../../../../gcc/libgcc/config/avr/lib1funcs.S:1419
    4650:	b7 0b       	sbc	r27, r23

00004652 <__udivmodhi4_ep>:
/home/jenkins/workspace/avr-gcc-staging/label/debian7-x86_64/gcc-build/avr/avr5/libgcc/../../../../gcc/libgcc/config/avr/lib1funcs.S:1421
    4652:	88 1f       	adc	r24, r24
/home/jenkins/workspace/avr-gcc-staging/label/debian7-x86_64/gcc-build/avr/avr5/libgcc/../../../../gcc/libgcc/config/avr/lib1funcs.S:1422
    4654:	99 1f       	adc	r25, r25
/home/jenkins/workspace/avr-gcc-staging/label/debian7-x86_64/gcc-build/avr/avr5/libgcc/../../../../gcc/libgcc/config/avr/lib1funcs.S:1423
    4656:	5a 95       	dec	r21
/home/jenkins/workspace/avr-gcc-staging/label/debian7-x86_64/gcc-build/avr/avr5/libgcc/../../../../gcc/libgcc/config/avr/lib1funcs.S:1424
    4658:	a9 f7       	brne	.-22     	; 0x4644 <__udivmodhi4_loop>
/home/jenkins/workspace/avr-gcc-staging/label/debian7-x86_64/gcc-build/avr/avr5/libgcc/../../../../gcc/libgcc/config/avr/lib1funcs.S:1425
    465a:	80 95       	com	r24
/home/jenkins/workspace/avr-gcc-staging/label/debian7-x86_64/gcc-build/avr/avr5/libgcc/../../../../gcc/libgcc/config/avr/lib1funcs.S:1426
    465c:	90 95       	com	r25
/home/jenkins/workspace/avr-gcc-staging/label/debian7-x86_64/gcc-build/avr/avr5/libgcc/../../../../gcc/libgcc/config/avr/lib1funcs.S:1428
    465e:	bc 01       	movw	r22, r24
/home/jenkins/workspace/avr-gcc-staging/label/debian7-x86_64/gcc-build/avr/avr5/libgcc/../../../../gcc/libgcc/config/avr/lib1funcs.S:1430
    4660:	cd 01       	movw	r24, r26
/home/jenkins/workspace/avr-gcc-staging/label/debian7-x86_64/gcc-build/avr/avr5/libgcc/../../../../gcc/libgcc/config/avr/lib1funcs.S:1432
    4662:	08 95       	ret

00004664 <malloc>:
malloc():
    4664:	0f 93       	push	r16
    4666:	1f 93       	push	r17
    4668:	cf 93       	push	r28
    466a:	df 93       	push	r29
    466c:	82 30       	cpi	r24, 0x02	; 2
    466e:	91 05       	cpc	r25, r1
    4670:	10 f4       	brcc	.+4      	; 0x4676 <malloc+0x12>
    4672:	82 e0       	ldi	r24, 0x02	; 2
    4674:	90 e0       	ldi	r25, 0x00	; 0
    4676:	e0 91 45 07 	lds	r30, 0x0745	; 0x800745 <__flp>
    467a:	f0 91 46 07 	lds	r31, 0x0746	; 0x800746 <__flp+0x1>
    467e:	30 e0       	ldi	r19, 0x00	; 0
    4680:	20 e0       	ldi	r18, 0x00	; 0
    4682:	b0 e0       	ldi	r27, 0x00	; 0
    4684:	a0 e0       	ldi	r26, 0x00	; 0
    4686:	30 97       	sbiw	r30, 0x00	; 0
    4688:	99 f4       	brne	.+38     	; 0x46b0 <malloc+0x4c>
    468a:	21 15       	cp	r18, r1
    468c:	31 05       	cpc	r19, r1
    468e:	09 f4       	brne	.+2      	; 0x4692 <malloc+0x2e>
    4690:	4a c0       	rjmp	.+148    	; 0x4726 <malloc+0xc2>
    4692:	28 1b       	sub	r18, r24
    4694:	39 0b       	sbc	r19, r25
    4696:	24 30       	cpi	r18, 0x04	; 4
    4698:	31 05       	cpc	r19, r1
    469a:	d8 f5       	brcc	.+118    	; 0x4712 <malloc+0xae>
    469c:	8a 81       	ldd	r24, Y+2	; 0x02
    469e:	9b 81       	ldd	r25, Y+3	; 0x03
    46a0:	61 15       	cp	r22, r1
    46a2:	71 05       	cpc	r23, r1
    46a4:	89 f1       	breq	.+98     	; 0x4708 <malloc+0xa4>
    46a6:	fb 01       	movw	r30, r22
    46a8:	93 83       	std	Z+3, r25	; 0x03
    46aa:	82 83       	std	Z+2, r24	; 0x02
    46ac:	fe 01       	movw	r30, r28
    46ae:	11 c0       	rjmp	.+34     	; 0x46d2 <malloc+0x6e>
    46b0:	40 81       	ld	r20, Z
    46b2:	51 81       	ldd	r21, Z+1	; 0x01
    46b4:	02 81       	ldd	r16, Z+2	; 0x02
    46b6:	13 81       	ldd	r17, Z+3	; 0x03
    46b8:	48 17       	cp	r20, r24
    46ba:	59 07       	cpc	r21, r25
    46bc:	e0 f0       	brcs	.+56     	; 0x46f6 <malloc+0x92>
    46be:	48 17       	cp	r20, r24
    46c0:	59 07       	cpc	r21, r25
    46c2:	99 f4       	brne	.+38     	; 0x46ea <malloc+0x86>
    46c4:	10 97       	sbiw	r26, 0x00	; 0
    46c6:	61 f0       	breq	.+24     	; 0x46e0 <malloc+0x7c>
    46c8:	12 96       	adiw	r26, 0x02	; 2
    46ca:	0c 93       	st	X, r16
    46cc:	12 97       	sbiw	r26, 0x02	; 2
    46ce:	13 96       	adiw	r26, 0x03	; 3
    46d0:	1c 93       	st	X, r17
    46d2:	32 96       	adiw	r30, 0x02	; 2
    46d4:	cf 01       	movw	r24, r30
    46d6:	df 91       	pop	r29
    46d8:	cf 91       	pop	r28
    46da:	1f 91       	pop	r17
    46dc:	0f 91       	pop	r16
    46de:	08 95       	ret
    46e0:	00 93 45 07 	sts	0x0745, r16	; 0x800745 <__flp>
    46e4:	10 93 46 07 	sts	0x0746, r17	; 0x800746 <__flp+0x1>
    46e8:	f4 cf       	rjmp	.-24     	; 0x46d2 <malloc+0x6e>
    46ea:	21 15       	cp	r18, r1
    46ec:	31 05       	cpc	r19, r1
    46ee:	51 f0       	breq	.+20     	; 0x4704 <malloc+0xa0>
    46f0:	42 17       	cp	r20, r18
    46f2:	53 07       	cpc	r21, r19
    46f4:	38 f0       	brcs	.+14     	; 0x4704 <malloc+0xa0>
    46f6:	a9 01       	movw	r20, r18
    46f8:	db 01       	movw	r26, r22
    46fa:	9a 01       	movw	r18, r20
    46fc:	bd 01       	movw	r22, r26
    46fe:	df 01       	movw	r26, r30
    4700:	f8 01       	movw	r30, r16
    4702:	c1 cf       	rjmp	.-126    	; 0x4686 <malloc+0x22>
    4704:	ef 01       	movw	r28, r30
    4706:	f9 cf       	rjmp	.-14     	; 0x46fa <malloc+0x96>
    4708:	90 93 46 07 	sts	0x0746, r25	; 0x800746 <__flp+0x1>
    470c:	80 93 45 07 	sts	0x0745, r24	; 0x800745 <__flp>
    4710:	cd cf       	rjmp	.-102    	; 0x46ac <malloc+0x48>
    4712:	fe 01       	movw	r30, r28
    4714:	e2 0f       	add	r30, r18
    4716:	f3 1f       	adc	r31, r19
    4718:	81 93       	st	Z+, r24
    471a:	91 93       	st	Z+, r25
    471c:	22 50       	subi	r18, 0x02	; 2
    471e:	31 09       	sbc	r19, r1
    4720:	39 83       	std	Y+1, r19	; 0x01
    4722:	28 83       	st	Y, r18
    4724:	d7 cf       	rjmp	.-82     	; 0x46d4 <malloc+0x70>
    4726:	20 91 43 07 	lds	r18, 0x0743	; 0x800743 <__brkval>
    472a:	30 91 44 07 	lds	r19, 0x0744	; 0x800744 <__brkval+0x1>
    472e:	23 2b       	or	r18, r19
    4730:	41 f4       	brne	.+16     	; 0x4742 <malloc+0xde>
    4732:	20 91 1f 01 	lds	r18, 0x011F	; 0x80011f <__malloc_heap_start>
    4736:	30 91 20 01 	lds	r19, 0x0120	; 0x800120 <__malloc_heap_start+0x1>
    473a:	30 93 44 07 	sts	0x0744, r19	; 0x800744 <__brkval+0x1>
    473e:	20 93 43 07 	sts	0x0743, r18	; 0x800743 <__brkval>
    4742:	20 91 1d 01 	lds	r18, 0x011D	; 0x80011d <__malloc_heap_end>
    4746:	30 91 1e 01 	lds	r19, 0x011E	; 0x80011e <__malloc_heap_end+0x1>
    474a:	21 15       	cp	r18, r1
    474c:	31 05       	cpc	r19, r1
    474e:	41 f4       	brne	.+16     	; 0x4760 <malloc+0xfc>
    4750:	2d b7       	in	r18, 0x3d	; 61
    4752:	3e b7       	in	r19, 0x3e	; 62
    4754:	40 91 21 01 	lds	r20, 0x0121	; 0x800121 <__malloc_margin>
    4758:	50 91 22 01 	lds	r21, 0x0122	; 0x800122 <__malloc_margin+0x1>
    475c:	24 1b       	sub	r18, r20
    475e:	35 0b       	sbc	r19, r21
    4760:	e0 91 43 07 	lds	r30, 0x0743	; 0x800743 <__brkval>
    4764:	f0 91 44 07 	lds	r31, 0x0744	; 0x800744 <__brkval+0x1>
    4768:	e2 17       	cp	r30, r18
    476a:	f3 07       	cpc	r31, r19
    476c:	a0 f4       	brcc	.+40     	; 0x4796 <malloc+0x132>
    476e:	2e 1b       	sub	r18, r30
    4770:	3f 0b       	sbc	r19, r31
    4772:	28 17       	cp	r18, r24
    4774:	39 07       	cpc	r19, r25
    4776:	78 f0       	brcs	.+30     	; 0x4796 <malloc+0x132>
    4778:	ac 01       	movw	r20, r24
    477a:	4e 5f       	subi	r20, 0xFE	; 254
    477c:	5f 4f       	sbci	r21, 0xFF	; 255
    477e:	24 17       	cp	r18, r20
    4780:	35 07       	cpc	r19, r21
    4782:	48 f0       	brcs	.+18     	; 0x4796 <malloc+0x132>
    4784:	4e 0f       	add	r20, r30
    4786:	5f 1f       	adc	r21, r31
    4788:	50 93 44 07 	sts	0x0744, r21	; 0x800744 <__brkval+0x1>
    478c:	40 93 43 07 	sts	0x0743, r20	; 0x800743 <__brkval>
    4790:	81 93       	st	Z+, r24
    4792:	91 93       	st	Z+, r25
    4794:	9f cf       	rjmp	.-194    	; 0x46d4 <malloc+0x70>
    4796:	f0 e0       	ldi	r31, 0x00	; 0
    4798:	e0 e0       	ldi	r30, 0x00	; 0
    479a:	9c cf       	rjmp	.-200    	; 0x46d4 <malloc+0x70>

0000479c <free>:
free():
    479c:	cf 93       	push	r28
    479e:	df 93       	push	r29
    47a0:	00 97       	sbiw	r24, 0x00	; 0
    47a2:	e9 f0       	breq	.+58     	; 0x47de <free+0x42>
    47a4:	fc 01       	movw	r30, r24
    47a6:	32 97       	sbiw	r30, 0x02	; 2
    47a8:	13 82       	std	Z+3, r1	; 0x03
    47aa:	12 82       	std	Z+2, r1	; 0x02
    47ac:	a0 91 45 07 	lds	r26, 0x0745	; 0x800745 <__flp>
    47b0:	b0 91 46 07 	lds	r27, 0x0746	; 0x800746 <__flp+0x1>
    47b4:	ed 01       	movw	r28, r26
    47b6:	30 e0       	ldi	r19, 0x00	; 0
    47b8:	20 e0       	ldi	r18, 0x00	; 0
    47ba:	10 97       	sbiw	r26, 0x00	; 0
    47bc:	a1 f4       	brne	.+40     	; 0x47e6 <free+0x4a>
    47be:	20 81       	ld	r18, Z
    47c0:	31 81       	ldd	r19, Z+1	; 0x01
    47c2:	82 0f       	add	r24, r18
    47c4:	93 1f       	adc	r25, r19
    47c6:	20 91 43 07 	lds	r18, 0x0743	; 0x800743 <__brkval>
    47ca:	30 91 44 07 	lds	r19, 0x0744	; 0x800744 <__brkval+0x1>
    47ce:	28 17       	cp	r18, r24
    47d0:	39 07       	cpc	r19, r25
    47d2:	09 f0       	breq	.+2      	; 0x47d6 <free+0x3a>
    47d4:	61 c0       	rjmp	.+194    	; 0x4898 <free+0xfc>
    47d6:	f0 93 44 07 	sts	0x0744, r31	; 0x800744 <__brkval+0x1>
    47da:	e0 93 43 07 	sts	0x0743, r30	; 0x800743 <__brkval>
    47de:	df 91       	pop	r29
    47e0:	cf 91       	pop	r28
    47e2:	08 95       	ret
    47e4:	ea 01       	movw	r28, r20
    47e6:	ce 17       	cp	r28, r30
    47e8:	df 07       	cpc	r29, r31
    47ea:	e8 f5       	brcc	.+122    	; 0x4866 <free+0xca>
    47ec:	4a 81       	ldd	r20, Y+2	; 0x02
    47ee:	5b 81       	ldd	r21, Y+3	; 0x03
    47f0:	9e 01       	movw	r18, r28
    47f2:	41 15       	cp	r20, r1
    47f4:	51 05       	cpc	r21, r1
    47f6:	b1 f7       	brne	.-20     	; 0x47e4 <free+0x48>
    47f8:	e9 01       	movw	r28, r18
    47fa:	fb 83       	std	Y+3, r31	; 0x03
    47fc:	ea 83       	std	Y+2, r30	; 0x02
    47fe:	49 91       	ld	r20, Y+
    4800:	59 91       	ld	r21, Y+
    4802:	c4 0f       	add	r28, r20
    4804:	d5 1f       	adc	r29, r21
    4806:	ec 17       	cp	r30, r28
    4808:	fd 07       	cpc	r31, r29
    480a:	61 f4       	brne	.+24     	; 0x4824 <free+0x88>
    480c:	80 81       	ld	r24, Z
    480e:	91 81       	ldd	r25, Z+1	; 0x01
    4810:	02 96       	adiw	r24, 0x02	; 2
    4812:	84 0f       	add	r24, r20
    4814:	95 1f       	adc	r25, r21
    4816:	e9 01       	movw	r28, r18
    4818:	99 83       	std	Y+1, r25	; 0x01
    481a:	88 83       	st	Y, r24
    481c:	82 81       	ldd	r24, Z+2	; 0x02
    481e:	93 81       	ldd	r25, Z+3	; 0x03
    4820:	9b 83       	std	Y+3, r25	; 0x03
    4822:	8a 83       	std	Y+2, r24	; 0x02
    4824:	f0 e0       	ldi	r31, 0x00	; 0
    4826:	e0 e0       	ldi	r30, 0x00	; 0
    4828:	12 96       	adiw	r26, 0x02	; 2
    482a:	8d 91       	ld	r24, X+
    482c:	9c 91       	ld	r25, X
    482e:	13 97       	sbiw	r26, 0x03	; 3
    4830:	00 97       	sbiw	r24, 0x00	; 0
    4832:	b9 f5       	brne	.+110    	; 0x48a2 <free+0x106>
    4834:	2d 91       	ld	r18, X+
    4836:	3c 91       	ld	r19, X
    4838:	11 97       	sbiw	r26, 0x01	; 1
    483a:	cd 01       	movw	r24, r26
    483c:	02 96       	adiw	r24, 0x02	; 2
    483e:	82 0f       	add	r24, r18
    4840:	93 1f       	adc	r25, r19
    4842:	20 91 43 07 	lds	r18, 0x0743	; 0x800743 <__brkval>
    4846:	30 91 44 07 	lds	r19, 0x0744	; 0x800744 <__brkval+0x1>
    484a:	28 17       	cp	r18, r24
    484c:	39 07       	cpc	r19, r25
    484e:	39 f6       	brne	.-114    	; 0x47de <free+0x42>
    4850:	30 97       	sbiw	r30, 0x00	; 0
    4852:	51 f5       	brne	.+84     	; 0x48a8 <free+0x10c>
    4854:	10 92 46 07 	sts	0x0746, r1	; 0x800746 <__flp+0x1>
    4858:	10 92 45 07 	sts	0x0745, r1	; 0x800745 <__flp>
    485c:	b0 93 44 07 	sts	0x0744, r27	; 0x800744 <__brkval+0x1>
    4860:	a0 93 43 07 	sts	0x0743, r26	; 0x800743 <__brkval>
    4864:	bc cf       	rjmp	.-136    	; 0x47de <free+0x42>
    4866:	d3 83       	std	Z+3, r29	; 0x03
    4868:	c2 83       	std	Z+2, r28	; 0x02
    486a:	40 81       	ld	r20, Z
    486c:	51 81       	ldd	r21, Z+1	; 0x01
    486e:	84 0f       	add	r24, r20
    4870:	95 1f       	adc	r25, r21
    4872:	c8 17       	cp	r28, r24
    4874:	d9 07       	cpc	r29, r25
    4876:	61 f4       	brne	.+24     	; 0x4890 <free+0xf4>
    4878:	4e 5f       	subi	r20, 0xFE	; 254
    487a:	5f 4f       	sbci	r21, 0xFF	; 255
    487c:	88 81       	ld	r24, Y
    487e:	99 81       	ldd	r25, Y+1	; 0x01
    4880:	48 0f       	add	r20, r24
    4882:	59 1f       	adc	r21, r25
    4884:	51 83       	std	Z+1, r21	; 0x01
    4886:	40 83       	st	Z, r20
    4888:	8a 81       	ldd	r24, Y+2	; 0x02
    488a:	9b 81       	ldd	r25, Y+3	; 0x03
    488c:	93 83       	std	Z+3, r25	; 0x03
    488e:	82 83       	std	Z+2, r24	; 0x02
    4890:	21 15       	cp	r18, r1
    4892:	31 05       	cpc	r19, r1
    4894:	09 f0       	breq	.+2      	; 0x4898 <free+0xfc>
    4896:	b0 cf       	rjmp	.-160    	; 0x47f8 <free+0x5c>
    4898:	f0 93 46 07 	sts	0x0746, r31	; 0x800746 <__flp+0x1>
    489c:	e0 93 45 07 	sts	0x0745, r30	; 0x800745 <__flp>
    48a0:	9e cf       	rjmp	.-196    	; 0x47de <free+0x42>
    48a2:	fd 01       	movw	r30, r26
    48a4:	dc 01       	movw	r26, r24
    48a6:	c0 cf       	rjmp	.-128    	; 0x4828 <free+0x8c>
    48a8:	13 82       	std	Z+3, r1	; 0x03
    48aa:	12 82       	std	Z+2, r1	; 0x02
    48ac:	d7 cf       	rjmp	.-82     	; 0x485c <free+0xc0>

000048ae <realloc>:
realloc():
    48ae:	b0 e0       	ldi	r27, 0x00	; 0
    48b0:	a0 e0       	ldi	r26, 0x00	; 0
    48b2:	ed e5       	ldi	r30, 0x5D	; 93
    48b4:	f4 e2       	ldi	r31, 0x24	; 36
    48b6:	0c 94 93 21 	jmp	0x4326	; 0x4326 <__prologue_saves__+0x4>
    48ba:	8c 01       	movw	r16, r24
    48bc:	00 97       	sbiw	r24, 0x00	; 0
    48be:	51 f4       	brne	.+20     	; 0x48d4 <realloc+0x26>
    48c0:	cb 01       	movw	r24, r22
    48c2:	0e 94 32 23 	call	0x4664	; 0x4664 <malloc>
    48c6:	8c 01       	movw	r16, r24
    48c8:	c8 01       	movw	r24, r16
    48ca:	cd b7       	in	r28, 0x3d	; 61
    48cc:	de b7       	in	r29, 0x3e	; 62
    48ce:	e0 e1       	ldi	r30, 0x10	; 16
    48d0:	0c 94 af 21 	jmp	0x435e	; 0x435e <__epilogue_restores__+0x4>
    48d4:	fc 01       	movw	r30, r24
    48d6:	e6 0f       	add	r30, r22
    48d8:	f7 1f       	adc	r31, r23
    48da:	9c 01       	movw	r18, r24
    48dc:	22 50       	subi	r18, 0x02	; 2
    48de:	31 09       	sbc	r19, r1
    48e0:	e2 17       	cp	r30, r18
    48e2:	f3 07       	cpc	r31, r19
    48e4:	08 f4       	brcc	.+2      	; 0x48e8 <realloc+0x3a>
    48e6:	9d c0       	rjmp	.+314    	; 0x4a22 <realloc+0x174>
    48e8:	d9 01       	movw	r26, r18
    48ea:	cd 91       	ld	r28, X+
    48ec:	dc 91       	ld	r29, X
    48ee:	11 97       	sbiw	r26, 0x01	; 1
    48f0:	c6 17       	cp	r28, r22
    48f2:	d7 07       	cpc	r29, r23
    48f4:	98 f0       	brcs	.+38     	; 0x491c <realloc+0x6e>
    48f6:	c5 30       	cpi	r28, 0x05	; 5
    48f8:	d1 05       	cpc	r29, r1
    48fa:	30 f3       	brcs	.-52     	; 0x48c8 <realloc+0x1a>
    48fc:	ce 01       	movw	r24, r28
    48fe:	04 97       	sbiw	r24, 0x04	; 4
    4900:	86 17       	cp	r24, r22
    4902:	97 07       	cpc	r25, r23
    4904:	08 f3       	brcs	.-62     	; 0x48c8 <realloc+0x1a>
    4906:	c6 1b       	sub	r28, r22
    4908:	d7 0b       	sbc	r29, r23
    490a:	22 97       	sbiw	r28, 0x02	; 2
    490c:	c1 93       	st	Z+, r28
    490e:	d1 93       	st	Z+, r29
    4910:	6d 93       	st	X+, r22
    4912:	7c 93       	st	X, r23
    4914:	cf 01       	movw	r24, r30
    4916:	0e 94 ce 23 	call	0x479c	; 0x479c <free>
    491a:	d6 cf       	rjmp	.-84     	; 0x48c8 <realloc+0x1a>
    491c:	5b 01       	movw	r10, r22
    491e:	ac 1a       	sub	r10, r28
    4920:	bd 0a       	sbc	r11, r29
    4922:	4c 01       	movw	r8, r24
    4924:	8c 0e       	add	r8, r28
    4926:	9d 1e       	adc	r9, r29
    4928:	a0 91 45 07 	lds	r26, 0x0745	; 0x800745 <__flp>
    492c:	b0 91 46 07 	lds	r27, 0x0746	; 0x800746 <__flp+0x1>
    4930:	51 2c       	mov	r5, r1
    4932:	41 2c       	mov	r4, r1
    4934:	f1 2c       	mov	r15, r1
    4936:	e1 2c       	mov	r14, r1
    4938:	10 97       	sbiw	r26, 0x00	; 0
    493a:	31 f5       	brne	.+76     	; 0x4988 <realloc+0xda>
    493c:	80 91 43 07 	lds	r24, 0x0743	; 0x800743 <__brkval>
    4940:	90 91 44 07 	lds	r25, 0x0744	; 0x800744 <__brkval+0x1>
    4944:	88 15       	cp	r24, r8
    4946:	99 05       	cpc	r25, r9
    4948:	09 f0       	breq	.+2      	; 0x494c <realloc+0x9e>
    494a:	5c c0       	rjmp	.+184    	; 0x4a04 <realloc+0x156>
    494c:	46 16       	cp	r4, r22
    494e:	57 06       	cpc	r5, r23
    4950:	08 f0       	brcs	.+2      	; 0x4954 <realloc+0xa6>
    4952:	58 c0       	rjmp	.+176    	; 0x4a04 <realloc+0x156>
    4954:	80 91 1d 01 	lds	r24, 0x011D	; 0x80011d <__malloc_heap_end>
    4958:	90 91 1e 01 	lds	r25, 0x011E	; 0x80011e <__malloc_heap_end+0x1>
    495c:	00 97       	sbiw	r24, 0x00	; 0
    495e:	41 f4       	brne	.+16     	; 0x4970 <realloc+0xc2>
    4960:	8d b7       	in	r24, 0x3d	; 61
    4962:	9e b7       	in	r25, 0x3e	; 62
    4964:	40 91 21 01 	lds	r20, 0x0121	; 0x800121 <__malloc_margin>
    4968:	50 91 22 01 	lds	r21, 0x0122	; 0x800122 <__malloc_margin+0x1>
    496c:	84 1b       	sub	r24, r20
    496e:	95 0b       	sbc	r25, r21
    4970:	e8 17       	cp	r30, r24
    4972:	f9 07       	cpc	r31, r25
    4974:	08 f0       	brcs	.+2      	; 0x4978 <realloc+0xca>
    4976:	55 c0       	rjmp	.+170    	; 0x4a22 <realloc+0x174>
    4978:	f0 93 44 07 	sts	0x0744, r31	; 0x800744 <__brkval+0x1>
    497c:	e0 93 43 07 	sts	0x0743, r30	; 0x800743 <__brkval>
    4980:	f9 01       	movw	r30, r18
    4982:	71 83       	std	Z+1, r23	; 0x01
    4984:	60 83       	st	Z, r22
    4986:	a0 cf       	rjmp	.-192    	; 0x48c8 <realloc+0x1a>
    4988:	8d 91       	ld	r24, X+
    498a:	9c 91       	ld	r25, X
    498c:	11 97       	sbiw	r26, 0x01	; 1
    498e:	12 96       	adiw	r26, 0x02	; 2
    4990:	6c 90       	ld	r6, X
    4992:	12 97       	sbiw	r26, 0x02	; 2
    4994:	13 96       	adiw	r26, 0x03	; 3
    4996:	7c 90       	ld	r7, X
    4998:	13 97       	sbiw	r26, 0x03	; 3
    499a:	a8 15       	cp	r26, r8
    499c:	b9 05       	cpc	r27, r9
    499e:	59 f5       	brne	.+86     	; 0x49f6 <realloc+0x148>
    49a0:	6c 01       	movw	r12, r24
    49a2:	42 e0       	ldi	r20, 0x02	; 2
    49a4:	c4 0e       	add	r12, r20
    49a6:	d1 1c       	adc	r13, r1
    49a8:	ca 14       	cp	r12, r10
    49aa:	db 04       	cpc	r13, r11
    49ac:	20 f1       	brcs	.+72     	; 0x49f6 <realloc+0x148>
    49ae:	ac 01       	movw	r20, r24
    49b0:	4a 19       	sub	r20, r10
    49b2:	5b 09       	sbc	r21, r11
    49b4:	da 01       	movw	r26, r20
    49b6:	12 96       	adiw	r26, 0x02	; 2
    49b8:	15 97       	sbiw	r26, 0x05	; 5
    49ba:	80 f0       	brcs	.+32     	; 0x49dc <realloc+0x12e>
    49bc:	62 82       	std	Z+2, r6	; 0x02
    49be:	73 82       	std	Z+3, r7	; 0x03
    49c0:	51 83       	std	Z+1, r21	; 0x01
    49c2:	40 83       	st	Z, r20
    49c4:	d9 01       	movw	r26, r18
    49c6:	6d 93       	st	X+, r22
    49c8:	7c 93       	st	X, r23
    49ca:	e1 14       	cp	r14, r1
    49cc:	f1 04       	cpc	r15, r1
    49ce:	71 f0       	breq	.+28     	; 0x49ec <realloc+0x13e>
    49d0:	d7 01       	movw	r26, r14
    49d2:	13 96       	adiw	r26, 0x03	; 3
    49d4:	fc 93       	st	X, r31
    49d6:	ee 93       	st	-X, r30
    49d8:	12 97       	sbiw	r26, 0x02	; 2
    49da:	76 cf       	rjmp	.-276    	; 0x48c8 <realloc+0x1a>
    49dc:	22 96       	adiw	r28, 0x02	; 2
    49de:	8c 0f       	add	r24, r28
    49e0:	9d 1f       	adc	r25, r29
    49e2:	f9 01       	movw	r30, r18
    49e4:	91 83       	std	Z+1, r25	; 0x01
    49e6:	80 83       	st	Z, r24
    49e8:	f3 01       	movw	r30, r6
    49ea:	ef cf       	rjmp	.-34     	; 0x49ca <realloc+0x11c>
    49ec:	f0 93 46 07 	sts	0x0746, r31	; 0x800746 <__flp+0x1>
    49f0:	e0 93 45 07 	sts	0x0745, r30	; 0x800745 <__flp>
    49f4:	69 cf       	rjmp	.-302    	; 0x48c8 <realloc+0x1a>
    49f6:	48 16       	cp	r4, r24
    49f8:	59 06       	cpc	r5, r25
    49fa:	08 f4       	brcc	.+2      	; 0x49fe <realloc+0x150>
    49fc:	2c 01       	movw	r4, r24
    49fe:	7d 01       	movw	r14, r26
    4a00:	d3 01       	movw	r26, r6
    4a02:	9a cf       	rjmp	.-204    	; 0x4938 <realloc+0x8a>
    4a04:	cb 01       	movw	r24, r22
    4a06:	0e 94 32 23 	call	0x4664	; 0x4664 <malloc>
    4a0a:	7c 01       	movw	r14, r24
    4a0c:	00 97       	sbiw	r24, 0x00	; 0
    4a0e:	49 f0       	breq	.+18     	; 0x4a22 <realloc+0x174>
    4a10:	ae 01       	movw	r20, r28
    4a12:	b8 01       	movw	r22, r16
    4a14:	0e 94 14 25 	call	0x4a28	; 0x4a28 <memcpy>
    4a18:	c8 01       	movw	r24, r16
    4a1a:	0e 94 ce 23 	call	0x479c	; 0x479c <free>
    4a1e:	87 01       	movw	r16, r14
    4a20:	53 cf       	rjmp	.-346    	; 0x48c8 <realloc+0x1a>
    4a22:	10 e0       	ldi	r17, 0x00	; 0
    4a24:	00 e0       	ldi	r16, 0x00	; 0
    4a26:	50 cf       	rjmp	.-352    	; 0x48c8 <realloc+0x1a>

00004a28 <memcpy>:
memcpy():
    4a28:	fb 01       	movw	r30, r22
    4a2a:	dc 01       	movw	r26, r24
    4a2c:	02 c0       	rjmp	.+4      	; 0x4a32 <memcpy+0xa>
    4a2e:	01 90       	ld	r0, Z+
    4a30:	0d 92       	st	X+, r0
    4a32:	41 50       	subi	r20, 0x01	; 1
    4a34:	50 40       	sbci	r21, 0x00	; 0
    4a36:	d8 f7       	brcc	.-10     	; 0x4a2e <memcpy+0x6>
    4a38:	08 95       	ret

00004a3a <strcpy>:
strcpy():
    4a3a:	fb 01       	movw	r30, r22
    4a3c:	dc 01       	movw	r26, r24
    4a3e:	01 90       	ld	r0, Z+
    4a40:	0d 92       	st	X+, r0
    4a42:	00 20       	and	r0, r0
    4a44:	e1 f7       	brne	.-8      	; 0x4a3e <strcpy+0x4>
    4a46:	08 95       	ret

00004a48 <_exit>:
exit():
/home/jenkins/workspace/avr-gcc-staging/label/debian7-x86_64/gcc-build/avr/avr5/libgcc/../../../../gcc/libgcc/config/avr/lib1funcs.S:2278
    4a48:	f8 94       	cli

00004a4a <__stop_program>:
__stop_program():
/home/jenkins/workspace/avr-gcc-staging/label/debian7-x86_64/gcc-build/avr/avr5/libgcc/../../../../gcc/libgcc/config/avr/lib1funcs.S:2280
    4a4a:	ff cf       	rjmp	.-2      	; 0x4a4a <__stop_program>
