
/home/oggy/.cache/arduino/sketches/CDE5F01A1734F0153CE49C9533B085D5/padright_v1.5.1.ino.elf:     file format elf32-avr


Disassembly of section .text:

00000000 <__vectors>:
__vectors():
       0:	0c 94 67 00 	jmp	0xce	; 0xce <__ctors_end>
       4:	0c 94 3a 11 	jmp	0x2274	; 0x2274 <__vector_1>
       8:	0c 94 13 11 	jmp	0x2226	; 0x2226 <__vector_2>
       c:	0c 94 8f 00 	jmp	0x11e	; 0x11e <__bad_interrupt>
      10:	0c 94 8f 00 	jmp	0x11e	; 0x11e <__bad_interrupt>
      14:	0c 94 8f 00 	jmp	0x11e	; 0x11e <__bad_interrupt>
      18:	0c 94 8f 00 	jmp	0x11e	; 0x11e <__bad_interrupt>
      1c:	0c 94 8f 00 	jmp	0x11e	; 0x11e <__bad_interrupt>
      20:	0c 94 8f 00 	jmp	0x11e	; 0x11e <__bad_interrupt>
      24:	0c 94 8f 00 	jmp	0x11e	; 0x11e <__bad_interrupt>
      28:	0c 94 8f 00 	jmp	0x11e	; 0x11e <__bad_interrupt>
      2c:	0c 94 8f 00 	jmp	0x11e	; 0x11e <__bad_interrupt>
      30:	0c 94 8f 00 	jmp	0x11e	; 0x11e <__bad_interrupt>
      34:	0c 94 8f 00 	jmp	0x11e	; 0x11e <__bad_interrupt>
      38:	0c 94 8f 00 	jmp	0x11e	; 0x11e <__bad_interrupt>
      3c:	0c 94 8f 00 	jmp	0x11e	; 0x11e <__bad_interrupt>
      40:	0c 94 c9 10 	jmp	0x2192	; 0x2192 <__vector_16>
      44:	0c 94 8f 00 	jmp	0x11e	; 0x11e <__bad_interrupt>
      48:	0c 94 87 11 	jmp	0x230e	; 0x230e <__vector_18>
      4c:	0c 94 61 11 	jmp	0x22c2	; 0x22c2 <__vector_19>
      50:	0c 94 8f 00 	jmp	0x11e	; 0x11e <__bad_interrupt>
      54:	0c 94 8f 00 	jmp	0x11e	; 0x11e <__bad_interrupt>
      58:	0c 94 8f 00 	jmp	0x11e	; 0x11e <__bad_interrupt>
      5c:	0c 94 8f 00 	jmp	0x11e	; 0x11e <__bad_interrupt>
      60:	0c 94 8f 00 	jmp	0x11e	; 0x11e <__bad_interrupt>
      64:	0c 94 8f 00 	jmp	0x11e	; 0x11e <__bad_interrupt>

00000068 <__trampolines_end>:
__trampolines_start():
      68:	00 00       	nop
      6a:	00 00       	nop
      6c:	24 00       	.word	0x0024	; ????
      6e:	27 00       	.word	0x0027	; ????
      70:	2a 00       	.word	0x002a	; ????

00000072 <port_to_output_PGM>:
      72:	00 00 00 00 25 00 28 00 2b 00                       ....%.(.+.

0000007c <port_to_input_PGM>:
      7c:	00 00 00 00 23 00 26 00 29 00                       ....#.&.).

00000086 <digital_pin_to_port_PGM>:
      86:	04 04 04 04 04 04 04 04 02 02 02 02 02 02 03 03     ................
      96:	03 03 03 03 02 02 03                                .......

0000009d <digital_pin_to_bit_mask_PGM>:
      9d:	01 02 04 08 10 20 40 80 01 02 04 08 10 20 01 02     ..... @...... ..
      ad:	04 08 10 20 40 80 40                                ... @.@

000000b4 <digital_pin_to_timer_PGM>:
      b4:	00 00 00 09 00 03 02 00 00 04 05 08 00 00 00 00     ................
	...

000000cc <__ctors_start>:
__ctors_start():
      cc:	b9 11       	cpse	r27, r9

000000ce <__ctors_end>:
__dtors_end():
      ce:	11 24       	eor	r1, r1
      d0:	1f be       	out	0x3f, r1	; 63
      d2:	cf ef       	ldi	r28, 0xFF	; 255
      d4:	d8 e0       	ldi	r29, 0x08	; 8
      d6:	de bf       	out	0x3e, r29	; 62
      d8:	cd bf       	out	0x3d, r28	; 61

000000da <__do_clear_bss>:
__do_clear_bss():
/home/jenkins/workspace/avr-gcc-staging/label/debian7-x86_64/gcc-build/avr/avr5/libgcc/../../../../gcc/libgcc/config/avr/lib1funcs.S:2441
      da:	27 e0       	ldi	r18, 0x07	; 7
/home/jenkins/workspace/avr-gcc-staging/label/debian7-x86_64/gcc-build/avr/avr5/libgcc/../../../../gcc/libgcc/config/avr/lib1funcs.S:2442
      dc:	a4 ef       	ldi	r26, 0xF4	; 244
/home/jenkins/workspace/avr-gcc-staging/label/debian7-x86_64/gcc-build/avr/avr5/libgcc/../../../../gcc/libgcc/config/avr/lib1funcs.S:2443
      de:	b5 e0       	ldi	r27, 0x05	; 5
/home/jenkins/workspace/avr-gcc-staging/label/debian7-x86_64/gcc-build/avr/avr5/libgcc/../../../../gcc/libgcc/config/avr/lib1funcs.S:2444
      e0:	01 c0       	rjmp	.+2      	; 0xe4 <.do_clear_bss_start>

000000e2 <.do_clear_bss_loop>:
/home/jenkins/workspace/avr-gcc-staging/label/debian7-x86_64/gcc-build/avr/avr5/libgcc/../../../../gcc/libgcc/config/avr/lib1funcs.S:2446
      e2:	1d 92       	st	X+, r1

000000e4 <.do_clear_bss_start>:
/home/jenkins/workspace/avr-gcc-staging/label/debian7-x86_64/gcc-build/avr/avr5/libgcc/../../../../gcc/libgcc/config/avr/lib1funcs.S:2448
      e4:	a4 32       	cpi	r26, 0x24	; 36
/home/jenkins/workspace/avr-gcc-staging/label/debian7-x86_64/gcc-build/avr/avr5/libgcc/../../../../gcc/libgcc/config/avr/lib1funcs.S:2449
      e6:	b2 07       	cpc	r27, r18
/home/jenkins/workspace/avr-gcc-staging/label/debian7-x86_64/gcc-build/avr/avr5/libgcc/../../../../gcc/libgcc/config/avr/lib1funcs.S:2450
      e8:	e1 f7       	brne	.-8      	; 0xe2 <.do_clear_bss_loop>

000000ea <__do_copy_data>:
__do_copy_data():
/home/jenkins/workspace/avr-gcc-staging/label/debian7-x86_64/gcc-build/avr/avr5/libgcc/../../../../gcc/libgcc/config/avr/lib1funcs.S:2409
      ea:	15 e0       	ldi	r17, 0x05	; 5
/home/jenkins/workspace/avr-gcc-staging/label/debian7-x86_64/gcc-build/avr/avr5/libgcc/../../../../gcc/libgcc/config/avr/lib1funcs.S:2410
      ec:	a0 e0       	ldi	r26, 0x00	; 0
/home/jenkins/workspace/avr-gcc-staging/label/debian7-x86_64/gcc-build/avr/avr5/libgcc/../../../../gcc/libgcc/config/avr/lib1funcs.S:2411
      ee:	b1 e0       	ldi	r27, 0x01	; 1
/home/jenkins/workspace/avr-gcc-staging/label/debian7-x86_64/gcc-build/avr/avr5/libgcc/../../../../gcc/libgcc/config/avr/lib1funcs.S:2412
      f0:	ec e2       	ldi	r30, 0x2C	; 44
/home/jenkins/workspace/avr-gcc-staging/label/debian7-x86_64/gcc-build/avr/avr5/libgcc/../../../../gcc/libgcc/config/avr/lib1funcs.S:2413
      f2:	f6 e4       	ldi	r31, 0x46	; 70
/home/jenkins/workspace/avr-gcc-staging/label/debian7-x86_64/gcc-build/avr/avr5/libgcc/../../../../gcc/libgcc/config/avr/lib1funcs.S:2414
      f4:	02 c0       	rjmp	.+4      	; 0xfa <__do_copy_data+0x10>
/home/jenkins/workspace/avr-gcc-staging/label/debian7-x86_64/gcc-build/avr/avr5/libgcc/../../../../gcc/libgcc/config/avr/lib1funcs.S:2417
      f6:	05 90       	lpm	r0, Z+
/home/jenkins/workspace/avr-gcc-staging/label/debian7-x86_64/gcc-build/avr/avr5/libgcc/../../../../gcc/libgcc/config/avr/lib1funcs.S:2422
      f8:	0d 92       	st	X+, r0
/home/jenkins/workspace/avr-gcc-staging/label/debian7-x86_64/gcc-build/avr/avr5/libgcc/../../../../gcc/libgcc/config/avr/lib1funcs.S:2424
      fa:	a4 3f       	cpi	r26, 0xF4	; 244
/home/jenkins/workspace/avr-gcc-staging/label/debian7-x86_64/gcc-build/avr/avr5/libgcc/../../../../gcc/libgcc/config/avr/lib1funcs.S:2425
      fc:	b1 07       	cpc	r27, r17
/home/jenkins/workspace/avr-gcc-staging/label/debian7-x86_64/gcc-build/avr/avr5/libgcc/../../../../gcc/libgcc/config/avr/lib1funcs.S:2426
      fe:	d9 f7       	brne	.-10     	; 0xf6 <__do_copy_data+0xc>

00000100 <__do_global_ctors>:
__do_global_ctors():
/home/jenkins/workspace/avr-gcc-staging/label/debian7-x86_64/gcc-build/avr/avr5/libgcc/../../../../gcc/libgcc/config/avr/lib1funcs.S:2466
     100:	10 e0       	ldi	r17, 0x00	; 0
/home/jenkins/workspace/avr-gcc-staging/label/debian7-x86_64/gcc-build/avr/avr5/libgcc/../../../../gcc/libgcc/config/avr/lib1funcs.S:2467
     102:	c7 e6       	ldi	r28, 0x67	; 103
/home/jenkins/workspace/avr-gcc-staging/label/debian7-x86_64/gcc-build/avr/avr5/libgcc/../../../../gcc/libgcc/config/avr/lib1funcs.S:2468
     104:	d0 e0       	ldi	r29, 0x00	; 0
/home/jenkins/workspace/avr-gcc-staging/label/debian7-x86_64/gcc-build/avr/avr5/libgcc/../../../../gcc/libgcc/config/avr/lib1funcs.S:2472
     106:	04 c0       	rjmp	.+8      	; 0x110 <__do_global_ctors+0x10>
/home/jenkins/workspace/avr-gcc-staging/label/debian7-x86_64/gcc-build/avr/avr5/libgcc/../../../../gcc/libgcc/config/avr/lib1funcs.S:2474
     108:	21 97       	sbiw	r28, 0x01	; 1
/home/jenkins/workspace/avr-gcc-staging/label/debian7-x86_64/gcc-build/avr/avr5/libgcc/../../../../gcc/libgcc/config/avr/lib1funcs.S:2480
     10a:	fe 01       	movw	r30, r28
/home/jenkins/workspace/avr-gcc-staging/label/debian7-x86_64/gcc-build/avr/avr5/libgcc/../../../../gcc/libgcc/config/avr/lib1funcs.S:2481
     10c:	0e 94 08 21 	call	0x4210	; 0x4210 <__tablejump2__>
/home/jenkins/workspace/avr-gcc-staging/label/debian7-x86_64/gcc-build/avr/avr5/libgcc/../../../../gcc/libgcc/config/avr/lib1funcs.S:2483
     110:	c6 36       	cpi	r28, 0x66	; 102
/home/jenkins/workspace/avr-gcc-staging/label/debian7-x86_64/gcc-build/avr/avr5/libgcc/../../../../gcc/libgcc/config/avr/lib1funcs.S:2484
     112:	d1 07       	cpc	r29, r17
/home/jenkins/workspace/avr-gcc-staging/label/debian7-x86_64/gcc-build/avr/avr5/libgcc/../../../../gcc/libgcc/config/avr/lib1funcs.S:2489
     114:	c9 f7       	brne	.-14     	; 0x108 <__do_global_ctors+0x8>
     116:	0e 94 36 12 	call	0x246c	; 0x246c <main>
     11a:	0c 94 14 23 	jmp	0x4628	; 0x4628 <_exit>

0000011e <__bad_interrupt>:
__vector_22():
     11e:	0c 94 00 00 	jmp	0	; 0x0 <__vectors>

00000122 <SPIClass::beginTransaction(SPISettings) [clone .constprop.40]>:
beginTransaction():
/home/oggy/.arduino15/packages/MiniCore/hardware/avr/3.1.1/libraries/SPI/src/SPI.h:206
      digitalWrite(SPI_TRANSACTION_MISMATCH_LED, HIGH);
    }
    inTransactionFlag = 1;
    #endif

    SPCR = settings.spcr;
     122:	8c bd       	out	0x2c, r24	; 44
/home/oggy/.arduino15/packages/MiniCore/hardware/avr/3.1.1/libraries/SPI/src/SPI.h:207
    SPSR = settings.spsr;
     124:	9d bd       	out	0x2d, r25	; 45
/home/oggy/.arduino15/packages/MiniCore/hardware/avr/3.1.1/libraries/SPI/src/SPI.h:208
  }
     126:	08 95       	ret

00000128 <turnOffPWM>:
turnOffPWM():
/home/oggy/.arduino15/packages/MiniCore/hardware/avr/3.1.1/cores/MCUdude_corefiles/wiring_digital.c:77
//
//static inline void turnOffPWM(uint8_t timer) __attribute__ ((always_inline));
//static inline void turnOffPWM(uint8_t timer)
static void turnOffPWM(uint8_t timer)
{
  switch (timer)
     128:	84 30       	cpi	r24, 0x04	; 4
     12a:	81 f0       	breq	.+32     	; 0x14c <turnOffPWM+0x24>
     12c:	28 f4       	brcc	.+10     	; 0x138 <turnOffPWM+0x10>
     12e:	82 30       	cpi	r24, 0x02	; 2
     130:	e9 f0       	breq	.+58     	; 0x16c <turnOffPWM+0x44>
     132:	83 30       	cpi	r24, 0x03	; 3
     134:	f9 f0       	breq	.+62     	; 0x174 <turnOffPWM+0x4c>
     136:	08 95       	ret
     138:	88 30       	cpi	r24, 0x08	; 8
     13a:	71 f0       	breq	.+28     	; 0x158 <turnOffPWM+0x30>
     13c:	89 30       	cpi	r24, 0x09	; 9
     13e:	91 f0       	breq	.+36     	; 0x164 <turnOffPWM+0x3c>
     140:	85 30       	cpi	r24, 0x05	; 5
     142:	b9 f4       	brne	.+46     	; 0x172 <turnOffPWM+0x4a>
/home/oggy/.arduino15/packages/MiniCore/hardware/avr/3.1.1/cores/MCUdude_corefiles/wiring_digital.c:87
        TCCR1A &= ~_BV(COM1A1);
        break;
    #endif
    #if defined(TCCR1A) && defined(COM1B1)
      case TIMER1B:
        TCCR1A &= ~_BV(COM1B1);
     144:	80 91 80 00 	lds	r24, 0x0080	; 0x800080 <__DATA_REGION_ORIGIN__+0x20>
     148:	8f 7d       	andi	r24, 0xDF	; 223
     14a:	03 c0       	rjmp	.+6      	; 0x152 <turnOffPWM+0x2a>
/home/oggy/.arduino15/packages/MiniCore/hardware/avr/3.1.1/cores/MCUdude_corefiles/wiring_digital.c:82
  switch (timer)
  {
    // Timer1
    #if defined(TCCR1A) && defined(COM1A1)
      case TIMER1A:
        TCCR1A &= ~_BV(COM1A1);
     14c:	80 91 80 00 	lds	r24, 0x0080	; 0x800080 <__DATA_REGION_ORIGIN__+0x20>
     150:	8f 77       	andi	r24, 0x7F	; 127
/home/oggy/.arduino15/packages/MiniCore/hardware/avr/3.1.1/cores/MCUdude_corefiles/wiring_digital.c:87
        break;
    #endif
    #if defined(TCCR1A) && defined(COM1B1)
      case TIMER1B:
        TCCR1A &= ~_BV(COM1B1);
     152:	80 93 80 00 	sts	0x0080, r24	; 0x800080 <__DATA_REGION_ORIGIN__+0x20>
     156:	08 95       	ret
/home/oggy/.arduino15/packages/MiniCore/hardware/avr/3.1.1/cores/MCUdude_corefiles/wiring_digital.c:104
        TCCR2 &= ~_BV(COM21);
        break;
    #endif
    #if defined(TCCR2A) && defined(COM2A1)
      case TIMER2A:
        TCCR2A &= ~_BV(COM2A1);
     158:	80 91 b0 00 	lds	r24, 0x00B0	; 0x8000b0 <__DATA_REGION_ORIGIN__+0x50>
     15c:	8f 77       	andi	r24, 0x7F	; 127
/home/oggy/.arduino15/packages/MiniCore/hardware/avr/3.1.1/cores/MCUdude_corefiles/wiring_digital.c:109
        break;
    #endif
    #if defined(TCCR2A) && defined(COM2B1)
      case TIMER2B:
        TCCR2A &= ~_BV(COM2B1);
     15e:	80 93 b0 00 	sts	0x00B0, r24	; 0x8000b0 <__DATA_REGION_ORIGIN__+0x50>
     162:	08 95       	ret
     164:	80 91 b0 00 	lds	r24, 0x00B0	; 0x8000b0 <__DATA_REGION_ORIGIN__+0x50>
     168:	8f 7d       	andi	r24, 0xDF	; 223
     16a:	f9 cf       	rjmp	.-14     	; 0x15e <turnOffPWM+0x36>
/home/oggy/.arduino15/packages/MiniCore/hardware/avr/3.1.1/cores/MCUdude_corefiles/wiring_digital.c:176
        TCCR0 &= ~_BV(COM01);
        break;
    #endif
    #if defined(TCCR0A) && defined(COM0A1)
      case TIMER0A:
        TCCR0A &= ~_BV(COM0A1);
     16c:	84 b5       	in	r24, 0x24	; 36
     16e:	8f 77       	andi	r24, 0x7F	; 127
/home/oggy/.arduino15/packages/MiniCore/hardware/avr/3.1.1/cores/MCUdude_corefiles/wiring_digital.c:181
        break;
    #endif
    #if defined(TCCR0A) && defined(COM0B1)
      case TIMER0B:
        TCCR0A &= ~_BV(COM0B1);
     170:	84 bd       	out	0x24, r24	; 36
/home/oggy/.arduino15/packages/MiniCore/hardware/avr/3.1.1/cores/MCUdude_corefiles/wiring_digital.c:185
        break;
    #endif
  }
}
     172:	08 95       	ret
/home/oggy/.arduino15/packages/MiniCore/hardware/avr/3.1.1/cores/MCUdude_corefiles/wiring_digital.c:181
        TCCR0A &= ~_BV(COM0A1);
        break;
    #endif
    #if defined(TCCR0A) && defined(COM0B1)
      case TIMER0B:
        TCCR0A &= ~_BV(COM0B1);
     174:	84 b5       	in	r24, 0x24	; 36
     176:	8f 7d       	andi	r24, 0xDF	; 223
     178:	fb cf       	rjmp	.-10     	; 0x170 <turnOffPWM+0x48>

0000017a <digitalRead>:
digitalRead():
/home/oggy/.arduino15/packages/MiniCore/hardware/avr/3.1.1/cores/MCUdude_corefiles/wiring_digital.c:215

  SREG = oldSREG;
}

int digitalRead(uint8_t pin)
{
     17a:	cf 93       	push	r28
     17c:	df 93       	push	r29
/home/oggy/.arduino15/packages/MiniCore/hardware/avr/3.1.1/cores/MCUdude_corefiles/wiring_digital.c:216
  uint8_t timer = digitalPinToTimer(pin);
     17e:	28 2f       	mov	r18, r24
     180:	30 e0       	ldi	r19, 0x00	; 0
     182:	f9 01       	movw	r30, r18
     184:	ec 54       	subi	r30, 0x4C	; 76
     186:	ff 4f       	sbci	r31, 0xFF	; 255
     188:	84 91       	lpm	r24, Z
/home/oggy/.arduino15/packages/MiniCore/hardware/avr/3.1.1/cores/MCUdude_corefiles/wiring_digital.c:217
  uint8_t bit = digitalPinToBitMask(pin);
     18a:	f9 01       	movw	r30, r18
     18c:	e3 56       	subi	r30, 0x63	; 99
     18e:	ff 4f       	sbci	r31, 0xFF	; 255
     190:	d4 91       	lpm	r29, Z
/home/oggy/.arduino15/packages/MiniCore/hardware/avr/3.1.1/cores/MCUdude_corefiles/wiring_digital.c:218
  uint8_t port = digitalPinToPort(pin);
     192:	f9 01       	movw	r30, r18
     194:	ea 57       	subi	r30, 0x7A	; 122
     196:	ff 4f       	sbci	r31, 0xFF	; 255
     198:	c4 91       	lpm	r28, Z
/home/oggy/.arduino15/packages/MiniCore/hardware/avr/3.1.1/cores/MCUdude_corefiles/wiring_digital.c:220

  if (port == NOT_A_PIN) return LOW;
     19a:	cc 23       	and	r28, r28
     19c:	a1 f0       	breq	.+40     	; 0x1c6 <digitalRead+0x4c>
/home/oggy/.arduino15/packages/MiniCore/hardware/avr/3.1.1/cores/MCUdude_corefiles/wiring_digital.c:224

  // If the pin that support PWM output, we need to turn it off
  // before getting a digital reading.
  if (timer != NOT_ON_TIMER) turnOffPWM(timer);
     19e:	81 11       	cpse	r24, r1
     1a0:	0e 94 94 00 	call	0x128	; 0x128 <turnOffPWM>
/home/oggy/.arduino15/packages/MiniCore/hardware/avr/3.1.1/cores/MCUdude_corefiles/wiring_digital.c:226

  if (*portInputRegister(port) & bit) return HIGH;
     1a4:	ec 2f       	mov	r30, r28
     1a6:	f0 e0       	ldi	r31, 0x00	; 0
     1a8:	ee 0f       	add	r30, r30
     1aa:	ff 1f       	adc	r31, r31
     1ac:	e4 58       	subi	r30, 0x84	; 132
     1ae:	ff 4f       	sbci	r31, 0xFF	; 255
     1b0:	a5 91       	lpm	r26, Z+
     1b2:	b4 91       	lpm	r27, Z
     1b4:	ec 91       	ld	r30, X
     1b6:	ed 23       	and	r30, r29
     1b8:	81 e0       	ldi	r24, 0x01	; 1
     1ba:	90 e0       	ldi	r25, 0x00	; 0
     1bc:	09 f4       	brne	.+2      	; 0x1c0 <digitalRead+0x46>
     1be:	80 e0       	ldi	r24, 0x00	; 0
/home/oggy/.arduino15/packages/MiniCore/hardware/avr/3.1.1/cores/MCUdude_corefiles/wiring_digital.c:228
  return LOW;
}
     1c0:	df 91       	pop	r29
     1c2:	cf 91       	pop	r28
     1c4:	08 95       	ret
/home/oggy/.arduino15/packages/MiniCore/hardware/avr/3.1.1/cores/MCUdude_corefiles/wiring_digital.c:220
{
  uint8_t timer = digitalPinToTimer(pin);
  uint8_t bit = digitalPinToBitMask(pin);
  uint8_t port = digitalPinToPort(pin);

  if (port == NOT_A_PIN) return LOW;
     1c6:	80 e0       	ldi	r24, 0x00	; 0
     1c8:	90 e0       	ldi	r25, 0x00	; 0
     1ca:	fa cf       	rjmp	.-12     	; 0x1c0 <digitalRead+0x46>

000001cc <digitalWrite>:
digitalWrite():
/home/oggy/.arduino15/packages/MiniCore/hardware/avr/3.1.1/cores/MCUdude_corefiles/wiring_digital.c:188
    #endif
  }
}

void digitalWrite(uint8_t pin, uint8_t val)
{
     1cc:	1f 93       	push	r17
     1ce:	cf 93       	push	r28
     1d0:	df 93       	push	r29
/home/oggy/.arduino15/packages/MiniCore/hardware/avr/3.1.1/cores/MCUdude_corefiles/wiring_digital.c:189
  uint8_t timer = digitalPinToTimer(pin);
     1d2:	28 2f       	mov	r18, r24
     1d4:	30 e0       	ldi	r19, 0x00	; 0
     1d6:	f9 01       	movw	r30, r18
     1d8:	ec 54       	subi	r30, 0x4C	; 76
     1da:	ff 4f       	sbci	r31, 0xFF	; 255
     1dc:	84 91       	lpm	r24, Z
/home/oggy/.arduino15/packages/MiniCore/hardware/avr/3.1.1/cores/MCUdude_corefiles/wiring_digital.c:190
  uint8_t bit = digitalPinToBitMask(pin);
     1de:	f9 01       	movw	r30, r18
     1e0:	e3 56       	subi	r30, 0x63	; 99
     1e2:	ff 4f       	sbci	r31, 0xFF	; 255
     1e4:	d4 91       	lpm	r29, Z
/home/oggy/.arduino15/packages/MiniCore/hardware/avr/3.1.1/cores/MCUdude_corefiles/wiring_digital.c:191
  uint8_t port = digitalPinToPort(pin);
     1e6:	f9 01       	movw	r30, r18
     1e8:	ea 57       	subi	r30, 0x7A	; 122
     1ea:	ff 4f       	sbci	r31, 0xFF	; 255
     1ec:	c4 91       	lpm	r28, Z
/home/oggy/.arduino15/packages/MiniCore/hardware/avr/3.1.1/cores/MCUdude_corefiles/wiring_digital.c:194
  volatile uint8_t *out;

  if (port == NOT_A_PIN) return;
     1ee:	cc 23       	and	r28, r28
     1f0:	a9 f0       	breq	.+42     	; 0x21c <digitalWrite+0x50>
     1f2:	16 2f       	mov	r17, r22
/home/oggy/.arduino15/packages/MiniCore/hardware/avr/3.1.1/cores/MCUdude_corefiles/wiring_digital.c:198

  // If the pin that support PWM output, we need to turn it off
  // before doing a digital write.
  if (timer != NOT_ON_TIMER) turnOffPWM(timer);
     1f4:	81 11       	cpse	r24, r1
     1f6:	0e 94 94 00 	call	0x128	; 0x128 <turnOffPWM>
/home/oggy/.arduino15/packages/MiniCore/hardware/avr/3.1.1/cores/MCUdude_corefiles/wiring_digital.c:200

  out = portOutputRegister(port);
     1fa:	ec 2f       	mov	r30, r28
     1fc:	f0 e0       	ldi	r31, 0x00	; 0
     1fe:	ee 0f       	add	r30, r30
     200:	ff 1f       	adc	r31, r31
     202:	ee 58       	subi	r30, 0x8E	; 142
     204:	ff 4f       	sbci	r31, 0xFF	; 255
     206:	a5 91       	lpm	r26, Z+
     208:	b4 91       	lpm	r27, Z
/home/oggy/.arduino15/packages/MiniCore/hardware/avr/3.1.1/cores/MCUdude_corefiles/wiring_digital.c:202

  uint8_t oldSREG = SREG;
     20a:	8f b7       	in	r24, 0x3f	; 63
/home/oggy/.arduino15/packages/MiniCore/hardware/avr/3.1.1/cores/MCUdude_corefiles/wiring_digital.c:203
  cli();
     20c:	f8 94       	cli
/home/oggy/.arduino15/packages/MiniCore/hardware/avr/3.1.1/cores/MCUdude_corefiles/wiring_digital.c:206

  if (val == LOW) {
    *out &= ~bit;
     20e:	ec 91       	ld	r30, X
/home/oggy/.arduino15/packages/MiniCore/hardware/avr/3.1.1/cores/MCUdude_corefiles/wiring_digital.c:205
  out = portOutputRegister(port);

  uint8_t oldSREG = SREG;
  cli();

  if (val == LOW) {
     210:	11 11       	cpse	r17, r1
     212:	08 c0       	rjmp	.+16     	; 0x224 <digitalWrite+0x58>
/home/oggy/.arduino15/packages/MiniCore/hardware/avr/3.1.1/cores/MCUdude_corefiles/wiring_digital.c:206
    *out &= ~bit;
     214:	d0 95       	com	r29
     216:	de 23       	and	r29, r30
/home/oggy/.arduino15/packages/MiniCore/hardware/avr/3.1.1/cores/MCUdude_corefiles/wiring_digital.c:208
  } else {
    *out |= bit;
     218:	dc 93       	st	X, r29
/home/oggy/.arduino15/packages/MiniCore/hardware/avr/3.1.1/cores/MCUdude_corefiles/wiring_digital.c:211
  }

  SREG = oldSREG;
     21a:	8f bf       	out	0x3f, r24	; 63
/home/oggy/.arduino15/packages/MiniCore/hardware/avr/3.1.1/cores/MCUdude_corefiles/wiring_digital.c:212
}
     21c:	df 91       	pop	r29
     21e:	cf 91       	pop	r28
     220:	1f 91       	pop	r17
     222:	08 95       	ret
/home/oggy/.arduino15/packages/MiniCore/hardware/avr/3.1.1/cores/MCUdude_corefiles/wiring_digital.c:208
  cli();

  if (val == LOW) {
    *out &= ~bit;
  } else {
    *out |= bit;
     224:	de 2b       	or	r29, r30
     226:	f8 cf       	rjmp	.-16     	; 0x218 <digitalWrite+0x4c>

00000228 <pinMode>:
pinMode():
/home/oggy/.arduino15/packages/MiniCore/hardware/avr/3.1.1/cores/MCUdude_corefiles/wiring_digital.c:30
#define ARDUINO_MAIN
#include "wiring_private.h"
#include "pins_arduino.h"

void pinMode(uint8_t pin, uint8_t mode)
{
     228:	cf 93       	push	r28
     22a:	df 93       	push	r29
/home/oggy/.arduino15/packages/MiniCore/hardware/avr/3.1.1/cores/MCUdude_corefiles/wiring_digital.c:31
  uint8_t bit = digitalPinToBitMask(pin);
     22c:	90 e0       	ldi	r25, 0x00	; 0
     22e:	fc 01       	movw	r30, r24
     230:	e3 56       	subi	r30, 0x63	; 99
     232:	ff 4f       	sbci	r31, 0xFF	; 255
     234:	24 91       	lpm	r18, Z
/home/oggy/.arduino15/packages/MiniCore/hardware/avr/3.1.1/cores/MCUdude_corefiles/wiring_digital.c:32
  uint8_t port = digitalPinToPort(pin);
     236:	8a 57       	subi	r24, 0x7A	; 122
     238:	9f 4f       	sbci	r25, 0xFF	; 255
     23a:	fc 01       	movw	r30, r24
     23c:	84 91       	lpm	r24, Z
/home/oggy/.arduino15/packages/MiniCore/hardware/avr/3.1.1/cores/MCUdude_corefiles/wiring_digital.c:35
  volatile uint8_t *reg, *out;

  if (port == NOT_A_PIN) return;
     23e:	88 23       	and	r24, r24
     240:	c9 f0       	breq	.+50     	; 0x274 <pinMode+0x4c>
/home/oggy/.arduino15/packages/MiniCore/hardware/avr/3.1.1/cores/MCUdude_corefiles/wiring_digital.c:38

  // JWS: can I let the optimizer do this?
  reg = portModeRegister(port);
     242:	90 e0       	ldi	r25, 0x00	; 0
     244:	88 0f       	add	r24, r24
     246:	99 1f       	adc	r25, r25
     248:	fc 01       	movw	r30, r24
     24a:	e8 59       	subi	r30, 0x98	; 152
     24c:	ff 4f       	sbci	r31, 0xFF	; 255
     24e:	a5 91       	lpm	r26, Z+
     250:	b4 91       	lpm	r27, Z
/home/oggy/.arduino15/packages/MiniCore/hardware/avr/3.1.1/cores/MCUdude_corefiles/wiring_digital.c:39
  out = portOutputRegister(port);
     252:	fc 01       	movw	r30, r24
     254:	ee 58       	subi	r30, 0x8E	; 142
     256:	ff 4f       	sbci	r31, 0xFF	; 255
     258:	c5 91       	lpm	r28, Z+
     25a:	d4 91       	lpm	r29, Z
/home/oggy/.arduino15/packages/MiniCore/hardware/avr/3.1.1/cores/MCUdude_corefiles/wiring_digital.c:41

  if (mode == INPUT) { 
     25c:	61 11       	cpse	r22, r1
     25e:	0d c0       	rjmp	.+26     	; 0x27a <pinMode+0x52>
/home/oggy/.arduino15/packages/MiniCore/hardware/avr/3.1.1/cores/MCUdude_corefiles/wiring_digital.c:42
    uint8_t oldSREG = SREG;
     260:	9f b7       	in	r25, 0x3f	; 63
/home/oggy/.arduino15/packages/MiniCore/hardware/avr/3.1.1/cores/MCUdude_corefiles/wiring_digital.c:43
    cli();
     262:	f8 94       	cli
/home/oggy/.arduino15/packages/MiniCore/hardware/avr/3.1.1/cores/MCUdude_corefiles/wiring_digital.c:44
    *reg &= ~bit;
     264:	8c 91       	ld	r24, X
     266:	20 95       	com	r18
     268:	82 23       	and	r24, r18
     26a:	8c 93       	st	X, r24
/home/oggy/.arduino15/packages/MiniCore/hardware/avr/3.1.1/cores/MCUdude_corefiles/wiring_digital.c:45
    *out &= ~bit;
     26c:	88 81       	ld	r24, Y
     26e:	28 23       	and	r18, r24
/home/oggy/.arduino15/packages/MiniCore/hardware/avr/3.1.1/cores/MCUdude_corefiles/wiring_digital.c:51
    SREG = oldSREG;
  } else if (mode == INPUT_PULLUP) {
    uint8_t oldSREG = SREG;
    cli();
    *reg &= ~bit;
    *out |= bit;
     270:	28 83       	st	Y, r18
/home/oggy/.arduino15/packages/MiniCore/hardware/avr/3.1.1/cores/MCUdude_corefiles/wiring_digital.c:52
    SREG = oldSREG;
     272:	9f bf       	out	0x3f, r25	; 63
/home/oggy/.arduino15/packages/MiniCore/hardware/avr/3.1.1/cores/MCUdude_corefiles/wiring_digital.c:59
    uint8_t oldSREG = SREG;
    cli();
    *reg |= bit;
    SREG = oldSREG;
  }
}
     274:	df 91       	pop	r29
     276:	cf 91       	pop	r28
     278:	08 95       	ret
/home/oggy/.arduino15/packages/MiniCore/hardware/avr/3.1.1/cores/MCUdude_corefiles/wiring_digital.c:47
    uint8_t oldSREG = SREG;
    cli();
    *reg &= ~bit;
    *out &= ~bit;
    SREG = oldSREG;
  } else if (mode == INPUT_PULLUP) {
     27a:	62 30       	cpi	r22, 0x02	; 2
     27c:	51 f4       	brne	.+20     	; 0x292 <pinMode+0x6a>
/home/oggy/.arduino15/packages/MiniCore/hardware/avr/3.1.1/cores/MCUdude_corefiles/wiring_digital.c:48
    uint8_t oldSREG = SREG;
     27e:	9f b7       	in	r25, 0x3f	; 63
/home/oggy/.arduino15/packages/MiniCore/hardware/avr/3.1.1/cores/MCUdude_corefiles/wiring_digital.c:49
    cli();
     280:	f8 94       	cli
/home/oggy/.arduino15/packages/MiniCore/hardware/avr/3.1.1/cores/MCUdude_corefiles/wiring_digital.c:50
    *reg &= ~bit;
     282:	3c 91       	ld	r19, X
     284:	82 2f       	mov	r24, r18
     286:	80 95       	com	r24
     288:	83 23       	and	r24, r19
     28a:	8c 93       	st	X, r24
/home/oggy/.arduino15/packages/MiniCore/hardware/avr/3.1.1/cores/MCUdude_corefiles/wiring_digital.c:51
    *out |= bit;
     28c:	e8 81       	ld	r30, Y
     28e:	2e 2b       	or	r18, r30
     290:	ef cf       	rjmp	.-34     	; 0x270 <pinMode+0x48>
/home/oggy/.arduino15/packages/MiniCore/hardware/avr/3.1.1/cores/MCUdude_corefiles/wiring_digital.c:54
    SREG = oldSREG;
  } else {
    uint8_t oldSREG = SREG;
     292:	8f b7       	in	r24, 0x3f	; 63
/home/oggy/.arduino15/packages/MiniCore/hardware/avr/3.1.1/cores/MCUdude_corefiles/wiring_digital.c:55
    cli();
     294:	f8 94       	cli
/home/oggy/.arduino15/packages/MiniCore/hardware/avr/3.1.1/cores/MCUdude_corefiles/wiring_digital.c:56
    *reg |= bit;
     296:	ec 91       	ld	r30, X
     298:	2e 2b       	or	r18, r30
     29a:	2c 93       	st	X, r18
/home/oggy/.arduino15/packages/MiniCore/hardware/avr/3.1.1/cores/MCUdude_corefiles/wiring_digital.c:57
    SREG = oldSREG;
     29c:	8f bf       	out	0x3f, r24	; 63
     29e:	ea cf       	rjmp	.-44     	; 0x274 <pinMode+0x4c>

000002a0 <delayMicroseconds>:
delayMicroseconds():
/home/oggy/.arduino15/packages/MiniCore/hardware/avr/3.1.1/cores/MCUdude_corefiles/wiring.c:619
  us -= 7; // = 2 cycles

#elif F_CPU >= 16000000L
  // for a one-microsecond delay, simply return.  the overhead
  // of the function call takes 14 (16) cycles, which is 1 us
  if (us <= 1) return; //  = 3 cycles, (4 when true)
     2a0:	81 30       	cpi	r24, 0x01	; 1
     2a2:	91 05       	cpc	r25, r1
     2a4:	39 f0       	breq	.+14     	; 0x2b4 <delayMicroseconds+0x14>
/home/oggy/.arduino15/packages/MiniCore/hardware/avr/3.1.1/cores/MCUdude_corefiles/wiring.c:624

  // the following loop takes 1/4 of a microsecond (4 cycles)
  // per iteration, so execute it four times for each microsecond of
  // delay requested.
  us <<= 2; // x4 us, = 4 cycles
     2a6:	88 0f       	add	r24, r24
     2a8:	99 1f       	adc	r25, r25
     2aa:	88 0f       	add	r24, r24
     2ac:	99 1f       	adc	r25, r25
/home/oggy/.arduino15/packages/MiniCore/hardware/avr/3.1.1/cores/MCUdude_corefiles/wiring.c:629

  // account for the time taken in the preceeding commands.
  // we just burned 19 (21) cycles above, remove 5, (5*4=20)
  // to 2nd us is at least 8 so we can substract 5
  us -= 5; // = 2 cycles,
     2ae:	05 97       	sbiw	r24, 0x05	; 5
/home/oggy/.arduino15/packages/MiniCore/hardware/avr/3.1.1/cores/MCUdude_corefiles/wiring.c:929
  us >>= 2; // us div 4, = 4 cycles

#endif

  // busy wait
  __asm__ __volatile__ (
     2b0:	01 97       	sbiw	r24, 0x01	; 1
     2b2:	f1 f7       	brne	.-4      	; 0x2b0 <delayMicroseconds+0x10>
/home/oggy/.arduino15/packages/MiniCore/hardware/avr/3.1.1/cores/MCUdude_corefiles/wiring.c:939
    "   brne 1b"                     // 2 cycles
    : /* no outputs */
    : "w" (us)
  );
  // return = 4 cycles
}
     2b4:	08 95       	ret

000002b6 <micros>:
micros():
/home/oggy/.arduino15/packages/MiniCore/hardware/avr/3.1.1/cores/MCUdude_corefiles/wiring.c:237
  unsigned char f; // temporary storage for millis fraction counter
  unsigned char q = 0; // record whether an overflow is flagged
#endif
  // t will be the number where the timer0 counter stopped
  uint8_t t;
  uint8_t oldSREG = SREG;
     2b6:	3f b7       	in	r19, 0x3f	; 63
/home/oggy/.arduino15/packages/MiniCore/hardware/avr/3.1.1/cores/MCUdude_corefiles/wiring.c:240

  // Stop all interrupts
  cli();
     2b8:	f8 94       	cli
/home/oggy/.arduino15/packages/MiniCore/hardware/avr/3.1.1/cores/MCUdude_corefiles/wiring.c:247
#ifdef CORRECT_EXACT_MICROS
  // combine exact millisec and 8usec counters
  m = timer0_millis;
  f = timer0_fract;
#else
  m = timer0_overflow_count;
     2ba:	80 91 25 06 	lds	r24, 0x0625	; 0x800625 <timer0_overflow_count>
     2be:	90 91 26 06 	lds	r25, 0x0626	; 0x800626 <timer0_overflow_count+0x1>
     2c2:	a0 91 27 06 	lds	r26, 0x0627	; 0x800627 <timer0_overflow_count+0x2>
     2c6:	b0 91 28 06 	lds	r27, 0x0628	; 0x800628 <timer0_overflow_count+0x3>
/home/oggy/.arduino15/packages/MiniCore/hardware/avr/3.1.1/cores/MCUdude_corefiles/wiring.c:252
#endif

  // TCNT0 : The Timer Counter Register
#if defined(TCNT0)
  t = TCNT0;
     2ca:	26 b5       	in	r18, 0x26	; 38
/home/oggy/.arduino15/packages/MiniCore/hardware/avr/3.1.1/cores/MCUdude_corefiles/wiring.c:261
  #error TIMER 0 not defined
#endif

  // Timer0 Interrupt Flag Register
#ifdef TIFR0
  if ((TIFR0 & _BV(TOV0)) && (t < 255))
     2cc:	a8 9b       	sbis	0x15, 0	; 21
     2ce:	05 c0       	rjmp	.+10     	; 0x2da <micros+0x24>
     2d0:	2f 3f       	cpi	r18, 0xFF	; 255
     2d2:	19 f0       	breq	.+6      	; 0x2da <micros+0x24>
/home/oggy/.arduino15/packages/MiniCore/hardware/avr/3.1.1/cores/MCUdude_corefiles/wiring.c:263
#ifndef CORRECT_EXACT_MICROS
    m++;
     2d4:	01 96       	adiw	r24, 0x01	; 1
     2d6:	a1 1d       	adc	r26, r1
     2d8:	b1 1d       	adc	r27, r1
/home/oggy/.arduino15/packages/MiniCore/hardware/avr/3.1.1/cores/MCUdude_corefiles/wiring.c:276
#else
    q = 1;
#endif
#endif
  // Restore SREG
  SREG = oldSREG;
     2da:	3f bf       	out	0x3f, r19	; 63
/home/oggy/.arduino15/packages/MiniCore/hardware/avr/3.1.1/cores/MCUdude_corefiles/wiring.c:292
      ((t * MICROSECONDS_PER_TIMER0_OVERFLOW) >> 8);
  return q ? m + MICROSECONDS_PER_TIMER0_OVERFLOW : m;
#elif 1
  /* All power-of-two Megahertz frequencies enter here, as well as 12.8 MHz.
     We only end up here if right shift before multiplication is exact. */
  return ((m << 8) + t) * (MICROSECONDS_PER_TIMER0_OVERFLOW >> 8);
     2dc:	ba 2f       	mov	r27, r26
     2de:	a9 2f       	mov	r26, r25
     2e0:	98 2f       	mov	r25, r24
     2e2:	88 27       	eor	r24, r24
     2e4:	bc 01       	movw	r22, r24
     2e6:	cd 01       	movw	r24, r26
     2e8:	62 0f       	add	r22, r18
     2ea:	71 1d       	adc	r23, r1
     2ec:	81 1d       	adc	r24, r1
     2ee:	91 1d       	adc	r25, r1
     2f0:	42 e0       	ldi	r20, 0x02	; 2
     2f2:	66 0f       	add	r22, r22
     2f4:	77 1f       	adc	r23, r23
     2f6:	88 1f       	adc	r24, r24
     2f8:	99 1f       	adc	r25, r25
     2fa:	4a 95       	dec	r20
     2fc:	d1 f7       	brne	.-12     	; 0x2f2 <micros+0x3c>
/home/oggy/.arduino15/packages/MiniCore/hardware/avr/3.1.1/cores/MCUdude_corefiles/wiring.c:393
  // m & t are multiplied by 4 (since it was already multiplied by 256)
  // t is multiplied by 4
  return ((m << 8) + t) * (64 / clockCyclesPerMicrosecond());
#endif
#endif // 0
}
     2fe:	08 95       	ret

00000300 <delay>:
delay():
/home/oggy/.arduino15/packages/MiniCore/hardware/avr/3.1.1/cores/MCUdude_corefiles/wiring.c:396

void delay(unsigned long ms)
{
     300:	8f 92       	push	r8
     302:	9f 92       	push	r9
     304:	af 92       	push	r10
     306:	bf 92       	push	r11
     308:	cf 92       	push	r12
     30a:	df 92       	push	r13
     30c:	ef 92       	push	r14
     30e:	ff 92       	push	r15
     310:	6b 01       	movw	r12, r22
     312:	7c 01       	movw	r14, r24
/home/oggy/.arduino15/packages/MiniCore/hardware/avr/3.1.1/cores/MCUdude_corefiles/wiring.c:397
  unsigned long start = micros();
     314:	0e 94 5b 01 	call	0x2b6	; 0x2b6 <micros>
     318:	4b 01       	movw	r8, r22
     31a:	5c 01       	movw	r10, r24
/home/oggy/.arduino15/packages/MiniCore/hardware/avr/3.1.1/cores/MCUdude_corefiles/wiring.c:401

  while (ms > 0UL) {
    yield();
    while (ms > 0UL && (micros() - start) >= 1000UL) {
     31c:	c1 14       	cp	r12, r1
     31e:	d1 04       	cpc	r13, r1
     320:	e1 04       	cpc	r14, r1
     322:	f1 04       	cpc	r15, r1
     324:	b9 f0       	breq	.+46     	; 0x354 <delay+0x54>
     326:	0e 94 5b 01 	call	0x2b6	; 0x2b6 <micros>
     32a:	68 19       	sub	r22, r8
     32c:	79 09       	sbc	r23, r9
     32e:	8a 09       	sbc	r24, r10
     330:	9b 09       	sbc	r25, r11
     332:	68 3e       	cpi	r22, 0xE8	; 232
     334:	73 40       	sbci	r23, 0x03	; 3
     336:	81 05       	cpc	r24, r1
     338:	91 05       	cpc	r25, r1
     33a:	80 f3       	brcs	.-32     	; 0x31c <delay+0x1c>
/home/oggy/.arduino15/packages/MiniCore/hardware/avr/3.1.1/cores/MCUdude_corefiles/wiring.c:402
      ms--;
     33c:	21 e0       	ldi	r18, 0x01	; 1
     33e:	c2 1a       	sub	r12, r18
     340:	d1 08       	sbc	r13, r1
     342:	e1 08       	sbc	r14, r1
     344:	f1 08       	sbc	r15, r1
/home/oggy/.arduino15/packages/MiniCore/hardware/avr/3.1.1/cores/MCUdude_corefiles/wiring.c:403
      start += 1000UL;
     346:	88 ee       	ldi	r24, 0xE8	; 232
     348:	88 0e       	add	r8, r24
     34a:	83 e0       	ldi	r24, 0x03	; 3
     34c:	98 1e       	adc	r9, r24
     34e:	a1 1c       	adc	r10, r1
     350:	b1 1c       	adc	r11, r1
     352:	e4 cf       	rjmp	.-56     	; 0x31c <delay+0x1c>
/home/oggy/.arduino15/packages/MiniCore/hardware/avr/3.1.1/cores/MCUdude_corefiles/wiring.c:406
    }
  }
}
     354:	ff 90       	pop	r15
     356:	ef 90       	pop	r14
     358:	df 90       	pop	r13
     35a:	cf 90       	pop	r12
     35c:	bf 90       	pop	r11
     35e:	af 90       	pop	r10
     360:	9f 90       	pop	r9
     362:	8f 90       	pop	r8
     364:	08 95       	ret

00000366 <millis>:
millis():
/home/oggy/.arduino15/packages/MiniCore/hardware/avr/3.1.1/cores/MCUdude_corefiles/wiring.c:218
}

unsigned long millis()
{
  unsigned long m;
  uint8_t oldSREG = SREG;
     366:	2f b7       	in	r18, 0x3f	; 63
/home/oggy/.arduino15/packages/MiniCore/hardware/avr/3.1.1/cores/MCUdude_corefiles/wiring.c:222

  // disable interrupts while we read timer0_millis or we might get an
  // inconsistent value (e.g. in the middle of a write to timer0_millis)
  cli();
     368:	f8 94       	cli
/home/oggy/.arduino15/packages/MiniCore/hardware/avr/3.1.1/cores/MCUdude_corefiles/wiring.c:223
  m = timer0_millis;
     36a:	60 91 21 06 	lds	r22, 0x0621	; 0x800621 <timer0_millis>
     36e:	70 91 22 06 	lds	r23, 0x0622	; 0x800622 <timer0_millis+0x1>
     372:	80 91 23 06 	lds	r24, 0x0623	; 0x800623 <timer0_millis+0x2>
     376:	90 91 24 06 	lds	r25, 0x0624	; 0x800624 <timer0_millis+0x3>
/home/oggy/.arduino15/packages/MiniCore/hardware/avr/3.1.1/cores/MCUdude_corefiles/wiring.c:224
  SREG = oldSREG;
     37a:	2f bf       	out	0x3f, r18	; 63
/home/oggy/.arduino15/packages/MiniCore/hardware/avr/3.1.1/cores/MCUdude_corefiles/wiring.c:227

  return m;
}
     37c:	08 95       	ret

0000037e <nothing>:
nothing():
/home/oggy/.arduino15/packages/MiniCore/hardware/avr/3.1.1/cores/MCUdude_corefiles/WInterrupts.c:36

#include "wiring_private.h"

static void nothing(void)
{
}
     37e:	08 95       	ret

00000380 <Print::print(String const&)>:
write():
/home/oggy/.arduino15/packages/MiniCore/hardware/avr/3.1.1/cores/MCUdude_corefiles/Print.h:58
      if (str == NULL) return 0;
      return write((const uint8_t *)str, strlen(str));
    }
    virtual size_t write(const uint8_t *buffer, size_t size);
    size_t write(const char *buffer, size_t size) {
      return write((const uint8_t *)buffer, size);
     380:	db 01       	movw	r26, r22
     382:	14 96       	adiw	r26, 0x04	; 4
     384:	4d 91       	ld	r20, X+
     386:	5c 91       	ld	r21, X
     388:	15 97       	sbiw	r26, 0x05	; 5
     38a:	6d 91       	ld	r22, X+
     38c:	7c 91       	ld	r23, X
     38e:	dc 01       	movw	r26, r24
     390:	ed 91       	ld	r30, X+
     392:	fc 91       	ld	r31, X
     394:	02 80       	ldd	r0, Z+2	; 0x02
     396:	f3 81       	ldd	r31, Z+3	; 0x03
     398:	e0 2d       	mov	r30, r0
     39a:	09 94       	ijmp

0000039c <Print::write(unsigned char const*, unsigned int)>:
/home/oggy/.arduino15/packages/MiniCore/hardware/avr/3.1.1/cores/MCUdude_corefiles/Print.cpp:35

// Public Methods //////////////////////////////////////////////////////////////

/* default implementation: may be overridden */
size_t Print::write(const uint8_t *buffer, size_t size)
{
     39c:	af 92       	push	r10
     39e:	bf 92       	push	r11
     3a0:	cf 92       	push	r12
     3a2:	df 92       	push	r13
     3a4:	ef 92       	push	r14
     3a6:	ff 92       	push	r15
     3a8:	0f 93       	push	r16
     3aa:	1f 93       	push	r17
     3ac:	cf 93       	push	r28
     3ae:	df 93       	push	r29
     3b0:	6c 01       	movw	r12, r24
     3b2:	7b 01       	movw	r14, r22
     3b4:	8b 01       	movw	r16, r22
     3b6:	04 0f       	add	r16, r20
     3b8:	15 1f       	adc	r17, r21
     3ba:	eb 01       	movw	r28, r22
     3bc:	5e 01       	movw	r10, r28
     3be:	ae 18       	sub	r10, r14
     3c0:	bf 08       	sbc	r11, r15
/home/oggy/.arduino15/packages/MiniCore/hardware/avr/3.1.1/cores/MCUdude_corefiles/Print.cpp:37
  size_t n = 0;
  while (size--) {
     3c2:	c0 17       	cp	r28, r16
     3c4:	d1 07       	cpc	r29, r17
     3c6:	59 f0       	breq	.+22     	; 0x3de <Print::write(unsigned char const*, unsigned int)+0x42>
/home/oggy/.arduino15/packages/MiniCore/hardware/avr/3.1.1/cores/MCUdude_corefiles/Print.cpp:38
    if (write(*buffer++)) n++;
     3c8:	69 91       	ld	r22, Y+
     3ca:	d6 01       	movw	r26, r12
     3cc:	ed 91       	ld	r30, X+
     3ce:	fc 91       	ld	r31, X
     3d0:	01 90       	ld	r0, Z+
     3d2:	f0 81       	ld	r31, Z
     3d4:	e0 2d       	mov	r30, r0
     3d6:	c6 01       	movw	r24, r12
     3d8:	09 95       	icall
     3da:	89 2b       	or	r24, r25
     3dc:	79 f7       	brne	.-34     	; 0x3bc <Print::write(unsigned char const*, unsigned int)+0x20>
/home/oggy/.arduino15/packages/MiniCore/hardware/avr/3.1.1/cores/MCUdude_corefiles/Print.cpp:42
    else break;
  }
  return n;
}
     3de:	c5 01       	movw	r24, r10
     3e0:	df 91       	pop	r29
     3e2:	cf 91       	pop	r28
     3e4:	1f 91       	pop	r17
     3e6:	0f 91       	pop	r16
     3e8:	ff 90       	pop	r15
     3ea:	ef 90       	pop	r14
     3ec:	df 90       	pop	r13
     3ee:	cf 90       	pop	r12
     3f0:	bf 90       	pop	r11
     3f2:	af 90       	pop	r10
     3f4:	08 95       	ret

000003f6 <HardwareSerial::availableForWrite()>:
availableForWrite():
/home/oggy/.arduino15/packages/MiniCore/hardware/avr/3.1.1/cores/MCUdude_corefiles/HardwareSerial.cpp:195
{
  tx_buffer_index_t head;
  tx_buffer_index_t tail;

  TX_BUFFER_ATOMIC {
    head = _tx_buffer_head;
     3f6:	fc 01       	movw	r30, r24
     3f8:	53 8d       	ldd	r21, Z+27	; 0x1b
/home/oggy/.arduino15/packages/MiniCore/hardware/avr/3.1.1/cores/MCUdude_corefiles/HardwareSerial.cpp:196
    tail = _tx_buffer_tail;
     3fa:	44 8d       	ldd	r20, Z+28	; 0x1c
     3fc:	25 2f       	mov	r18, r21
     3fe:	30 e0       	ldi	r19, 0x00	; 0
     400:	84 2f       	mov	r24, r20
     402:	90 e0       	ldi	r25, 0x00	; 0
/home/oggy/.arduino15/packages/MiniCore/hardware/avr/3.1.1/cores/MCUdude_corefiles/HardwareSerial.cpp:198
  }
  if (head >= tail) return SERIAL_TX_BUFFER_SIZE - 1 - head + tail;
     404:	82 1b       	sub	r24, r18
     406:	93 0b       	sbc	r25, r19
     408:	54 17       	cp	r21, r20
     40a:	10 f0       	brcs	.+4      	; 0x410 <__LOCK_REGION_LENGTH__+0x10>
     40c:	cf 96       	adiw	r24, 0x3f	; 63
     40e:	08 95       	ret
/home/oggy/.arduino15/packages/MiniCore/hardware/avr/3.1.1/cores/MCUdude_corefiles/HardwareSerial.cpp:199
  return tail - head - 1;
     410:	01 97       	sbiw	r24, 0x01	; 1
/home/oggy/.arduino15/packages/MiniCore/hardware/avr/3.1.1/cores/MCUdude_corefiles/HardwareSerial.cpp:200
}
     412:	08 95       	ret

00000414 <HardwareSerial::read()>:
read():
/home/oggy/.arduino15/packages/MiniCore/hardware/avr/3.1.1/cores/MCUdude_corefiles/HardwareSerial.cpp:178
    return _rx_buffer[_rx_buffer_tail];
  }
}

int HardwareSerial::read(void)
{
     414:	fc 01       	movw	r30, r24
/home/oggy/.arduino15/packages/MiniCore/hardware/avr/3.1.1/cores/MCUdude_corefiles/HardwareSerial.cpp:180
  // if the head isn't ahead of the tail, we don't have any characters
  if (_rx_buffer_head == _rx_buffer_tail) {
     416:	91 8d       	ldd	r25, Z+25	; 0x19
     418:	82 8d       	ldd	r24, Z+26	; 0x1a
     41a:	98 17       	cp	r25, r24
     41c:	61 f0       	breq	.+24     	; 0x436 <HardwareSerial::read()+0x22>
/home/oggy/.arduino15/packages/MiniCore/hardware/avr/3.1.1/cores/MCUdude_corefiles/HardwareSerial.cpp:183
    return -1;
  } else {
    unsigned char c = _rx_buffer[_rx_buffer_tail];
     41e:	a2 8d       	ldd	r26, Z+26	; 0x1a
     420:	ae 0f       	add	r26, r30
     422:	bf 2f       	mov	r27, r31
     424:	b1 1d       	adc	r27, r1
     426:	5d 96       	adiw	r26, 0x1d	; 29
     428:	8c 91       	ld	r24, X
/home/oggy/.arduino15/packages/MiniCore/hardware/avr/3.1.1/cores/MCUdude_corefiles/HardwareSerial.cpp:184
    _rx_buffer_tail = (rx_buffer_index_t)(_rx_buffer_tail + 1) % SERIAL_RX_BUFFER_SIZE;
     42a:	92 8d       	ldd	r25, Z+26	; 0x1a
     42c:	9f 5f       	subi	r25, 0xFF	; 255
     42e:	9f 73       	andi	r25, 0x3F	; 63
     430:	92 8f       	std	Z+26, r25	; 0x1a
/home/oggy/.arduino15/packages/MiniCore/hardware/avr/3.1.1/cores/MCUdude_corefiles/HardwareSerial.cpp:185
    return c;
     432:	90 e0       	ldi	r25, 0x00	; 0
     434:	08 95       	ret
/home/oggy/.arduino15/packages/MiniCore/hardware/avr/3.1.1/cores/MCUdude_corefiles/HardwareSerial.cpp:181

int HardwareSerial::read(void)
{
  // if the head isn't ahead of the tail, we don't have any characters
  if (_rx_buffer_head == _rx_buffer_tail) {
    return -1;
     436:	8f ef       	ldi	r24, 0xFF	; 255
     438:	9f ef       	ldi	r25, 0xFF	; 255
/home/oggy/.arduino15/packages/MiniCore/hardware/avr/3.1.1/cores/MCUdude_corefiles/HardwareSerial.cpp:187
  } else {
    unsigned char c = _rx_buffer[_rx_buffer_tail];
    _rx_buffer_tail = (rx_buffer_index_t)(_rx_buffer_tail + 1) % SERIAL_RX_BUFFER_SIZE;
    return c;
  }
}
     43a:	08 95       	ret

0000043c <HardwareSerial::peek()>:
peek():
/home/oggy/.arduino15/packages/MiniCore/hardware/avr/3.1.1/cores/MCUdude_corefiles/HardwareSerial.cpp:169
{
  return ((unsigned int)(SERIAL_RX_BUFFER_SIZE + _rx_buffer_head - _rx_buffer_tail)) % SERIAL_RX_BUFFER_SIZE;
}

int HardwareSerial::peek(void)
{
     43c:	fc 01       	movw	r30, r24
/home/oggy/.arduino15/packages/MiniCore/hardware/avr/3.1.1/cores/MCUdude_corefiles/HardwareSerial.cpp:170
  if (_rx_buffer_head == _rx_buffer_tail) {
     43e:	91 8d       	ldd	r25, Z+25	; 0x19
     440:	82 8d       	ldd	r24, Z+26	; 0x1a
     442:	98 17       	cp	r25, r24
     444:	31 f0       	breq	.+12     	; 0x452 <HardwareSerial::peek()+0x16>
/home/oggy/.arduino15/packages/MiniCore/hardware/avr/3.1.1/cores/MCUdude_corefiles/HardwareSerial.cpp:173
    return -1;
  } else {
    return _rx_buffer[_rx_buffer_tail];
     446:	82 8d       	ldd	r24, Z+26	; 0x1a
     448:	e8 0f       	add	r30, r24
     44a:	f1 1d       	adc	r31, r1
     44c:	85 8d       	ldd	r24, Z+29	; 0x1d
     44e:	90 e0       	ldi	r25, 0x00	; 0
     450:	08 95       	ret
/home/oggy/.arduino15/packages/MiniCore/hardware/avr/3.1.1/cores/MCUdude_corefiles/HardwareSerial.cpp:171
}

int HardwareSerial::peek(void)
{
  if (_rx_buffer_head == _rx_buffer_tail) {
    return -1;
     452:	8f ef       	ldi	r24, 0xFF	; 255
     454:	9f ef       	ldi	r25, 0xFF	; 255
/home/oggy/.arduino15/packages/MiniCore/hardware/avr/3.1.1/cores/MCUdude_corefiles/HardwareSerial.cpp:175
  } else {
    return _rx_buffer[_rx_buffer_tail];
  }
}
     456:	08 95       	ret

00000458 <HardwareSerial::available()>:
available():
/home/oggy/.arduino15/packages/MiniCore/hardware/avr/3.1.1/cores/MCUdude_corefiles/HardwareSerial.cpp:164
  // clear any received data
  _rx_buffer_head = _rx_buffer_tail;
}

int HardwareSerial::available(void)
{
     458:	fc 01       	movw	r30, r24
/home/oggy/.arduino15/packages/MiniCore/hardware/avr/3.1.1/cores/MCUdude_corefiles/HardwareSerial.cpp:165
  return ((unsigned int)(SERIAL_RX_BUFFER_SIZE + _rx_buffer_head - _rx_buffer_tail)) % SERIAL_RX_BUFFER_SIZE;
     45a:	91 8d       	ldd	r25, Z+25	; 0x19
     45c:	22 8d       	ldd	r18, Z+26	; 0x1a
     45e:	89 2f       	mov	r24, r25
     460:	90 e0       	ldi	r25, 0x00	; 0
     462:	80 5c       	subi	r24, 0xC0	; 192
     464:	9f 4f       	sbci	r25, 0xFF	; 255
     466:	82 1b       	sub	r24, r18
     468:	91 09       	sbc	r25, r1
/home/oggy/.arduino15/packages/MiniCore/hardware/avr/3.1.1/cores/MCUdude_corefiles/HardwareSerial.cpp:166
}
     46a:	8f 73       	andi	r24, 0x3F	; 63
     46c:	99 27       	eor	r25, r25
     46e:	08 95       	ret

00000470 <Serial0_available()>:
Serial0_available():
/home/oggy/.arduino15/packages/MiniCore/hardware/avr/3.1.1/cores/MCUdude_corefiles/HardwareSerial0.cpp:76
#endif

// Function that can be weakly referenced by serialEventRun to prevent
// pulling in this file if it's not otherwise used.
bool Serial0_available() {
  return Serial.available();
     470:	8f e3       	ldi	r24, 0x3F	; 63
     472:	96 e0       	ldi	r25, 0x06	; 6
     474:	0e 94 2c 02 	call	0x458	; 0x458 <HardwareSerial::available()>
     478:	21 e0       	ldi	r18, 0x01	; 1
     47a:	89 2b       	or	r24, r25
     47c:	09 f4       	brne	.+2      	; 0x480 <Serial0_available()+0x10>
     47e:	20 e0       	ldi	r18, 0x00	; 0
/home/oggy/.arduino15/packages/MiniCore/hardware/avr/3.1.1/cores/MCUdude_corefiles/HardwareSerial0.cpp:77
}
     480:	82 2f       	mov	r24, r18
     482:	08 95       	ret

00000484 <serialEventRun()>:
serialEventRun():
/home/oggy/.arduino15/packages/MiniCore/hardware/avr/3.1.1/cores/MCUdude_corefiles/HardwareSerial.cpp:67
#endif

void serialEventRun(void)
{
#if defined(HAVE_HWSERIAL0)
  if (Serial0_available && serialEvent && Serial0_available()) serialEvent();
     484:	80 e0       	ldi	r24, 0x00	; 0
     486:	90 e0       	ldi	r25, 0x00	; 0
     488:	89 2b       	or	r24, r25
     48a:	29 f0       	breq	.+10     	; 0x496 <serialEventRun()+0x12>
     48c:	0e 94 38 02 	call	0x470	; 0x470 <Serial0_available()>
     490:	81 11       	cpse	r24, r1
     492:	0c 94 00 00 	jmp	0	; 0x0 <__vectors>
/home/oggy/.arduino15/packages/MiniCore/hardware/avr/3.1.1/cores/MCUdude_corefiles/HardwareSerial.cpp:78
  if (Serial2_available && serialEvent2 && Serial2_available()) serialEvent2();
#endif
#if defined(HAVE_HWSERIAL3)
  if (Serial3_available && serialEvent3 && Serial3_available()) serialEvent3();
#endif
}
     496:	08 95       	ret

00000498 <HardwareSerial::_tx_udr_empty_irq()>:
_tx_udr_empty_irq():
/home/oggy/.arduino15/packages/MiniCore/hardware/avr/3.1.1/cores/MCUdude_corefiles/HardwareSerial.cpp:90
#endif

// Actual interrupt handlers //////////////////////////////////////////////////////////////

void HardwareSerial::_tx_udr_empty_irq(void)
{
     498:	fc 01       	movw	r30, r24
/home/oggy/.arduino15/packages/MiniCore/hardware/avr/3.1.1/cores/MCUdude_corefiles/HardwareSerial.cpp:93
  // If interrupts are enabled, there must be more data in the output
  // buffer. Send the next byte
  unsigned char c = _tx_buffer[_tx_buffer_tail];
     49a:	a4 8d       	ldd	r26, Z+28	; 0x1c
     49c:	a8 0f       	add	r26, r24
     49e:	b9 2f       	mov	r27, r25
     4a0:	b1 1d       	adc	r27, r1
     4a2:	a3 5a       	subi	r26, 0xA3	; 163
     4a4:	bf 4f       	sbci	r27, 0xFF	; 255
     4a6:	2c 91       	ld	r18, X
/home/oggy/.arduino15/packages/MiniCore/hardware/avr/3.1.1/cores/MCUdude_corefiles/HardwareSerial.cpp:94
  _tx_buffer_tail = (_tx_buffer_tail + 1) % SERIAL_TX_BUFFER_SIZE;
     4a8:	84 8d       	ldd	r24, Z+28	; 0x1c
     4aa:	90 e0       	ldi	r25, 0x00	; 0
     4ac:	01 96       	adiw	r24, 0x01	; 1
     4ae:	8f 73       	andi	r24, 0x3F	; 63
     4b0:	99 27       	eor	r25, r25
     4b2:	84 8f       	std	Z+28, r24	; 0x1c
/home/oggy/.arduino15/packages/MiniCore/hardware/avr/3.1.1/cores/MCUdude_corefiles/HardwareSerial.cpp:96

  *_udr = c;
     4b4:	a6 89       	ldd	r26, Z+22	; 0x16
     4b6:	b7 89       	ldd	r27, Z+23	; 0x17
     4b8:	2c 93       	st	X, r18
/home/oggy/.arduino15/packages/MiniCore/hardware/avr/3.1.1/cores/MCUdude_corefiles/HardwareSerial.cpp:104
  // location". This makes sure flush() won't return until the bytes
  // actually got written. Other r/w bits are preserved, and zeroes
  // written to the rest.

  #ifdef MPCM0
    *_ucsra = ((*_ucsra) & ((1 << U2X0) | (1 << MPCM0))) | (1 << TXC0);
     4ba:	a0 89       	ldd	r26, Z+16	; 0x10
     4bc:	b1 89       	ldd	r27, Z+17	; 0x11
     4be:	8c 91       	ld	r24, X
     4c0:	83 70       	andi	r24, 0x03	; 3
     4c2:	80 64       	ori	r24, 0x40	; 64
     4c4:	8c 93       	st	X, r24
/home/oggy/.arduino15/packages/MiniCore/hardware/avr/3.1.1/cores/MCUdude_corefiles/HardwareSerial.cpp:109
  #else
    *_ucsra = ((*_ucsra) & ((1 << U2X0) | (1 << TXC0)));
  #endif

  if (_tx_buffer_head == _tx_buffer_tail) {
     4c6:	93 8d       	ldd	r25, Z+27	; 0x1b
     4c8:	84 8d       	ldd	r24, Z+28	; 0x1c
     4ca:	98 13       	cpse	r25, r24
     4cc:	06 c0       	rjmp	.+12     	; 0x4da <HardwareSerial::_tx_udr_empty_irq()+0x42>
/home/oggy/.arduino15/packages/MiniCore/hardware/avr/3.1.1/cores/MCUdude_corefiles/HardwareSerial.cpp:111
    // Buffer empty, so disable interrupts
    *_ucsrb &= ~_BV(UDRIE0);
     4ce:	02 88       	ldd	r0, Z+18	; 0x12
     4d0:	f3 89       	ldd	r31, Z+19	; 0x13
     4d2:	e0 2d       	mov	r30, r0
     4d4:	80 81       	ld	r24, Z
     4d6:	8f 7d       	andi	r24, 0xDF	; 223
     4d8:	80 83       	st	Z, r24
/home/oggy/.arduino15/packages/MiniCore/hardware/avr/3.1.1/cores/MCUdude_corefiles/HardwareSerial.cpp:113
  }
}
     4da:	08 95       	ret

000004dc <HardwareSerial::write(unsigned char)>:
write():
/home/oggy/.arduino15/packages/MiniCore/hardware/avr/3.1.1/cores/MCUdude_corefiles/HardwareSerial.cpp:223
  // If we get here, nothing is queued anymore (DRIE is disabled) and
  // the hardware finished tranmission (TXC is set).
}

size_t HardwareSerial::write(uint8_t c)
{
     4dc:	ef 92       	push	r14
     4de:	ff 92       	push	r15
     4e0:	0f 93       	push	r16
     4e2:	1f 93       	push	r17
     4e4:	cf 93       	push	r28
     4e6:	df 93       	push	r29
     4e8:	ec 01       	movw	r28, r24
/home/oggy/.arduino15/packages/MiniCore/hardware/avr/3.1.1/cores/MCUdude_corefiles/HardwareSerial.cpp:224
  _written = true;
     4ea:	81 e0       	ldi	r24, 0x01	; 1
     4ec:	88 8f       	std	Y+24, r24	; 0x18
/home/oggy/.arduino15/packages/MiniCore/hardware/avr/3.1.1/cores/MCUdude_corefiles/HardwareSerial.cpp:229
  // If the buffer and the data register is empty, just write the byte
  // to the data register and be done. This shortcut helps
  // significantly improve the effective datarate at high (>
  // 500kbit/s) bitrates, where interrupt overhead becomes a slowdown.
  if (_tx_buffer_head == _tx_buffer_tail && bit_is_set(*_ucsra, UDRE0)) {
     4ee:	9b 8d       	ldd	r25, Y+27	; 0x1b
     4f0:	8c 8d       	ldd	r24, Y+28	; 0x1c
     4f2:	98 13       	cpse	r25, r24
     4f4:	1a c0       	rjmp	.+52     	; 0x52a <HardwareSerial::write(unsigned char)+0x4e>
     4f6:	e8 89       	ldd	r30, Y+16	; 0x10
     4f8:	f9 89       	ldd	r31, Y+17	; 0x11
     4fa:	80 81       	ld	r24, Z
     4fc:	85 ff       	sbrs	r24, 5
     4fe:	15 c0       	rjmp	.+42     	; 0x52a <HardwareSerial::write(unsigned char)+0x4e>
/home/oggy/.arduino15/packages/MiniCore/hardware/avr/3.1.1/cores/MCUdude_corefiles/HardwareSerial.cpp:238
    // So writing UDR must happen first.
    // Writing UDR and clearing TC must be done atomically, otherwise
    // interrupts might delay the TXC clear so the byte written to UDR
    // is transmitted (setting TXC) before clearing TXC. Then TXC will
    // be cleared when no bytes are left, causing flush() to hang
    ATOMIC_BLOCK(ATOMIC_RESTORESTATE) {
     500:	9f b7       	in	r25, 0x3f	; 63
__iCliRetVal():
/home/oggy/.arduino15/packages/arduino/tools/avr-gcc/7.3.0-atmel3.6.1-arduino7/avr/include/util/atomic.h:50
    return 1;
}

static __inline__ uint8_t __iCliRetVal(void)
{
    cli();
     502:	f8 94       	cli
write():
/home/oggy/.arduino15/packages/MiniCore/hardware/avr/3.1.1/cores/MCUdude_corefiles/HardwareSerial.cpp:239
      *_udr = c;
     504:	ee 89       	ldd	r30, Y+22	; 0x16
     506:	ff 89       	ldd	r31, Y+23	; 0x17
     508:	60 83       	st	Z, r22
/home/oggy/.arduino15/packages/MiniCore/hardware/avr/3.1.1/cores/MCUdude_corefiles/HardwareSerial.cpp:241
      #ifdef MPCM0
        *_ucsra = ((*_ucsra) & ((1 << U2X0) | (1 << MPCM0))) | (1 << TXC0);
     50a:	e8 89       	ldd	r30, Y+16	; 0x10
     50c:	f9 89       	ldd	r31, Y+17	; 0x11
     50e:	80 81       	ld	r24, Z
     510:	83 70       	andi	r24, 0x03	; 3
     512:	80 64       	ori	r24, 0x40	; 64
/home/oggy/.arduino15/packages/MiniCore/hardware/avr/3.1.1/cores/MCUdude_corefiles/HardwareSerial.cpp:271
  // make atomic to prevent execution of ISR between setting the
  // head pointer and setting the interrupt flag resulting in buffer
  // retransmission
  ATOMIC_BLOCK(ATOMIC_RESTORESTATE) {
    _tx_buffer_head = i;
    *_ucsrb |= _BV(UDRIE0);
     514:	80 83       	st	Z, r24
__iRestore():
/home/oggy/.arduino15/packages/arduino/tools/avr-gcc/7.3.0-atmel3.6.1-arduino7/avr/include/util/atomic.h:70
    (void)__s;
}

static __inline__ void __iRestore(const  uint8_t *__s)
{
    SREG = *__s;
     516:	9f bf       	out	0x3f, r25	; 63
write():
/home/oggy/.arduino15/packages/MiniCore/hardware/avr/3.1.1/cores/MCUdude_corefiles/HardwareSerial.cpp:275
  }
  
  return 1;
}
     518:	81 e0       	ldi	r24, 0x01	; 1
     51a:	90 e0       	ldi	r25, 0x00	; 0
     51c:	df 91       	pop	r29
     51e:	cf 91       	pop	r28
     520:	1f 91       	pop	r17
     522:	0f 91       	pop	r16
     524:	ff 90       	pop	r15
     526:	ef 90       	pop	r14
     528:	08 95       	ret
     52a:	f6 2e       	mov	r15, r22
/home/oggy/.arduino15/packages/MiniCore/hardware/avr/3.1.1/cores/MCUdude_corefiles/HardwareSerial.cpp:248
        *_ucsra = ((*_ucsra) & ((1 << U2X0) | (1 << TXC0)));
      #endif
    }
    return 1;
  }
  tx_buffer_index_t i = (_tx_buffer_head + 1) % SERIAL_TX_BUFFER_SIZE;
     52c:	0b 8d       	ldd	r16, Y+27	; 0x1b
     52e:	10 e0       	ldi	r17, 0x00	; 0
     530:	0f 5f       	subi	r16, 0xFF	; 255
     532:	1f 4f       	sbci	r17, 0xFF	; 255
     534:	0f 73       	andi	r16, 0x3F	; 63
     536:	11 27       	eor	r17, r17
     538:	e0 2e       	mov	r14, r16
/home/oggy/.arduino15/packages/MiniCore/hardware/avr/3.1.1/cores/MCUdude_corefiles/HardwareSerial.cpp:252

  // If the output buffer is full, there's nothing for it other than to 
  // wait for the interrupt handler to empty it a bit
  while (i == _tx_buffer_tail) {
     53a:	8c 8d       	ldd	r24, Y+28	; 0x1c
     53c:	8e 11       	cpse	r24, r14
     53e:	0c c0       	rjmp	.+24     	; 0x558 <HardwareSerial::write(unsigned char)+0x7c>
/home/oggy/.arduino15/packages/MiniCore/hardware/avr/3.1.1/cores/MCUdude_corefiles/HardwareSerial.cpp:253
    if (bit_is_clear(SREG, SREG_I)) {
     540:	0f b6       	in	r0, 0x3f	; 63
     542:	07 fc       	sbrc	r0, 7
     544:	fa cf       	rjmp	.-12     	; 0x53a <HardwareSerial::write(unsigned char)+0x5e>
/home/oggy/.arduino15/packages/MiniCore/hardware/avr/3.1.1/cores/MCUdude_corefiles/HardwareSerial.cpp:258
      // Interrupts are disabled, so we'll have to poll the data
      // register empty flag ourselves. If it is set, pretend an
      // interrupt has happened and call the handler to free up
      // space for us.
      if(bit_is_set(*_ucsra, UDRE0))
     546:	e8 89       	ldd	r30, Y+16	; 0x10
     548:	f9 89       	ldd	r31, Y+17	; 0x11
     54a:	80 81       	ld	r24, Z
     54c:	85 ff       	sbrs	r24, 5
     54e:	f5 cf       	rjmp	.-22     	; 0x53a <HardwareSerial::write(unsigned char)+0x5e>
/home/oggy/.arduino15/packages/MiniCore/hardware/avr/3.1.1/cores/MCUdude_corefiles/HardwareSerial.cpp:259
        _tx_udr_empty_irq();
     550:	ce 01       	movw	r24, r28
     552:	0e 94 4c 02 	call	0x498	; 0x498 <HardwareSerial::_tx_udr_empty_irq()>
     556:	f1 cf       	rjmp	.-30     	; 0x53a <HardwareSerial::write(unsigned char)+0x5e>
/home/oggy/.arduino15/packages/MiniCore/hardware/avr/3.1.1/cores/MCUdude_corefiles/HardwareSerial.cpp:265
    } else {
      // nop, the interrupt handler will free up space for us
    }
  }

  _tx_buffer[_tx_buffer_head] = c;
     558:	eb 8d       	ldd	r30, Y+27	; 0x1b
     55a:	ec 0f       	add	r30, r28
     55c:	fd 2f       	mov	r31, r29
     55e:	f1 1d       	adc	r31, r1
     560:	e3 5a       	subi	r30, 0xA3	; 163
     562:	ff 4f       	sbci	r31, 0xFF	; 255
     564:	f0 82       	st	Z, r15
/home/oggy/.arduino15/packages/MiniCore/hardware/avr/3.1.1/cores/MCUdude_corefiles/HardwareSerial.cpp:269
  // make atomic to prevent execution of ISR between setting the
  // head pointer and setting the interrupt flag resulting in buffer
  // retransmission
  ATOMIC_BLOCK(ATOMIC_RESTORESTATE) {
     566:	9f b7       	in	r25, 0x3f	; 63
__iCliRetVal():
/home/oggy/.arduino15/packages/arduino/tools/avr-gcc/7.3.0-atmel3.6.1-arduino7/avr/include/util/atomic.h:50
    return 1;
}

static __inline__ uint8_t __iCliRetVal(void)
{
    cli();
     568:	f8 94       	cli
write():
/home/oggy/.arduino15/packages/MiniCore/hardware/avr/3.1.1/cores/MCUdude_corefiles/HardwareSerial.cpp:270
    _tx_buffer_head = i;
     56a:	0b 8f       	std	Y+27, r16	; 0x1b
/home/oggy/.arduino15/packages/MiniCore/hardware/avr/3.1.1/cores/MCUdude_corefiles/HardwareSerial.cpp:271
    *_ucsrb |= _BV(UDRIE0);
     56c:	ea 89       	ldd	r30, Y+18	; 0x12
     56e:	fb 89       	ldd	r31, Y+19	; 0x13
     570:	80 81       	ld	r24, Z
     572:	80 62       	ori	r24, 0x20	; 32
     574:	cf cf       	rjmp	.-98     	; 0x514 <HardwareSerial::write(unsigned char)+0x38>

00000576 <HardwareSerial::flush()>:
flush():
/home/oggy/.arduino15/packages/MiniCore/hardware/avr/3.1.1/cores/MCUdude_corefiles/HardwareSerial.cpp:203
  if (head >= tail) return SERIAL_TX_BUFFER_SIZE - 1 - head + tail;
  return tail - head - 1;
}

void HardwareSerial::flush()
{
     576:	cf 93       	push	r28
     578:	df 93       	push	r29
     57a:	ec 01       	movw	r28, r24
/home/oggy/.arduino15/packages/MiniCore/hardware/avr/3.1.1/cores/MCUdude_corefiles/HardwareSerial.cpp:207
  // If we have never written a byte, no need to flush. This special
  // case is needed since there is no way to force the TXC (transmit
  // complete) bit to 1 during initialization
  if (!_written)
     57c:	88 8d       	ldd	r24, Y+24	; 0x18
     57e:	88 23       	and	r24, r24
     580:	b9 f0       	breq	.+46     	; 0x5b0 <HardwareSerial::flush()+0x3a>
/home/oggy/.arduino15/packages/MiniCore/hardware/avr/3.1.1/cores/MCUdude_corefiles/HardwareSerial.cpp:210
    return;

  while (bit_is_set(*_ucsrb, UDRIE0) || bit_is_clear(*_ucsra, TXC0)) {
     582:	aa 89       	ldd	r26, Y+18	; 0x12
     584:	bb 89       	ldd	r27, Y+19	; 0x13
     586:	e8 89       	ldd	r30, Y+16	; 0x10
     588:	f9 89       	ldd	r31, Y+17	; 0x11
     58a:	8c 91       	ld	r24, X
     58c:	85 fd       	sbrc	r24, 5
     58e:	03 c0       	rjmp	.+6      	; 0x596 <HardwareSerial::flush()+0x20>
     590:	80 81       	ld	r24, Z
     592:	86 fd       	sbrc	r24, 6
     594:	0d c0       	rjmp	.+26     	; 0x5b0 <HardwareSerial::flush()+0x3a>
/home/oggy/.arduino15/packages/MiniCore/hardware/avr/3.1.1/cores/MCUdude_corefiles/HardwareSerial.cpp:211
    if (bit_is_clear(SREG, SREG_I) && bit_is_set(*_ucsrb, UDRIE0))
     596:	0f b6       	in	r0, 0x3f	; 63
     598:	07 fc       	sbrc	r0, 7
     59a:	f7 cf       	rjmp	.-18     	; 0x58a <HardwareSerial::flush()+0x14>
     59c:	8c 91       	ld	r24, X
     59e:	85 ff       	sbrs	r24, 5
     5a0:	f2 cf       	rjmp	.-28     	; 0x586 <HardwareSerial::flush()+0x10>
/home/oggy/.arduino15/packages/MiniCore/hardware/avr/3.1.1/cores/MCUdude_corefiles/HardwareSerial.cpp:215
      // Interrupts are globally disabled, but the DR empty
      // interrupt should be enabled, so poll the DR empty flag to
      // prevent deadlock
      if (bit_is_set(*_ucsra, UDRE0))
     5a2:	80 81       	ld	r24, Z
     5a4:	85 ff       	sbrs	r24, 5
     5a6:	ed cf       	rjmp	.-38     	; 0x582 <HardwareSerial::flush()+0xc>
/home/oggy/.arduino15/packages/MiniCore/hardware/avr/3.1.1/cores/MCUdude_corefiles/HardwareSerial.cpp:216
        _tx_udr_empty_irq();
     5a8:	ce 01       	movw	r24, r28
     5aa:	0e 94 4c 02 	call	0x498	; 0x498 <HardwareSerial::_tx_udr_empty_irq()>
     5ae:	e9 cf       	rjmp	.-46     	; 0x582 <HardwareSerial::flush()+0xc>
/home/oggy/.arduino15/packages/MiniCore/hardware/avr/3.1.1/cores/MCUdude_corefiles/HardwareSerial.cpp:220
  }
  // If we get here, nothing is queued anymore (DRIE is disabled) and
  // the hardware finished tranmission (TXC is set).
}
     5b0:	df 91       	pop	r29
     5b2:	cf 91       	pop	r28
     5b4:	08 95       	ret

000005b6 <LiquidCrystal::pulseEnable()>:
pulseEnable():
/home/oggy/Arduino/libraries/LiquidCrystal/src/LiquidCrystal.cpp:303
    write4bits(value>>4);
    write4bits(value);
  }
}

void LiquidCrystal::pulseEnable(void) {
     5b6:	cf 93       	push	r28
     5b8:	df 93       	push	r29
     5ba:	ec 01       	movw	r28, r24
/home/oggy/Arduino/libraries/LiquidCrystal/src/LiquidCrystal.cpp:304
  digitalWrite(_enable_pin, LOW);
     5bc:	60 e0       	ldi	r22, 0x00	; 0
     5be:	8e 81       	ldd	r24, Y+6	; 0x06
     5c0:	0e 94 e6 00 	call	0x1cc	; 0x1cc <digitalWrite>
/home/oggy/Arduino/libraries/LiquidCrystal/src/LiquidCrystal.cpp:305
  delayMicroseconds(1);    
     5c4:	81 e0       	ldi	r24, 0x01	; 1
     5c6:	90 e0       	ldi	r25, 0x00	; 0
     5c8:	0e 94 50 01 	call	0x2a0	; 0x2a0 <delayMicroseconds>
/home/oggy/Arduino/libraries/LiquidCrystal/src/LiquidCrystal.cpp:306
  digitalWrite(_enable_pin, HIGH);
     5cc:	61 e0       	ldi	r22, 0x01	; 1
     5ce:	8e 81       	ldd	r24, Y+6	; 0x06
     5d0:	0e 94 e6 00 	call	0x1cc	; 0x1cc <digitalWrite>
/home/oggy/Arduino/libraries/LiquidCrystal/src/LiquidCrystal.cpp:307
  delayMicroseconds(1);    // enable pulse must be >450ns
     5d4:	81 e0       	ldi	r24, 0x01	; 1
     5d6:	90 e0       	ldi	r25, 0x00	; 0
     5d8:	0e 94 50 01 	call	0x2a0	; 0x2a0 <delayMicroseconds>
/home/oggy/Arduino/libraries/LiquidCrystal/src/LiquidCrystal.cpp:308
  digitalWrite(_enable_pin, LOW);
     5dc:	60 e0       	ldi	r22, 0x00	; 0
     5de:	8e 81       	ldd	r24, Y+6	; 0x06
     5e0:	0e 94 e6 00 	call	0x1cc	; 0x1cc <digitalWrite>
/home/oggy/Arduino/libraries/LiquidCrystal/src/LiquidCrystal.cpp:309
  delayMicroseconds(100);   // commands need > 37us to settle
     5e4:	84 e6       	ldi	r24, 0x64	; 100
     5e6:	90 e0       	ldi	r25, 0x00	; 0
/home/oggy/Arduino/libraries/LiquidCrystal/src/LiquidCrystal.cpp:310
}
     5e8:	df 91       	pop	r29
     5ea:	cf 91       	pop	r28
/home/oggy/Arduino/libraries/LiquidCrystal/src/LiquidCrystal.cpp:309
  digitalWrite(_enable_pin, LOW);
  delayMicroseconds(1);    
  digitalWrite(_enable_pin, HIGH);
  delayMicroseconds(1);    // enable pulse must be >450ns
  digitalWrite(_enable_pin, LOW);
  delayMicroseconds(100);   // commands need > 37us to settle
     5ec:	0c 94 50 01 	jmp	0x2a0	; 0x2a0 <delayMicroseconds>

000005f0 <LiquidCrystal::write4bits(unsigned char)>:
write4bits():
/home/oggy/Arduino/libraries/LiquidCrystal/src/LiquidCrystal.cpp:312
}

void LiquidCrystal::write4bits(uint8_t value) {
     5f0:	cf 92       	push	r12
     5f2:	df 92       	push	r13
     5f4:	ef 92       	push	r14
     5f6:	ff 92       	push	r15
     5f8:	0f 93       	push	r16
     5fa:	1f 93       	push	r17
     5fc:	cf 93       	push	r28
     5fe:	df 93       	push	r29
     600:	6c 01       	movw	r12, r24
     602:	7c 01       	movw	r14, r24
     604:	87 e0       	ldi	r24, 0x07	; 7
     606:	e8 0e       	add	r14, r24
     608:	f1 1c       	adc	r15, r1
/home/oggy/Arduino/libraries/LiquidCrystal/src/LiquidCrystal.cpp:313
  for (int i = 0; i < 4; i++) {
     60a:	d0 e0       	ldi	r29, 0x00	; 0
     60c:	c0 e0       	ldi	r28, 0x00	; 0
/home/oggy/Arduino/libraries/LiquidCrystal/src/LiquidCrystal.cpp:314
    digitalWrite(_data_pins[i], (value >> i) & 0x01);
     60e:	06 2f       	mov	r16, r22
     610:	10 e0       	ldi	r17, 0x00	; 0
     612:	b8 01       	movw	r22, r16
     614:	0c 2e       	mov	r0, r28
     616:	02 c0       	rjmp	.+4      	; 0x61c <LiquidCrystal::write4bits(unsigned char)+0x2c>
     618:	75 95       	asr	r23
     61a:	67 95       	ror	r22
     61c:	0a 94       	dec	r0
     61e:	e2 f7       	brpl	.-8      	; 0x618 <LiquidCrystal::write4bits(unsigned char)+0x28>
     620:	61 70       	andi	r22, 0x01	; 1
     622:	f7 01       	movw	r30, r14
     624:	81 91       	ld	r24, Z+
     626:	7f 01       	movw	r14, r30
     628:	0e 94 e6 00 	call	0x1cc	; 0x1cc <digitalWrite>
/home/oggy/Arduino/libraries/LiquidCrystal/src/LiquidCrystal.cpp:313
  digitalWrite(_enable_pin, LOW);
  delayMicroseconds(100);   // commands need > 37us to settle
}

void LiquidCrystal::write4bits(uint8_t value) {
  for (int i = 0; i < 4; i++) {
     62c:	21 96       	adiw	r28, 0x01	; 1
     62e:	c4 30       	cpi	r28, 0x04	; 4
     630:	d1 05       	cpc	r29, r1
     632:	79 f7       	brne	.-34     	; 0x612 <LiquidCrystal::write4bits(unsigned char)+0x22>
/home/oggy/Arduino/libraries/LiquidCrystal/src/LiquidCrystal.cpp:317
    digitalWrite(_data_pins[i], (value >> i) & 0x01);
  }

  pulseEnable();
     634:	c6 01       	movw	r24, r12
/home/oggy/Arduino/libraries/LiquidCrystal/src/LiquidCrystal.cpp:318
}
     636:	df 91       	pop	r29
     638:	cf 91       	pop	r28
     63a:	1f 91       	pop	r17
     63c:	0f 91       	pop	r16
     63e:	ff 90       	pop	r15
     640:	ef 90       	pop	r14
     642:	df 90       	pop	r13
     644:	cf 90       	pop	r12
/home/oggy/Arduino/libraries/LiquidCrystal/src/LiquidCrystal.cpp:317
void LiquidCrystal::write4bits(uint8_t value) {
  for (int i = 0; i < 4; i++) {
    digitalWrite(_data_pins[i], (value >> i) & 0x01);
  }

  pulseEnable();
     646:	0c 94 db 02 	jmp	0x5b6	; 0x5b6 <LiquidCrystal::pulseEnable()>

0000064a <LiquidCrystal::send(unsigned char, unsigned char)>:
send():
/home/oggy/Arduino/libraries/LiquidCrystal/src/LiquidCrystal.cpp:287
}

/************ low level data pushing commands **********/

// write either command or data, with automatic 4/8-bit selection
void LiquidCrystal::send(uint8_t value, uint8_t mode) {
     64a:	cf 92       	push	r12
     64c:	df 92       	push	r13
     64e:	ef 92       	push	r14
     650:	ff 92       	push	r15
     652:	0f 93       	push	r16
     654:	1f 93       	push	r17
     656:	cf 93       	push	r28
     658:	df 93       	push	r29
     65a:	ec 01       	movw	r28, r24
     65c:	f6 2e       	mov	r15, r22
/home/oggy/Arduino/libraries/LiquidCrystal/src/LiquidCrystal.cpp:288
  digitalWrite(_rs_pin, mode);
     65e:	64 2f       	mov	r22, r20
     660:	8c 81       	ldd	r24, Y+4	; 0x04
     662:	0e 94 e6 00 	call	0x1cc	; 0x1cc <digitalWrite>
/home/oggy/Arduino/libraries/LiquidCrystal/src/LiquidCrystal.cpp:291

  // if there is a RW pin indicated, set it low to Write
  if (_rw_pin != 255) { 
     666:	8d 81       	ldd	r24, Y+5	; 0x05
     668:	8f 3f       	cpi	r24, 0xFF	; 255
     66a:	19 f0       	breq	.+6      	; 0x672 <LiquidCrystal::send(unsigned char, unsigned char)+0x28>
/home/oggy/Arduino/libraries/LiquidCrystal/src/LiquidCrystal.cpp:292
    digitalWrite(_rw_pin, LOW);
     66c:	60 e0       	ldi	r22, 0x00	; 0
     66e:	0e 94 e6 00 	call	0x1cc	; 0x1cc <digitalWrite>
     672:	0f 2d       	mov	r16, r15
     674:	10 e0       	ldi	r17, 0x00	; 0
/home/oggy/Arduino/libraries/LiquidCrystal/src/LiquidCrystal.cpp:295
  }
  
  if (_displayfunction & LCD_8BITMODE) {
     676:	8f 85       	ldd	r24, Y+15	; 0x0f
     678:	84 ff       	sbrs	r24, 4
     67a:	25 c0       	rjmp	.+74     	; 0x6c6 <LiquidCrystal::send(unsigned char, unsigned char)+0x7c>
     67c:	6e 01       	movw	r12, r28
     67e:	87 e0       	ldi	r24, 0x07	; 7
     680:	c8 0e       	add	r12, r24
     682:	d1 1c       	adc	r13, r1
/home/oggy/Arduino/libraries/LiquidCrystal/src/LiquidCrystal.cpp:321

  pulseEnable();
}

void LiquidCrystal::write8bits(uint8_t value) {
  for (int i = 0; i < 8; i++) {
     684:	f1 2c       	mov	r15, r1
     686:	e1 2c       	mov	r14, r1
write8bits():
/home/oggy/Arduino/libraries/LiquidCrystal/src/LiquidCrystal.cpp:322
    digitalWrite(_data_pins[i], (value >> i) & 0x01);
     688:	b8 01       	movw	r22, r16
     68a:	0e 2c       	mov	r0, r14
     68c:	02 c0       	rjmp	.+4      	; 0x692 <LiquidCrystal::send(unsigned char, unsigned char)+0x48>
     68e:	75 95       	asr	r23
     690:	67 95       	ror	r22
     692:	0a 94       	dec	r0
     694:	e2 f7       	brpl	.-8      	; 0x68e <LiquidCrystal::send(unsigned char, unsigned char)+0x44>
     696:	61 70       	andi	r22, 0x01	; 1
     698:	f6 01       	movw	r30, r12
     69a:	81 91       	ld	r24, Z+
     69c:	6f 01       	movw	r12, r30
     69e:	0e 94 e6 00 	call	0x1cc	; 0x1cc <digitalWrite>
/home/oggy/Arduino/libraries/LiquidCrystal/src/LiquidCrystal.cpp:321

  pulseEnable();
}

void LiquidCrystal::write8bits(uint8_t value) {
  for (int i = 0; i < 8; i++) {
     6a2:	ff ef       	ldi	r31, 0xFF	; 255
     6a4:	ef 1a       	sub	r14, r31
     6a6:	ff 0a       	sbc	r15, r31
     6a8:	88 e0       	ldi	r24, 0x08	; 8
     6aa:	e8 16       	cp	r14, r24
     6ac:	f1 04       	cpc	r15, r1
     6ae:	61 f7       	brne	.-40     	; 0x688 <LiquidCrystal::send(unsigned char, unsigned char)+0x3e>
/home/oggy/Arduino/libraries/LiquidCrystal/src/LiquidCrystal.cpp:325
    digitalWrite(_data_pins[i], (value >> i) & 0x01);
  }
  
  pulseEnable();
     6b0:	ce 01       	movw	r24, r28
send():
/home/oggy/Arduino/libraries/LiquidCrystal/src/LiquidCrystal.cpp:301
    write8bits(value); 
  } else {
    write4bits(value>>4);
    write4bits(value);
  }
}
     6b2:	df 91       	pop	r29
     6b4:	cf 91       	pop	r28
     6b6:	1f 91       	pop	r17
     6b8:	0f 91       	pop	r16
     6ba:	ff 90       	pop	r15
     6bc:	ef 90       	pop	r14
     6be:	df 90       	pop	r13
     6c0:	cf 90       	pop	r12
write8bits():
/home/oggy/Arduino/libraries/LiquidCrystal/src/LiquidCrystal.cpp:325
void LiquidCrystal::write8bits(uint8_t value) {
  for (int i = 0; i < 8; i++) {
    digitalWrite(_data_pins[i], (value >> i) & 0x01);
  }
  
  pulseEnable();
     6c2:	0c 94 db 02 	jmp	0x5b6	; 0x5b6 <LiquidCrystal::pulseEnable()>
send():
/home/oggy/Arduino/libraries/LiquidCrystal/src/LiquidCrystal.cpp:298
  }
  
  if (_displayfunction & LCD_8BITMODE) {
    write8bits(value); 
  } else {
    write4bits(value>>4);
     6c6:	b8 01       	movw	r22, r16
     6c8:	84 e0       	ldi	r24, 0x04	; 4
     6ca:	75 95       	asr	r23
     6cc:	67 95       	ror	r22
     6ce:	8a 95       	dec	r24
     6d0:	e1 f7       	brne	.-8      	; 0x6ca <LiquidCrystal::send(unsigned char, unsigned char)+0x80>
     6d2:	ce 01       	movw	r24, r28
     6d4:	0e 94 f8 02 	call	0x5f0	; 0x5f0 <LiquidCrystal::write4bits(unsigned char)>
/home/oggy/Arduino/libraries/LiquidCrystal/src/LiquidCrystal.cpp:299
    write4bits(value);
     6d8:	6f 2d       	mov	r22, r15
     6da:	ce 01       	movw	r24, r28
/home/oggy/Arduino/libraries/LiquidCrystal/src/LiquidCrystal.cpp:301
  }
}
     6dc:	df 91       	pop	r29
     6de:	cf 91       	pop	r28
     6e0:	1f 91       	pop	r17
     6e2:	0f 91       	pop	r16
     6e4:	ff 90       	pop	r15
     6e6:	ef 90       	pop	r14
     6e8:	df 90       	pop	r13
     6ea:	cf 90       	pop	r12
/home/oggy/Arduino/libraries/LiquidCrystal/src/LiquidCrystal.cpp:299
  
  if (_displayfunction & LCD_8BITMODE) {
    write8bits(value); 
  } else {
    write4bits(value>>4);
    write4bits(value);
     6ec:	0c 94 f8 02 	jmp	0x5f0	; 0x5f0 <LiquidCrystal::write4bits(unsigned char)>

000006f0 <LiquidCrystal::command(unsigned char) [clone .constprop.48]>:
command():
/home/oggy/Arduino/libraries/LiquidCrystal/src/LiquidCrystal.cpp:276
}

/*********** mid level commands, for sending data/cmds */

inline void LiquidCrystal::command(uint8_t value) {
  send(value, LOW);
     6f0:	40 e0       	ldi	r20, 0x00	; 0
     6f2:	68 2f       	mov	r22, r24
     6f4:	84 ef       	ldi	r24, 0xF4	; 244
     6f6:	96 e0       	ldi	r25, 0x06	; 6
     6f8:	0c 94 25 03 	jmp	0x64a	; 0x64a <LiquidCrystal::send(unsigned char, unsigned char)>

000006fc <LiquidCrystal::clear() [clone .constprop.47]>:
clear():
/home/oggy/Arduino/libraries/LiquidCrystal/src/LiquidCrystal.cpp:178
}

/********** high level commands, for the user! */
void LiquidCrystal::clear()
{
  command(LCD_CLEARDISPLAY);  // clear display, set cursor position to zero
     6fc:	81 e0       	ldi	r24, 0x01	; 1
     6fe:	0e 94 78 03 	call	0x6f0	; 0x6f0 <LiquidCrystal::command(unsigned char) [clone .constprop.48]>
/home/oggy/Arduino/libraries/LiquidCrystal/src/LiquidCrystal.cpp:179
  delayMicroseconds(2000);  // this command takes a long time!
     702:	80 ed       	ldi	r24, 0xD0	; 208
     704:	97 e0       	ldi	r25, 0x07	; 7
     706:	0c 94 50 01 	jmp	0x2a0	; 0x2a0 <delayMicroseconds>

0000070a <LiquidCrystal::begin(unsigned char, unsigned char, unsigned char) [clone .constprop.45]>:
begin():
/home/oggy/Arduino/libraries/LiquidCrystal/src/LiquidCrystal.cpp:78
    _displayfunction = LCD_8BITMODE | LCD_1LINE | LCD_5x8DOTS;
  
  begin(16, 1);  
}

void LiquidCrystal::begin(uint8_t cols, uint8_t lines, uint8_t dotsize) {
     70a:	cf 93       	push	r28
     70c:	df 93       	push	r29
/home/oggy/Arduino/libraries/LiquidCrystal/src/LiquidCrystal.cpp:79
  if (lines > 1) {
     70e:	82 30       	cpi	r24, 0x02	; 2
     710:	29 f4       	brne	.+10     	; 0x71c <LiquidCrystal::begin(unsigned char, unsigned char, unsigned char) [clone .constprop.45]+0x12>
/home/oggy/Arduino/libraries/LiquidCrystal/src/LiquidCrystal.cpp:80
    _displayfunction |= LCD_2LINE;
     712:	90 91 03 07 	lds	r25, 0x0703	; 0x800703 <lcd+0xf>
     716:	98 60       	ori	r25, 0x08	; 8
     718:	90 93 03 07 	sts	0x0703, r25	; 0x800703 <lcd+0xf>
/home/oggy/Arduino/libraries/LiquidCrystal/src/LiquidCrystal.cpp:82
  }
  _numlines = lines;
     71c:	80 93 07 07 	sts	0x0707, r24	; 0x800707 <lcd+0x13>
setRowOffsets():
/home/oggy/Arduino/libraries/LiquidCrystal/src/LiquidCrystal.cpp:169

}

void LiquidCrystal::setRowOffsets(int row0, int row1, int row2, int row3)
{
  _row_offsets[0] = row0;
     720:	10 92 08 07 	sts	0x0708, r1	; 0x800708 <lcd+0x14>
/home/oggy/Arduino/libraries/LiquidCrystal/src/LiquidCrystal.cpp:170
  _row_offsets[1] = row1;
     724:	80 e4       	ldi	r24, 0x40	; 64
     726:	80 93 09 07 	sts	0x0709, r24	; 0x800709 <lcd+0x15>
/home/oggy/Arduino/libraries/LiquidCrystal/src/LiquidCrystal.cpp:171
  _row_offsets[2] = row2;
     72a:	80 e1       	ldi	r24, 0x10	; 16
     72c:	80 93 0a 07 	sts	0x070A, r24	; 0x80070a <lcd+0x16>
/home/oggy/Arduino/libraries/LiquidCrystal/src/LiquidCrystal.cpp:172
  _row_offsets[3] = row3;
     730:	80 e5       	ldi	r24, 0x50	; 80
     732:	80 93 0b 07 	sts	0x070B, r24	; 0x80070b <lcd+0x17>
begin():
/home/oggy/Arduino/libraries/LiquidCrystal/src/LiquidCrystal.cpp:91
  // for some 1 line displays you can select a 10 pixel high font
  if ((dotsize != LCD_5x8DOTS) && (lines == 1)) {
    _displayfunction |= LCD_5x10DOTS;
  }

  pinMode(_rs_pin, OUTPUT);
     736:	61 e0       	ldi	r22, 0x01	; 1
     738:	80 91 f8 06 	lds	r24, 0x06F8	; 0x8006f8 <lcd+0x4>
     73c:	0e 94 14 01 	call	0x228	; 0x228 <pinMode>
/home/oggy/Arduino/libraries/LiquidCrystal/src/LiquidCrystal.cpp:93
  // we can save 1 pin by not using RW. Indicate by passing 255 instead of pin#
  if (_rw_pin != 255) { 
     740:	80 91 f9 06 	lds	r24, 0x06F9	; 0x8006f9 <lcd+0x5>
     744:	8f 3f       	cpi	r24, 0xFF	; 255
     746:	19 f0       	breq	.+6      	; 0x74e <LiquidCrystal::begin(unsigned char, unsigned char, unsigned char) [clone .constprop.45]+0x44>
/home/oggy/Arduino/libraries/LiquidCrystal/src/LiquidCrystal.cpp:94
    pinMode(_rw_pin, OUTPUT);
     748:	61 e0       	ldi	r22, 0x01	; 1
     74a:	0e 94 14 01 	call	0x228	; 0x228 <pinMode>
/home/oggy/Arduino/libraries/LiquidCrystal/src/LiquidCrystal.cpp:96
  }
  pinMode(_enable_pin, OUTPUT);
     74e:	61 e0       	ldi	r22, 0x01	; 1
     750:	80 91 fa 06 	lds	r24, 0x06FA	; 0x8006fa <lcd+0x6>
     754:	0e 94 14 01 	call	0x228	; 0x228 <pinMode>
     758:	c4 ef       	ldi	r28, 0xF4	; 244
     75a:	d6 e0       	ldi	r29, 0x06	; 6
     75c:	9e 01       	movw	r18, r28
     75e:	24 5f       	subi	r18, 0xF4	; 244
     760:	36 40       	sbci	r19, 0x06	; 6
/home/oggy/Arduino/libraries/LiquidCrystal/src/LiquidCrystal.cpp:99
  
  // Do these once, instead of every time a character is drawn for speed reasons.
  for (int i=0; i<((_displayfunction & LCD_8BITMODE) ? 8 : 4); ++i)
     762:	80 91 03 07 	lds	r24, 0x0703	; 0x800703 <lcd+0xf>
     766:	84 fd       	sbrc	r24, 4
     768:	0b c0       	rjmp	.+22     	; 0x780 <LiquidCrystal::begin(unsigned char, unsigned char, unsigned char) [clone .constprop.45]+0x76>
     76a:	84 e0       	ldi	r24, 0x04	; 4
     76c:	90 e0       	ldi	r25, 0x00	; 0
     76e:	21 96       	adiw	r28, 0x01	; 1
     770:	28 17       	cp	r18, r24
     772:	39 07       	cpc	r19, r25
     774:	44 f4       	brge	.+16     	; 0x786 <LiquidCrystal::begin(unsigned char, unsigned char, unsigned char) [clone .constprop.45]+0x7c>
/home/oggy/Arduino/libraries/LiquidCrystal/src/LiquidCrystal.cpp:101
  {
    pinMode(_data_pins[i], OUTPUT);
     776:	61 e0       	ldi	r22, 0x01	; 1
     778:	8e 81       	ldd	r24, Y+6	; 0x06
     77a:	0e 94 14 01 	call	0x228	; 0x228 <pinMode>
     77e:	ee cf       	rjmp	.-36     	; 0x75c <LiquidCrystal::begin(unsigned char, unsigned char, unsigned char) [clone .constprop.45]+0x52>
/home/oggy/Arduino/libraries/LiquidCrystal/src/LiquidCrystal.cpp:99
    pinMode(_rw_pin, OUTPUT);
  }
  pinMode(_enable_pin, OUTPUT);
  
  // Do these once, instead of every time a character is drawn for speed reasons.
  for (int i=0; i<((_displayfunction & LCD_8BITMODE) ? 8 : 4); ++i)
     780:	88 e0       	ldi	r24, 0x08	; 8
     782:	90 e0       	ldi	r25, 0x00	; 0
     784:	f4 cf       	rjmp	.-24     	; 0x76e <LiquidCrystal::begin(unsigned char, unsigned char, unsigned char) [clone .constprop.45]+0x64>
/home/oggy/Arduino/libraries/LiquidCrystal/src/LiquidCrystal.cpp:107
   } 

  // SEE PAGE 45/46 FOR INITIALIZATION SPECIFICATION!
  // according to datasheet, we need at least 40ms after power rises above 2.7V
  // before sending commands. Arduino can turn on way before 4.5V so we'll wait 50
  delayMicroseconds(50000); 
     786:	80 e5       	ldi	r24, 0x50	; 80
     788:	93 ec       	ldi	r25, 0xC3	; 195
     78a:	0e 94 50 01 	call	0x2a0	; 0x2a0 <delayMicroseconds>
/home/oggy/Arduino/libraries/LiquidCrystal/src/LiquidCrystal.cpp:109
  // Now we pull both RS and R/W low to begin commands
  digitalWrite(_rs_pin, LOW);
     78e:	60 e0       	ldi	r22, 0x00	; 0
     790:	80 91 f8 06 	lds	r24, 0x06F8	; 0x8006f8 <lcd+0x4>
     794:	0e 94 e6 00 	call	0x1cc	; 0x1cc <digitalWrite>
/home/oggy/Arduino/libraries/LiquidCrystal/src/LiquidCrystal.cpp:110
  digitalWrite(_enable_pin, LOW);
     798:	60 e0       	ldi	r22, 0x00	; 0
     79a:	80 91 fa 06 	lds	r24, 0x06FA	; 0x8006fa <lcd+0x6>
     79e:	0e 94 e6 00 	call	0x1cc	; 0x1cc <digitalWrite>
/home/oggy/Arduino/libraries/LiquidCrystal/src/LiquidCrystal.cpp:111
  if (_rw_pin != 255) { 
     7a2:	80 91 f9 06 	lds	r24, 0x06F9	; 0x8006f9 <lcd+0x5>
     7a6:	8f 3f       	cpi	r24, 0xFF	; 255
     7a8:	19 f0       	breq	.+6      	; 0x7b0 <LiquidCrystal::begin(unsigned char, unsigned char, unsigned char) [clone .constprop.45]+0xa6>
/home/oggy/Arduino/libraries/LiquidCrystal/src/LiquidCrystal.cpp:112
    digitalWrite(_rw_pin, LOW);
     7aa:	60 e0       	ldi	r22, 0x00	; 0
     7ac:	0e 94 e6 00 	call	0x1cc	; 0x1cc <digitalWrite>
/home/oggy/Arduino/libraries/LiquidCrystal/src/LiquidCrystal.cpp:116
  }
  
  //put the LCD into 4 bit or 8 bit mode
  if (! (_displayfunction & LCD_8BITMODE)) {
     7b0:	80 91 03 07 	lds	r24, 0x0703	; 0x800703 <lcd+0xf>
     7b4:	84 fd       	sbrc	r24, 4
     7b6:	35 c0       	rjmp	.+106    	; 0x822 <LiquidCrystal::begin(unsigned char, unsigned char, unsigned char) [clone .constprop.45]+0x118>
/home/oggy/Arduino/libraries/LiquidCrystal/src/LiquidCrystal.cpp:121
    // this is according to the hitachi HD44780 datasheet
    // figure 24, pg 46

    // we start in 8bit mode, try to set 4 bit mode
    write4bits(0x03);
     7b8:	63 e0       	ldi	r22, 0x03	; 3
     7ba:	84 ef       	ldi	r24, 0xF4	; 244
     7bc:	96 e0       	ldi	r25, 0x06	; 6
     7be:	0e 94 f8 02 	call	0x5f0	; 0x5f0 <LiquidCrystal::write4bits(unsigned char)>
/home/oggy/Arduino/libraries/LiquidCrystal/src/LiquidCrystal.cpp:122
    delayMicroseconds(4500); // wait min 4.1ms
     7c2:	84 e9       	ldi	r24, 0x94	; 148
     7c4:	91 e1       	ldi	r25, 0x11	; 17
     7c6:	0e 94 50 01 	call	0x2a0	; 0x2a0 <delayMicroseconds>
/home/oggy/Arduino/libraries/LiquidCrystal/src/LiquidCrystal.cpp:125

    // second try
    write4bits(0x03);
     7ca:	63 e0       	ldi	r22, 0x03	; 3
     7cc:	84 ef       	ldi	r24, 0xF4	; 244
     7ce:	96 e0       	ldi	r25, 0x06	; 6
     7d0:	0e 94 f8 02 	call	0x5f0	; 0x5f0 <LiquidCrystal::write4bits(unsigned char)>
/home/oggy/Arduino/libraries/LiquidCrystal/src/LiquidCrystal.cpp:126
    delayMicroseconds(4500); // wait min 4.1ms
     7d4:	84 e9       	ldi	r24, 0x94	; 148
     7d6:	91 e1       	ldi	r25, 0x11	; 17
     7d8:	0e 94 50 01 	call	0x2a0	; 0x2a0 <delayMicroseconds>
/home/oggy/Arduino/libraries/LiquidCrystal/src/LiquidCrystal.cpp:129
    
    // third go!
    write4bits(0x03); 
     7dc:	63 e0       	ldi	r22, 0x03	; 3
     7de:	84 ef       	ldi	r24, 0xF4	; 244
     7e0:	96 e0       	ldi	r25, 0x06	; 6
     7e2:	0e 94 f8 02 	call	0x5f0	; 0x5f0 <LiquidCrystal::write4bits(unsigned char)>
/home/oggy/Arduino/libraries/LiquidCrystal/src/LiquidCrystal.cpp:130
    delayMicroseconds(150);
     7e6:	86 e9       	ldi	r24, 0x96	; 150
     7e8:	90 e0       	ldi	r25, 0x00	; 0
     7ea:	0e 94 50 01 	call	0x2a0	; 0x2a0 <delayMicroseconds>
/home/oggy/Arduino/libraries/LiquidCrystal/src/LiquidCrystal.cpp:133

    // finally, set to 4-bit interface
    write4bits(0x02); 
     7ee:	62 e0       	ldi	r22, 0x02	; 2
     7f0:	84 ef       	ldi	r24, 0xF4	; 244
     7f2:	96 e0       	ldi	r25, 0x06	; 6
     7f4:	0e 94 f8 02 	call	0x5f0	; 0x5f0 <LiquidCrystal::write4bits(unsigned char)>
/home/oggy/Arduino/libraries/LiquidCrystal/src/LiquidCrystal.cpp:151
    // third go
    command(LCD_FUNCTIONSET | _displayfunction);
  }

  // finally, set # lines, font size, etc.
  command(LCD_FUNCTIONSET | _displayfunction);  
     7f8:	80 91 03 07 	lds	r24, 0x0703	; 0x800703 <lcd+0xf>
     7fc:	80 62       	ori	r24, 0x20	; 32
     7fe:	0e 94 78 03 	call	0x6f0	; 0x6f0 <LiquidCrystal::command(unsigned char) [clone .constprop.48]>
/home/oggy/Arduino/libraries/LiquidCrystal/src/LiquidCrystal.cpp:154

  // turn the display on with no cursor or blinking default
  _displaycontrol = LCD_DISPLAYON | LCD_CURSOROFF | LCD_BLINKOFF;  
     802:	84 e0       	ldi	r24, 0x04	; 4
     804:	80 93 04 07 	sts	0x0704, r24	; 0x800704 <lcd+0x10>
display():
/home/oggy/Arduino/libraries/LiquidCrystal/src/LiquidCrystal.cpp:208
  _displaycontrol &= ~LCD_DISPLAYON;
  command(LCD_DISPLAYCONTROL | _displaycontrol);
}
void LiquidCrystal::display() {
  _displaycontrol |= LCD_DISPLAYON;
  command(LCD_DISPLAYCONTROL | _displaycontrol);
     808:	8c e0       	ldi	r24, 0x0C	; 12
     80a:	0e 94 78 03 	call	0x6f0	; 0x6f0 <LiquidCrystal::command(unsigned char) [clone .constprop.48]>
begin():
/home/oggy/Arduino/libraries/LiquidCrystal/src/LiquidCrystal.cpp:158
  // turn the display on with no cursor or blinking default
  _displaycontrol = LCD_DISPLAYON | LCD_CURSOROFF | LCD_BLINKOFF;  
  display();

  // clear it off
  clear();
     80e:	0e 94 7e 03 	call	0x6fc	; 0x6fc <LiquidCrystal::clear() [clone .constprop.47]>
/home/oggy/Arduino/libraries/LiquidCrystal/src/LiquidCrystal.cpp:161

  // Initialize to default text direction (for romance languages)
  _displaymode = LCD_ENTRYLEFT | LCD_ENTRYSHIFTDECREMENT;
     812:	82 e0       	ldi	r24, 0x02	; 2
     814:	80 93 05 07 	sts	0x0705, r24	; 0x800705 <lcd+0x11>
/home/oggy/Arduino/libraries/LiquidCrystal/src/LiquidCrystal.cpp:163
  // set the entry mode
  command(LCD_ENTRYMODESET | _displaymode);
     818:	86 e0       	ldi	r24, 0x06	; 6
/home/oggy/Arduino/libraries/LiquidCrystal/src/LiquidCrystal.cpp:165

}
     81a:	df 91       	pop	r29
     81c:	cf 91       	pop	r28
/home/oggy/Arduino/libraries/LiquidCrystal/src/LiquidCrystal.cpp:163
  clear();

  // Initialize to default text direction (for romance languages)
  _displaymode = LCD_ENTRYLEFT | LCD_ENTRYSHIFTDECREMENT;
  // set the entry mode
  command(LCD_ENTRYMODESET | _displaymode);
     81e:	0c 94 78 03 	jmp	0x6f0	; 0x6f0 <LiquidCrystal::command(unsigned char) [clone .constprop.48]>
/home/oggy/Arduino/libraries/LiquidCrystal/src/LiquidCrystal.cpp:139
  } else {
    // this is according to the hitachi HD44780 datasheet
    // page 45 figure 23

    // Send function set command sequence
    command(LCD_FUNCTIONSET | _displayfunction);
     822:	80 62       	ori	r24, 0x20	; 32
     824:	0e 94 78 03 	call	0x6f0	; 0x6f0 <LiquidCrystal::command(unsigned char) [clone .constprop.48]>
/home/oggy/Arduino/libraries/LiquidCrystal/src/LiquidCrystal.cpp:140
    delayMicroseconds(4500);  // wait more than 4.1ms
     828:	84 e9       	ldi	r24, 0x94	; 148
     82a:	91 e1       	ldi	r25, 0x11	; 17
     82c:	0e 94 50 01 	call	0x2a0	; 0x2a0 <delayMicroseconds>
/home/oggy/Arduino/libraries/LiquidCrystal/src/LiquidCrystal.cpp:143

    // second try
    command(LCD_FUNCTIONSET | _displayfunction);
     830:	80 91 03 07 	lds	r24, 0x0703	; 0x800703 <lcd+0xf>
     834:	80 62       	ori	r24, 0x20	; 32
     836:	0e 94 78 03 	call	0x6f0	; 0x6f0 <LiquidCrystal::command(unsigned char) [clone .constprop.48]>
/home/oggy/Arduino/libraries/LiquidCrystal/src/LiquidCrystal.cpp:144
    delayMicroseconds(150);
     83a:	86 e9       	ldi	r24, 0x96	; 150
     83c:	90 e0       	ldi	r25, 0x00	; 0
     83e:	0e 94 50 01 	call	0x2a0	; 0x2a0 <delayMicroseconds>
/home/oggy/Arduino/libraries/LiquidCrystal/src/LiquidCrystal.cpp:147

    // third go
    command(LCD_FUNCTIONSET | _displayfunction);
     842:	80 91 03 07 	lds	r24, 0x0703	; 0x800703 <lcd+0xf>
     846:	80 62       	ori	r24, 0x20	; 32
     848:	0e 94 78 03 	call	0x6f0	; 0x6f0 <LiquidCrystal::command(unsigned char) [clone .constprop.48]>
     84c:	d5 cf       	rjmp	.-86     	; 0x7f8 <LiquidCrystal::begin(unsigned char, unsigned char, unsigned char) [clone .constprop.45]+0xee>

0000084e <LiquidCrystal::setCursor(unsigned char, unsigned char) [clone .constprop.24]>:
setCursor():
/home/oggy/Arduino/libraries/LiquidCrystal/src/LiquidCrystal.cpp:194
{
  const size_t max_lines = sizeof(_row_offsets) / sizeof(*_row_offsets);
  if ( row >= max_lines ) {
    row = max_lines - 1;    // we count rows starting w/0
  }
  if ( row >= _numlines ) {
     84e:	90 91 07 07 	lds	r25, 0x0707	; 0x800707 <lcd+0x13>
     852:	69 17       	cp	r22, r25
     854:	10 f0       	brcs	.+4      	; 0x85a <LiquidCrystal::setCursor(unsigned char, unsigned char) [clone .constprop.24]+0xc>
/home/oggy/Arduino/libraries/LiquidCrystal/src/LiquidCrystal.cpp:195
    row = _numlines - 1;    // we count rows starting w/0
     856:	6f ef       	ldi	r22, 0xFF	; 255
     858:	69 0f       	add	r22, r25
/home/oggy/Arduino/libraries/LiquidCrystal/src/LiquidCrystal.cpp:198
  }
  
  command(LCD_SETDDRAMADDR | (col + _row_offsets[row]));
     85a:	e6 2f       	mov	r30, r22
     85c:	f0 e0       	ldi	r31, 0x00	; 0
     85e:	ec 50       	subi	r30, 0x0C	; 12
     860:	f9 4f       	sbci	r31, 0xF9	; 249
     862:	94 89       	ldd	r25, Z+20	; 0x14
     864:	89 0f       	add	r24, r25
     866:	80 68       	ori	r24, 0x80	; 128
     868:	0c 94 78 03 	jmp	0x6f0	; 0x6f0 <LiquidCrystal::command(unsigned char) [clone .constprop.48]>

0000086c <LiquidCrystal::write(unsigned char)>:
write():
/home/oggy/Arduino/libraries/LiquidCrystal/src/LiquidCrystal.cpp:280
inline void LiquidCrystal::command(uint8_t value) {
  send(value, LOW);
}

inline size_t LiquidCrystal::write(uint8_t value) {
  send(value, HIGH);
     86c:	41 e0       	ldi	r20, 0x01	; 1
     86e:	0e 94 25 03 	call	0x64a	; 0x64a <LiquidCrystal::send(unsigned char, unsigned char)>
/home/oggy/Arduino/libraries/LiquidCrystal/src/LiquidCrystal.cpp:282
  return 1; // assume sucess
}
     872:	81 e0       	ldi	r24, 0x01	; 1
     874:	90 e0       	ldi	r25, 0x00	; 0
     876:	08 95       	ret

00000878 <Print::flush()>:
flush():
/home/oggy/.arduino15/packages/MiniCore/hardware/avr/3.1.1/cores/MCUdude_corefiles/Print.h:65

    // default to zero, meaning "a single write may block"
    // should be overriden by subclasses with buffering
    virtual int availableForWrite() { return 0; }

    virtual void flush() { /* Empty implementation for backward compatibility */ }
     878:	08 95       	ret

0000087a <Print::availableForWrite()>:
availableForWrite():
/home/oggy/.arduino15/packages/MiniCore/hardware/avr/3.1.1/cores/MCUdude_corefiles/Print.h:63
      return write((const uint8_t *)buffer, size);
    }

    // default to zero, meaning "a single write may block"
    // should be overriden by subclasses with buffering
    virtual int availableForWrite() { return 0; }
     87a:	90 e0       	ldi	r25, 0x00	; 0
     87c:	80 e0       	ldi	r24, 0x00	; 0
     87e:	08 95       	ret

00000880 <MFRC522::PICC_ReadCardSerial()>:
PICC_ReadCardSerial():
/home/oggy/Arduino/libraries/MFRC522/src/MFRC522.cpp:1948
 * The read UID is available in the class variable uid.
 * 
 * @return bool
 */
bool MFRC522::PICC_ReadCardSerial() {
	MFRC522::StatusCode result = PICC_Select(&uid);
     880:	bc 01       	movw	r22, r24
     882:	6e 5f       	subi	r22, 0xFE	; 254
     884:	7f 4f       	sbci	r23, 0xFF	; 255
     886:	dc 01       	movw	r26, r24
     888:	ed 91       	ld	r30, X+
     88a:	fc 91       	ld	r31, X
     88c:	01 90       	ld	r0, Z+
     88e:	f0 81       	ld	r31, Z
     890:	e0 2d       	mov	r30, r0
     892:	40 e0       	ldi	r20, 0x00	; 0
     894:	09 95       	icall
/home/oggy/Arduino/libraries/MFRC522/src/MFRC522.cpp:1949
	return (result == STATUS_OK);
     896:	91 e0       	ldi	r25, 0x01	; 1
     898:	81 11       	cpse	r24, r1
     89a:	90 e0       	ldi	r25, 0x00	; 0
/home/oggy/Arduino/libraries/MFRC522/src/MFRC522.cpp:1950
} // End 
     89c:	89 2f       	mov	r24, r25
     89e:	08 95       	ret

000008a0 <SPIClass::endTransaction()>:
endTransaction():
/home/oggy/.arduino15/packages/MiniCore/hardware/avr/3.1.1/libraries/SPI/src/SPI.h:287
      #endif
      {
        SREG = interruptSave;
      }
    }
  }
     8a0:	08 95       	ret

000008a2 <SPIClass::transfer(unsigned char)>:
transfer():
/home/oggy/.arduino15/packages/MiniCore/hardware/avr/3.1.1/libraries/SPI/src/SPI.h:212
    SPSR = settings.spsr;
  }

  // Write to the SPI bus (MOSI pin) and also receive (MISO pin)
  inline static uint8_t transfer(uint8_t data) {
    SPDR = data;
     8a2:	8e bd       	out	0x2e, r24	; 46
/home/oggy/.arduino15/packages/MiniCore/hardware/avr/3.1.1/libraries/SPI/src/SPI.h:219
     * The following NOP introduces a small delay that can prevent the wait
     * loop form iterating when running at the maximum speed. This gives
     * about 10% more speed, even if it seems counter-intuitive. At lower
     * speeds it is unnoticed.
     */
    asm volatile("nop");
     8a4:	00 00       	nop
/home/oggy/.arduino15/packages/MiniCore/hardware/avr/3.1.1/libraries/SPI/src/SPI.h:220
    while (!(SPSR & _BV(SPIF))) ; // wait
     8a6:	0d b4       	in	r0, 0x2d	; 45
     8a8:	07 fe       	sbrs	r0, 7
     8aa:	fd cf       	rjmp	.-6      	; 0x8a6 <SPIClass::transfer(unsigned char)+0x4>
/home/oggy/.arduino15/packages/MiniCore/hardware/avr/3.1.1/libraries/SPI/src/SPI.h:221
    return SPDR;
     8ac:	8e b5       	in	r24, 0x2e	; 46
/home/oggy/.arduino15/packages/MiniCore/hardware/avr/3.1.1/libraries/SPI/src/SPI.h:222
  }
     8ae:	08 95       	ret

000008b0 <MFRC522::PCD_WriteRegister(MFRC522::PCD_Register, unsigned char, unsigned char*) [clone .constprop.39]>:
PCD_WriteRegister():
/home/oggy/Arduino/libraries/MFRC522/src/MFRC522.cpp:61

/**
 * Writes a number of bytes to the specified register in the MFRC522 chip.
 * The interface is described in the datasheet section 8.1.2.
 */
void MFRC522::PCD_WriteRegister(	PCD_Register reg,	///< The register to write to. One of the PCD_Register enums.
     8b0:	df 92       	push	r13
     8b2:	ef 92       	push	r14
     8b4:	ff 92       	push	r15
     8b6:	0f 93       	push	r16
     8b8:	1f 93       	push	r17
     8ba:	cf 93       	push	r28
     8bc:	df 93       	push	r29
     8be:	7c 01       	movw	r14, r24
     8c0:	06 2f       	mov	r16, r22
     8c2:	d4 2e       	mov	r13, r20
     8c4:	15 2f       	mov	r17, r21
/home/oggy/Arduino/libraries/MFRC522/src/MFRC522.cpp:65
									byte count,			///< The number of bytes to write to the register
									byte *values		///< The values to write. Byte array.
								) {
	SPI.beginTransaction(SPISettings(MFRC522_SPICLOCK, MSBFIRST, SPI_MODE0));	// Set the settings to work with SPI bus
     8c6:	80 e5       	ldi	r24, 0x50	; 80
     8c8:	90 e0       	ldi	r25, 0x00	; 0
     8ca:	0e 94 91 00 	call	0x122	; 0x122 <SPIClass::beginTransaction(SPISettings) [clone .constprop.40]>
/home/oggy/Arduino/libraries/MFRC522/src/MFRC522.cpp:66
	digitalWrite(_chipSelectPin, LOW);		// Select slave
     8ce:	60 e0       	ldi	r22, 0x00	; 0
     8d0:	f7 01       	movw	r30, r14
     8d2:	86 85       	ldd	r24, Z+14	; 0x0e
     8d4:	0e 94 e6 00 	call	0x1cc	; 0x1cc <digitalWrite>
/home/oggy/Arduino/libraries/MFRC522/src/MFRC522.cpp:67
	SPI.transfer(reg);						// MSB == 0 is for writing. LSB is not used in address. Datasheet section 8.1.2.3.
     8d8:	82 e1       	ldi	r24, 0x12	; 18
     8da:	0e 94 51 04 	call	0x8a2	; 0x8a2 <SPIClass::transfer(unsigned char)>
     8de:	cd 2d       	mov	r28, r13
     8e0:	d1 2f       	mov	r29, r17
     8e2:	0c 0f       	add	r16, r28
     8e4:	1d 2f       	mov	r17, r29
     8e6:	11 1d       	adc	r17, r1
/home/oggy/Arduino/libraries/MFRC522/src/MFRC522.cpp:68
	for (byte index = 0; index < count; index++) {
     8e8:	c0 17       	cp	r28, r16
     8ea:	d1 07       	cpc	r29, r17
     8ec:	21 f0       	breq	.+8      	; 0x8f6 <MFRC522::PCD_WriteRegister(MFRC522::PCD_Register, unsigned char, unsigned char*) [clone .constprop.39]+0x46>
/home/oggy/Arduino/libraries/MFRC522/src/MFRC522.cpp:69
		SPI.transfer(values[index]);
     8ee:	89 91       	ld	r24, Y+
     8f0:	0e 94 51 04 	call	0x8a2	; 0x8a2 <SPIClass::transfer(unsigned char)>
     8f4:	f9 cf       	rjmp	.-14     	; 0x8e8 <MFRC522::PCD_WriteRegister(MFRC522::PCD_Register, unsigned char, unsigned char*) [clone .constprop.39]+0x38>
/home/oggy/Arduino/libraries/MFRC522/src/MFRC522.cpp:71
	}
	digitalWrite(_chipSelectPin, HIGH);		// Release slave again
     8f6:	61 e0       	ldi	r22, 0x01	; 1
     8f8:	f7 01       	movw	r30, r14
     8fa:	86 85       	ldd	r24, Z+14	; 0x0e
/home/oggy/Arduino/libraries/MFRC522/src/MFRC522.cpp:73
	SPI.endTransaction(); // Stop using the SPI bus
} // End PCD_WriteRegister()
     8fc:	df 91       	pop	r29
     8fe:	cf 91       	pop	r28
     900:	1f 91       	pop	r17
     902:	0f 91       	pop	r16
     904:	ff 90       	pop	r15
     906:	ef 90       	pop	r14
     908:	df 90       	pop	r13
/home/oggy/Arduino/libraries/MFRC522/src/MFRC522.cpp:71
	digitalWrite(_chipSelectPin, LOW);		// Select slave
	SPI.transfer(reg);						// MSB == 0 is for writing. LSB is not used in address. Datasheet section 8.1.2.3.
	for (byte index = 0; index < count; index++) {
		SPI.transfer(values[index]);
	}
	digitalWrite(_chipSelectPin, HIGH);		// Release slave again
     90a:	0c 94 e6 00 	jmp	0x1cc	; 0x1cc <digitalWrite>

0000090e <MFRC522::PCD_ReadRegister(MFRC522::PCD_Register)>:
PCD_ReadRegister():
/home/oggy/Arduino/libraries/MFRC522/src/MFRC522.cpp:80
/**
 * Reads a byte from the specified register in the MFRC522 chip.
 * The interface is described in the datasheet section 8.1.2.
 */
byte MFRC522::PCD_ReadRegister(	PCD_Register reg	///< The register to read from. One of the PCD_Register enums.
								) {
     90e:	1f 93       	push	r17
     910:	cf 93       	push	r28
     912:	df 93       	push	r29
     914:	ec 01       	movw	r28, r24
     916:	16 2f       	mov	r17, r22
/home/oggy/Arduino/libraries/MFRC522/src/MFRC522.cpp:82
	byte value;
	SPI.beginTransaction(SPISettings(MFRC522_SPICLOCK, MSBFIRST, SPI_MODE0));	// Set the settings to work with SPI bus
     918:	80 e5       	ldi	r24, 0x50	; 80
     91a:	90 e0       	ldi	r25, 0x00	; 0
     91c:	0e 94 91 00 	call	0x122	; 0x122 <SPIClass::beginTransaction(SPISettings) [clone .constprop.40]>
/home/oggy/Arduino/libraries/MFRC522/src/MFRC522.cpp:83
	digitalWrite(_chipSelectPin, LOW);			// Select slave
     920:	60 e0       	ldi	r22, 0x00	; 0
     922:	8e 85       	ldd	r24, Y+14	; 0x0e
     924:	0e 94 e6 00 	call	0x1cc	; 0x1cc <digitalWrite>
/home/oggy/Arduino/libraries/MFRC522/src/MFRC522.cpp:84
	SPI.transfer(0x80 | reg);					// MSB == 1 is for reading. LSB is not used in address. Datasheet section 8.1.2.3.
     928:	81 2f       	mov	r24, r17
     92a:	80 68       	ori	r24, 0x80	; 128
     92c:	0e 94 51 04 	call	0x8a2	; 0x8a2 <SPIClass::transfer(unsigned char)>
/home/oggy/Arduino/libraries/MFRC522/src/MFRC522.cpp:85
	value = SPI.transfer(0);					// Read the value back. Send 0 to stop reading.
     930:	80 e0       	ldi	r24, 0x00	; 0
     932:	0e 94 51 04 	call	0x8a2	; 0x8a2 <SPIClass::transfer(unsigned char)>
     936:	18 2f       	mov	r17, r24
/home/oggy/Arduino/libraries/MFRC522/src/MFRC522.cpp:86
	digitalWrite(_chipSelectPin, HIGH);			// Release slave again
     938:	61 e0       	ldi	r22, 0x01	; 1
     93a:	8e 85       	ldd	r24, Y+14	; 0x0e
     93c:	0e 94 e6 00 	call	0x1cc	; 0x1cc <digitalWrite>
/home/oggy/Arduino/libraries/MFRC522/src/MFRC522.cpp:89
	SPI.endTransaction(); // Stop using the SPI bus
	return value;
} // End PCD_ReadRegister()
     940:	81 2f       	mov	r24, r17
     942:	df 91       	pop	r29
     944:	cf 91       	pop	r28
     946:	1f 91       	pop	r17
     948:	08 95       	ret

0000094a <MFRC522::PCD_WriteRegister(MFRC522::PCD_Register, unsigned char)>:
PCD_WriteRegister():
/home/oggy/Arduino/libraries/MFRC522/src/MFRC522.cpp:48
 * Writes a byte to the specified register in the MFRC522 chip.
 * The interface is described in the datasheet section 8.1.2.
 */
void MFRC522::PCD_WriteRegister(	PCD_Register reg,	///< The register to write to. One of the PCD_Register enums.
									byte value			///< The value to write.
								) {
     94a:	0f 93       	push	r16
     94c:	1f 93       	push	r17
     94e:	cf 93       	push	r28
     950:	df 93       	push	r29
     952:	ec 01       	movw	r28, r24
     954:	06 2f       	mov	r16, r22
     956:	14 2f       	mov	r17, r20
/home/oggy/Arduino/libraries/MFRC522/src/MFRC522.cpp:49
	SPI.beginTransaction(SPISettings(MFRC522_SPICLOCK, MSBFIRST, SPI_MODE0));	// Set the settings to work with SPI bus
     958:	80 e5       	ldi	r24, 0x50	; 80
     95a:	90 e0       	ldi	r25, 0x00	; 0
     95c:	0e 94 91 00 	call	0x122	; 0x122 <SPIClass::beginTransaction(SPISettings) [clone .constprop.40]>
/home/oggy/Arduino/libraries/MFRC522/src/MFRC522.cpp:50
	digitalWrite(_chipSelectPin, LOW);		// Select slave
     960:	60 e0       	ldi	r22, 0x00	; 0
     962:	8e 85       	ldd	r24, Y+14	; 0x0e
     964:	0e 94 e6 00 	call	0x1cc	; 0x1cc <digitalWrite>
/home/oggy/Arduino/libraries/MFRC522/src/MFRC522.cpp:51
	SPI.transfer(reg);						// MSB == 0 is for writing. LSB is not used in address. Datasheet section 8.1.2.3.
     968:	80 2f       	mov	r24, r16
     96a:	0e 94 51 04 	call	0x8a2	; 0x8a2 <SPIClass::transfer(unsigned char)>
/home/oggy/Arduino/libraries/MFRC522/src/MFRC522.cpp:52
	SPI.transfer(value);
     96e:	81 2f       	mov	r24, r17
     970:	0e 94 51 04 	call	0x8a2	; 0x8a2 <SPIClass::transfer(unsigned char)>
/home/oggy/Arduino/libraries/MFRC522/src/MFRC522.cpp:53
	digitalWrite(_chipSelectPin, HIGH);		// Release slave again
     974:	61 e0       	ldi	r22, 0x01	; 1
     976:	8e 85       	ldd	r24, Y+14	; 0x0e
/home/oggy/Arduino/libraries/MFRC522/src/MFRC522.cpp:55
	SPI.endTransaction(); // Stop using the SPI bus
} // End PCD_WriteRegister()
     978:	df 91       	pop	r29
     97a:	cf 91       	pop	r28
     97c:	1f 91       	pop	r17
     97e:	0f 91       	pop	r16
/home/oggy/Arduino/libraries/MFRC522/src/MFRC522.cpp:53
								) {
	SPI.beginTransaction(SPISettings(MFRC522_SPICLOCK, MSBFIRST, SPI_MODE0));	// Set the settings to work with SPI bus
	digitalWrite(_chipSelectPin, LOW);		// Select slave
	SPI.transfer(reg);						// MSB == 0 is for writing. LSB is not used in address. Datasheet section 8.1.2.3.
	SPI.transfer(value);
	digitalWrite(_chipSelectPin, HIGH);		// Release slave again
     980:	0c 94 e6 00 	jmp	0x1cc	; 0x1cc <digitalWrite>

00000984 <MFRC522::PCD_CalculateCRC(unsigned char*, unsigned char, unsigned char*)>:
PCD_CalculateCRC():
/home/oggy/Arduino/libraries/MFRC522/src/MFRC522.cpp:159
 * @return STATUS_OK on success, STATUS_??? otherwise.
 */
MFRC522::StatusCode MFRC522::PCD_CalculateCRC(	byte *data,		///< In: Pointer to the data to transfer to the FIFO for CRC calculation.
												byte length,	///< In: The number of bytes to transfer.
												byte *result	///< Out: Pointer to result buffer. Result is written to result[0..1], low byte first.
					 ) {
     984:	cf 92       	push	r12
     986:	df 92       	push	r13
     988:	ef 92       	push	r14
     98a:	ff 92       	push	r15
     98c:	0f 93       	push	r16
     98e:	1f 93       	push	r17
     990:	cf 93       	push	r28
     992:	df 93       	push	r29
     994:	ec 01       	movw	r28, r24
     996:	6b 01       	movw	r12, r22
     998:	f4 2e       	mov	r15, r20
     99a:	89 01       	movw	r16, r18
/home/oggy/Arduino/libraries/MFRC522/src/MFRC522.cpp:160
	PCD_WriteRegister(CommandReg, PCD_Idle);		// Stop any active command.
     99c:	40 e0       	ldi	r20, 0x00	; 0
     99e:	62 e0       	ldi	r22, 0x02	; 2
     9a0:	0e 94 a5 04 	call	0x94a	; 0x94a <MFRC522::PCD_WriteRegister(MFRC522::PCD_Register, unsigned char)>
/home/oggy/Arduino/libraries/MFRC522/src/MFRC522.cpp:161
	PCD_WriteRegister(DivIrqReg, 0x04);				// Clear the CRCIRq interrupt request bit
     9a4:	44 e0       	ldi	r20, 0x04	; 4
     9a6:	6a e0       	ldi	r22, 0x0A	; 10
     9a8:	ce 01       	movw	r24, r28
     9aa:	0e 94 a5 04 	call	0x94a	; 0x94a <MFRC522::PCD_WriteRegister(MFRC522::PCD_Register, unsigned char)>
/home/oggy/Arduino/libraries/MFRC522/src/MFRC522.cpp:162
	PCD_WriteRegister(FIFOLevelReg, 0x80);			// FlushBuffer = 1, FIFO initialization
     9ae:	40 e8       	ldi	r20, 0x80	; 128
     9b0:	64 e1       	ldi	r22, 0x14	; 20
     9b2:	ce 01       	movw	r24, r28
     9b4:	0e 94 a5 04 	call	0x94a	; 0x94a <MFRC522::PCD_WriteRegister(MFRC522::PCD_Register, unsigned char)>
/home/oggy/Arduino/libraries/MFRC522/src/MFRC522.cpp:163
	PCD_WriteRegister(FIFODataReg, length, data);	// Write data to the FIFO
     9b8:	a6 01       	movw	r20, r12
     9ba:	6f 2d       	mov	r22, r15
     9bc:	ce 01       	movw	r24, r28
     9be:	0e 94 58 04 	call	0x8b0	; 0x8b0 <MFRC522::PCD_WriteRegister(MFRC522::PCD_Register, unsigned char, unsigned char*) [clone .constprop.39]>
/home/oggy/Arduino/libraries/MFRC522/src/MFRC522.cpp:164
	PCD_WriteRegister(CommandReg, PCD_CalcCRC);		// Start the calculation
     9c2:	43 e0       	ldi	r20, 0x03	; 3
     9c4:	62 e0       	ldi	r22, 0x02	; 2
     9c6:	ce 01       	movw	r24, r28
     9c8:	0e 94 a5 04 	call	0x94a	; 0x94a <MFRC522::PCD_WriteRegister(MFRC522::PCD_Register, unsigned char)>
/home/oggy/Arduino/libraries/MFRC522/src/MFRC522.cpp:170
	
	// Wait for the CRC calculation to complete. Check for the register to
	// indicate that the CRC calculation is complete in a loop. If the
	// calculation is not indicated as complete in ~90ms, then time out
	// the operation.
	const uint32_t deadline = millis() + 89;
     9cc:	0e 94 b3 01 	call	0x366	; 0x366 <millis>
     9d0:	6b 01       	movw	r12, r22
     9d2:	7c 01       	movw	r14, r24
     9d4:	29 e5       	ldi	r18, 0x59	; 89
     9d6:	c2 0e       	add	r12, r18
     9d8:	d1 1c       	adc	r13, r1
     9da:	e1 1c       	adc	r14, r1
     9dc:	f1 1c       	adc	r15, r1
/home/oggy/Arduino/libraries/MFRC522/src/MFRC522.cpp:174

	do {
		// DivIrqReg[7..0] bits are: Set2 reserved reserved MfinActIRq reserved CRCIRq reserved reserved
		byte n = PCD_ReadRegister(DivIrqReg);
     9de:	6a e0       	ldi	r22, 0x0A	; 10
     9e0:	ce 01       	movw	r24, r28
     9e2:	0e 94 87 04 	call	0x90e	; 0x90e <MFRC522::PCD_ReadRegister(MFRC522::PCD_Register)>
/home/oggy/Arduino/libraries/MFRC522/src/MFRC522.cpp:175
		if (n & 0x04) {									// CRCIRq bit set - calculation done
     9e6:	82 ff       	sbrs	r24, 2
     9e8:	1b c0       	rjmp	.+54     	; 0xa20 <MFRC522::PCD_CalculateCRC(unsigned char*, unsigned char, unsigned char*)+0x9c>
/home/oggy/Arduino/libraries/MFRC522/src/MFRC522.cpp:176
			PCD_WriteRegister(CommandReg, PCD_Idle);	// Stop calculating CRC for new content in the FIFO.
     9ea:	40 e0       	ldi	r20, 0x00	; 0
     9ec:	62 e0       	ldi	r22, 0x02	; 2
     9ee:	ce 01       	movw	r24, r28
     9f0:	0e 94 a5 04 	call	0x94a	; 0x94a <MFRC522::PCD_WriteRegister(MFRC522::PCD_Register, unsigned char)>
/home/oggy/Arduino/libraries/MFRC522/src/MFRC522.cpp:178
			// Transfer the result from the registers to the result buffer
			result[0] = PCD_ReadRegister(CRCResultRegL);
     9f4:	64 e4       	ldi	r22, 0x44	; 68
     9f6:	ce 01       	movw	r24, r28
     9f8:	0e 94 87 04 	call	0x90e	; 0x90e <MFRC522::PCD_ReadRegister(MFRC522::PCD_Register)>
     9fc:	f8 01       	movw	r30, r16
     9fe:	80 83       	st	Z, r24
/home/oggy/Arduino/libraries/MFRC522/src/MFRC522.cpp:179
			result[1] = PCD_ReadRegister(CRCResultRegH);
     a00:	62 e4       	ldi	r22, 0x42	; 66
     a02:	ce 01       	movw	r24, r28
     a04:	0e 94 87 04 	call	0x90e	; 0x90e <MFRC522::PCD_ReadRegister(MFRC522::PCD_Register)>
     a08:	f8 01       	movw	r30, r16
     a0a:	81 83       	std	Z+1, r24	; 0x01
/home/oggy/Arduino/libraries/MFRC522/src/MFRC522.cpp:180
			return STATUS_OK;
     a0c:	80 e0       	ldi	r24, 0x00	; 0
/home/oggy/Arduino/libraries/MFRC522/src/MFRC522.cpp:188
	}
	while (static_cast<uint32_t> (millis()) < deadline);

	// 89ms passed and nothing happened. Communication with the MFRC522 might be down.
	return STATUS_TIMEOUT;
} // End PCD_CalculateCRC()
     a0e:	df 91       	pop	r29
     a10:	cf 91       	pop	r28
     a12:	1f 91       	pop	r17
     a14:	0f 91       	pop	r16
     a16:	ff 90       	pop	r15
     a18:	ef 90       	pop	r14
     a1a:	df 90       	pop	r13
     a1c:	cf 90       	pop	r12
     a1e:	08 95       	ret
/home/oggy/Arduino/libraries/MFRC522/src/MFRC522.cpp:184
			result[1] = PCD_ReadRegister(CRCResultRegH);
			return STATUS_OK;
		}
		yield();
	}
	while (static_cast<uint32_t> (millis()) < deadline);
     a20:	0e 94 b3 01 	call	0x366	; 0x366 <millis>
     a24:	6c 15       	cp	r22, r12
     a26:	7d 05       	cpc	r23, r13
     a28:	8e 05       	cpc	r24, r14
     a2a:	9f 05       	cpc	r25, r15
     a2c:	c0 f2       	brcs	.-80     	; 0x9de <MFRC522::PCD_CalculateCRC(unsigned char*, unsigned char, unsigned char*)+0x5a>
/home/oggy/Arduino/libraries/MFRC522/src/MFRC522.cpp:187

	// 89ms passed and nothing happened. Communication with the MFRC522 might be down.
	return STATUS_TIMEOUT;
     a2e:	83 e0       	ldi	r24, 0x03	; 3
     a30:	ee cf       	rjmp	.-36     	; 0xa0e <MFRC522::PCD_CalculateCRC(unsigned char*, unsigned char, unsigned char*)+0x8a>

00000a32 <MFRC522::PCD_CommunicateWithPICC(unsigned char, unsigned char, unsigned char*, unsigned char, unsigned char*, unsigned char*, unsigned char*, unsigned char, bool)>:
PCD_CommunicateWithPICC():
/home/oggy/Arduino/libraries/MFRC522/src/MFRC522.cpp:476
														byte *backData,		///< nullptr or pointer to buffer if data should be read back after executing the command.
														byte *backLen,		///< In: Max number of bytes to write to *backData. Out: The number of bytes returned.
														byte *validBits,	///< In/Out: The number of valid bits in the last byte. 0 for 8 valid bits.
														byte rxAlign,		///< In: Defines the bit position in backData[0] for the first bit received. Default 0.
														bool checkCRC		///< In: True => The last two bytes of the response is assumed to be a CRC_A that must be validated.
									 ) {
     a32:	2f 92       	push	r2
     a34:	3f 92       	push	r3
     a36:	4f 92       	push	r4
     a38:	5f 92       	push	r5
     a3a:	6f 92       	push	r6
     a3c:	7f 92       	push	r7
     a3e:	8f 92       	push	r8
     a40:	9f 92       	push	r9
     a42:	af 92       	push	r10
     a44:	bf 92       	push	r11
     a46:	cf 92       	push	r12
     a48:	df 92       	push	r13
     a4a:	ef 92       	push	r14
     a4c:	ff 92       	push	r15
     a4e:	0f 93       	push	r16
     a50:	1f 93       	push	r17
     a52:	cf 93       	push	r28
     a54:	df 93       	push	r29
     a56:	00 d0       	rcall	.+0      	; 0xa58 <MFRC522::PCD_CommunicateWithPICC(unsigned char, unsigned char, unsigned char*, unsigned char, unsigned char*, unsigned char*, unsigned char*, unsigned char, bool)+0x26>
     a58:	cd b7       	in	r28, 0x3d	; 61
     a5a:	de b7       	in	r29, 0x3e	; 62
     a5c:	3c 01       	movw	r6, r24
     a5e:	16 2f       	mov	r17, r22
     a60:	94 2e       	mov	r9, r20
     a62:	29 01       	movw	r4, r18
/home/oggy/Arduino/libraries/MFRC522/src/MFRC522.cpp:478
	// Prepare values for BitFramingReg
	byte txLastBits = validBits ? *validBits : 0;
     a64:	80 e0       	ldi	r24, 0x00	; 0
     a66:	a1 14       	cp	r10, r1
     a68:	b1 04       	cpc	r11, r1
     a6a:	11 f0       	breq	.+4      	; 0xa70 <MFRC522::PCD_CommunicateWithPICC(unsigned char, unsigned char, unsigned char*, unsigned char, unsigned char*, unsigned char*, unsigned char*, unsigned char, bool)+0x3e>
     a6c:	f5 01       	movw	r30, r10
     a6e:	80 81       	ld	r24, Z
/home/oggy/Arduino/libraries/MFRC522/src/MFRC522.cpp:479
	byte bitFraming = (rxAlign << 4) + txLastBits;		// RxAlign = BitFramingReg[6..4]. TxLastBits = BitFramingReg[2..0]
     a70:	38 2c       	mov	r3, r8
     a72:	32 94       	swap	r3
     a74:	90 ef       	ldi	r25, 0xF0	; 240
     a76:	39 22       	and	r3, r25
     a78:	38 0e       	add	r3, r24
/home/oggy/Arduino/libraries/MFRC522/src/MFRC522.cpp:481
	
	PCD_WriteRegister(CommandReg, PCD_Idle);			// Stop any active command.
     a7a:	40 e0       	ldi	r20, 0x00	; 0
     a7c:	62 e0       	ldi	r22, 0x02	; 2
     a7e:	c3 01       	movw	r24, r6
     a80:	0e 94 a5 04 	call	0x94a	; 0x94a <MFRC522::PCD_WriteRegister(MFRC522::PCD_Register, unsigned char)>
/home/oggy/Arduino/libraries/MFRC522/src/MFRC522.cpp:482
	PCD_WriteRegister(ComIrqReg, 0x7F);					// Clear all seven interrupt request bits
     a84:	4f e7       	ldi	r20, 0x7F	; 127
     a86:	68 e0       	ldi	r22, 0x08	; 8
     a88:	c3 01       	movw	r24, r6
     a8a:	0e 94 a5 04 	call	0x94a	; 0x94a <MFRC522::PCD_WriteRegister(MFRC522::PCD_Register, unsigned char)>
/home/oggy/Arduino/libraries/MFRC522/src/MFRC522.cpp:483
	PCD_WriteRegister(FIFOLevelReg, 0x80);				// FlushBuffer = 1, FIFO initialization
     a8e:	40 e8       	ldi	r20, 0x80	; 128
     a90:	64 e1       	ldi	r22, 0x14	; 20
     a92:	c3 01       	movw	r24, r6
     a94:	0e 94 a5 04 	call	0x94a	; 0x94a <MFRC522::PCD_WriteRegister(MFRC522::PCD_Register, unsigned char)>
/home/oggy/Arduino/libraries/MFRC522/src/MFRC522.cpp:484
	PCD_WriteRegister(FIFODataReg, sendLen, sendData);	// Write sendData to the FIFO
     a98:	a2 01       	movw	r20, r4
     a9a:	60 2f       	mov	r22, r16
     a9c:	c3 01       	movw	r24, r6
     a9e:	0e 94 58 04 	call	0x8b0	; 0x8b0 <MFRC522::PCD_WriteRegister(MFRC522::PCD_Register, unsigned char, unsigned char*) [clone .constprop.39]>
/home/oggy/Arduino/libraries/MFRC522/src/MFRC522.cpp:485
	PCD_WriteRegister(BitFramingReg, bitFraming);		// Bit adjustments
     aa2:	43 2d       	mov	r20, r3
     aa4:	6a e1       	ldi	r22, 0x1A	; 26
     aa6:	c3 01       	movw	r24, r6
     aa8:	0e 94 a5 04 	call	0x94a	; 0x94a <MFRC522::PCD_WriteRegister(MFRC522::PCD_Register, unsigned char)>
/home/oggy/Arduino/libraries/MFRC522/src/MFRC522.cpp:486
	PCD_WriteRegister(CommandReg, command);				// Execute the command
     aac:	41 2f       	mov	r20, r17
     aae:	62 e0       	ldi	r22, 0x02	; 2
     ab0:	c3 01       	movw	r24, r6
     ab2:	0e 94 a5 04 	call	0x94a	; 0x94a <MFRC522::PCD_WriteRegister(MFRC522::PCD_Register, unsigned char)>
/home/oggy/Arduino/libraries/MFRC522/src/MFRC522.cpp:487
	if (command == PCD_Transceive) {
     ab6:	1c 30       	cpi	r17, 0x0C	; 12
     ab8:	51 f4       	brne	.+20     	; 0xace <MFRC522::PCD_CommunicateWithPICC(unsigned char, unsigned char, unsigned char*, unsigned char, unsigned char*, unsigned char*, unsigned char*, unsigned char, bool)+0x9c>
PCD_SetRegisterBitMask():
/home/oggy/Arduino/libraries/MFRC522/src/MFRC522.cpp:135
 */
void MFRC522::PCD_SetRegisterBitMask(	PCD_Register reg,	///< The register to update. One of the PCD_Register enums.
										byte mask			///< The bits to set.
									) { 
	byte tmp;
	tmp = PCD_ReadRegister(reg);
     aba:	6a e1       	ldi	r22, 0x1A	; 26
     abc:	c3 01       	movw	r24, r6
     abe:	0e 94 87 04 	call	0x90e	; 0x90e <MFRC522::PCD_ReadRegister(MFRC522::PCD_Register)>
/home/oggy/Arduino/libraries/MFRC522/src/MFRC522.cpp:136
	PCD_WriteRegister(reg, tmp | mask);			// set bit mask
     ac2:	48 2f       	mov	r20, r24
     ac4:	40 68       	ori	r20, 0x80	; 128
     ac6:	6a e1       	ldi	r22, 0x1A	; 26
     ac8:	c3 01       	movw	r24, r6
     aca:	0e 94 a5 04 	call	0x94a	; 0x94a <MFRC522::PCD_WriteRegister(MFRC522::PCD_Register, unsigned char)>
PCD_CommunicateWithPICC():
/home/oggy/Arduino/libraries/MFRC522/src/MFRC522.cpp:499
	// Wait here for the command to complete. The bits specified in the
	// `waitIRq` parameter define what bits constitute a completed command.
	// When they are set in the ComIrqReg register, then the command is
	// considered complete. If the command is not indicated as complete in
	// ~36ms, then consider the command as timed out.
	const uint32_t deadline = millis() + 36;
     ace:	0e 94 b3 01 	call	0x366	; 0x366 <millis>
     ad2:	1b 01       	movw	r2, r22
     ad4:	2c 01       	movw	r4, r24
     ad6:	f4 e2       	ldi	r31, 0x24	; 36
     ad8:	2f 0e       	add	r2, r31
     ada:	31 1c       	adc	r3, r1
     adc:	41 1c       	adc	r4, r1
     ade:	51 1c       	adc	r5, r1
/home/oggy/Arduino/libraries/MFRC522/src/MFRC522.cpp:503
	bool completed = false;

	do {
		byte n = PCD_ReadRegister(ComIrqReg);	// ComIrqReg[7..0] bits are: Set1 TxIRq RxIRq IdleIRq HiAlertIRq LoAlertIRq ErrIRq TimerIRq
     ae0:	68 e0       	ldi	r22, 0x08	; 8
     ae2:	c3 01       	movw	r24, r6
     ae4:	0e 94 87 04 	call	0x90e	; 0x90e <MFRC522::PCD_ReadRegister(MFRC522::PCD_Register)>
/home/oggy/Arduino/libraries/MFRC522/src/MFRC522.cpp:504
		if (n & waitIRq) {					// One of the interrupts that signal success has been set.
     ae8:	98 2f       	mov	r25, r24
     aea:	99 21       	and	r25, r9
     aec:	09 f0       	breq	.+2      	; 0xaf0 <MFRC522::PCD_CommunicateWithPICC(unsigned char, unsigned char, unsigned char*, unsigned char, unsigned char*, unsigned char*, unsigned char*, unsigned char, bool)+0xbe>
     aee:	b6 c0       	rjmp	.+364    	; 0xc5c <MFRC522::PCD_CommunicateWithPICC(unsigned char, unsigned char, unsigned char*, unsigned char, unsigned char*, unsigned char*, unsigned char*, unsigned char, bool)+0x22a>
/home/oggy/Arduino/libraries/MFRC522/src/MFRC522.cpp:508
			completed = true;
			break;
		}
		if (n & 0x01) {						// Timer interrupt - nothing received in 25ms
     af0:	80 ff       	sbrs	r24, 0
     af2:	16 c0       	rjmp	.+44     	; 0xb20 <MFRC522::PCD_CommunicateWithPICC(unsigned char, unsigned char, unsigned char*, unsigned char, unsigned char*, unsigned char*, unsigned char*, unsigned char, bool)+0xee>
/home/oggy/Arduino/libraries/MFRC522/src/MFRC522.cpp:509
			return STATUS_TIMEOUT;
     af4:	83 e0       	ldi	r24, 0x03	; 3
/home/oggy/Arduino/libraries/MFRC522/src/MFRC522.cpp:569
			return STATUS_CRC_WRONG;
		}
	}
	
	return STATUS_OK;
} // End PCD_CommunicateWithPICC()
     af6:	0f 90       	pop	r0
     af8:	0f 90       	pop	r0
     afa:	df 91       	pop	r29
     afc:	cf 91       	pop	r28
     afe:	1f 91       	pop	r17
     b00:	0f 91       	pop	r16
     b02:	ff 90       	pop	r15
     b04:	ef 90       	pop	r14
     b06:	df 90       	pop	r13
     b08:	cf 90       	pop	r12
     b0a:	bf 90       	pop	r11
     b0c:	af 90       	pop	r10
     b0e:	9f 90       	pop	r9
     b10:	8f 90       	pop	r8
     b12:	7f 90       	pop	r7
     b14:	6f 90       	pop	r6
     b16:	5f 90       	pop	r5
     b18:	4f 90       	pop	r4
     b1a:	3f 90       	pop	r3
     b1c:	2f 90       	pop	r2
     b1e:	08 95       	ret
/home/oggy/Arduino/libraries/MFRC522/src/MFRC522.cpp:513
		if (n & 0x01) {						// Timer interrupt - nothing received in 25ms
			return STATUS_TIMEOUT;
		}
		yield();
	}
	while (static_cast<uint32_t> (millis()) < deadline);
     b20:	0e 94 b3 01 	call	0x366	; 0x366 <millis>
     b24:	62 15       	cp	r22, r2
     b26:	73 05       	cpc	r23, r3
     b28:	84 05       	cpc	r24, r4
     b2a:	95 05       	cpc	r25, r5
     b2c:	c8 f2       	brcs	.-78     	; 0xae0 <MFRC522::PCD_CommunicateWithPICC(unsigned char, unsigned char, unsigned char*, unsigned char, unsigned char*, unsigned char*, unsigned char*, unsigned char, bool)+0xae>
     b2e:	e2 cf       	rjmp	.-60     	; 0xaf4 <MFRC522::PCD_CommunicateWithPICC(unsigned char, unsigned char, unsigned char*, unsigned char, unsigned char*, unsigned char*, unsigned char*, unsigned char, bool)+0xc2>
/home/oggy/Arduino/libraries/MFRC522/src/MFRC522.cpp:529
	}
  
	byte _validBits = 0;
	
	// If the caller wants data back, get it from the MFRC522.
	if (backData && backLen) {
     b30:	e1 14       	cp	r14, r1
     b32:	f1 04       	cpc	r15, r1
     b34:	09 f4       	brne	.+2      	; 0xb38 <MFRC522::PCD_CommunicateWithPICC(unsigned char, unsigned char, unsigned char*, unsigned char, unsigned char*, unsigned char*, unsigned char*, unsigned char, bool)+0x106>
     b36:	67 c0       	rjmp	.+206    	; 0xc06 <MFRC522::PCD_CommunicateWithPICC(unsigned char, unsigned char, unsigned char*, unsigned char, unsigned char*, unsigned char*, unsigned char*, unsigned char, bool)+0x1d4>
     b38:	c1 14       	cp	r12, r1
     b3a:	d1 04       	cpc	r13, r1
     b3c:	09 f4       	brne	.+2      	; 0xb40 <MFRC522::PCD_CommunicateWithPICC(unsigned char, unsigned char, unsigned char*, unsigned char, unsigned char*, unsigned char*, unsigned char*, unsigned char, bool)+0x10e>
     b3e:	63 c0       	rjmp	.+198    	; 0xc06 <MFRC522::PCD_CommunicateWithPICC(unsigned char, unsigned char, unsigned char*, unsigned char, unsigned char*, unsigned char*, unsigned char*, unsigned char, bool)+0x1d4>
/home/oggy/Arduino/libraries/MFRC522/src/MFRC522.cpp:530
		byte n = PCD_ReadRegister(FIFOLevelReg);	// Number of bytes in the FIFO
     b40:	64 e1       	ldi	r22, 0x14	; 20
     b42:	c3 01       	movw	r24, r6
     b44:	0e 94 87 04 	call	0x90e	; 0x90e <MFRC522::PCD_ReadRegister(MFRC522::PCD_Register)>
     b48:	98 2e       	mov	r9, r24
/home/oggy/Arduino/libraries/MFRC522/src/MFRC522.cpp:531
		if (n > *backLen) {
     b4a:	f6 01       	movw	r30, r12
     b4c:	80 81       	ld	r24, Z
     b4e:	89 15       	cp	r24, r9
     b50:	08 f4       	brcc	.+2      	; 0xb54 <MFRC522::PCD_CommunicateWithPICC(unsigned char, unsigned char, unsigned char*, unsigned char, unsigned char*, unsigned char*, unsigned char*, unsigned char, bool)+0x122>
     b52:	7e c0       	rjmp	.+252    	; 0xc50 <MFRC522::PCD_CommunicateWithPICC(unsigned char, unsigned char, unsigned char*, unsigned char, unsigned char*, unsigned char*, unsigned char*, unsigned char, bool)+0x21e>
/home/oggy/Arduino/libraries/MFRC522/src/MFRC522.cpp:534
			return STATUS_NO_ROOM;
		}
		*backLen = n;											// Number of bytes returned
     b54:	90 82       	st	Z, r9
PCD_ReadRegister():
/home/oggy/Arduino/libraries/MFRC522/src/MFRC522.cpp:100
void MFRC522::PCD_ReadRegister(	PCD_Register reg,	///< The register to read from. One of the PCD_Register enums.
								byte count,			///< The number of bytes to read
								byte *values,		///< Byte array to store the values in.
								byte rxAlign		///< Only bit positions rxAlign..7 in values[0] are updated.
								) {
	if (count == 0) {
     b56:	99 20       	and	r9, r9
     b58:	c9 f1       	breq	.+114    	; 0xbcc <MFRC522::PCD_CommunicateWithPICC(unsigned char, unsigned char, unsigned char*, unsigned char, unsigned char*, unsigned char*, unsigned char*, unsigned char, bool)+0x19a>
/home/oggy/Arduino/libraries/MFRC522/src/MFRC522.cpp:106
		return;
	}
	//Serial.print(F("Reading ")); 	Serial.print(count); Serial.println(F(" bytes from register."));
	byte address = 0x80 | reg;				// MSB == 1 is for reading. LSB is not used in address. Datasheet section 8.1.2.3.
	byte index = 0;							// Index in values array.
	SPI.beginTransaction(SPISettings(MFRC522_SPICLOCK, MSBFIRST, SPI_MODE0));	// Set the settings to work with SPI bus
     b5a:	80 e5       	ldi	r24, 0x50	; 80
     b5c:	90 e0       	ldi	r25, 0x00	; 0
     b5e:	0e 94 91 00 	call	0x122	; 0x122 <SPIClass::beginTransaction(SPISettings) [clone .constprop.40]>
/home/oggy/Arduino/libraries/MFRC522/src/MFRC522.cpp:107
	digitalWrite(_chipSelectPin, LOW);		// Select slave
     b62:	60 e0       	ldi	r22, 0x00	; 0
     b64:	f3 01       	movw	r30, r6
     b66:	86 85       	ldd	r24, Z+14	; 0x0e
     b68:	0e 94 e6 00 	call	0x1cc	; 0x1cc <digitalWrite>
/home/oggy/Arduino/libraries/MFRC522/src/MFRC522.cpp:108
	count--;								// One read is performed outside of the loop
     b6c:	9a 94       	dec	r9
/home/oggy/Arduino/libraries/MFRC522/src/MFRC522.cpp:109
	SPI.transfer(address);					// Tell MFRC522 which address we want to read
     b6e:	82 e9       	ldi	r24, 0x92	; 146
     b70:	0e 94 51 04 	call	0x8a2	; 0x8a2 <SPIClass::transfer(unsigned char)>
/home/oggy/Arduino/libraries/MFRC522/src/MFRC522.cpp:110
	if (rxAlign) {		// Only update bit positions rxAlign..7 in values[0]
     b74:	88 20       	and	r8, r8
     b76:	99 f0       	breq	.+38     	; 0xb9e <MFRC522::PCD_CommunicateWithPICC(unsigned char, unsigned char, unsigned char*, unsigned char, unsigned char*, unsigned char*, unsigned char*, unsigned char, bool)+0x16c>
/home/oggy/Arduino/libraries/MFRC522/src/MFRC522.cpp:112
		// Create bit mask for bit positions rxAlign..7
		byte mask = (0xFF << rxAlign) & 0xFF;
     b78:	0f ef       	ldi	r16, 0xFF	; 255
     b7a:	10 e0       	ldi	r17, 0x00	; 0
     b7c:	01 c0       	rjmp	.+2      	; 0xb80 <MFRC522::PCD_CommunicateWithPICC(unsigned char, unsigned char, unsigned char*, unsigned char, unsigned char*, unsigned char*, unsigned char*, unsigned char, bool)+0x14e>
     b7e:	00 0f       	add	r16, r16
     b80:	8a 94       	dec	r8
     b82:	ea f7       	brpl	.-6      	; 0xb7e <MFRC522::PCD_CommunicateWithPICC(unsigned char, unsigned char, unsigned char*, unsigned char, unsigned char*, unsigned char*, unsigned char*, unsigned char, bool)+0x14c>
/home/oggy/Arduino/libraries/MFRC522/src/MFRC522.cpp:114
		// Read value and tell that we want to read the same address again.
		byte value = SPI.transfer(address);
     b84:	82 e9       	ldi	r24, 0x92	; 146
     b86:	0e 94 51 04 	call	0x8a2	; 0x8a2 <SPIClass::transfer(unsigned char)>
/home/oggy/Arduino/libraries/MFRC522/src/MFRC522.cpp:116
		// Apply mask to both current value of values[0] and the new data in value.
		values[0] = (values[0] & ~mask) | (value & mask);
     b8a:	90 2f       	mov	r25, r16
     b8c:	90 95       	com	r25
     b8e:	f7 01       	movw	r30, r14
     b90:	20 81       	ld	r18, Z
     b92:	92 23       	and	r25, r18
     b94:	80 23       	and	r24, r16
     b96:	98 2b       	or	r25, r24
     b98:	90 83       	st	Z, r25
PCD_CommunicateWithPICC():
/home/oggy/Arduino/libraries/MFRC522/src/MFRC522.cpp:117
		index++;
     b9a:	88 24       	eor	r8, r8
     b9c:	83 94       	inc	r8
     b9e:	87 01       	movw	r16, r14
     ba0:	08 0d       	add	r16, r8
     ba2:	11 1d       	adc	r17, r1
PCD_ReadRegister():
/home/oggy/Arduino/libraries/MFRC522/src/MFRC522.cpp:119
	}
	while (index < count) {
     ba4:	89 14       	cp	r8, r9
     ba6:	40 f4       	brcc	.+16     	; 0xbb8 <MFRC522::PCD_CommunicateWithPICC(unsigned char, unsigned char, unsigned char*, unsigned char, unsigned char*, unsigned char*, unsigned char*, unsigned char, bool)+0x186>
/home/oggy/Arduino/libraries/MFRC522/src/MFRC522.cpp:120
		values[index] = SPI.transfer(address);	// Read value and tell that we want to read the same address again.
     ba8:	82 e9       	ldi	r24, 0x92	; 146
     baa:	0e 94 51 04 	call	0x8a2	; 0x8a2 <SPIClass::transfer(unsigned char)>
     bae:	f8 01       	movw	r30, r16
     bb0:	81 93       	st	Z+, r24
     bb2:	8f 01       	movw	r16, r30
/home/oggy/Arduino/libraries/MFRC522/src/MFRC522.cpp:121
		index++;
     bb4:	83 94       	inc	r8
     bb6:	f6 cf       	rjmp	.-20     	; 0xba4 <MFRC522::PCD_CommunicateWithPICC(unsigned char, unsigned char, unsigned char*, unsigned char, unsigned char*, unsigned char*, unsigned char*, unsigned char, bool)+0x172>
/home/oggy/Arduino/libraries/MFRC522/src/MFRC522.cpp:123
	}
	values[index] = SPI.transfer(0);			// Read the final byte. Send 0 to stop reading.
     bb8:	80 e0       	ldi	r24, 0x00	; 0
     bba:	0e 94 51 04 	call	0x8a2	; 0x8a2 <SPIClass::transfer(unsigned char)>
     bbe:	f8 01       	movw	r30, r16
     bc0:	80 83       	st	Z, r24
/home/oggy/Arduino/libraries/MFRC522/src/MFRC522.cpp:124
	digitalWrite(_chipSelectPin, HIGH);			// Release slave again
     bc2:	61 e0       	ldi	r22, 0x01	; 1
     bc4:	f3 01       	movw	r30, r6
     bc6:	86 85       	ldd	r24, Z+14	; 0x0e
     bc8:	0e 94 e6 00 	call	0x1cc	; 0x1cc <digitalWrite>
PCD_CommunicateWithPICC():
/home/oggy/Arduino/libraries/MFRC522/src/MFRC522.cpp:536
		if (n > *backLen) {
			return STATUS_NO_ROOM;
		}
		*backLen = n;											// Number of bytes returned
		PCD_ReadRegister(FIFODataReg, n, backData, rxAlign);	// Get received data from FIFO
		_validBits = PCD_ReadRegister(ControlReg) & 0x07;		// RxLastBits[2:0] indicates the number of valid bits in the last received byte. If this value is 000b, the whole byte is valid.
     bcc:	68 e1       	ldi	r22, 0x18	; 24
     bce:	c3 01       	movw	r24, r6
     bd0:	0e 94 87 04 	call	0x90e	; 0x90e <MFRC522::PCD_ReadRegister(MFRC522::PCD_Register)>
     bd4:	87 70       	andi	r24, 0x07	; 7
/home/oggy/Arduino/libraries/MFRC522/src/MFRC522.cpp:537
		if (validBits) {
     bd6:	a1 14       	cp	r10, r1
     bd8:	b1 04       	cpc	r11, r1
     bda:	11 f0       	breq	.+4      	; 0xbe0 <MFRC522::PCD_CommunicateWithPICC(unsigned char, unsigned char, unsigned char*, unsigned char, unsigned char*, unsigned char*, unsigned char*, unsigned char, bool)+0x1ae>
/home/oggy/Arduino/libraries/MFRC522/src/MFRC522.cpp:538
			*validBits = _validBits;
     bdc:	f5 01       	movw	r30, r10
     bde:	80 83       	st	Z, r24
/home/oggy/Arduino/libraries/MFRC522/src/MFRC522.cpp:543
		}
	}
	
	// Tell about collisions
	if (errorRegValue & 0x08) {		// CollErr
     be0:	53 fc       	sbrc	r5, 3
     be2:	38 c0       	rjmp	.+112    	; 0xc54 <MFRC522::PCD_CommunicateWithPICC(unsigned char, unsigned char, unsigned char*, unsigned char, unsigned char*, unsigned char*, unsigned char*, unsigned char, bool)+0x222>
/home/oggy/Arduino/libraries/MFRC522/src/MFRC522.cpp:548
		return STATUS_COLLISION;
	}
	
	// Perform CRC_A validation if requested.
	if (backData && backLen && checkCRC) {
     be4:	e1 14       	cp	r14, r1
     be6:	f1 04       	cpc	r15, r1
     be8:	b9 f1       	breq	.+110    	; 0xc58 <MFRC522::PCD_CommunicateWithPICC(unsigned char, unsigned char, unsigned char*, unsigned char, unsigned char*, unsigned char*, unsigned char*, unsigned char, bool)+0x226>
     bea:	c1 14       	cp	r12, r1
     bec:	d1 04       	cpc	r13, r1
     bee:	a1 f1       	breq	.+104    	; 0xc58 <MFRC522::PCD_CommunicateWithPICC(unsigned char, unsigned char, unsigned char*, unsigned char, unsigned char*, unsigned char*, unsigned char*, unsigned char, bool)+0x226>
     bf0:	9f 89       	ldd	r25, Y+23	; 0x17
     bf2:	99 23       	and	r25, r25
     bf4:	89 f1       	breq	.+98     	; 0xc58 <MFRC522::PCD_CommunicateWithPICC(unsigned char, unsigned char, unsigned char*, unsigned char, unsigned char*, unsigned char*, unsigned char*, unsigned char, bool)+0x226>
/home/oggy/Arduino/libraries/MFRC522/src/MFRC522.cpp:550
		// In this case a MIFARE Classic NAK is not OK.
		if (*backLen == 1 && _validBits == 4) {
     bf6:	f6 01       	movw	r30, r12
     bf8:	40 81       	ld	r20, Z
     bfa:	41 30       	cpi	r20, 0x01	; 1
     bfc:	31 f4       	brne	.+12     	; 0xc0a <MFRC522::PCD_CommunicateWithPICC(unsigned char, unsigned char, unsigned char*, unsigned char, unsigned char*, unsigned char*, unsigned char*, unsigned char, bool)+0x1d8>
     bfe:	84 30       	cpi	r24, 0x04	; 4
     c00:	29 f5       	brne	.+74     	; 0xc4c <MFRC522::PCD_CommunicateWithPICC(unsigned char, unsigned char, unsigned char*, unsigned char, unsigned char*, unsigned char*, unsigned char*, unsigned char, bool)+0x21a>
/home/oggy/Arduino/libraries/MFRC522/src/MFRC522.cpp:551
			return STATUS_MIFARE_NACK;
     c02:	8f ef       	ldi	r24, 0xFF	; 255
     c04:	78 cf       	rjmp	.-272    	; 0xaf6 <MFRC522::PCD_CommunicateWithPICC(unsigned char, unsigned char, unsigned char*, unsigned char, unsigned char*, unsigned char*, unsigned char*, unsigned char, bool)+0xc4>
/home/oggy/Arduino/libraries/MFRC522/src/MFRC522.cpp:526
	byte errorRegValue = PCD_ReadRegister(ErrorReg); // ErrorReg[7..0] bits are: WrErr TempErr reserved BufferOvfl CollErr CRCErr ParityErr ProtocolErr
	if (errorRegValue & 0x13) {	 // BufferOvfl ParityErr ProtocolErr
		return STATUS_ERROR;
	}
  
	byte _validBits = 0;
     c06:	80 e0       	ldi	r24, 0x00	; 0
     c08:	eb cf       	rjmp	.-42     	; 0xbe0 <MFRC522::PCD_CommunicateWithPICC(unsigned char, unsigned char, unsigned char*, unsigned char, unsigned char*, unsigned char*, unsigned char*, unsigned char, bool)+0x1ae>
/home/oggy/Arduino/libraries/MFRC522/src/MFRC522.cpp:554
		// In this case a MIFARE Classic NAK is not OK.
		if (*backLen == 1 && _validBits == 4) {
			return STATUS_MIFARE_NACK;
		}
		// We need at least the CRC_A value and all 8 bits of the last byte must be received.
		if (*backLen < 2 || _validBits != 0) {
     c0a:	42 30       	cpi	r20, 0x02	; 2
     c0c:	f8 f0       	brcs	.+62     	; 0xc4c <MFRC522::PCD_CommunicateWithPICC(unsigned char, unsigned char, unsigned char*, unsigned char, unsigned char*, unsigned char*, unsigned char*, unsigned char, bool)+0x21a>
     c0e:	81 11       	cpse	r24, r1
     c10:	1d c0       	rjmp	.+58     	; 0xc4c <MFRC522::PCD_CommunicateWithPICC(unsigned char, unsigned char, unsigned char*, unsigned char, unsigned char*, unsigned char*, unsigned char*, unsigned char, bool)+0x21a>
/home/oggy/Arduino/libraries/MFRC522/src/MFRC522.cpp:559
			return STATUS_CRC_WRONG;
		}
		// Verify CRC_A - do our own calculation and store the control in controlBuffer.
		byte controlBuffer[2];
		MFRC522::StatusCode status = PCD_CalculateCRC(&backData[0], *backLen - 2, &controlBuffer[0]);
     c12:	42 50       	subi	r20, 0x02	; 2
     c14:	9e 01       	movw	r18, r28
     c16:	2f 5f       	subi	r18, 0xFF	; 255
     c18:	3f 4f       	sbci	r19, 0xFF	; 255
     c1a:	b7 01       	movw	r22, r14
     c1c:	c3 01       	movw	r24, r6
     c1e:	0e 94 c2 04 	call	0x984	; 0x984 <MFRC522::PCD_CalculateCRC(unsigned char*, unsigned char, unsigned char*)>
/home/oggy/Arduino/libraries/MFRC522/src/MFRC522.cpp:560
		if (status != STATUS_OK) {
     c22:	81 11       	cpse	r24, r1
     c24:	68 cf       	rjmp	.-304    	; 0xaf6 <MFRC522::PCD_CommunicateWithPICC(unsigned char, unsigned char, unsigned char*, unsigned char, unsigned char*, unsigned char*, unsigned char*, unsigned char, bool)+0xc4>
/home/oggy/Arduino/libraries/MFRC522/src/MFRC522.cpp:563
			return status;
		}
		if ((backData[*backLen - 2] != controlBuffer[0]) || (backData[*backLen - 1] != controlBuffer[1])) {
     c26:	f6 01       	movw	r30, r12
     c28:	90 81       	ld	r25, Z
     c2a:	e9 0e       	add	r14, r25
     c2c:	f1 1c       	adc	r15, r1
     c2e:	f7 01       	movw	r30, r14
     c30:	32 97       	sbiw	r30, 0x02	; 2
     c32:	20 81       	ld	r18, Z
     c34:	99 81       	ldd	r25, Y+1	; 0x01
     c36:	29 13       	cpse	r18, r25
     c38:	09 c0       	rjmp	.+18     	; 0xc4c <MFRC522::PCD_CommunicateWithPICC(unsigned char, unsigned char, unsigned char*, unsigned char, unsigned char*, unsigned char*, unsigned char*, unsigned char, bool)+0x21a>
     c3a:	f1 e0       	ldi	r31, 0x01	; 1
     c3c:	ef 1a       	sub	r14, r31
     c3e:	f1 08       	sbc	r15, r1
     c40:	f7 01       	movw	r30, r14
     c42:	20 81       	ld	r18, Z
     c44:	9a 81       	ldd	r25, Y+2	; 0x02
     c46:	29 17       	cp	r18, r25
     c48:	09 f4       	brne	.+2      	; 0xc4c <MFRC522::PCD_CommunicateWithPICC(unsigned char, unsigned char, unsigned char*, unsigned char, unsigned char*, unsigned char*, unsigned char*, unsigned char, bool)+0x21a>
     c4a:	55 cf       	rjmp	.-342    	; 0xaf6 <MFRC522::PCD_CommunicateWithPICC(unsigned char, unsigned char, unsigned char*, unsigned char, unsigned char*, unsigned char*, unsigned char*, unsigned char, bool)+0xc4>
/home/oggy/Arduino/libraries/MFRC522/src/MFRC522.cpp:555
		if (*backLen == 1 && _validBits == 4) {
			return STATUS_MIFARE_NACK;
		}
		// We need at least the CRC_A value and all 8 bits of the last byte must be received.
		if (*backLen < 2 || _validBits != 0) {
			return STATUS_CRC_WRONG;
     c4c:	87 e0       	ldi	r24, 0x07	; 7
     c4e:	53 cf       	rjmp	.-346    	; 0xaf6 <MFRC522::PCD_CommunicateWithPICC(unsigned char, unsigned char, unsigned char*, unsigned char, unsigned char*, unsigned char*, unsigned char*, unsigned char, bool)+0xc4>
/home/oggy/Arduino/libraries/MFRC522/src/MFRC522.cpp:532
	
	// If the caller wants data back, get it from the MFRC522.
	if (backData && backLen) {
		byte n = PCD_ReadRegister(FIFOLevelReg);	// Number of bytes in the FIFO
		if (n > *backLen) {
			return STATUS_NO_ROOM;
     c50:	84 e0       	ldi	r24, 0x04	; 4
     c52:	51 cf       	rjmp	.-350    	; 0xaf6 <MFRC522::PCD_CommunicateWithPICC(unsigned char, unsigned char, unsigned char*, unsigned char, unsigned char*, unsigned char*, unsigned char*, unsigned char, bool)+0xc4>
/home/oggy/Arduino/libraries/MFRC522/src/MFRC522.cpp:544
		}
	}
	
	// Tell about collisions
	if (errorRegValue & 0x08) {		// CollErr
		return STATUS_COLLISION;
     c54:	82 e0       	ldi	r24, 0x02	; 2
     c56:	4f cf       	rjmp	.-354    	; 0xaf6 <MFRC522::PCD_CommunicateWithPICC(unsigned char, unsigned char, unsigned char*, unsigned char, unsigned char*, unsigned char*, unsigned char*, unsigned char, bool)+0xc4>
/home/oggy/Arduino/libraries/MFRC522/src/MFRC522.cpp:568
		if ((backData[*backLen - 2] != controlBuffer[0]) || (backData[*backLen - 1] != controlBuffer[1])) {
			return STATUS_CRC_WRONG;
		}
	}
	
	return STATUS_OK;
     c58:	80 e0       	ldi	r24, 0x00	; 0
     c5a:	4d cf       	rjmp	.-358    	; 0xaf6 <MFRC522::PCD_CommunicateWithPICC(unsigned char, unsigned char, unsigned char*, unsigned char, unsigned char*, unsigned char*, unsigned char*, unsigned char, bool)+0xc4>
/home/oggy/Arduino/libraries/MFRC522/src/MFRC522.cpp:521
	if (!completed) {
		return STATUS_TIMEOUT;
	}
	
	// Stop now if any errors except collisions were detected.
	byte errorRegValue = PCD_ReadRegister(ErrorReg); // ErrorReg[7..0] bits are: WrErr TempErr reserved BufferOvfl CollErr CRCErr ParityErr ProtocolErr
     c5c:	6c e0       	ldi	r22, 0x0C	; 12
     c5e:	c3 01       	movw	r24, r6
     c60:	0e 94 87 04 	call	0x90e	; 0x90e <MFRC522::PCD_ReadRegister(MFRC522::PCD_Register)>
     c64:	58 2e       	mov	r5, r24
/home/oggy/Arduino/libraries/MFRC522/src/MFRC522.cpp:522
	if (errorRegValue & 0x13) {	 // BufferOvfl ParityErr ProtocolErr
     c66:	83 71       	andi	r24, 0x13	; 19
     c68:	09 f4       	brne	.+2      	; 0xc6c <MFRC522::PCD_CommunicateWithPICC(unsigned char, unsigned char, unsigned char*, unsigned char, unsigned char*, unsigned char*, unsigned char*, unsigned char, bool)+0x23a>
     c6a:	62 cf       	rjmp	.-316    	; 0xb30 <MFRC522::PCD_CommunicateWithPICC(unsigned char, unsigned char, unsigned char*, unsigned char, unsigned char*, unsigned char*, unsigned char*, unsigned char, bool)+0xfe>
/home/oggy/Arduino/libraries/MFRC522/src/MFRC522.cpp:523
		return STATUS_ERROR;
     c6c:	81 e0       	ldi	r24, 0x01	; 1
     c6e:	43 cf       	rjmp	.-378    	; 0xaf6 <MFRC522::PCD_CommunicateWithPICC(unsigned char, unsigned char, unsigned char*, unsigned char, unsigned char*, unsigned char*, unsigned char*, unsigned char, bool)+0xc4>

00000c70 <MFRC522::PCD_Authenticate(unsigned char, unsigned char, MFRC522::MIFARE_Key*, MFRC522::Uid*) [clone .constprop.13]>:
PCD_Authenticate():
/home/oggy/Arduino/libraries/MFRC522/src/MFRC522.cpp:901
 * 
 * All keys are set to FFFFFFFFFFFFh at chip delivery.
 * 
 * @return STATUS_OK on success, STATUS_??? otherwise. Probably STATUS_TIMEOUT if you supply the wrong key.
 */
MFRC522::StatusCode MFRC522::PCD_Authenticate(byte command,		///< PICC_CMD_MF_AUTH_KEY_A or PICC_CMD_MF_AUTH_KEY_B
     c70:	8f 92       	push	r8
     c72:	af 92       	push	r10
     c74:	bf 92       	push	r11
     c76:	cf 92       	push	r12
     c78:	df 92       	push	r13
     c7a:	ef 92       	push	r14
     c7c:	ff 92       	push	r15
     c7e:	0f 93       	push	r16
     c80:	cf 93       	push	r28
     c82:	df 93       	push	r29
     c84:	cd b7       	in	r28, 0x3d	; 61
     c86:	de b7       	in	r29, 0x3e	; 62
     c88:	2c 97       	sbiw	r28, 0x0c	; 12
     c8a:	0f b6       	in	r0, 0x3f	; 63
     c8c:	f8 94       	cli
     c8e:	de bf       	out	0x3e, r29	; 62
     c90:	0f be       	out	0x3f, r0	; 63
     c92:	cd bf       	out	0x3d, r28	; 61
/home/oggy/Arduino/libraries/MFRC522/src/MFRC522.cpp:910
											) {
	byte waitIRq = 0x10;		// IdleIRq
	
	// Build command buffer
	byte sendData[12];
	sendData[0] = command;
     c94:	89 83       	std	Y+1, r24	; 0x01
/home/oggy/Arduino/libraries/MFRC522/src/MFRC522.cpp:911
	sendData[1] = blockAddr;
     c96:	6a 83       	std	Y+2, r22	; 0x02
     c98:	e9 e3       	ldi	r30, 0x39	; 57
     c9a:	f6 e0       	ldi	r31, 0x06	; 6
     c9c:	de 01       	movw	r26, r28
     c9e:	13 96       	adiw	r26, 0x03	; 3
/home/oggy/Arduino/libraries/MFRC522/src/MFRC522.cpp:913
	for (byte i = 0; i < MF_KEY_SIZE; i++) {	// 6 key bytes
		sendData[2+i] = key->keyByte[i];
     ca0:	81 91       	ld	r24, Z+
     ca2:	8d 93       	st	X+, r24
/home/oggy/Arduino/libraries/MFRC522/src/MFRC522.cpp:912
	
	// Build command buffer
	byte sendData[12];
	sendData[0] = command;
	sendData[1] = blockAddr;
	for (byte i = 0; i < MF_KEY_SIZE; i++) {	// 6 key bytes
     ca4:	86 e0       	ldi	r24, 0x06	; 6
     ca6:	ef 33       	cpi	r30, 0x3F	; 63
     ca8:	f8 07       	cpc	r31, r24
     caa:	d1 f7       	brne	.-12     	; 0xca0 <MFRC522::PCD_Authenticate(unsigned char, unsigned char, MFRC522::MIFARE_Key*, MFRC522::Uid*) [clone .constprop.13]+0x30>
     cac:	e0 91 0e 07 	lds	r30, 0x070E	; 0x80070e <mfrc522+0x2>
     cb0:	e1 50       	subi	r30, 0x01	; 1
     cb2:	ff 0b       	sbc	r31, r31
     cb4:	e4 5f       	subi	r30, 0xF4	; 244
     cb6:	f8 4f       	sbci	r31, 0xF8	; 248
     cb8:	de 01       	movw	r26, r28
     cba:	19 96       	adiw	r26, 0x09	; 9
     cbc:	ce 01       	movw	r24, r28
     cbe:	0d 96       	adiw	r24, 0x0d	; 13
/home/oggy/Arduino/libraries/MFRC522/src/MFRC522.cpp:920
	// Use the last uid bytes as specified in http://cache.nxp.com/documents/application_note/AN10927.pdf
	// section 3.2.5 "MIFARE Classic Authentication".
	// The only missed case is the MF1Sxxxx shortcut activation,
	// but it requires cascade tag (CT) byte, that is not part of uid.
	for (byte i = 0; i < 4; i++) {				// The last 4 bytes of the UID
		sendData[8+i] = uid->uidByte[i+uid->size-4];
     cc0:	21 91       	ld	r18, Z+
     cc2:	2d 93       	st	X+, r18
/home/oggy/Arduino/libraries/MFRC522/src/MFRC522.cpp:919
	}
	// Use the last uid bytes as specified in http://cache.nxp.com/documents/application_note/AN10927.pdf
	// section 3.2.5 "MIFARE Classic Authentication".
	// The only missed case is the MF1Sxxxx shortcut activation,
	// but it requires cascade tag (CT) byte, that is not part of uid.
	for (byte i = 0; i < 4; i++) {				// The last 4 bytes of the UID
     cc4:	a8 17       	cp	r26, r24
     cc6:	b9 07       	cpc	r27, r25
     cc8:	d9 f7       	brne	.-10     	; 0xcc0 <MFRC522::PCD_Authenticate(unsigned char, unsigned char, MFRC522::MIFARE_Key*, MFRC522::Uid*) [clone .constprop.13]+0x50>
/home/oggy/Arduino/libraries/MFRC522/src/MFRC522.cpp:924
		sendData[8+i] = uid->uidByte[i+uid->size-4];
	}
	
	// Start the authentication.
	return PCD_CommunicateWithPICC(PCD_MFAuthent, waitIRq, &sendData[0], sizeof(sendData));
     cca:	1f 92       	push	r1
     ccc:	81 2c       	mov	r8, r1
     cce:	b1 2c       	mov	r11, r1
     cd0:	a1 2c       	mov	r10, r1
     cd2:	d1 2c       	mov	r13, r1
     cd4:	c1 2c       	mov	r12, r1
     cd6:	f1 2c       	mov	r15, r1
     cd8:	e1 2c       	mov	r14, r1
     cda:	0c e0       	ldi	r16, 0x0C	; 12
     cdc:	9e 01       	movw	r18, r28
     cde:	2f 5f       	subi	r18, 0xFF	; 255
     ce0:	3f 4f       	sbci	r19, 0xFF	; 255
     ce2:	40 e1       	ldi	r20, 0x10	; 16
     ce4:	6e e0       	ldi	r22, 0x0E	; 14
     ce6:	8c e0       	ldi	r24, 0x0C	; 12
     ce8:	97 e0       	ldi	r25, 0x07	; 7
     cea:	0e 94 19 05 	call	0xa32	; 0xa32 <MFRC522::PCD_CommunicateWithPICC(unsigned char, unsigned char, unsigned char*, unsigned char, unsigned char*, unsigned char*, unsigned char*, unsigned char, bool)>
     cee:	0f 90       	pop	r0
/home/oggy/Arduino/libraries/MFRC522/src/MFRC522.cpp:925
} // End PCD_Authenticate()
     cf0:	2c 96       	adiw	r28, 0x0c	; 12
     cf2:	0f b6       	in	r0, 0x3f	; 63
     cf4:	f8 94       	cli
     cf6:	de bf       	out	0x3e, r29	; 62
     cf8:	0f be       	out	0x3f, r0	; 63
     cfa:	cd bf       	out	0x3d, r28	; 61
     cfc:	df 91       	pop	r29
     cfe:	cf 91       	pop	r28
     d00:	0f 91       	pop	r16
     d02:	ff 90       	pop	r15
     d04:	ef 90       	pop	r14
     d06:	df 90       	pop	r13
     d08:	cf 90       	pop	r12
     d0a:	bf 90       	pop	r11
     d0c:	af 90       	pop	r10
     d0e:	8f 90       	pop	r8
     d10:	08 95       	ret

00000d12 <MFRC522::PCD_ClearRegisterBitMask(MFRC522::PCD_Register, unsigned char)>:
PCD_ClearRegisterBitMask():
/home/oggy/Arduino/libraries/MFRC522/src/MFRC522.cpp:144
/**
 * Clears the bits given in mask from register reg.
 */
void MFRC522::PCD_ClearRegisterBitMask(	PCD_Register reg,	///< The register to update. One of the PCD_Register enums.
										byte mask			///< The bits to clear.
									  ) {
     d12:	0f 93       	push	r16
     d14:	1f 93       	push	r17
     d16:	cf 93       	push	r28
     d18:	df 93       	push	r29
     d1a:	8c 01       	movw	r16, r24
     d1c:	d6 2f       	mov	r29, r22
     d1e:	c4 2f       	mov	r28, r20
/home/oggy/Arduino/libraries/MFRC522/src/MFRC522.cpp:146
	byte tmp;
	tmp = PCD_ReadRegister(reg);
     d20:	0e 94 87 04 	call	0x90e	; 0x90e <MFRC522::PCD_ReadRegister(MFRC522::PCD_Register)>
/home/oggy/Arduino/libraries/MFRC522/src/MFRC522.cpp:147
	PCD_WriteRegister(reg, tmp & (~mask));		// clear bit mask
     d24:	c0 95       	com	r28
     d26:	4c 2f       	mov	r20, r28
     d28:	48 23       	and	r20, r24
     d2a:	6d 2f       	mov	r22, r29
     d2c:	c8 01       	movw	r24, r16
/home/oggy/Arduino/libraries/MFRC522/src/MFRC522.cpp:148
} // End PCD_ClearRegisterBitMask()
     d2e:	df 91       	pop	r29
     d30:	cf 91       	pop	r28
     d32:	1f 91       	pop	r17
     d34:	0f 91       	pop	r16
/home/oggy/Arduino/libraries/MFRC522/src/MFRC522.cpp:147
void MFRC522::PCD_ClearRegisterBitMask(	PCD_Register reg,	///< The register to update. One of the PCD_Register enums.
										byte mask			///< The bits to clear.
									  ) {
	byte tmp;
	tmp = PCD_ReadRegister(reg);
	PCD_WriteRegister(reg, tmp & (~mask));		// clear bit mask
     d36:	0c 94 a5 04 	jmp	0x94a	; 0x94a <MFRC522::PCD_WriteRegister(MFRC522::PCD_Register, unsigned char)>

00000d3a <MFRC522::PICC_IsNewCardPresent()>:
PICC_IsNewCardPresent():
/home/oggy/Arduino/libraries/MFRC522/src/MFRC522.cpp:1925
 * Returns true if a PICC responds to PICC_CMD_REQA.
 * Only "new" cards in state IDLE are invited. Sleeping cards in state HALT are ignored.
 * 
 * @return bool
 */
bool MFRC522::PICC_IsNewCardPresent() {
     d3a:	6f 92       	push	r6
     d3c:	7f 92       	push	r7
     d3e:	8f 92       	push	r8
     d40:	af 92       	push	r10
     d42:	bf 92       	push	r11
     d44:	cf 92       	push	r12
     d46:	df 92       	push	r13
     d48:	ef 92       	push	r14
     d4a:	ff 92       	push	r15
     d4c:	0f 93       	push	r16
     d4e:	cf 93       	push	r28
     d50:	df 93       	push	r29
     d52:	00 d0       	rcall	.+0      	; 0xd54 <MFRC522::PICC_IsNewCardPresent()+0x1a>
     d54:	00 d0       	rcall	.+0      	; 0xd56 <MFRC522::PICC_IsNewCardPresent()+0x1c>
     d56:	1f 92       	push	r1
     d58:	cd b7       	in	r28, 0x3d	; 61
     d5a:	de b7       	in	r29, 0x3e	; 62
     d5c:	3c 01       	movw	r6, r24
/home/oggy/Arduino/libraries/MFRC522/src/MFRC522.cpp:1927
	byte bufferATQA[2];
	byte bufferSize = sizeof(bufferATQA);
     d5e:	82 e0       	ldi	r24, 0x02	; 2
     d60:	8d 83       	std	Y+5, r24	; 0x05
/home/oggy/Arduino/libraries/MFRC522/src/MFRC522.cpp:1930

	// Reset baud rates
	PCD_WriteRegister(TxModeReg, 0x00);
     d62:	40 e0       	ldi	r20, 0x00	; 0
     d64:	64 e2       	ldi	r22, 0x24	; 36
     d66:	c3 01       	movw	r24, r6
     d68:	0e 94 a5 04 	call	0x94a	; 0x94a <MFRC522::PCD_WriteRegister(MFRC522::PCD_Register, unsigned char)>
/home/oggy/Arduino/libraries/MFRC522/src/MFRC522.cpp:1931
	PCD_WriteRegister(RxModeReg, 0x00);
     d6c:	40 e0       	ldi	r20, 0x00	; 0
     d6e:	66 e2       	ldi	r22, 0x26	; 38
     d70:	c3 01       	movw	r24, r6
     d72:	0e 94 a5 04 	call	0x94a	; 0x94a <MFRC522::PCD_WriteRegister(MFRC522::PCD_Register, unsigned char)>
/home/oggy/Arduino/libraries/MFRC522/src/MFRC522.cpp:1933
	// Reset ModWidthReg
	PCD_WriteRegister(ModWidthReg, 0x26);
     d76:	46 e2       	ldi	r20, 0x26	; 38
     d78:	68 e4       	ldi	r22, 0x48	; 72
     d7a:	c3 01       	movw	r24, r6
     d7c:	0e 94 a5 04 	call	0x94a	; 0x94a <MFRC522::PCD_WriteRegister(MFRC522::PCD_Register, unsigned char)>
     d80:	86 e2       	ldi	r24, 0x26	; 38
     d82:	8b 83       	std	Y+3, r24	; 0x03
PICC_REQA_or_WUPA():
/home/oggy/Arduino/libraries/MFRC522/src/MFRC522.cpp:608
												byte *bufferSize	///< Buffer size, at least two bytes. Also number of bytes returned if STATUS_OK.
											) {
	byte validBits;
	MFRC522::StatusCode status;
	
	if (bufferATQA == nullptr || *bufferSize < 2) {	// The ATQA response is 2 bytes long.
     d84:	8d 81       	ldd	r24, Y+5	; 0x05
     d86:	82 30       	cpi	r24, 0x02	; 2
     d88:	c8 f1       	brcs	.+114    	; 0xdfc <MFRC522::PICC_IsNewCardPresent()+0xc2>
/home/oggy/Arduino/libraries/MFRC522/src/MFRC522.cpp:611
		return STATUS_NO_ROOM;
	}
	PCD_ClearRegisterBitMask(CollReg, 0x80);		// ValuesAfterColl=1 => Bits received after collision are cleared.
     d8a:	40 e8       	ldi	r20, 0x80	; 128
     d8c:	6c e1       	ldi	r22, 0x1C	; 28
     d8e:	c3 01       	movw	r24, r6
     d90:	0e 94 89 06 	call	0xd12	; 0xd12 <MFRC522::PCD_ClearRegisterBitMask(MFRC522::PCD_Register, unsigned char)>
/home/oggy/Arduino/libraries/MFRC522/src/MFRC522.cpp:612
	validBits = 7;									// For REQA and WUPA we need the short frame format - transmit only 7 bits of the last (and only) byte. TxLastBits = BitFramingReg[2..0]
     d94:	87 e0       	ldi	r24, 0x07	; 7
     d96:	8c 83       	std	Y+4, r24	; 0x04
PCD_TransceiveData():
/home/oggy/Arduino/libraries/MFRC522/src/MFRC522.cpp:458
													byte *validBits,	///< In/Out: The number of valid bits in the last byte. 0 for 8 valid bits. Default nullptr.
													byte rxAlign,		///< In: Defines the bit position in backData[0] for the first bit received. Default 0.
													bool checkCRC		///< In: True => The last two bytes of the response is assumed to be a CRC_A that must be validated.
								 ) {
	byte waitIRq = 0x30;		// RxIRq and IdleIRq
	return PCD_CommunicateWithPICC(PCD_Transceive, waitIRq, sendData, sendLen, backData, backLen, validBits, rxAlign, checkCRC);
     d98:	1f 92       	push	r1
     d9a:	81 2c       	mov	r8, r1
     d9c:	ce 01       	movw	r24, r28
     d9e:	04 96       	adiw	r24, 0x04	; 4
     da0:	5c 01       	movw	r10, r24
     da2:	01 96       	adiw	r24, 0x01	; 1
     da4:	6c 01       	movw	r12, r24
     da6:	04 97       	sbiw	r24, 0x04	; 4
     da8:	7c 01       	movw	r14, r24
     daa:	01 e0       	ldi	r16, 0x01	; 1
     dac:	9e 01       	movw	r18, r28
     dae:	2d 5f       	subi	r18, 0xFD	; 253
     db0:	3f 4f       	sbci	r19, 0xFF	; 255
     db2:	40 e3       	ldi	r20, 0x30	; 48
     db4:	6c e0       	ldi	r22, 0x0C	; 12
     db6:	c3 01       	movw	r24, r6
     db8:	0e 94 19 05 	call	0xa32	; 0xa32 <MFRC522::PCD_CommunicateWithPICC(unsigned char, unsigned char, unsigned char*, unsigned char, unsigned char*, unsigned char*, unsigned char*, unsigned char, bool)>
     dbc:	98 2f       	mov	r25, r24
PICC_REQA_or_WUPA():
/home/oggy/Arduino/libraries/MFRC522/src/MFRC522.cpp:614
		return STATUS_NO_ROOM;
	}
	PCD_ClearRegisterBitMask(CollReg, 0x80);		// ValuesAfterColl=1 => Bits received after collision are cleared.
	validBits = 7;									// For REQA and WUPA we need the short frame format - transmit only 7 bits of the last (and only) byte. TxLastBits = BitFramingReg[2..0]
	status = PCD_TransceiveData(&command, 1, bufferATQA, bufferSize, &validBits);
	if (status != STATUS_OK) {
     dbe:	0f 90       	pop	r0
     dc0:	81 11       	cpse	r24, r1
     dc2:	19 c0       	rjmp	.+50     	; 0xdf6 <MFRC522::PICC_IsNewCardPresent()+0xbc>
/home/oggy/Arduino/libraries/MFRC522/src/MFRC522.cpp:617
		return status;
	}
	if (*bufferSize != 2 || validBits != 0) {		// ATQA must be exactly 16 bits.
     dc4:	8d 81       	ldd	r24, Y+5	; 0x05
     dc6:	82 30       	cpi	r24, 0x02	; 2
     dc8:	c9 f4       	brne	.+50     	; 0xdfc <MFRC522::PICC_IsNewCardPresent()+0xc2>
     dca:	8c 81       	ldd	r24, Y+4	; 0x04
     dcc:	81 11       	cpse	r24, r1
     dce:	16 c0       	rjmp	.+44     	; 0xdfc <MFRC522::PICC_IsNewCardPresent()+0xc2>
PICC_IsNewCardPresent():
/home/oggy/Arduino/libraries/MFRC522/src/MFRC522.cpp:1936
	PCD_WriteRegister(RxModeReg, 0x00);
	// Reset ModWidthReg
	PCD_WriteRegister(ModWidthReg, 0x26);

	MFRC522::StatusCode result = PICC_RequestA(bufferATQA, &bufferSize);
	return (result == STATUS_OK || result == STATUS_COLLISION);
     dd0:	81 e0       	ldi	r24, 0x01	; 1
/home/oggy/Arduino/libraries/MFRC522/src/MFRC522.cpp:1937
} // End PICC_IsNewCardPresent()
     dd2:	0f 90       	pop	r0
     dd4:	0f 90       	pop	r0
     dd6:	0f 90       	pop	r0
     dd8:	0f 90       	pop	r0
     dda:	0f 90       	pop	r0
     ddc:	df 91       	pop	r29
     dde:	cf 91       	pop	r28
     de0:	0f 91       	pop	r16
     de2:	ff 90       	pop	r15
     de4:	ef 90       	pop	r14
     de6:	df 90       	pop	r13
     de8:	cf 90       	pop	r12
     dea:	bf 90       	pop	r11
     dec:	af 90       	pop	r10
     dee:	8f 90       	pop	r8
     df0:	7f 90       	pop	r7
     df2:	6f 90       	pop	r6
     df4:	08 95       	ret
/home/oggy/Arduino/libraries/MFRC522/src/MFRC522.cpp:1936
	PCD_WriteRegister(RxModeReg, 0x00);
	// Reset ModWidthReg
	PCD_WriteRegister(ModWidthReg, 0x26);

	MFRC522::StatusCode result = PICC_RequestA(bufferATQA, &bufferSize);
	return (result == STATUS_OK || result == STATUS_COLLISION);
     df6:	81 e0       	ldi	r24, 0x01	; 1
     df8:	92 30       	cpi	r25, 0x02	; 2
     dfa:	59 f3       	breq	.-42     	; 0xdd2 <MFRC522::PICC_IsNewCardPresent()+0x98>
     dfc:	80 e0       	ldi	r24, 0x00	; 0
     dfe:	e9 cf       	rjmp	.-46     	; 0xdd2 <MFRC522::PICC_IsNewCardPresent()+0x98>

00000e00 <MFRC522::PICC_Select(MFRC522::Uid*, unsigned char)>:
PICC_Select():
/home/oggy/Arduino/libraries/MFRC522/src/MFRC522.cpp:642
 * 
 * @return STATUS_OK on success, STATUS_??? otherwise.
 */
MFRC522::StatusCode MFRC522::PICC_Select(	Uid *uid,			///< Pointer to Uid struct. Normally output, but can also be used to supply a known UID.
											byte validBits		///< The number of known UID bits supplied in *uid. Normally 0. If set you must also supply uid->size.
										 ) {
     e00:	2f 92       	push	r2
     e02:	3f 92       	push	r3
     e04:	4f 92       	push	r4
     e06:	5f 92       	push	r5
     e08:	6f 92       	push	r6
     e0a:	7f 92       	push	r7
     e0c:	8f 92       	push	r8
     e0e:	9f 92       	push	r9
     e10:	af 92       	push	r10
     e12:	bf 92       	push	r11
     e14:	cf 92       	push	r12
     e16:	df 92       	push	r13
     e18:	ef 92       	push	r14
     e1a:	ff 92       	push	r15
     e1c:	0f 93       	push	r16
     e1e:	1f 93       	push	r17
     e20:	cf 93       	push	r28
     e22:	df 93       	push	r29
     e24:	cd b7       	in	r28, 0x3d	; 61
     e26:	de b7       	in	r29, 0x3e	; 62
     e28:	2e 97       	sbiw	r28, 0x0e	; 14
     e2a:	0f b6       	in	r0, 0x3f	; 63
     e2c:	f8 94       	cli
     e2e:	de bf       	out	0x3e, r29	; 62
     e30:	0f be       	out	0x3f, r0	; 63
     e32:	cd bf       	out	0x3d, r28	; 61
/home/oggy/Arduino/libraries/MFRC522/src/MFRC522.cpp:684
	//						2			CT		uid3	uid4	uid5
	//						3			uid6	uid7	uid8	uid9
	
	// Sanity checks
	if (validBits > 80) {
		return STATUS_INVALID;
     e34:	06 e0       	ldi	r16, 0x06	; 6
/home/oggy/Arduino/libraries/MFRC522/src/MFRC522.cpp:683
	//		10 bytes		1			CT		uid0	uid1	uid2
	//						2			CT		uid3	uid4	uid5
	//						3			uid6	uid7	uid8	uid9
	
	// Sanity checks
	if (validBits > 80) {
     e36:	41 35       	cpi	r20, 0x51	; 81
     e38:	08 f0       	brcs	.+2      	; 0xe3c <MFRC522::PICC_Select(MFRC522::Uid*, unsigned char)+0x3c>
     e3a:	46 c1       	rjmp	.+652    	; 0x10c8 <MFRC522::PICC_Select(MFRC522::Uid*, unsigned char)+0x2c8>
     e3c:	4e 87       	std	Y+14, r20	; 0x0e
     e3e:	3b 01       	movw	r6, r22
     e40:	2c 01       	movw	r4, r24
/home/oggy/Arduino/libraries/MFRC522/src/MFRC522.cpp:688
		return STATUS_INVALID;
	}
	
	// Prepare MFRC522
	PCD_ClearRegisterBitMask(CollReg, 0x80);		// ValuesAfterColl=1 => Bits received after collision are cleared.
     e42:	40 e8       	ldi	r20, 0x80	; 128
     e44:	6c e1       	ldi	r22, 0x1C	; 28
     e46:	0e 94 89 06 	call	0xd12	; 0xd12 <MFRC522::PCD_ClearRegisterBitMask(MFRC522::PCD_Register, unsigned char)>
/home/oggy/Arduino/libraries/MFRC522/src/MFRC522.cpp:696
	uidComplete = false;
	while (!uidComplete) {
		// Set the Cascade Level in the SEL byte, find out if we need to use the Cascade Tag in byte 2.
		switch (cascadeLevel) {
			case 1:
				buffer[0] = PICC_CMD_SEL_CL1;
     e4a:	83 e9       	ldi	r24, 0x93	; 147
     e4c:	89 83       	std	Y+1, r24	; 0x01
/home/oggy/Arduino/libraries/MFRC522/src/MFRC522.cpp:698
				uidIndex = 0;
				useCascadeTag = validBits && uid->size > 4;	// When we know that the UID has more than 4 bytes
     e4e:	2e 85       	ldd	r18, Y+14	; 0x0e
     e50:	22 23       	and	r18, r18
     e52:	29 f0       	breq	.+10     	; 0xe5e <MFRC522::PICC_Select(MFRC522::Uid*, unsigned char)+0x5e>
     e54:	81 e0       	ldi	r24, 0x01	; 1
     e56:	f3 01       	movw	r30, r6
     e58:	90 81       	ld	r25, Z
     e5a:	95 30       	cpi	r25, 0x05	; 5
     e5c:	08 f4       	brcc	.+2      	; 0xe60 <MFRC522::PICC_Select(MFRC522::Uid*, unsigned char)+0x60>
     e5e:	80 e0       	ldi	r24, 0x00	; 0
/home/oggy/Arduino/libraries/MFRC522/src/MFRC522.cpp:710
				break;
			
			case 3:
				buffer[0] = PICC_CMD_SEL_CL3;
				uidIndex = 6;
				useCascadeTag = false;						// Never used in CL3.
     e60:	99 24       	eor	r9, r9
     e62:	93 94       	inc	r9
     e64:	1c 86       	std	Y+12, r1	; 0x0c
/home/oggy/Arduino/libraries/MFRC522/src/MFRC522.cpp:719
				return STATUS_INTERNAL_ERROR;
				break;
		}
		
		// How many UID bits are known in this Cascade Level?
		currentLevelKnownBits = validBits - (8 * uidIndex);
     e66:	9c 85       	ldd	r25, Y+12	; 0x0c
     e68:	99 0f       	add	r25, r25
     e6a:	99 0f       	add	r25, r25
     e6c:	99 0f       	add	r25, r25
     e6e:	1e 85       	ldd	r17, Y+14	; 0x0e
     e70:	19 1b       	sub	r17, r25
     e72:	17 fd       	sbrc	r17, 7
     e74:	10 e0       	ldi	r17, 0x00	; 0
/home/oggy/Arduino/libraries/MFRC522/src/MFRC522.cpp:724
		if (currentLevelKnownBits < 0) {
			currentLevelKnownBits = 0;
		}
		// Copy the known bits from uid->uidByte[] to buffer[]
		index = 2; // destination index in buffer[]
     e76:	32 e0       	ldi	r19, 0x02	; 2
/home/oggy/Arduino/libraries/MFRC522/src/MFRC522.cpp:725
		if (useCascadeTag) {
     e78:	88 23       	and	r24, r24
     e7a:	19 f0       	breq	.+6      	; 0xe82 <MFRC522::PICC_Select(MFRC522::Uid*, unsigned char)+0x82>
/home/oggy/Arduino/libraries/MFRC522/src/MFRC522.cpp:726
			buffer[index++] = PICC_CMD_CT;
     e7c:	98 e8       	ldi	r25, 0x88	; 136
     e7e:	9b 83       	std	Y+3, r25	; 0x03
     e80:	33 e0       	ldi	r19, 0x03	; 3
/home/oggy/Arduino/libraries/MFRC522/src/MFRC522.cpp:728
		}
		byte bytesToCopy = currentLevelKnownBits / 8 + (currentLevelKnownBits % 8 ? 1 : 0); // The number of bytes needed to represent the known bits for this level.
     e82:	21 e0       	ldi	r18, 0x01	; 1
     e84:	91 2f       	mov	r25, r17
     e86:	97 70       	andi	r25, 0x07	; 7
     e88:	09 f4       	brne	.+2      	; 0xe8c <MFRC522::PICC_Select(MFRC522::Uid*, unsigned char)+0x8c>
     e8a:	20 e0       	ldi	r18, 0x00	; 0
     e8c:	91 2f       	mov	r25, r17
     e8e:	95 95       	asr	r25
     e90:	95 95       	asr	r25
     e92:	95 95       	asr	r25
     e94:	29 0f       	add	r18, r25
/home/oggy/Arduino/libraries/MFRC522/src/MFRC522.cpp:729
		if (bytesToCopy) {
     e96:	d1 f0       	breq	.+52     	; 0xecc <MFRC522::PICC_Select(MFRC522::Uid*, unsigned char)+0xcc>
/home/oggy/Arduino/libraries/MFRC522/src/MFRC522.cpp:730
			byte maxBytes = useCascadeTag ? 3 : 4; // Max 4 bytes in each Cascade Level. Only 3 left if we use the Cascade Tag
     e98:	94 e0       	ldi	r25, 0x04	; 4
     e9a:	81 11       	cpse	r24, r1
     e9c:	93 e0       	ldi	r25, 0x03	; 3
     e9e:	29 17       	cp	r18, r25
     ea0:	08 f4       	brcc	.+2      	; 0xea4 <MFRC522::PICC_Select(MFRC522::Uid*, unsigned char)+0xa4>
     ea2:	92 2f       	mov	r25, r18
     ea4:	2c 85       	ldd	r18, Y+12	; 0x0c
     ea6:	e2 2f       	mov	r30, r18
     ea8:	f0 e0       	ldi	r31, 0x00	; 0
     eaa:	31 96       	adiw	r30, 0x01	; 1
     eac:	e6 0d       	add	r30, r6
     eae:	f7 1d       	adc	r31, r7
     eb0:	23 2f       	mov	r18, r19
/home/oggy/Arduino/libraries/MFRC522/src/MFRC522.cpp:735
			if (bytesToCopy > maxBytes) {
				bytesToCopy = maxBytes;
			}
			for (count = 0; count < bytesToCopy; count++) {
				buffer[index++] = uid->uidByte[uidIndex + count];
     eb2:	41 91       	ld	r20, Z+
     eb4:	a1 e0       	ldi	r26, 0x01	; 1
     eb6:	b0 e0       	ldi	r27, 0x00	; 0
     eb8:	ac 0f       	add	r26, r28
     eba:	bd 1f       	adc	r27, r29
     ebc:	a2 0f       	add	r26, r18
     ebe:	b1 1d       	adc	r27, r1
     ec0:	4c 93       	st	X, r20
     ec2:	2f 5f       	subi	r18, 0xFF	; 255
/home/oggy/Arduino/libraries/MFRC522/src/MFRC522.cpp:734
		if (bytesToCopy) {
			byte maxBytes = useCascadeTag ? 3 : 4; // Max 4 bytes in each Cascade Level. Only 3 left if we use the Cascade Tag
			if (bytesToCopy > maxBytes) {
				bytesToCopy = maxBytes;
			}
			for (count = 0; count < bytesToCopy; count++) {
     ec4:	42 2f       	mov	r20, r18
     ec6:	43 1b       	sub	r20, r19
     ec8:	49 17       	cp	r20, r25
     eca:	98 f3       	brcs	.-26     	; 0xeb2 <MFRC522::PICC_Select(MFRC522::Uid*, unsigned char)+0xb2>
/home/oggy/Arduino/libraries/MFRC522/src/MFRC522.cpp:739
				buffer[index++] = uid->uidByte[uidIndex + count];
			}
		}
		// Now that the data has been copied we need to include the 8 bits in CT in currentLevelKnownBits
		if (useCascadeTag) {
     ecc:	81 11       	cpse	r24, r1
/home/oggy/Arduino/libraries/MFRC522/src/MFRC522.cpp:740
			currentLevelKnownBits += 8;
     ece:	18 5f       	subi	r17, 0xF8	; 248
/home/oggy/Arduino/libraries/MFRC522/src/MFRC522.cpp:747
		
		// Repeat anti collision loop until we can transmit all UID bits + BCC and receive a SAK - max 32 iterations.
		selectDone = false;
		while (!selectDone) {
			// Find out how many bits and bytes to send and receive.
			if (currentLevelKnownBits >= 32) { // All UID bits in this Cascade Level are known. This is a SELECT.
     ed0:	10 32       	cpi	r17, 0x20	; 32
     ed2:	0c f4       	brge	.+2      	; 0xed6 <MFRC522::PICC_Select(MFRC522::Uid*, unsigned char)+0xd6>
     ed4:	84 c0       	rjmp	.+264    	; 0xfde <MFRC522::PICC_Select(MFRC522::Uid*, unsigned char)+0x1de>
/home/oggy/Arduino/libraries/MFRC522/src/MFRC522.cpp:749
				//Serial.print(F("SELECT: currentLevelKnownBits=")); Serial.println(currentLevelKnownBits, DEC);
				buffer[1] = 0x70; // NVB - Number of Valid Bits: Seven whole bytes
     ed6:	80 e7       	ldi	r24, 0x70	; 112
     ed8:	8a 83       	std	Y+2, r24	; 0x02
/home/oggy/Arduino/libraries/MFRC522/src/MFRC522.cpp:751
				// Calculate BCC - Block Check Character
				buffer[6] = buffer[2] ^ buffer[3] ^ buffer[4] ^ buffer[5];
     eda:	8b 81       	ldd	r24, Y+3	; 0x03
     edc:	9c 81       	ldd	r25, Y+4	; 0x04
     ede:	89 27       	eor	r24, r25
     ee0:	9d 81       	ldd	r25, Y+5	; 0x05
     ee2:	89 27       	eor	r24, r25
     ee4:	9e 81       	ldd	r25, Y+6	; 0x06
     ee6:	89 27       	eor	r24, r25
     ee8:	8f 83       	std	Y+7, r24	; 0x07
/home/oggy/Arduino/libraries/MFRC522/src/MFRC522.cpp:753
				// Calculate CRC_A
				result = PCD_CalculateCRC(buffer, 7, &buffer[7]);
     eea:	9e 01       	movw	r18, r28
     eec:	28 5f       	subi	r18, 0xF8	; 248
     eee:	3f 4f       	sbci	r19, 0xFF	; 255
     ef0:	47 e0       	ldi	r20, 0x07	; 7
     ef2:	be 01       	movw	r22, r28
     ef4:	6f 5f       	subi	r22, 0xFF	; 255
     ef6:	7f 4f       	sbci	r23, 0xFF	; 255
     ef8:	c2 01       	movw	r24, r4
     efa:	0e 94 c2 04 	call	0x984	; 0x984 <MFRC522::PCD_CalculateCRC(unsigned char*, unsigned char, unsigned char*)>
     efe:	08 2f       	mov	r16, r24
/home/oggy/Arduino/libraries/MFRC522/src/MFRC522.cpp:754
				if (result != STATUS_OK) {
     f00:	81 11       	cpse	r24, r1
     f02:	e2 c0       	rjmp	.+452    	; 0x10c8 <MFRC522::PICC_Select(MFRC522::Uid*, unsigned char)+0x2c8>
/home/oggy/Arduino/libraries/MFRC522/src/MFRC522.cpp:757
					return result;
				}
				txLastBits		= 0; // 0 => All 8 bits are valid.
     f04:	1a 86       	std	Y+10, r1	; 0x0a
/home/oggy/Arduino/libraries/MFRC522/src/MFRC522.cpp:761
				bufferUsed		= 9;
				// Store response in the last 3 bytes of buffer (BCC and CRC_A - not needed after tx)
				responseBuffer	= &buffer[6];
				responseLength	= 3;
     f06:	93 e0       	ldi	r25, 0x03	; 3
     f08:	9b 87       	std	Y+11, r25	; 0x0b
     f0a:	1d 87       	std	Y+13, r17	; 0x0d
/home/oggy/Arduino/libraries/MFRC522/src/MFRC522.cpp:760
					return result;
				}
				txLastBits		= 0; // 0 => All 8 bits are valid.
				bufferUsed		= 9;
				// Store response in the last 3 bytes of buffer (BCC and CRC_A - not needed after tx)
				responseBuffer	= &buffer[6];
     f0c:	fe 01       	movw	r30, r28
     f0e:	37 96       	adiw	r30, 0x07	; 7
     f10:	1f 01       	movw	r2, r30
/home/oggy/Arduino/libraries/MFRC522/src/MFRC522.cpp:758
				result = PCD_CalculateCRC(buffer, 7, &buffer[7]);
				if (result != STATUS_OK) {
					return result;
				}
				txLastBits		= 0; // 0 => All 8 bits are valid.
				bufferUsed		= 9;
     f12:	09 e0       	ldi	r16, 0x09	; 9
/home/oggy/Arduino/libraries/MFRC522/src/MFRC522.cpp:776
				responseBuffer	= &buffer[index];
				responseLength	= sizeof(buffer) - index;
			}
			
			// Set bit adjustments
			rxAlign = txLastBits;											// Having a separate variable is overkill. But it makes the next line easier to read.
     f14:	8a 84       	ldd	r8, Y+10	; 0x0a
/home/oggy/Arduino/libraries/MFRC522/src/MFRC522.cpp:777
			PCD_WriteRegister(BitFramingReg, (rxAlign << 4) + txLastBits);	// RxAlign = BitFramingReg[6..4]. TxLastBits = BitFramingReg[2..0]
     f16:	48 2d       	mov	r20, r8
     f18:	42 95       	swap	r20
     f1a:	40 7f       	andi	r20, 0xF0	; 240
     f1c:	48 0d       	add	r20, r8
     f1e:	6a e1       	ldi	r22, 0x1A	; 26
     f20:	c2 01       	movw	r24, r4
     f22:	0e 94 a5 04 	call	0x94a	; 0x94a <MFRC522::PCD_WriteRegister(MFRC522::PCD_Register, unsigned char)>
PCD_TransceiveData():
/home/oggy/Arduino/libraries/MFRC522/src/MFRC522.cpp:458
													byte *validBits,	///< In/Out: The number of valid bits in the last byte. 0 for 8 valid bits. Default nullptr.
													byte rxAlign,		///< In: Defines the bit position in backData[0] for the first bit received. Default 0.
													bool checkCRC		///< In: True => The last two bytes of the response is assumed to be a CRC_A that must be validated.
								 ) {
	byte waitIRq = 0x30;		// RxIRq and IdleIRq
	return PCD_CommunicateWithPICC(PCD_Transceive, waitIRq, sendData, sendLen, backData, backLen, validBits, rxAlign, checkCRC);
     f26:	1f 92       	push	r1
     f28:	ce 01       	movw	r24, r28
     f2a:	0a 96       	adiw	r24, 0x0a	; 10
     f2c:	5c 01       	movw	r10, r24
     f2e:	fe 01       	movw	r30, r28
     f30:	3b 96       	adiw	r30, 0x0b	; 11
     f32:	6f 01       	movw	r12, r30
     f34:	71 01       	movw	r14, r2
     f36:	9e 01       	movw	r18, r28
     f38:	2f 5f       	subi	r18, 0xFF	; 255
     f3a:	3f 4f       	sbci	r19, 0xFF	; 255
     f3c:	40 e3       	ldi	r20, 0x30	; 48
     f3e:	6c e0       	ldi	r22, 0x0C	; 12
     f40:	c2 01       	movw	r24, r4
     f42:	0e 94 19 05 	call	0xa32	; 0xa32 <MFRC522::PCD_CommunicateWithPICC(unsigned char, unsigned char, unsigned char*, unsigned char, unsigned char*, unsigned char*, unsigned char*, unsigned char, bool)>
     f46:	08 2f       	mov	r16, r24
PICC_Select():
/home/oggy/Arduino/libraries/MFRC522/src/MFRC522.cpp:781
			rxAlign = txLastBits;											// Having a separate variable is overkill. But it makes the next line easier to read.
			PCD_WriteRegister(BitFramingReg, (rxAlign << 4) + txLastBits);	// RxAlign = BitFramingReg[6..4]. TxLastBits = BitFramingReg[2..0]
			
			// Transmit the buffer and receive the response.
			result = PCD_TransceiveData(buffer, bufferUsed, responseBuffer, &responseLength, &txLastBits, rxAlign);
			if (result == STATUS_COLLISION) { // More than one PICC in the field => collision.
     f48:	0f 90       	pop	r0
     f4a:	82 30       	cpi	r24, 0x02	; 2
     f4c:	09 f0       	breq	.+2      	; 0xf50 <MFRC522::PICC_Select(MFRC522::Uid*, unsigned char)+0x150>
     f4e:	65 c0       	rjmp	.+202    	; 0x101a <MFRC522::PICC_Select(MFRC522::Uid*, unsigned char)+0x21a>
/home/oggy/Arduino/libraries/MFRC522/src/MFRC522.cpp:782
				byte valueOfCollReg = PCD_ReadRegister(CollReg); // CollReg[7..0] bits are: ValuesAfterColl reserved CollPosNotValid CollPos[4:0]
     f50:	6c e1       	ldi	r22, 0x1C	; 28
     f52:	c2 01       	movw	r24, r4
     f54:	0e 94 87 04 	call	0x90e	; 0x90e <MFRC522::PCD_ReadRegister(MFRC522::PCD_Register)>
/home/oggy/Arduino/libraries/MFRC522/src/MFRC522.cpp:783
				if (valueOfCollReg & 0x20) { // CollPosNotValid
     f58:	85 fd       	sbrc	r24, 5
     f5a:	b6 c0       	rjmp	.+364    	; 0x10c8 <MFRC522::PICC_Select(MFRC522::Uid*, unsigned char)+0x2c8>
/home/oggy/Arduino/libraries/MFRC522/src/MFRC522.cpp:786
					return STATUS_COLLISION; // Without a valid collision position we cannot continue
				}
				byte collisionPos = valueOfCollReg & 0x1F; // Values 0-31, 0 means bit 32.
     f5c:	8f 71       	andi	r24, 0x1F	; 31
/home/oggy/Arduino/libraries/MFRC522/src/MFRC522.cpp:787
				if (collisionPos == 0) {
     f5e:	09 f4       	brne	.+2      	; 0xf62 <MFRC522::PICC_Select(MFRC522::Uid*, unsigned char)+0x162>
/home/oggy/Arduino/libraries/MFRC522/src/MFRC522.cpp:788
					collisionPos = 32;
     f60:	80 e2       	ldi	r24, 0x20	; 32
/home/oggy/Arduino/libraries/MFRC522/src/MFRC522.cpp:790
				}
				if (collisionPos <= currentLevelKnownBits) { // No progress - should not happen 
     f62:	28 2f       	mov	r18, r24
     f64:	30 e0       	ldi	r19, 0x00	; 0
     f66:	41 2f       	mov	r20, r17
     f68:	11 0f       	add	r17, r17
     f6a:	55 0b       	sbc	r21, r21
     f6c:	42 17       	cp	r20, r18
     f6e:	53 07       	cpc	r21, r19
     f70:	0c f0       	brlt	.+2      	; 0xf74 <MFRC522::PICC_Select(MFRC522::Uid*, unsigned char)+0x174>
     f72:	9e c0       	rjmp	.+316    	; 0x10b0 <MFRC522::PICC_Select(MFRC522::Uid*, unsigned char)+0x2b0>
/home/oggy/Arduino/libraries/MFRC522/src/MFRC522.cpp:794
					return STATUS_INTERNAL_ERROR;
				}
				// Choose the PICC with the bit set.
				currentLevelKnownBits	= collisionPos;
     f74:	18 2f       	mov	r17, r24
/home/oggy/Arduino/libraries/MFRC522/src/MFRC522.cpp:797
				count			= currentLevelKnownBits % 8; // The bit to modify
				checkBit		= (currentLevelKnownBits - 1) % 8;
				index			= 1 + (currentLevelKnownBits / 8) + (count ? 1 : 0); // First byte is index 0.
     f76:	e2 2f       	mov	r30, r18
     f78:	e5 95       	asr	r30
     f7a:	e5 95       	asr	r30
     f7c:	e5 95       	asr	r30
     f7e:	ef 5f       	subi	r30, 0xFF	; 255
/home/oggy/Arduino/libraries/MFRC522/src/MFRC522.cpp:795
				if (collisionPos <= currentLevelKnownBits) { // No progress - should not happen 
					return STATUS_INTERNAL_ERROR;
				}
				// Choose the PICC with the bit set.
				currentLevelKnownBits	= collisionPos;
				count			= currentLevelKnownBits % 8; // The bit to modify
     f80:	92 2f       	mov	r25, r18
     f82:	97 70       	andi	r25, 0x07	; 7
/home/oggy/Arduino/libraries/MFRC522/src/MFRC522.cpp:797
				checkBit		= (currentLevelKnownBits - 1) % 8;
				index			= 1 + (currentLevelKnownBits / 8) + (count ? 1 : 0); // First byte is index 0.
     f84:	81 e0       	ldi	r24, 0x01	; 1
     f86:	09 f4       	brne	.+2      	; 0xf8a <MFRC522::PICC_Select(MFRC522::Uid*, unsigned char)+0x18a>
     f88:	80 e0       	ldi	r24, 0x00	; 0
     f8a:	e8 0f       	add	r30, r24
/home/oggy/Arduino/libraries/MFRC522/src/MFRC522.cpp:798
				buffer[index]	|= (1 << checkBit);
     f8c:	81 e0       	ldi	r24, 0x01	; 1
     f8e:	90 e0       	ldi	r25, 0x00	; 0
     f90:	8c 0f       	add	r24, r28
     f92:	9d 1f       	adc	r25, r29
     f94:	8e 0f       	add	r24, r30
     f96:	91 1d       	adc	r25, r1
     f98:	fc 01       	movw	r30, r24
/home/oggy/Arduino/libraries/MFRC522/src/MFRC522.cpp:796
					return STATUS_INTERNAL_ERROR;
				}
				// Choose the PICC with the bit set.
				currentLevelKnownBits	= collisionPos;
				count			= currentLevelKnownBits % 8; // The bit to modify
				checkBit		= (currentLevelKnownBits - 1) % 8;
     f9a:	21 50       	subi	r18, 0x01	; 1
     f9c:	31 09       	sbc	r19, r1
     f9e:	27 70       	andi	r18, 0x07	; 7
     fa0:	33 27       	eor	r19, r19
/home/oggy/Arduino/libraries/MFRC522/src/MFRC522.cpp:798
				index			= 1 + (currentLevelKnownBits / 8) + (count ? 1 : 0); // First byte is index 0.
				buffer[index]	|= (1 << checkBit);
     fa2:	81 e0       	ldi	r24, 0x01	; 1
     fa4:	90 e0       	ldi	r25, 0x00	; 0
     fa6:	02 c0       	rjmp	.+4      	; 0xfac <MFRC522::PICC_Select(MFRC522::Uid*, unsigned char)+0x1ac>
     fa8:	88 0f       	add	r24, r24
     faa:	99 1f       	adc	r25, r25
     fac:	2a 95       	dec	r18
     fae:	e2 f7       	brpl	.-8      	; 0xfa8 <MFRC522::PICC_Select(MFRC522::Uid*, unsigned char)+0x1a8>
     fb0:	9c 01       	movw	r18, r24
     fb2:	80 81       	ld	r24, Z
     fb4:	82 2b       	or	r24, r18
     fb6:	80 83       	st	Z, r24
     fb8:	8b cf       	rjmp	.-234    	; 0xed0 <MFRC522::PICC_Select(MFRC522::Uid*, unsigned char)+0xd0>
/home/oggy/Arduino/libraries/MFRC522/src/MFRC522.cpp:702
				uidIndex = 0;
				useCascadeTag = validBits && uid->size > 4;	// When we know that the UID has more than 4 bytes
				break;
			
			case 2:
				buffer[0] = PICC_CMD_SEL_CL2;
     fba:	85 e9       	ldi	r24, 0x95	; 149
     fbc:	89 83       	std	Y+1, r24	; 0x01
/home/oggy/Arduino/libraries/MFRC522/src/MFRC522.cpp:704
				uidIndex = 3;
				useCascadeTag = validBits && uid->size > 7;	// When we know that the UID has more than 7 bytes
     fbe:	fe 85       	ldd	r31, Y+14	; 0x0e
     fc0:	ff 23       	and	r31, r31
     fc2:	31 f0       	breq	.+12     	; 0xfd0 <MFRC522::PICC_Select(MFRC522::Uid*, unsigned char)+0x1d0>
     fc4:	81 e0       	ldi	r24, 0x01	; 1
     fc6:	f3 01       	movw	r30, r6
     fc8:	90 81       	ld	r25, Z
     fca:	98 30       	cpi	r25, 0x08	; 8
     fcc:	08 f0       	brcs	.+2      	; 0xfd0 <MFRC522::PICC_Select(MFRC522::Uid*, unsigned char)+0x1d0>
     fce:	4b cf       	rjmp	.-362    	; 0xe66 <MFRC522::PICC_Select(MFRC522::Uid*, unsigned char)+0x66>
     fd0:	80 e0       	ldi	r24, 0x00	; 0
     fd2:	49 cf       	rjmp	.-366    	; 0xe66 <MFRC522::PICC_Select(MFRC522::Uid*, unsigned char)+0x66>
/home/oggy/Arduino/libraries/MFRC522/src/MFRC522.cpp:708
				break;
			
			case 3:
				buffer[0] = PICC_CMD_SEL_CL3;
     fd4:	87 e9       	ldi	r24, 0x97	; 151
     fd6:	89 83       	std	Y+1, r24	; 0x01
/home/oggy/Arduino/libraries/MFRC522/src/MFRC522.cpp:709
				uidIndex = 6;
     fd8:	f6 e0       	ldi	r31, 0x06	; 6
     fda:	fc 87       	std	Y+12, r31	; 0x0c
     fdc:	f9 cf       	rjmp	.-14     	; 0xfd0 <MFRC522::PICC_Select(MFRC522::Uid*, unsigned char)+0x1d0>
/home/oggy/Arduino/libraries/MFRC522/src/MFRC522.cpp:765
				responseBuffer	= &buffer[6];
				responseLength	= 3;
			}
			else { // This is an ANTICOLLISION.
				//Serial.print(F("ANTICOLLISION: currentLevelKnownBits=")); Serial.println(currentLevelKnownBits, DEC);
				txLastBits		= currentLevelKnownBits % 8;
     fde:	91 2f       	mov	r25, r17
     fe0:	97 70       	andi	r25, 0x07	; 7
     fe2:	9a 87       	std	Y+10, r25	; 0x0a
/home/oggy/Arduino/libraries/MFRC522/src/MFRC522.cpp:766
				count			= currentLevelKnownBits / 8;	// Number of whole bytes in the UID part.
     fe4:	81 2f       	mov	r24, r17
     fe6:	85 95       	asr	r24
     fe8:	85 95       	asr	r24
     fea:	85 95       	asr	r24
/home/oggy/Arduino/libraries/MFRC522/src/MFRC522.cpp:767
				index			= 2 + count;					// Number of whole bytes: SEL + NVB + UIDs
     fec:	8e 5f       	subi	r24, 0xFE	; 254
/home/oggy/Arduino/libraries/MFRC522/src/MFRC522.cpp:768
				buffer[1]		= (index << 4) + txLastBits;	// NVB - Number of Valid Bits
     fee:	28 2f       	mov	r18, r24
     ff0:	22 95       	swap	r18
     ff2:	20 7f       	andi	r18, 0xF0	; 240
     ff4:	29 0f       	add	r18, r25
     ff6:	2a 83       	std	Y+2, r18	; 0x02
/home/oggy/Arduino/libraries/MFRC522/src/MFRC522.cpp:769
				bufferUsed		= index + (txLastBits ? 1 : 0);
     ff8:	01 e0       	ldi	r16, 0x01	; 1
     ffa:	91 11       	cpse	r25, r1
     ffc:	01 c0       	rjmp	.+2      	; 0x1000 <MFRC522::PICC_Select(MFRC522::Uid*, unsigned char)+0x200>
     ffe:	00 e0       	ldi	r16, 0x00	; 0
    1000:	08 0f       	add	r16, r24
/home/oggy/Arduino/libraries/MFRC522/src/MFRC522.cpp:771
				// Store response in the unused part of buffer
				responseBuffer	= &buffer[index];
    1002:	22 24       	eor	r2, r2
    1004:	23 94       	inc	r2
    1006:	31 2c       	mov	r3, r1
    1008:	2c 0e       	add	r2, r28
    100a:	3d 1e       	adc	r3, r29
    100c:	28 0e       	add	r2, r24
    100e:	31 1c       	adc	r3, r1
/home/oggy/Arduino/libraries/MFRC522/src/MFRC522.cpp:772
				responseLength	= sizeof(buffer) - index;
    1010:	f9 e0       	ldi	r31, 0x09	; 9
    1012:	f8 1b       	sub	r31, r24
    1014:	fb 87       	std	Y+11, r31	; 0x0b
    1016:	1d 87       	std	Y+13, r17	; 0x0d
    1018:	7d cf       	rjmp	.-262    	; 0xf14 <MFRC522::PICC_Select(MFRC522::Uid*, unsigned char)+0x114>
/home/oggy/Arduino/libraries/MFRC522/src/MFRC522.cpp:800
				count			= currentLevelKnownBits % 8; // The bit to modify
				checkBit		= (currentLevelKnownBits - 1) % 8;
				index			= 1 + (currentLevelKnownBits / 8) + (count ? 1 : 0); // First byte is index 0.
				buffer[index]	|= (1 << checkBit);
			}
			else if (result != STATUS_OK) {
    101a:	81 11       	cpse	r24, r1
    101c:	55 c0       	rjmp	.+170    	; 0x10c8 <MFRC522::PICC_Select(MFRC522::Uid*, unsigned char)+0x2c8>
/home/oggy/Arduino/libraries/MFRC522/src/MFRC522.cpp:810
					selectDone = true; // No more anticollision 
					// We continue below outside the while.
				}
				else { // This was an ANTICOLLISION.
					// We now have all 32 bits of the UID in this Cascade Level
					currentLevelKnownBits = 32;
    101e:	10 e2       	ldi	r17, 0x20	; 32
/home/oggy/Arduino/libraries/MFRC522/src/MFRC522.cpp:804
			}
			else if (result != STATUS_OK) {
				return result;
			}
			else { // STATUS_OK
				if (currentLevelKnownBits >= 32) { // This was a SELECT.
    1020:	9d 85       	ldd	r25, Y+13	; 0x0d
    1022:	90 32       	cpi	r25, 0x20	; 32
    1024:	0c f4       	brge	.+2      	; 0x1028 <MFRC522::PICC_Select(MFRC522::Uid*, unsigned char)+0x228>
    1026:	57 cf       	rjmp	.-338    	; 0xed6 <MFRC522::PICC_Select(MFRC522::Uid*, unsigned char)+0xd6>
/home/oggy/Arduino/libraries/MFRC522/src/MFRC522.cpp:819
		} // End of while (!selectDone)
		
		// We do not check the CBB - it was constructed by us above.
		
		// Copy the found UID bytes from buffer[] to uid->uidByte[]
		index			= (buffer[2] == PICC_CMD_CT) ? 3 : 2; // source index in buffer[]
    1028:	8b 81       	ldd	r24, Y+3	; 0x03
    102a:	88 38       	cpi	r24, 0x88	; 136
    102c:	09 f0       	breq	.+2      	; 0x1030 <MFRC522::PICC_Select(MFRC522::Uid*, unsigned char)+0x230>
    102e:	42 c0       	rjmp	.+132    	; 0x10b4 <MFRC522::PICC_Select(MFRC522::Uid*, unsigned char)+0x2b4>
    1030:	83 e0       	ldi	r24, 0x03	; 3
/home/oggy/Arduino/libraries/MFRC522/src/MFRC522.cpp:820
		bytesToCopy		= (buffer[2] == PICC_CMD_CT) ? 3 : 4;
    1032:	93 e0       	ldi	r25, 0x03	; 3
    1034:	2c 85       	ldd	r18, Y+12	; 0x0c
    1036:	e2 2f       	mov	r30, r18
    1038:	f0 e0       	ldi	r31, 0x00	; 0
    103a:	31 96       	adiw	r30, 0x01	; 1
    103c:	e6 0d       	add	r30, r6
    103e:	f7 1d       	adc	r31, r7
    1040:	98 0f       	add	r25, r24
/home/oggy/Arduino/libraries/MFRC522/src/MFRC522.cpp:822
		for (count = 0; count < bytesToCopy; count++) {
			uid->uidByte[uidIndex + count] = buffer[index++];
    1042:	a1 e0       	ldi	r26, 0x01	; 1
    1044:	b0 e0       	ldi	r27, 0x00	; 0
    1046:	ac 0f       	add	r26, r28
    1048:	bd 1f       	adc	r27, r29
    104a:	a8 0f       	add	r26, r24
    104c:	b1 1d       	adc	r27, r1
    104e:	2c 91       	ld	r18, X
    1050:	21 93       	st	Z+, r18
    1052:	8f 5f       	subi	r24, 0xFF	; 255
/home/oggy/Arduino/libraries/MFRC522/src/MFRC522.cpp:821
		// We do not check the CBB - it was constructed by us above.
		
		// Copy the found UID bytes from buffer[] to uid->uidByte[]
		index			= (buffer[2] == PICC_CMD_CT) ? 3 : 2; // source index in buffer[]
		bytesToCopy		= (buffer[2] == PICC_CMD_CT) ? 3 : 4;
		for (count = 0; count < bytesToCopy; count++) {
    1054:	89 13       	cpse	r24, r25
    1056:	f5 cf       	rjmp	.-22     	; 0x1042 <MFRC522::PICC_Select(MFRC522::Uid*, unsigned char)+0x242>
/home/oggy/Arduino/libraries/MFRC522/src/MFRC522.cpp:826
			uid->uidByte[uidIndex + count] = buffer[index++];
		}
		
		// Check response SAK (Select Acknowledge)
		if (responseLength != 3 || txLastBits != 0) { // SAK must be exactly 24 bits (1 byte + CRC_A).
    1058:	8b 85       	ldd	r24, Y+11	; 0x0b
    105a:	8c 87       	std	Y+12, r24	; 0x0c
    105c:	83 30       	cpi	r24, 0x03	; 3
    105e:	09 f0       	breq	.+2      	; 0x1062 <MFRC522::PICC_Select(MFRC522::Uid*, unsigned char)+0x262>
    1060:	4d c0       	rjmp	.+154    	; 0x10fc <MFRC522::PICC_Select(MFRC522::Uid*, unsigned char)+0x2fc>
    1062:	8a 85       	ldd	r24, Y+10	; 0x0a
    1064:	81 11       	cpse	r24, r1
    1066:	4a c0       	rjmp	.+148    	; 0x10fc <MFRC522::PICC_Select(MFRC522::Uid*, unsigned char)+0x2fc>
/home/oggy/Arduino/libraries/MFRC522/src/MFRC522.cpp:830
			return STATUS_ERROR;
		}
		// Verify CRC_A - do our own calculation and store the control in buffer[2..3] - those bytes are not needed anymore.
		result = PCD_CalculateCRC(responseBuffer, 1, &buffer[2]);
    1068:	9e 01       	movw	r18, r28
    106a:	2d 5f       	subi	r18, 0xFD	; 253
    106c:	3f 4f       	sbci	r19, 0xFF	; 255
    106e:	41 e0       	ldi	r20, 0x01	; 1
    1070:	b1 01       	movw	r22, r2
    1072:	c2 01       	movw	r24, r4
    1074:	0e 94 c2 04 	call	0x984	; 0x984 <MFRC522::PCD_CalculateCRC(unsigned char*, unsigned char, unsigned char*)>
    1078:	08 2f       	mov	r16, r24
/home/oggy/Arduino/libraries/MFRC522/src/MFRC522.cpp:831
		if (result != STATUS_OK) {
    107a:	81 11       	cpse	r24, r1
    107c:	25 c0       	rjmp	.+74     	; 0x10c8 <MFRC522::PICC_Select(MFRC522::Uid*, unsigned char)+0x2c8>
/home/oggy/Arduino/libraries/MFRC522/src/MFRC522.cpp:834
			return result;
		}
		if ((buffer[2] != responseBuffer[1]) || (buffer[3] != responseBuffer[2])) {
    107e:	9b 81       	ldd	r25, Y+3	; 0x03
    1080:	f1 01       	movw	r30, r2
    1082:	81 81       	ldd	r24, Z+1	; 0x01
    1084:	98 13       	cpse	r25, r24
    1086:	3c c0       	rjmp	.+120    	; 0x1100 <MFRC522::PICC_Select(MFRC522::Uid*, unsigned char)+0x300>
    1088:	9c 81       	ldd	r25, Y+4	; 0x04
    108a:	82 81       	ldd	r24, Z+2	; 0x02
    108c:	98 13       	cpse	r25, r24
    108e:	38 c0       	rjmp	.+112    	; 0x1100 <MFRC522::PICC_Select(MFRC522::Uid*, unsigned char)+0x300>
/home/oggy/Arduino/libraries/MFRC522/src/MFRC522.cpp:837
			return STATUS_CRC_WRONG;
		}
		if (responseBuffer[0] & 0x04) { // Cascade bit set - UID not complete yes
    1090:	80 81       	ld	r24, Z
    1092:	82 ff       	sbrs	r24, 2
    1094:	12 c0       	rjmp	.+36     	; 0x10ba <MFRC522::PICC_Select(MFRC522::Uid*, unsigned char)+0x2ba>
/home/oggy/Arduino/libraries/MFRC522/src/MFRC522.cpp:838
			cascadeLevel++;
    1096:	93 94       	inc	r9
/home/oggy/Arduino/libraries/MFRC522/src/MFRC522.cpp:694
	
	// Repeat Cascade Level loop until we have a complete UID.
	uidComplete = false;
	while (!uidComplete) {
		// Set the Cascade Level in the SEL byte, find out if we need to use the Cascade Tag in byte 2.
		switch (cascadeLevel) {
    1098:	f2 e0       	ldi	r31, 0x02	; 2
    109a:	9f 16       	cp	r9, r31
    109c:	09 f4       	brne	.+2      	; 0x10a0 <MFRC522::PICC_Select(MFRC522::Uid*, unsigned char)+0x2a0>
    109e:	8d cf       	rjmp	.-230    	; 0xfba <MFRC522::PICC_Select(MFRC522::Uid*, unsigned char)+0x1ba>
    10a0:	23 e0       	ldi	r18, 0x03	; 3
    10a2:	92 16       	cp	r9, r18
    10a4:	09 f4       	brne	.+2      	; 0x10a8 <MFRC522::PICC_Select(MFRC522::Uid*, unsigned char)+0x2a8>
    10a6:	96 cf       	rjmp	.-212    	; 0xfd4 <MFRC522::PICC_Select(MFRC522::Uid*, unsigned char)+0x1d4>
    10a8:	81 e0       	ldi	r24, 0x01	; 1
    10aa:	98 16       	cp	r9, r24
    10ac:	09 f4       	brne	.+2      	; 0x10b0 <MFRC522::PICC_Select(MFRC522::Uid*, unsigned char)+0x2b0>
    10ae:	cd ce       	rjmp	.-614    	; 0xe4a <MFRC522::PICC_Select(MFRC522::Uid*, unsigned char)+0x4a>
/home/oggy/Arduino/libraries/MFRC522/src/MFRC522.cpp:714
				uidIndex = 6;
				useCascadeTag = false;						// Never used in CL3.
				break;
			
			default:
				return STATUS_INTERNAL_ERROR;
    10b0:	05 e0       	ldi	r16, 0x05	; 5
    10b2:	0a c0       	rjmp	.+20     	; 0x10c8 <MFRC522::PICC_Select(MFRC522::Uid*, unsigned char)+0x2c8>
/home/oggy/Arduino/libraries/MFRC522/src/MFRC522.cpp:819
		} // End of while (!selectDone)
		
		// We do not check the CBB - it was constructed by us above.
		
		// Copy the found UID bytes from buffer[] to uid->uidByte[]
		index			= (buffer[2] == PICC_CMD_CT) ? 3 : 2; // source index in buffer[]
    10b4:	82 e0       	ldi	r24, 0x02	; 2
/home/oggy/Arduino/libraries/MFRC522/src/MFRC522.cpp:820
		bytesToCopy		= (buffer[2] == PICC_CMD_CT) ? 3 : 4;
    10b6:	94 e0       	ldi	r25, 0x04	; 4
    10b8:	bd cf       	rjmp	.-134    	; 0x1034 <MFRC522::PICC_Select(MFRC522::Uid*, unsigned char)+0x234>
/home/oggy/Arduino/libraries/MFRC522/src/MFRC522.cpp:842
		if (responseBuffer[0] & 0x04) { // Cascade bit set - UID not complete yes
			cascadeLevel++;
		}
		else {
			uidComplete = true;
			uid->sak = responseBuffer[0];
    10ba:	f3 01       	movw	r30, r6
    10bc:	83 87       	std	Z+11, r24	; 0x0b
/home/oggy/Arduino/libraries/MFRC522/src/MFRC522.cpp:847
		}
	} // End of while (!uidComplete)
	
	// Set correct uid->size
	uid->size = 3 * cascadeLevel + 1;
    10be:	89 2d       	mov	r24, r9
    10c0:	88 0f       	add	r24, r24
    10c2:	98 0e       	add	r9, r24
    10c4:	93 94       	inc	r9
    10c6:	90 82       	st	Z, r9
/home/oggy/Arduino/libraries/MFRC522/src/MFRC522.cpp:850

	return STATUS_OK;
} // End PICC_Select()
    10c8:	80 2f       	mov	r24, r16
    10ca:	2e 96       	adiw	r28, 0x0e	; 14
    10cc:	0f b6       	in	r0, 0x3f	; 63
    10ce:	f8 94       	cli
    10d0:	de bf       	out	0x3e, r29	; 62
    10d2:	0f be       	out	0x3f, r0	; 63
    10d4:	cd bf       	out	0x3d, r28	; 61
    10d6:	df 91       	pop	r29
    10d8:	cf 91       	pop	r28
    10da:	1f 91       	pop	r17
    10dc:	0f 91       	pop	r16
    10de:	ff 90       	pop	r15
    10e0:	ef 90       	pop	r14
    10e2:	df 90       	pop	r13
    10e4:	cf 90       	pop	r12
    10e6:	bf 90       	pop	r11
    10e8:	af 90       	pop	r10
    10ea:	9f 90       	pop	r9
    10ec:	8f 90       	pop	r8
    10ee:	7f 90       	pop	r7
    10f0:	6f 90       	pop	r6
    10f2:	5f 90       	pop	r5
    10f4:	4f 90       	pop	r4
    10f6:	3f 90       	pop	r3
    10f8:	2f 90       	pop	r2
    10fa:	08 95       	ret
/home/oggy/Arduino/libraries/MFRC522/src/MFRC522.cpp:827
			uid->uidByte[uidIndex + count] = buffer[index++];
		}
		
		// Check response SAK (Select Acknowledge)
		if (responseLength != 3 || txLastBits != 0) { // SAK must be exactly 24 bits (1 byte + CRC_A).
			return STATUS_ERROR;
    10fc:	01 e0       	ldi	r16, 0x01	; 1
    10fe:	e4 cf       	rjmp	.-56     	; 0x10c8 <MFRC522::PICC_Select(MFRC522::Uid*, unsigned char)+0x2c8>
/home/oggy/Arduino/libraries/MFRC522/src/MFRC522.cpp:835
		result = PCD_CalculateCRC(responseBuffer, 1, &buffer[2]);
		if (result != STATUS_OK) {
			return result;
		}
		if ((buffer[2] != responseBuffer[1]) || (buffer[3] != responseBuffer[2])) {
			return STATUS_CRC_WRONG;
    1100:	07 e0       	ldi	r16, 0x07	; 7
    1102:	e2 cf       	rjmp	.-60     	; 0x10c8 <MFRC522::PICC_Select(MFRC522::Uid*, unsigned char)+0x2c8>

00001104 <halt()>:
halt():
/home/oggy/Documents/arduinoprojects/padright_v1.5.1/rfid.ino:236
    writeByte[i] = buffer[i];
  }
  writeByte[15]--;
}
void halt()
{
    1104:	8f 92       	push	r8
    1106:	af 92       	push	r10
    1108:	bf 92       	push	r11
    110a:	cf 92       	push	r12
    110c:	df 92       	push	r13
    110e:	ef 92       	push	r14
    1110:	ff 92       	push	r15
    1112:	0f 93       	push	r16
    1114:	cf 93       	push	r28
    1116:	df 93       	push	r29
    1118:	00 d0       	rcall	.+0      	; 0x111a <halt()+0x16>
    111a:	00 d0       	rcall	.+0      	; 0x111c <halt()+0x18>
    111c:	cd b7       	in	r28, 0x3d	; 61
    111e:	de b7       	in	r29, 0x3e	; 62
PICC_HaltA():
/home/oggy/Arduino/libraries/MFRC522/src/MFRC522.cpp:862
MFRC522::StatusCode MFRC522::PICC_HaltA() {
	MFRC522::StatusCode result;
	byte buffer[4];
	
	// Build command buffer
	buffer[0] = PICC_CMD_HLTA;
    1120:	80 e5       	ldi	r24, 0x50	; 80
    1122:	89 83       	std	Y+1, r24	; 0x01
/home/oggy/Arduino/libraries/MFRC522/src/MFRC522.cpp:863
	buffer[1] = 0;
    1124:	1a 82       	std	Y+2, r1	; 0x02
/home/oggy/Arduino/libraries/MFRC522/src/MFRC522.cpp:865
	// Calculate CRC_A
	result = PCD_CalculateCRC(buffer, 2, &buffer[2]);
    1126:	9e 01       	movw	r18, r28
    1128:	2d 5f       	subi	r18, 0xFD	; 253
    112a:	3f 4f       	sbci	r19, 0xFF	; 255
    112c:	42 e0       	ldi	r20, 0x02	; 2
    112e:	be 01       	movw	r22, r28
    1130:	6f 5f       	subi	r22, 0xFF	; 255
    1132:	7f 4f       	sbci	r23, 0xFF	; 255
    1134:	8c e0       	ldi	r24, 0x0C	; 12
    1136:	97 e0       	ldi	r25, 0x07	; 7
    1138:	0e 94 c2 04 	call	0x984	; 0x984 <MFRC522::PCD_CalculateCRC(unsigned char*, unsigned char, unsigned char*)>
/home/oggy/Arduino/libraries/MFRC522/src/MFRC522.cpp:866
	if (result != STATUS_OK) {
    113c:	81 11       	cpse	r24, r1
    113e:	13 c0       	rjmp	.+38     	; 0x1166 <halt()+0x62>
PCD_TransceiveData():
/home/oggy/Arduino/libraries/MFRC522/src/MFRC522.cpp:458
													byte *validBits,	///< In/Out: The number of valid bits in the last byte. 0 for 8 valid bits. Default nullptr.
													byte rxAlign,		///< In: Defines the bit position in backData[0] for the first bit received. Default 0.
													bool checkCRC		///< In: True => The last two bytes of the response is assumed to be a CRC_A that must be validated.
								 ) {
	byte waitIRq = 0x30;		// RxIRq and IdleIRq
	return PCD_CommunicateWithPICC(PCD_Transceive, waitIRq, sendData, sendLen, backData, backLen, validBits, rxAlign, checkCRC);
    1140:	1f 92       	push	r1
    1142:	81 2c       	mov	r8, r1
    1144:	b1 2c       	mov	r11, r1
    1146:	a1 2c       	mov	r10, r1
    1148:	d1 2c       	mov	r13, r1
    114a:	c1 2c       	mov	r12, r1
    114c:	f1 2c       	mov	r15, r1
    114e:	e1 2c       	mov	r14, r1
    1150:	04 e0       	ldi	r16, 0x04	; 4
    1152:	9e 01       	movw	r18, r28
    1154:	2f 5f       	subi	r18, 0xFF	; 255
    1156:	3f 4f       	sbci	r19, 0xFF	; 255
    1158:	40 e3       	ldi	r20, 0x30	; 48
    115a:	6c e0       	ldi	r22, 0x0C	; 12
    115c:	8c e0       	ldi	r24, 0x0C	; 12
    115e:	97 e0       	ldi	r25, 0x07	; 7
    1160:	0e 94 19 05 	call	0xa32	; 0xa32 <MFRC522::PCD_CommunicateWithPICC(unsigned char, unsigned char, unsigned char*, unsigned char, unsigned char*, unsigned char*, unsigned char*, unsigned char, bool)>
    1164:	0f 90       	pop	r0
PCD_StopCrypto1():
/home/oggy/Arduino/libraries/MFRC522/src/MFRC522.cpp:933
 * Used to exit the PCD from its authenticated state.
 * Remember to call this function after communicating with an authenticated PICC - otherwise no new communications can start.
 */
void MFRC522::PCD_StopCrypto1() {
	// Clear MFCrypto1On bit
	PCD_ClearRegisterBitMask(Status2Reg, 0x08); // Status2Reg[7..0] bits are: TempSensClear I2CForceHS reserved reserved MFCrypto1On ModemState[2:0]
    1166:	48 e0       	ldi	r20, 0x08	; 8
    1168:	60 e1       	ldi	r22, 0x10	; 16
    116a:	8c e0       	ldi	r24, 0x0C	; 12
    116c:	97 e0       	ldi	r25, 0x07	; 7
    116e:	0e 94 89 06 	call	0xd12	; 0xd12 <MFRC522::PCD_ClearRegisterBitMask(MFRC522::PCD_Register, unsigned char)>
halt():
/home/oggy/Documents/arduinoprojects/padright_v1.5.1/rfid.ino:239
  mfrc522.PICC_HaltA();      // Halt PICC
  mfrc522.PCD_StopCrypto1(); // Stop encryption on PCD
}
    1172:	0f 90       	pop	r0
    1174:	0f 90       	pop	r0
    1176:	0f 90       	pop	r0
    1178:	0f 90       	pop	r0
    117a:	df 91       	pop	r29
    117c:	cf 91       	pop	r28
    117e:	0f 91       	pop	r16
    1180:	ff 90       	pop	r15
    1182:	ef 90       	pop	r14
    1184:	df 90       	pop	r13
    1186:	cf 90       	pop	r12
    1188:	bf 90       	pop	r11
    118a:	af 90       	pop	r10
    118c:	8f 90       	pop	r8
    118e:	08 95       	ret

00001190 <readCard()>:
readCard():
/home/oggy/Documents/arduinoprojects/padright_v1.5.1/rfid.ino:202
    changeDone = true;
  }
}

bool readCard()
{
    1190:	8f 92       	push	r8
    1192:	af 92       	push	r10
    1194:	bf 92       	push	r11
    1196:	cf 92       	push	r12
    1198:	df 92       	push	r13
    119a:	ef 92       	push	r14
    119c:	ff 92       	push	r15
    119e:	0f 93       	push	r16
    11a0:	cf 93       	push	r28
    11a2:	df 93       	push	r29
    11a4:	1f 92       	push	r1
    11a6:	cd b7       	in	r28, 0x3d	; 61
    11a8:	de b7       	in	r29, 0x3e	; 62
/home/oggy/Documents/arduinoprojects/padright_v1.5.1/rfid.ino:203
  byte buffersize = 18;
    11aa:	82 e1       	ldi	r24, 0x12	; 18
    11ac:	89 83       	std	Y+1, r24	; 0x01
auth_A():
/home/oggy/Documents/arduinoprojects/padright_v1.5.1/rfid.ino:242
  mfrc522.PICC_HaltA();      // Halt PICC
  mfrc522.PCD_StopCrypto1(); // Stop encryption on PCD
}
bool auth_A()
{
  rfidstatus = (MFRC522::StatusCode)mfrc522.PCD_Authenticate(MFRC522::PICC_CMD_MF_AUTH_KEY_A, authAddr, &key, &(mfrc522.uid));
    11ae:	63 e0       	ldi	r22, 0x03	; 3
    11b0:	80 e6       	ldi	r24, 0x60	; 96
    11b2:	0e 94 38 06 	call	0xc70	; 0xc70 <MFRC522::PCD_Authenticate(unsigned char, unsigned char, MFRC522::MIFARE_Key*, MFRC522::Uid*) [clone .constprop.13]>
readCard():
/home/oggy/Documents/arduinoprojects/padright_v1.5.1/rfid.ino:212
    if (rfidstatus != MFRC522::STATUS_OK)
    {
      return false;
    }
  }
  return true;
    11b6:	91 e0       	ldi	r25, 0x01	; 1
auth_A():
/home/oggy/Documents/arduinoprojects/padright_v1.5.1/rfid.ino:243
  mfrc522.PCD_StopCrypto1(); // Stop encryption on PCD
}
bool auth_A()
{
  rfidstatus = (MFRC522::StatusCode)mfrc522.PCD_Authenticate(MFRC522::PICC_CMD_MF_AUTH_KEY_A, authAddr, &key, &(mfrc522.uid));
  if (rfidstatus != MFRC522::STATUS_OK)
    11b8:	81 11       	cpse	r24, r1
    11ba:	2e c0       	rjmp	.+92     	; 0x1218 <readCard()+0x88>
MIFARE_Read():
/home/oggy/Arduino/libraries/MFRC522/src/MFRC522.cpp:959
											byte *bufferSize	///< Buffer size, at least 18 bytes. Also number of bytes returned if STATUS_OK.
										) {
	MFRC522::StatusCode result;
	
	// Sanity check
	if (buffer == nullptr || *bufferSize < 18) {
    11bc:	89 81       	ldd	r24, Y+1	; 0x01
    11be:	82 31       	cpi	r24, 0x12	; 18
    11c0:	10 f4       	brcc	.+4      	; 0x11c6 <readCard()+0x36>
readCard():
/home/oggy/Documents/arduinoprojects/padright_v1.5.1/rfid.ino:207
{
  byte buffersize = 18;
  if (auth_A())
  {
    rfidstatus = (MFRC522::StatusCode)mfrc522.MIFARE_Read(blockAddr, readByte, &buffersize);
    if (rfidstatus != MFRC522::STATUS_OK)
    11c2:	90 e0       	ldi	r25, 0x00	; 0
    11c4:	29 c0       	rjmp	.+82     	; 0x1218 <readCard()+0x88>
MIFARE_Read():
/home/oggy/Arduino/libraries/MFRC522/src/MFRC522.cpp:964
		return STATUS_NO_ROOM;
	}
	
	// Build command buffer
	buffer[0] = PICC_CMD_MF_READ;
    11c6:	80 e3       	ldi	r24, 0x30	; 48
    11c8:	80 93 00 06 	sts	0x0600, r24	; 0x800600 <readByte>
/home/oggy/Arduino/libraries/MFRC522/src/MFRC522.cpp:965
	buffer[1] = blockAddr;
    11cc:	82 e0       	ldi	r24, 0x02	; 2
    11ce:	80 93 01 06 	sts	0x0601, r24	; 0x800601 <readByte+0x1>
/home/oggy/Arduino/libraries/MFRC522/src/MFRC522.cpp:967
	// Calculate CRC_A
	result = PCD_CalculateCRC(buffer, 2, &buffer[2]);
    11d2:	22 e0       	ldi	r18, 0x02	; 2
    11d4:	36 e0       	ldi	r19, 0x06	; 6
    11d6:	42 e0       	ldi	r20, 0x02	; 2
    11d8:	60 e0       	ldi	r22, 0x00	; 0
    11da:	76 e0       	ldi	r23, 0x06	; 6
    11dc:	8c e0       	ldi	r24, 0x0C	; 12
    11de:	97 e0       	ldi	r25, 0x07	; 7
    11e0:	0e 94 c2 04 	call	0x984	; 0x984 <MFRC522::PCD_CalculateCRC(unsigned char*, unsigned char, unsigned char*)>
/home/oggy/Arduino/libraries/MFRC522/src/MFRC522.cpp:968
	if (result != STATUS_OK) {
    11e4:	81 11       	cpse	r24, r1
    11e6:	ed cf       	rjmp	.-38     	; 0x11c2 <readCard()+0x32>
PCD_TransceiveData():
/home/oggy/Arduino/libraries/MFRC522/src/MFRC522.cpp:458
													byte *validBits,	///< In/Out: The number of valid bits in the last byte. 0 for 8 valid bits. Default nullptr.
													byte rxAlign,		///< In: Defines the bit position in backData[0] for the first bit received. Default 0.
													bool checkCRC		///< In: True => The last two bytes of the response is assumed to be a CRC_A that must be validated.
								 ) {
	byte waitIRq = 0x30;		// RxIRq and IdleIRq
	return PCD_CommunicateWithPICC(PCD_Transceive, waitIRq, sendData, sendLen, backData, backLen, validBits, rxAlign, checkCRC);
    11e8:	81 e0       	ldi	r24, 0x01	; 1
    11ea:	8f 93       	push	r24
    11ec:	81 2c       	mov	r8, r1
    11ee:	b1 2c       	mov	r11, r1
    11f0:	a1 2c       	mov	r10, r1
    11f2:	ce 01       	movw	r24, r28
    11f4:	01 96       	adiw	r24, 0x01	; 1
    11f6:	6c 01       	movw	r12, r24
    11f8:	80 e0       	ldi	r24, 0x00	; 0
    11fa:	e8 2e       	mov	r14, r24
    11fc:	86 e0       	ldi	r24, 0x06	; 6
    11fe:	f8 2e       	mov	r15, r24
    1200:	04 e0       	ldi	r16, 0x04	; 4
    1202:	97 01       	movw	r18, r14
    1204:	40 e3       	ldi	r20, 0x30	; 48
    1206:	6c e0       	ldi	r22, 0x0C	; 12
    1208:	8c e0       	ldi	r24, 0x0C	; 12
    120a:	97 e0       	ldi	r25, 0x07	; 7
    120c:	0e 94 19 05 	call	0xa32	; 0xa32 <MFRC522::PCD_CommunicateWithPICC(unsigned char, unsigned char, unsigned char*, unsigned char, unsigned char*, unsigned char*, unsigned char*, unsigned char, bool)>
readCard():
/home/oggy/Documents/arduinoprojects/padright_v1.5.1/rfid.ino:207
    1210:	91 e0       	ldi	r25, 0x01	; 1
    1212:	0f 90       	pop	r0
    1214:	81 11       	cpse	r24, r1
    1216:	d5 cf       	rjmp	.-86     	; 0x11c2 <readCard()+0x32>
/home/oggy/Documents/arduinoprojects/padright_v1.5.1/rfid.ino:213
    {
      return false;
    }
  }
  return true;
}
    1218:	89 2f       	mov	r24, r25
    121a:	0f 90       	pop	r0
    121c:	df 91       	pop	r29
    121e:	cf 91       	pop	r28
    1220:	0f 91       	pop	r16
    1222:	ff 90       	pop	r15
    1224:	ef 90       	pop	r14
    1226:	df 90       	pop	r13
    1228:	cf 90       	pop	r12
    122a:	bf 90       	pop	r11
    122c:	af 90       	pop	r10
    122e:	8f 90       	pop	r8
    1230:	08 95       	ret

00001232 <enableCashAcceptor()>:
enableCashAcceptor():
/home/oggy/Documents/arduinoprojects/padright_v1.5.1/cashInterrupt.ino:241
}
void disableCashAcceptor() {
  digitalWrite(inhibit, HIGH);
}
void enableCashAcceptor() {
  digitalWrite(inhibit, LOW);
    1232:	60 e0       	ldi	r22, 0x00	; 0
    1234:	8a e0       	ldi	r24, 0x0A	; 10
    1236:	0c 94 e6 00 	jmp	0x1cc	; 0x1cc <digitalWrite>

0000123a <disableCashAcceptor()>:
disableCashAcceptor():
/home/oggy/Documents/arduinoprojects/padright_v1.5.1/cashInterrupt.ino:238
  status = 'n';
  changeDone = true;
  menu();
}
void disableCashAcceptor() {
  digitalWrite(inhibit, HIGH);
    123a:	61 e0       	ldi	r22, 0x01	; 1
    123c:	8a e0       	ldi	r24, 0x0A	; 10
    123e:	0c 94 e6 00 	jmp	0x1cc	; 0x1cc <digitalWrite>

00001242 <_interrupt()>:
_interrupt():
/home/oggy/Documents/arduinoprojects/padright_v1.5.1/cashInterrupt.ino:1
void _interrupt() {  // ISR FUNCTION
    1242:	cf 93       	push	r28
/home/oggy/Documents/arduinoprojects/padright_v1.5.1/cashInterrupt.ino:2
  if (mType == CASH_MACHINE) {
    1244:	c0 91 1f 06 	lds	r28, 0x061F	; 0x80061f <mType>
    1248:	c1 30       	cpi	r28, 0x01	; 1
    124a:	c9 f4       	brne	.+50     	; 0x127e <_interrupt()+0x3c>
/home/oggy/Documents/arduinoprojects/padright_v1.5.1/cashInterrupt.ino:3
    disableCashAcceptor();
    124c:	0e 94 1d 09 	call	0x123a	; 0x123a <disableCashAcceptor()>
/home/oggy/Documents/arduinoprojects/padright_v1.5.1/cashInterrupt.ino:4
    cashPulseCounter++;
    1250:	80 91 14 06 	lds	r24, 0x0614	; 0x800614 <cashPulseCounter>
    1254:	90 91 15 06 	lds	r25, 0x0615	; 0x800615 <cashPulseCounter+0x1>
    1258:	01 96       	adiw	r24, 0x01	; 1
    125a:	90 93 15 06 	sts	0x0615, r25	; 0x800615 <cashPulseCounter+0x1>
    125e:	80 93 14 06 	sts	0x0614, r24	; 0x800614 <cashPulseCounter>
/home/oggy/Documents/arduinoprojects/padright_v1.5.1/cashInterrupt.ino:5
    if (cashPulseCounter % pulseForFiveRupeeNote == 0) {
    1262:	80 91 14 06 	lds	r24, 0x0614	; 0x800614 <cashPulseCounter>
    1266:	90 91 15 06 	lds	r25, 0x0615	; 0x800615 <cashPulseCounter+0x1>
    126a:	60 91 19 01 	lds	r22, 0x0119	; 0x800119 <pulseForFiveRupeeNote>
    126e:	70 91 1a 01 	lds	r23, 0x011A	; 0x80011a <pulseForFiveRupeeNote+0x1>
    1272:	0e 94 d2 20 	call	0x41a4	; 0x41a4 <__divmodhi4>
    1276:	89 2b       	or	r24, r25
    1278:	11 f4       	brne	.+4      	; 0x127e <_interrupt()+0x3c>
/home/oggy/Documents/arduinoprojects/padright_v1.5.1/cashInterrupt.ino:6
      isInterrupt = true;
    127a:	c0 93 1c 06 	sts	0x061C, r28	; 0x80061c <isInterrupt>
/home/oggy/Documents/arduinoprojects/padright_v1.5.1/cashInterrupt.ino:13
    }
    // lcd.clear();
    // lcd.setCursor(0, 0);
    // lcd.print(String(cashPulseCounter));
  }
}
    127e:	cf 91       	pop	r28
    1280:	08 95       	ret

00001282 <warning()>:
warning():
/home/oggy/Documents/arduinoprojects/padright_v1.5.1/padright_v1.5.1.ino:664
  digitalWrite(buzzer, HIGH);
  delay(_time);
  digitalWrite(buzzer, LOW);
}
void warning() {
  digitalWrite(buzzer, HIGH);
    1282:	61 e0       	ldi	r22, 0x01	; 1
    1284:	80 e1       	ldi	r24, 0x10	; 16
    1286:	0e 94 e6 00 	call	0x1cc	; 0x1cc <digitalWrite>
/home/oggy/Documents/arduinoprojects/padright_v1.5.1/padright_v1.5.1.ino:665
  delay(400);
    128a:	60 e9       	ldi	r22, 0x90	; 144
    128c:	71 e0       	ldi	r23, 0x01	; 1
    128e:	80 e0       	ldi	r24, 0x00	; 0
    1290:	90 e0       	ldi	r25, 0x00	; 0
    1292:	0e 94 80 01 	call	0x300	; 0x300 <delay>
/home/oggy/Documents/arduinoprojects/padright_v1.5.1/padright_v1.5.1.ino:666
  digitalWrite(buzzer, LOW);
    1296:	60 e0       	ldi	r22, 0x00	; 0
    1298:	80 e1       	ldi	r24, 0x10	; 16
    129a:	0e 94 e6 00 	call	0x1cc	; 0x1cc <digitalWrite>
/home/oggy/Documents/arduinoprojects/padright_v1.5.1/padright_v1.5.1.ino:667
  delay(400);
    129e:	60 e9       	ldi	r22, 0x90	; 144
    12a0:	71 e0       	ldi	r23, 0x01	; 1
    12a2:	80 e0       	ldi	r24, 0x00	; 0
    12a4:	90 e0       	ldi	r25, 0x00	; 0
    12a6:	0e 94 80 01 	call	0x300	; 0x300 <delay>
/home/oggy/Documents/arduinoprojects/padright_v1.5.1/padright_v1.5.1.ino:668
  digitalWrite(buzzer, HIGH);
    12aa:	61 e0       	ldi	r22, 0x01	; 1
    12ac:	80 e1       	ldi	r24, 0x10	; 16
    12ae:	0e 94 e6 00 	call	0x1cc	; 0x1cc <digitalWrite>
/home/oggy/Documents/arduinoprojects/padright_v1.5.1/padright_v1.5.1.ino:669
  delay(400);
    12b2:	60 e9       	ldi	r22, 0x90	; 144
    12b4:	71 e0       	ldi	r23, 0x01	; 1
    12b6:	80 e0       	ldi	r24, 0x00	; 0
    12b8:	90 e0       	ldi	r25, 0x00	; 0
    12ba:	0e 94 80 01 	call	0x300	; 0x300 <delay>
/home/oggy/Documents/arduinoprojects/padright_v1.5.1/padright_v1.5.1.ino:670
  digitalWrite(buzzer, LOW);
    12be:	60 e0       	ldi	r22, 0x00	; 0
    12c0:	80 e1       	ldi	r24, 0x10	; 16
    12c2:	0e 94 e6 00 	call	0x1cc	; 0x1cc <digitalWrite>
/home/oggy/Documents/arduinoprojects/padright_v1.5.1/padright_v1.5.1.ino:671
  delay(400);
    12c6:	60 e9       	ldi	r22, 0x90	; 144
    12c8:	71 e0       	ldi	r23, 0x01	; 1
    12ca:	80 e0       	ldi	r24, 0x00	; 0
    12cc:	90 e0       	ldi	r25, 0x00	; 0
    12ce:	0e 94 80 01 	call	0x300	; 0x300 <delay>
/home/oggy/Documents/arduinoprojects/padright_v1.5.1/padright_v1.5.1.ino:672
  digitalWrite(buzzer, HIGH);
    12d2:	61 e0       	ldi	r22, 0x01	; 1
    12d4:	80 e1       	ldi	r24, 0x10	; 16
    12d6:	0e 94 e6 00 	call	0x1cc	; 0x1cc <digitalWrite>
/home/oggy/Documents/arduinoprojects/padright_v1.5.1/padright_v1.5.1.ino:673
  delay(400);
    12da:	60 e9       	ldi	r22, 0x90	; 144
    12dc:	71 e0       	ldi	r23, 0x01	; 1
    12de:	80 e0       	ldi	r24, 0x00	; 0
    12e0:	90 e0       	ldi	r25, 0x00	; 0
    12e2:	0e 94 80 01 	call	0x300	; 0x300 <delay>
/home/oggy/Documents/arduinoprojects/padright_v1.5.1/padright_v1.5.1.ino:674
  digitalWrite(buzzer, LOW);
    12e6:	60 e0       	ldi	r22, 0x00	; 0
    12e8:	80 e1       	ldi	r24, 0x10	; 16
    12ea:	0c 94 e6 00 	jmp	0x1cc	; 0x1cc <digitalWrite>

000012ee <success(int)>:
success():
/home/oggy/Documents/arduinoprojects/padright_v1.5.1/padright_v1.5.1.ino:658
  for (int i = 0; i < maxRack; i++) {
    totalStock += rack[i].getQuantity();
  }
  return totalStock;
}
void success(int _time) {
    12ee:	cf 93       	push	r28
    12f0:	df 93       	push	r29
    12f2:	ec 01       	movw	r28, r24
/home/oggy/Documents/arduinoprojects/padright_v1.5.1/padright_v1.5.1.ino:659
  digitalWrite(buzzer, HIGH);
    12f4:	61 e0       	ldi	r22, 0x01	; 1
    12f6:	80 e1       	ldi	r24, 0x10	; 16
    12f8:	0e 94 e6 00 	call	0x1cc	; 0x1cc <digitalWrite>
/home/oggy/Documents/arduinoprojects/padright_v1.5.1/padright_v1.5.1.ino:660
  delay(_time);
    12fc:	be 01       	movw	r22, r28
    12fe:	dd 0f       	add	r29, r29
    1300:	88 0b       	sbc	r24, r24
    1302:	99 0b       	sbc	r25, r25
    1304:	0e 94 80 01 	call	0x300	; 0x300 <delay>
/home/oggy/Documents/arduinoprojects/padright_v1.5.1/padright_v1.5.1.ino:661
  digitalWrite(buzzer, LOW);
    1308:	60 e0       	ldi	r22, 0x00	; 0
    130a:	80 e1       	ldi	r24, 0x10	; 16
/home/oggy/Documents/arduinoprojects/padright_v1.5.1/padright_v1.5.1.ino:662
}
    130c:	df 91       	pop	r29
    130e:	cf 91       	pop	r28
/home/oggy/Documents/arduinoprojects/padright_v1.5.1/padright_v1.5.1.ino:661
  return totalStock;
}
void success(int _time) {
  digitalWrite(buzzer, HIGH);
  delay(_time);
  digitalWrite(buzzer, LOW);
    1310:	0c 94 e6 00 	jmp	0x1cc	; 0x1cc <digitalWrite>

00001314 <getStock()>:
getStock():
/home/oggy/Documents/arduinoprojects/padright_v1.5.1/padright_v1.5.1.ino:653
  }
}

int getStock() {
  int totalStock = 0;
  for (int i = 0; i < maxRack; i++) {
    1314:	40 91 0e 01 	lds	r20, 0x010E	; 0x80010e <maxRack>
    1318:	50 e0       	ldi	r21, 0x00	; 0
    131a:	ec ed       	ldi	r30, 0xDC	; 220
    131c:	f6 e0       	ldi	r31, 0x06	; 6
    131e:	30 e0       	ldi	r19, 0x00	; 0
    1320:	20 e0       	ldi	r18, 0x00	; 0
/home/oggy/Documents/arduinoprojects/padright_v1.5.1/padright_v1.5.1.ino:652
    rack[i].setQuantity(num);
  }
}

int getStock() {
  int totalStock = 0;
    1322:	90 e0       	ldi	r25, 0x00	; 0
    1324:	80 e0       	ldi	r24, 0x00	; 0
/home/oggy/Documents/arduinoprojects/padright_v1.5.1/padright_v1.5.1.ino:653
  for (int i = 0; i < maxRack; i++) {
    1326:	24 17       	cp	r18, r20
    1328:	35 07       	cpc	r19, r21
    132a:	44 f4       	brge	.+16     	; 0x133c <getStock()+0x28>
/home/oggy/Documents/arduinoprojects/padright_v1.5.1/padright_v1.5.1.ino:654
    totalStock += rack[i].getQuantity();
    132c:	60 81       	ld	r22, Z
    132e:	71 81       	ldd	r23, Z+1	; 0x01
    1330:	86 0f       	add	r24, r22
    1332:	97 1f       	adc	r25, r23
/home/oggy/Documents/arduinoprojects/padright_v1.5.1/padright_v1.5.1.ino:653
  }
}

int getStock() {
  int totalStock = 0;
  for (int i = 0; i < maxRack; i++) {
    1334:	2f 5f       	subi	r18, 0xFF	; 255
    1336:	3f 4f       	sbci	r19, 0xFF	; 255
    1338:	34 96       	adiw	r30, 0x04	; 4
    133a:	f5 cf       	rjmp	.-22     	; 0x1326 <getStock()+0x12>
/home/oggy/Documents/arduinoprojects/padright_v1.5.1/padright_v1.5.1.ino:657
    totalStock += rack[i].getQuantity();
  }
  return totalStock;
}
    133c:	08 95       	ret

0000133e <fillAll(int)>:
fillAll():
/home/oggy/Documents/arduinoprojects/padright_v1.5.1/padright_v1.5.1.ino:646
    }
    writeToEPPROM('r');
  }
}
void fillAll(int num) {
  for (int i = 0; i < maxRack; i++) {
    133e:	40 91 0e 01 	lds	r20, 0x010E	; 0x80010e <maxRack>
    1342:	50 e0       	ldi	r21, 0x00	; 0
    1344:	ec ed       	ldi	r30, 0xDC	; 220
    1346:	f6 e0       	ldi	r31, 0x06	; 6
    1348:	30 e0       	ldi	r19, 0x00	; 0
    134a:	20 e0       	ldi	r18, 0x00	; 0
    134c:	24 17       	cp	r18, r20
    134e:	35 07       	cpc	r19, r21
    1350:	34 f4       	brge	.+12     	; 0x135e <fillAll(int)+0x20>
setQuantity():
/home/oggy/Documents/arduinoprojects/padright_v1.5.1/padrack.cpp:9
{
    return quantity;
}
void padrack::setQuantity(int number)
{
    quantity = number;
    1352:	91 83       	std	Z+1, r25	; 0x01
    1354:	80 83       	st	Z, r24
fillAll():
/home/oggy/Documents/arduinoprojects/padright_v1.5.1/padright_v1.5.1.ino:646
    1356:	2f 5f       	subi	r18, 0xFF	; 255
    1358:	3f 4f       	sbci	r19, 0xFF	; 255
    135a:	34 96       	adiw	r30, 0x04	; 4
    135c:	f7 cf       	rjmp	.-18     	; 0x134c <fillAll(int)+0xe>
/home/oggy/Documents/arduinoprojects/padright_v1.5.1/padright_v1.5.1.ino:649
    rack[i].setQuantity(num);
  }
}
    135e:	08 95       	ret

00001360 <MFRC522::PCD_MIFARE_Transceive(unsigned char*, unsigned char, bool) [clone .part.4] [clone .constprop.35]>:
_ZN7MFRC52221PCD_MIFARE_TransceiveEPhhb.part.4():
/home/oggy/Arduino/libraries/MFRC522/src/MFRC522.cpp:1254
 * Wrapper for MIFARE protocol communication.
 * Adds CRC_A, executes the Transceive command and checks that the response is MF_ACK or a timeout.
 * 
 * @return STATUS_OK on success, STATUS_??? otherwise.
 */
MFRC522::StatusCode MFRC522::PCD_MIFARE_Transceive(	byte *sendData,		///< Pointer to the data to transfer to the FIFO. Do NOT include the CRC_A.
    1360:	8f 92       	push	r8
    1362:	af 92       	push	r10
    1364:	bf 92       	push	r11
    1366:	cf 92       	push	r12
    1368:	df 92       	push	r13
    136a:	ef 92       	push	r14
    136c:	ff 92       	push	r15
    136e:	0f 93       	push	r16
    1370:	cf 93       	push	r28
    1372:	df 93       	push	r29
    1374:	cd b7       	in	r28, 0x3d	; 61
    1376:	de b7       	in	r29, 0x3e	; 62
    1378:	64 97       	sbiw	r28, 0x14	; 20
    137a:	0f b6       	in	r0, 0x3f	; 63
    137c:	f8 94       	cli
    137e:	de bf       	out	0x3e, r29	; 62
    1380:	0f be       	out	0x3f, r0	; 63
    1382:	cd bf       	out	0x3d, r28	; 61
    1384:	06 2f       	mov	r16, r22
/home/oggy/Arduino/libraries/MFRC522/src/MFRC522.cpp:1267
	if (sendData == nullptr || sendLen > 16) {
		return STATUS_INVALID;
	}
	
	// Copy sendData[] to cmdBuffer[] and add CRC_A
	memcpy(cmdBuffer, sendData, sendLen);
    1386:	e6 2e       	mov	r14, r22
    1388:	f1 2c       	mov	r15, r1
    138a:	a7 01       	movw	r20, r14
    138c:	bc 01       	movw	r22, r24
    138e:	ce 01       	movw	r24, r28
    1390:	01 96       	adiw	r24, 0x01	; 1
    1392:	0e 94 04 23 	call	0x4608	; 0x4608 <memcpy>
/home/oggy/Arduino/libraries/MFRC522/src/MFRC522.cpp:1268
	result = PCD_CalculateCRC(cmdBuffer, sendLen, &cmdBuffer[sendLen]);
    1396:	21 e0       	ldi	r18, 0x01	; 1
    1398:	30 e0       	ldi	r19, 0x00	; 0
    139a:	2c 0f       	add	r18, r28
    139c:	3d 1f       	adc	r19, r29
    139e:	2e 0d       	add	r18, r14
    13a0:	3f 1d       	adc	r19, r15
    13a2:	40 2f       	mov	r20, r16
    13a4:	be 01       	movw	r22, r28
    13a6:	6f 5f       	subi	r22, 0xFF	; 255
    13a8:	7f 4f       	sbci	r23, 0xFF	; 255
    13aa:	8c e0       	ldi	r24, 0x0C	; 12
    13ac:	97 e0       	ldi	r25, 0x07	; 7
    13ae:	0e 94 c2 04 	call	0x984	; 0x984 <MFRC522::PCD_CalculateCRC(unsigned char*, unsigned char, unsigned char*)>
/home/oggy/Arduino/libraries/MFRC522/src/MFRC522.cpp:1269
	if (result != STATUS_OK) { 
    13b2:	81 11       	cpse	r24, r1
    13b4:	23 c0       	rjmp	.+70     	; 0x13fc <MFRC522::PCD_MIFARE_Transceive(unsigned char*, unsigned char, bool) [clone .part.4] [clone .constprop.35]+0x9c>
/home/oggy/Arduino/libraries/MFRC522/src/MFRC522.cpp:1276
	}
	sendLen += 2;
	
	// Transceive the data, store the reply in cmdBuffer[]
	byte waitIRq = 0x30;		// RxIRq and IdleIRq
	byte cmdBufferSize = sizeof(cmdBuffer);
    13b6:	82 e1       	ldi	r24, 0x12	; 18
    13b8:	8c 8b       	std	Y+20, r24	; 0x14
/home/oggy/Arduino/libraries/MFRC522/src/MFRC522.cpp:1277
	byte validBits = 0;
    13ba:	1b 8a       	std	Y+19, r1	; 0x13
/home/oggy/Arduino/libraries/MFRC522/src/MFRC522.cpp:1272
	memcpy(cmdBuffer, sendData, sendLen);
	result = PCD_CalculateCRC(cmdBuffer, sendLen, &cmdBuffer[sendLen]);
	if (result != STATUS_OK) { 
		return result;
	}
	sendLen += 2;
    13bc:	0e 5f       	subi	r16, 0xFE	; 254
/home/oggy/Arduino/libraries/MFRC522/src/MFRC522.cpp:1278
	
	// Transceive the data, store the reply in cmdBuffer[]
	byte waitIRq = 0x30;		// RxIRq and IdleIRq
	byte cmdBufferSize = sizeof(cmdBuffer);
	byte validBits = 0;
	result = PCD_CommunicateWithPICC(PCD_Transceive, waitIRq, cmdBuffer, sendLen, cmdBuffer, &cmdBufferSize, &validBits);
    13be:	1f 92       	push	r1
    13c0:	81 2c       	mov	r8, r1
    13c2:	ce 01       	movw	r24, r28
    13c4:	43 96       	adiw	r24, 0x13	; 19
    13c6:	5c 01       	movw	r10, r24
    13c8:	01 96       	adiw	r24, 0x01	; 1
    13ca:	6c 01       	movw	r12, r24
    13cc:	43 97       	sbiw	r24, 0x13	; 19
    13ce:	7c 01       	movw	r14, r24
    13d0:	9c 01       	movw	r18, r24
    13d2:	40 e3       	ldi	r20, 0x30	; 48
    13d4:	6c e0       	ldi	r22, 0x0C	; 12
    13d6:	8c e0       	ldi	r24, 0x0C	; 12
    13d8:	97 e0       	ldi	r25, 0x07	; 7
    13da:	0e 94 19 05 	call	0xa32	; 0xa32 <MFRC522::PCD_CommunicateWithPICC(unsigned char, unsigned char, unsigned char*, unsigned char, unsigned char*, unsigned char*, unsigned char*, unsigned char, bool)>
/home/oggy/Arduino/libraries/MFRC522/src/MFRC522.cpp:1282
	if (acceptTimeout && result == STATUS_TIMEOUT) {
		return STATUS_OK;
	}
	if (result != STATUS_OK) {
    13de:	0f 90       	pop	r0
    13e0:	81 11       	cpse	r24, r1
    13e2:	0c c0       	rjmp	.+24     	; 0x13fc <MFRC522::PCD_MIFARE_Transceive(unsigned char*, unsigned char, bool) [clone .part.4] [clone .constprop.35]+0x9c>
/home/oggy/Arduino/libraries/MFRC522/src/MFRC522.cpp:1286
		return result;
	}
	// The PICC must reply with a 4 bit ACK
	if (cmdBufferSize != 1 || validBits != 4) {
    13e4:	8c 89       	ldd	r24, Y+20	; 0x14
    13e6:	81 30       	cpi	r24, 0x01	; 1
    13e8:	d1 f4       	brne	.+52     	; 0x141e <MFRC522::PCD_MIFARE_Transceive(unsigned char*, unsigned char, bool) [clone .part.4] [clone .constprop.35]+0xbe>
    13ea:	8b 89       	ldd	r24, Y+19	; 0x13
    13ec:	84 30       	cpi	r24, 0x04	; 4
    13ee:	b9 f4       	brne	.+46     	; 0x141e <MFRC522::PCD_MIFARE_Transceive(unsigned char*, unsigned char, bool) [clone .part.4] [clone .constprop.35]+0xbe>
/home/oggy/Arduino/libraries/MFRC522/src/MFRC522.cpp:1289
		return STATUS_ERROR;
	}
	if (cmdBuffer[0] != MF_ACK) {
    13f0:	81 e0       	ldi	r24, 0x01	; 1
    13f2:	99 81       	ldd	r25, Y+1	; 0x01
    13f4:	9a 30       	cpi	r25, 0x0A	; 10
    13f6:	09 f4       	brne	.+2      	; 0x13fa <MFRC522::PCD_MIFARE_Transceive(unsigned char*, unsigned char, bool) [clone .part.4] [clone .constprop.35]+0x9a>
    13f8:	80 e0       	ldi	r24, 0x00	; 0
    13fa:	81 95       	neg	r24
/home/oggy/Arduino/libraries/MFRC522/src/MFRC522.cpp:1293
		return STATUS_MIFARE_NACK;
	}
	return STATUS_OK;
} // End PCD_MIFARE_Transceive()
    13fc:	64 96       	adiw	r28, 0x14	; 20
    13fe:	0f b6       	in	r0, 0x3f	; 63
    1400:	f8 94       	cli
    1402:	de bf       	out	0x3e, r29	; 62
    1404:	0f be       	out	0x3f, r0	; 63
    1406:	cd bf       	out	0x3d, r28	; 61
    1408:	df 91       	pop	r29
    140a:	cf 91       	pop	r28
    140c:	0f 91       	pop	r16
    140e:	ff 90       	pop	r15
    1410:	ef 90       	pop	r14
    1412:	df 90       	pop	r13
    1414:	cf 90       	pop	r12
    1416:	bf 90       	pop	r11
    1418:	af 90       	pop	r10
    141a:	8f 90       	pop	r8
    141c:	08 95       	ret
/home/oggy/Arduino/libraries/MFRC522/src/MFRC522.cpp:1287
	if (result != STATUS_OK) {
		return result;
	}
	// The PICC must reply with a 4 bit ACK
	if (cmdBufferSize != 1 || validBits != 4) {
		return STATUS_ERROR;
    141e:	81 e0       	ldi	r24, 0x01	; 1
    1420:	ed cf       	rjmp	.-38     	; 0x13fc <MFRC522::PCD_MIFARE_Transceive(unsigned char*, unsigned char, bool) [clone .part.4] [clone .constprop.35]+0x9c>

00001422 <writeCard(unsigned char*) [clone .constprop.10]>:
writeCard():
/home/oggy/Documents/arduinoprojects/padright_v1.5.1/rfid.ino:214
bool writeCard(byte writeByte[])
    1422:	cf 93       	push	r28
    1424:	df 93       	push	r29
    1426:	00 d0       	rcall	.+0      	; 0x1428 <writeCard(unsigned char*) [clone .constprop.10]+0x6>
    1428:	cd b7       	in	r28, 0x3d	; 61
    142a:	de b7       	in	r29, 0x3e	; 62
auth_B():
/home/oggy/Documents/arduinoprojects/padright_v1.5.1/rfid.ino:251
  }
  return true;
}
bool auth_B()
{
  rfidstatus = (MFRC522::StatusCode)mfrc522.PCD_Authenticate(MFRC522::PICC_CMD_MF_AUTH_KEY_B, authAddr, &key, &(mfrc522.uid));
    142c:	63 e0       	ldi	r22, 0x03	; 3
    142e:	81 e6       	ldi	r24, 0x61	; 97
    1430:	0e 94 38 06 	call	0xc70	; 0xc70 <MFRC522::PCD_Authenticate(unsigned char, unsigned char, MFRC522::MIFARE_Key*, MFRC522::Uid*) [clone .constprop.13]>
/home/oggy/Documents/arduinoprojects/padright_v1.5.1/rfid.ino:252
  if (rfidstatus != MFRC522::STATUS_OK)
    1434:	81 11       	cpse	r24, r1
    1436:	12 c0       	rjmp	.+36     	; 0x145c <writeCard(unsigned char*) [clone .constprop.10]+0x3a>
MIFARE_Write():
/home/oggy/Arduino/libraries/MFRC522/src/MFRC522.cpp:1001
	}
	
	// Mifare Classic protocol requires two communications to perform a write.
	// Step 1: Tell the PICC we want to write to block blockAddr.
	byte cmdBuffer[2];
	cmdBuffer[0] = PICC_CMD_MF_WRITE;
    1438:	80 ea       	ldi	r24, 0xA0	; 160
    143a:	89 83       	std	Y+1, r24	; 0x01
/home/oggy/Arduino/libraries/MFRC522/src/MFRC522.cpp:1002
	cmdBuffer[1] = blockAddr;
    143c:	82 e0       	ldi	r24, 0x02	; 2
    143e:	8a 83       	std	Y+2, r24	; 0x02
PCD_MIFARE_Transceive():
    1440:	62 e0       	ldi	r22, 0x02	; 2
    1442:	ce 01       	movw	r24, r28
    1444:	01 96       	adiw	r24, 0x01	; 1
    1446:	0e 94 b0 09 	call	0x1360	; 0x1360 <MFRC522::PCD_MIFARE_Transceive(unsigned char*, unsigned char, bool) [clone .part.4] [clone .constprop.35]>
MIFARE_Write():
/home/oggy/Arduino/libraries/MFRC522/src/MFRC522.cpp:1004
	result = PCD_MIFARE_Transceive(cmdBuffer, 2); // Adds CRC_A and checks that the response is MF_ACK.
	if (result != STATUS_OK) {
    144a:	81 11       	cpse	r24, r1
    144c:	0d c0       	rjmp	.+26     	; 0x1468 <writeCard(unsigned char*) [clone .constprop.10]+0x46>
PCD_MIFARE_Transceive():
    144e:	60 e1       	ldi	r22, 0x10	; 16
    1450:	89 e2       	ldi	r24, 0x29	; 41
    1452:	96 e0       	ldi	r25, 0x06	; 6
    1454:	0e 94 b0 09 	call	0x1360	; 0x1360 <MFRC522::PCD_MIFARE_Transceive(unsigned char*, unsigned char, bool) [clone .part.4] [clone .constprop.35]>
MIFARE_Write():
/home/oggy/Arduino/libraries/MFRC522/src/MFRC522.cpp:1010
		return result;
	}
	
	// Step 2: Transfer the data
	result = PCD_MIFARE_Transceive(buffer, bufferSize); // Adds CRC_A and checks that the response is MF_ACK.
	if (result != STATUS_OK) {
    1458:	81 11       	cpse	r24, r1
    145a:	06 c0       	rjmp	.+12     	; 0x1468 <writeCard(unsigned char*) [clone .constprop.10]+0x46>
writeCard():
/home/oggy/Documents/arduinoprojects/padright_v1.5.1/rfid.ino:224
    if (rfidstatus != MFRC522::STATUS_OK)
    {
      return false;
    }
  }
  return true;
    145c:	81 e0       	ldi	r24, 0x01	; 1
/home/oggy/Documents/arduinoprojects/padright_v1.5.1/rfid.ino:225
}
    145e:	0f 90       	pop	r0
    1460:	0f 90       	pop	r0
    1462:	df 91       	pop	r29
    1464:	cf 91       	pop	r28
    1466:	08 95       	ret
/home/oggy/Documents/arduinoprojects/padright_v1.5.1/rfid.ino:221
  if (auth_B())
  {
    rfidstatus = (MFRC522::StatusCode)mfrc522.MIFARE_Write(blockAddr, writeByte, 16);
    if (rfidstatus != MFRC522::STATUS_OK)
    {
      return false;
    1468:	80 e0       	ldi	r24, 0x00	; 0
    146a:	f9 cf       	rjmp	.-14     	; 0x145e <writeCard(unsigned char*) [clone .constprop.10]+0x3c>

0000146c <Print::write(char const*) [clone .part.2]>:
_ZN5Print5writeEPKc.part.2():
/home/oggy/.arduino15/packages/MiniCore/hardware/avr/3.1.1/cores/MCUdude_corefiles/Print.h:54
    void clearWriteError() { setWriteError(0); }

    virtual size_t write(uint8_t) = 0;
    size_t write(const char *str) {
      if (str == NULL) return 0;
      return write((const uint8_t *)str, strlen(str));
    146c:	fb 01       	movw	r30, r22
    146e:	01 90       	ld	r0, Z+
    1470:	00 20       	and	r0, r0
    1472:	e9 f7       	brne	.-6      	; 0x146e <Print::write(char const*) [clone .part.2]+0x2>
    1474:	31 97       	sbiw	r30, 0x01	; 1
    1476:	af 01       	movw	r20, r30
    1478:	46 1b       	sub	r20, r22
    147a:	57 0b       	sbc	r21, r23
    147c:	dc 01       	movw	r26, r24
    147e:	ed 91       	ld	r30, X+
    1480:	fc 91       	ld	r31, X
    1482:	02 80       	ldd	r0, Z+2	; 0x02
    1484:	f3 81       	ldd	r31, Z+3	; 0x03
    1486:	e0 2d       	mov	r30, r0
    1488:	09 94       	ijmp

0000148a <Print::printNumber(unsigned long, unsigned char)>:
printNumber():
/home/oggy/.arduino15/packages/MiniCore/hardware/avr/3.1.1/cores/MCUdude_corefiles/Print.cpp:233
}

// Private Methods /////////////////////////////////////////////////////////////

size_t Print::printNumber(unsigned long n, uint8_t base)
{
    148a:	8f 92       	push	r8
    148c:	9f 92       	push	r9
    148e:	af 92       	push	r10
    1490:	bf 92       	push	r11
    1492:	ef 92       	push	r14
    1494:	ff 92       	push	r15
    1496:	0f 93       	push	r16
    1498:	1f 93       	push	r17
    149a:	cf 93       	push	r28
    149c:	df 93       	push	r29
    149e:	cd b7       	in	r28, 0x3d	; 61
    14a0:	de b7       	in	r29, 0x3e	; 62
    14a2:	a1 97       	sbiw	r28, 0x21	; 33
    14a4:	0f b6       	in	r0, 0x3f	; 63
    14a6:	f8 94       	cli
    14a8:	de bf       	out	0x3e, r29	; 62
    14aa:	0f be       	out	0x3f, r0	; 63
    14ac:	cd bf       	out	0x3d, r28	; 61
    14ae:	7c 01       	movw	r14, r24
    14b0:	fa 01       	movw	r30, r20
    14b2:	cb 01       	movw	r24, r22
/home/oggy/.arduino15/packages/MiniCore/hardware/avr/3.1.1/cores/MCUdude_corefiles/Print.cpp:237
  char buf[8 * sizeof(long) + 1]; // Assumes 8-bit chars plus zero byte.
  char *str = &buf[sizeof(buf) - 1];

  *str = '\0';
    14b4:	19 a2       	std	Y+33, r1	; 0x21
/home/oggy/.arduino15/packages/MiniCore/hardware/avr/3.1.1/cores/MCUdude_corefiles/Print.cpp:240

  // prevent crash if called with base == 1
  if (base < 2) base = 10;
    14b6:	22 30       	cpi	r18, 0x02	; 2
    14b8:	08 f4       	brcc	.+2      	; 0x14bc <Print::printNumber(unsigned long, unsigned char)+0x32>
    14ba:	2a e0       	ldi	r18, 0x0A	; 10
    14bc:	8e 01       	movw	r16, r28
    14be:	0f 5d       	subi	r16, 0xDF	; 223
    14c0:	1f 4f       	sbci	r17, 0xFF	; 255
/home/oggy/.arduino15/packages/MiniCore/hardware/avr/3.1.1/cores/MCUdude_corefiles/Print.cpp:243

  do {
    char c = n % base;
    14c2:	82 2e       	mov	r8, r18
    14c4:	91 2c       	mov	r9, r1
    14c6:	b1 2c       	mov	r11, r1
    14c8:	a1 2c       	mov	r10, r1
    14ca:	bf 01       	movw	r22, r30
    14cc:	a5 01       	movw	r20, r10
    14ce:	94 01       	movw	r18, r8
    14d0:	0e 94 e6 20 	call	0x41cc	; 0x41cc <__udivmodsi4>
/home/oggy/.arduino15/packages/MiniCore/hardware/avr/3.1.1/cores/MCUdude_corefiles/Print.cpp:244
    n /= base;
    14d4:	f9 01       	movw	r30, r18
    14d6:	ca 01       	movw	r24, r20
/home/oggy/.arduino15/packages/MiniCore/hardware/avr/3.1.1/cores/MCUdude_corefiles/Print.cpp:246

    *--str = c < 10 ? c + '0' : c + 'A' - 10;
    14d8:	6a 30       	cpi	r22, 0x0A	; 10
    14da:	0c f5       	brge	.+66     	; 0x151e <Print::printNumber(unsigned long, unsigned char)+0x94>
    14dc:	60 5d       	subi	r22, 0xD0	; 208
    14de:	d8 01       	movw	r26, r16
    14e0:	6e 93       	st	-X, r22
    14e2:	8d 01       	movw	r16, r26
/home/oggy/.arduino15/packages/MiniCore/hardware/avr/3.1.1/cores/MCUdude_corefiles/Print.cpp:247
  } while(n);
    14e4:	23 2b       	or	r18, r19
    14e6:	24 2b       	or	r18, r20
    14e8:	25 2b       	or	r18, r21
    14ea:	79 f7       	brne	.-34     	; 0x14ca <Print::printNumber(unsigned long, unsigned char)+0x40>
/home/oggy/.arduino15/packages/MiniCore/hardware/avr/3.1.1/cores/MCUdude_corefiles/Print.h:53
    int getWriteError() { return write_error; }
    void clearWriteError() { setWriteError(0); }

    virtual size_t write(uint8_t) = 0;
    size_t write(const char *str) {
      if (str == NULL) return 0;
    14ec:	90 e0       	ldi	r25, 0x00	; 0
    14ee:	80 e0       	ldi	r24, 0x00	; 0
write():
    14f0:	10 97       	sbiw	r26, 0x00	; 0
    14f2:	21 f0       	breq	.+8      	; 0x14fc <Print::printNumber(unsigned long, unsigned char)+0x72>
    14f4:	bd 01       	movw	r22, r26
    14f6:	c7 01       	movw	r24, r14
    14f8:	0e 94 36 0a 	call	0x146c	; 0x146c <Print::write(char const*) [clone .part.2]>
printNumber():
/home/oggy/.arduino15/packages/MiniCore/hardware/avr/3.1.1/cores/MCUdude_corefiles/Print.cpp:250

  return write(str);
}
    14fc:	a1 96       	adiw	r28, 0x21	; 33
    14fe:	0f b6       	in	r0, 0x3f	; 63
    1500:	f8 94       	cli
    1502:	de bf       	out	0x3e, r29	; 62
    1504:	0f be       	out	0x3f, r0	; 63
    1506:	cd bf       	out	0x3d, r28	; 61
    1508:	df 91       	pop	r29
    150a:	cf 91       	pop	r28
    150c:	1f 91       	pop	r17
    150e:	0f 91       	pop	r16
    1510:	ff 90       	pop	r15
    1512:	ef 90       	pop	r14
    1514:	bf 90       	pop	r11
    1516:	af 90       	pop	r10
    1518:	9f 90       	pop	r9
    151a:	8f 90       	pop	r8
    151c:	08 95       	ret
/home/oggy/.arduino15/packages/MiniCore/hardware/avr/3.1.1/cores/MCUdude_corefiles/Print.cpp:246

  do {
    char c = n % base;
    n /= base;

    *--str = c < 10 ? c + '0' : c + 'A' - 10;
    151e:	69 5c       	subi	r22, 0xC9	; 201
    1520:	de cf       	rjmp	.-68     	; 0x14de <Print::printNumber(unsigned long, unsigned char)+0x54>

00001522 <Print::print(int, int) [clone .constprop.25]>:
print():
/home/oggy/.arduino15/packages/MiniCore/hardware/avr/3.1.1/cores/MCUdude_corefiles/Print.cpp:77
size_t Print::print(unsigned char b, int base)
{
  return print((unsigned long) b, base);
}

size_t Print::print(int n, int base)
    1522:	cf 92       	push	r12
    1524:	df 92       	push	r13
    1526:	ef 92       	push	r14
    1528:	ff 92       	push	r15
/home/oggy/.arduino15/packages/MiniCore/hardware/avr/3.1.1/cores/MCUdude_corefiles/Print.cpp:79
{
  return print((long) n, base);
    152a:	6c 01       	movw	r12, r24
    152c:	99 0f       	add	r25, r25
    152e:	ee 08       	sbc	r14, r14
    1530:	ff 08       	sbc	r15, r15
/home/oggy/.arduino15/packages/MiniCore/hardware/avr/3.1.1/cores/MCUdude_corefiles/Print.cpp:92
size_t Print::print(long n, int base)
{
  if (base == 0) {
    return write(n);
  } else if (base == 10) {
    if (n < 0) {
    1532:	f7 fe       	sbrs	r15, 7
    1534:	18 c0       	rjmp	.+48     	; 0x1566 <Print::print(int, int) [clone .constprop.25]+0x44>
write():
/home/oggy/Arduino/libraries/LiquidCrystal/src/LiquidCrystal.cpp:280
inline void LiquidCrystal::command(uint8_t value) {
  send(value, LOW);
}

inline size_t LiquidCrystal::write(uint8_t value) {
  send(value, HIGH);
    1536:	41 e0       	ldi	r20, 0x01	; 1
    1538:	6d e2       	ldi	r22, 0x2D	; 45
    153a:	84 ef       	ldi	r24, 0xF4	; 244
    153c:	96 e0       	ldi	r25, 0x06	; 6
    153e:	0e 94 25 03 	call	0x64a	; 0x64a <LiquidCrystal::send(unsigned char, unsigned char)>
print():
/home/oggy/.arduino15/packages/MiniCore/hardware/avr/3.1.1/cores/MCUdude_corefiles/Print.cpp:94
      int t = print('-');
      n = -n;
    1542:	44 27       	eor	r20, r20
    1544:	55 27       	eor	r21, r21
    1546:	ba 01       	movw	r22, r20
    1548:	4c 19       	sub	r20, r12
    154a:	5d 09       	sbc	r21, r13
    154c:	6e 09       	sbc	r22, r14
    154e:	7f 09       	sbc	r23, r15
/home/oggy/.arduino15/packages/MiniCore/hardware/avr/3.1.1/cores/MCUdude_corefiles/Print.cpp:95
      return printNumber(n, 10) + t;
    1550:	2a e0       	ldi	r18, 0x0A	; 10
    1552:	84 ef       	ldi	r24, 0xF4	; 244
    1554:	96 e0       	ldi	r25, 0x06	; 6
    1556:	0e 94 45 0a 	call	0x148a	; 0x148a <Print::printNumber(unsigned long, unsigned char)>
    155a:	01 96       	adiw	r24, 0x01	; 1
/home/oggy/.arduino15/packages/MiniCore/hardware/avr/3.1.1/cores/MCUdude_corefiles/Print.cpp:80
}

size_t Print::print(int n, int base)
{
  return print((long) n, base);
}
    155c:	ff 90       	pop	r15
    155e:	ef 90       	pop	r14
    1560:	df 90       	pop	r13
    1562:	cf 90       	pop	r12
    1564:	08 95       	ret
/home/oggy/.arduino15/packages/MiniCore/hardware/avr/3.1.1/cores/MCUdude_corefiles/Print.cpp:97
    if (n < 0) {
      int t = print('-');
      n = -n;
      return printNumber(n, 10) + t;
    }
    return printNumber(n, 10);
    1566:	2a e0       	ldi	r18, 0x0A	; 10
    1568:	b7 01       	movw	r22, r14
    156a:	a6 01       	movw	r20, r12
    156c:	84 ef       	ldi	r24, 0xF4	; 244
    156e:	96 e0       	ldi	r25, 0x06	; 6
/home/oggy/.arduino15/packages/MiniCore/hardware/avr/3.1.1/cores/MCUdude_corefiles/Print.cpp:80
}

size_t Print::print(int n, int base)
{
  return print((long) n, base);
}
    1570:	ff 90       	pop	r15
    1572:	ef 90       	pop	r14
    1574:	df 90       	pop	r13
    1576:	cf 90       	pop	r12
/home/oggy/.arduino15/packages/MiniCore/hardware/avr/3.1.1/cores/MCUdude_corefiles/Print.cpp:97
    if (n < 0) {
      int t = print('-');
      n = -n;
      return printNumber(n, 10) + t;
    }
    return printNumber(n, 10);
    1578:	0c 94 45 0a 	jmp	0x148a	; 0x148a <Print::printNumber(unsigned long, unsigned char)>

0000157c <Print::print(char const*) [clone .constprop.41]>:
write():
/home/oggy/.arduino15/packages/MiniCore/hardware/avr/3.1.1/cores/MCUdude_corefiles/Print.cpp:62
size_t Print::print(const String &s)
{
  return write(s.c_str(), s.length());
}

size_t Print::print(const char str[])
    157c:	bc 01       	movw	r22, r24
    157e:	84 ef       	ldi	r24, 0xF4	; 244
    1580:	96 e0       	ldi	r25, 0x06	; 6
    1582:	0c 94 36 0a 	jmp	0x146c	; 0x146c <Print::write(char const*) [clone .part.2]>

00001586 <homePage() [clone .part.3]>:
_Z8homePagev.part.3():
/home/oggy/Documents/arduinoprojects/padright_v1.5.1/lcd.ino:18
  delay(2000);
  homePage();
}
void homePage() {
  if (changeDone == true) {
    lcd.clear();
    1586:	0e 94 7e 03 	call	0x6fc	; 0x6fc <LiquidCrystal::clear() [clone .constprop.47]>
/home/oggy/Documents/arduinoprojects/padright_v1.5.1/lcd.ino:19
    lcd.setCursor(0, 0);
    158a:	60 e0       	ldi	r22, 0x00	; 0
    158c:	80 e0       	ldi	r24, 0x00	; 0
    158e:	0e 94 27 04 	call	0x84e	; 0x84e <LiquidCrystal::setCursor(unsigned char, unsigned char) [clone .constprop.24]>
/home/oggy/Documents/arduinoprojects/padright_v1.5.1/lcd.ino:20
    if (mType == RFID_MACHINE)
    1592:	80 91 1f 06 	lds	r24, 0x061F	; 0x80061f <mType>
    1596:	81 11       	cpse	r24, r1
    1598:	13 c0       	rjmp	.+38     	; 0x15c0 <homePage() [clone .part.3]+0x3a>
/home/oggy/Documents/arduinoprojects/padright_v1.5.1/lcd.ino:21
      lcd.print("SCAN CARD HERE");
    159a:	87 e5       	ldi	r24, 0x57	; 87
    159c:	91 e0       	ldi	r25, 0x01	; 1
/home/oggy/Documents/arduinoprojects/padright_v1.5.1/lcd.ino:23
    else if (mType == CASH_MACHINE)
      lcd.print("  INSERT CASH");
    159e:	0e 94 be 0a 	call	0x157c	; 0x157c <Print::print(char const*) [clone .constprop.41]>
/home/oggy/Documents/arduinoprojects/padright_v1.5.1/lcd.ino:24
    lcd.setCursor(0, 1);
    15a2:	61 e0       	ldi	r22, 0x01	; 1
    15a4:	80 e0       	ldi	r24, 0x00	; 0
    15a6:	0e 94 27 04 	call	0x84e	; 0x84e <LiquidCrystal::setCursor(unsigned char, unsigned char) [clone .constprop.24]>
/home/oggy/Documents/arduinoprojects/padright_v1.5.1/lcd.ino:25
    lcd.print("N0 OF STOCKS:");
    15aa:	84 e7       	ldi	r24, 0x74	; 116
    15ac:	91 e0       	ldi	r25, 0x01	; 1
    15ae:	0e 94 be 0a 	call	0x157c	; 0x157c <Print::print(char const*) [clone .constprop.41]>
/home/oggy/Documents/arduinoprojects/padright_v1.5.1/lcd.ino:26
    lcd.print(getStock());
    15b2:	0e 94 8a 09 	call	0x1314	; 0x1314 <getStock()>
    15b6:	0e 94 91 0a 	call	0x1522	; 0x1522 <Print::print(int, int) [clone .constprop.25]>
/home/oggy/Documents/arduinoprojects/padright_v1.5.1/lcd.ino:27
    changeDone = false;
    15ba:	10 92 13 01 	sts	0x0113, r1	; 0x800113 <changeDone>
/home/oggy/Documents/arduinoprojects/padright_v1.5.1/lcd.ino:29
  }
}
    15be:	08 95       	ret
/home/oggy/Documents/arduinoprojects/padright_v1.5.1/lcd.ino:22
  if (changeDone == true) {
    lcd.clear();
    lcd.setCursor(0, 0);
    if (mType == RFID_MACHINE)
      lcd.print("SCAN CARD HERE");
    else if (mType == CASH_MACHINE)
    15c0:	81 30       	cpi	r24, 0x01	; 1
    15c2:	79 f7       	brne	.-34     	; 0x15a2 <homePage() [clone .part.3]+0x1c>
/home/oggy/Documents/arduinoprojects/padright_v1.5.1/lcd.ino:23
      lcd.print("  INSERT CASH");
    15c4:	86 e6       	ldi	r24, 0x66	; 102
    15c6:	91 e0       	ldi	r25, 0x01	; 1
    15c8:	ea cf       	rjmp	.-44     	; 0x159e <homePage() [clone .part.3]+0x18>

000015ca <_maxRack()>:
_maxRack():
/home/oggy/Documents/arduinoprojects/padright_v1.5.1/lcd.ino:208
  lcd.setCursor(0, 1);
  // enter number
  lcd.print(rack[num].getQuantity());
}
void _maxRack() {
  lcd.clear();
    15ca:	0e 94 7e 03 	call	0x6fc	; 0x6fc <LiquidCrystal::clear() [clone .constprop.47]>
/home/oggy/Documents/arduinoprojects/padright_v1.5.1/lcd.ino:209
  lcd.setCursor(0, 0);
    15ce:	60 e0       	ldi	r22, 0x00	; 0
    15d0:	80 e0       	ldi	r24, 0x00	; 0
    15d2:	0e 94 27 04 	call	0x84e	; 0x84e <LiquidCrystal::setCursor(unsigned char, unsigned char) [clone .constprop.24]>
/home/oggy/Documents/arduinoprojects/padright_v1.5.1/lcd.ino:210
  lcd.print("Enter Total Rack");
    15d6:	82 e8       	ldi	r24, 0x82	; 130
    15d8:	91 e0       	ldi	r25, 0x01	; 1
    15da:	0e 94 be 0a 	call	0x157c	; 0x157c <Print::print(char const*) [clone .constprop.41]>
/home/oggy/Documents/arduinoprojects/padright_v1.5.1/lcd.ino:211
  lcd.setCursor(0, 1);
    15de:	61 e0       	ldi	r22, 0x01	; 1
    15e0:	80 e0       	ldi	r24, 0x00	; 0
    15e2:	0e 94 27 04 	call	0x84e	; 0x84e <LiquidCrystal::setCursor(unsigned char, unsigned char) [clone .constprop.24]>
print():
/home/oggy/.arduino15/packages/MiniCore/hardware/avr/3.1.1/cores/MCUdude_corefiles/Print.cpp:74
  return write(c);
}

size_t Print::print(unsigned char b, int base)
{
  return print((unsigned long) b, base);
    15e6:	40 91 0e 01 	lds	r20, 0x010E	; 0x80010e <maxRack>
    15ea:	50 e0       	ldi	r21, 0x00	; 0
    15ec:	70 e0       	ldi	r23, 0x00	; 0
    15ee:	60 e0       	ldi	r22, 0x00	; 0
/home/oggy/.arduino15/packages/MiniCore/hardware/avr/3.1.1/cores/MCUdude_corefiles/Print.cpp:106
}

size_t Print::print(unsigned long n, int base)
{
  if (base == 0) return write(n);
  else return printNumber(n, base);
    15f0:	2a e0       	ldi	r18, 0x0A	; 10
    15f2:	84 ef       	ldi	r24, 0xF4	; 244
    15f4:	96 e0       	ldi	r25, 0x06	; 6
    15f6:	0c 94 45 0a 	jmp	0x148a	; 0x148a <Print::printNumber(unsigned long, unsigned char)>

000015fa <pulseLimit()>:
pulseLimit():
/home/oggy/Documents/arduinoprojects/padright_v1.5.1/lcd.ino:186
  // enter number
  lcd.print(CASH_LIMIT);
  lcd.print(" Rupees");
}
void pulseLimit() {
  lcd.clear();
    15fa:	0e 94 7e 03 	call	0x6fc	; 0x6fc <LiquidCrystal::clear() [clone .constprop.47]>
/home/oggy/Documents/arduinoprojects/padright_v1.5.1/lcd.ino:187
  lcd.setCursor(0, 0);
    15fe:	60 e0       	ldi	r22, 0x00	; 0
    1600:	80 e0       	ldi	r24, 0x00	; 0
    1602:	0e 94 27 04 	call	0x84e	; 0x84e <LiquidCrystal::setCursor(unsigned char, unsigned char) [clone .constprop.24]>
/home/oggy/Documents/arduinoprojects/padright_v1.5.1/lcd.ino:188
  lcd.print("Set Pulse For");
    1606:	83 e9       	ldi	r24, 0x93	; 147
    1608:	91 e0       	ldi	r25, 0x01	; 1
    160a:	0e 94 be 0a 	call	0x157c	; 0x157c <Print::print(char const*) [clone .constprop.41]>
/home/oggy/Documents/arduinoprojects/padright_v1.5.1/lcd.ino:189
  lcd.setCursor(0, 1);
    160e:	61 e0       	ldi	r22, 0x01	; 1
    1610:	80 e0       	ldi	r24, 0x00	; 0
    1612:	0e 94 27 04 	call	0x84e	; 0x84e <LiquidCrystal::setCursor(unsigned char, unsigned char) [clone .constprop.24]>
/home/oggy/Documents/arduinoprojects/padright_v1.5.1/lcd.ino:190
  lcd.print("RS.5: ");
    1616:	81 ea       	ldi	r24, 0xA1	; 161
    1618:	91 e0       	ldi	r25, 0x01	; 1
    161a:	0e 94 be 0a 	call	0x157c	; 0x157c <Print::print(char const*) [clone .constprop.41]>
/home/oggy/Documents/arduinoprojects/padright_v1.5.1/lcd.ino:192
  // enter number
  lcd.print(pulseForFiveRupeeNote);
    161e:	80 91 19 01 	lds	r24, 0x0119	; 0x800119 <pulseForFiveRupeeNote>
    1622:	90 91 1a 01 	lds	r25, 0x011A	; 0x80011a <pulseForFiveRupeeNote+0x1>
    1626:	0e 94 91 0a 	call	0x1522	; 0x1522 <Print::print(int, int) [clone .constprop.25]>
/home/oggy/Documents/arduinoprojects/padright_v1.5.1/lcd.ino:193
  if (pulseForFiveRupeeNote == availablePulses[0])
    162a:	80 91 19 01 	lds	r24, 0x0119	; 0x800119 <pulseForFiveRupeeNote>
    162e:	90 91 1a 01 	lds	r25, 0x011A	; 0x80011a <pulseForFiveRupeeNote+0x1>
    1632:	01 97       	sbiw	r24, 0x01	; 1
    1634:	21 f4       	brne	.+8      	; 0x163e <pulseLimit()+0x44>
/home/oggy/Documents/arduinoprojects/padright_v1.5.1/lcd.ino:194
    lcd.print(" Pulse");
    1636:	88 ea       	ldi	r24, 0xA8	; 168
    1638:	91 e0       	ldi	r25, 0x01	; 1
/home/oggy/Documents/arduinoprojects/padright_v1.5.1/lcd.ino:196
  else
    lcd.print(" Pulses");
    163a:	0c 94 be 0a 	jmp	0x157c	; 0x157c <Print::print(char const*) [clone .constprop.41]>
    163e:	8f ea       	ldi	r24, 0xAF	; 175
    1640:	91 e0       	ldi	r25, 0x01	; 1
    1642:	fb cf       	rjmp	.-10     	; 0x163a <pulseLimit()+0x40>

00001644 <cashLimit()>:
cashLimit():
/home/oggy/Documents/arduinoprojects/padright_v1.5.1/lcd.ino:177
  // enter number
  lcd.print(cashWaitTime / 1000);
  lcd.print(" Sec");
}
void cashLimit() {
  lcd.clear();
    1644:	0e 94 7e 03 	call	0x6fc	; 0x6fc <LiquidCrystal::clear() [clone .constprop.47]>
/home/oggy/Documents/arduinoprojects/padright_v1.5.1/lcd.ino:178
  lcd.setCursor(0, 0);
    1648:	60 e0       	ldi	r22, 0x00	; 0
    164a:	80 e0       	ldi	r24, 0x00	; 0
    164c:	0e 94 27 04 	call	0x84e	; 0x84e <LiquidCrystal::setCursor(unsigned char, unsigned char) [clone .constprop.24]>
/home/oggy/Documents/arduinoprojects/padright_v1.5.1/lcd.ino:179
  lcd.print("Set Cash Limit");
    1650:	87 eb       	ldi	r24, 0xB7	; 183
    1652:	91 e0       	ldi	r25, 0x01	; 1
    1654:	0e 94 be 0a 	call	0x157c	; 0x157c <Print::print(char const*) [clone .constprop.41]>
/home/oggy/Documents/arduinoprojects/padright_v1.5.1/lcd.ino:180
  lcd.setCursor(0, 1);
    1658:	61 e0       	ldi	r22, 0x01	; 1
    165a:	80 e0       	ldi	r24, 0x00	; 0
    165c:	0e 94 27 04 	call	0x84e	; 0x84e <LiquidCrystal::setCursor(unsigned char, unsigned char) [clone .constprop.24]>
/home/oggy/Documents/arduinoprojects/padright_v1.5.1/lcd.ino:182
  // enter number
  lcd.print(CASH_LIMIT);
    1660:	80 91 15 01 	lds	r24, 0x0115	; 0x800115 <CASH_LIMIT>
    1664:	90 91 16 01 	lds	r25, 0x0116	; 0x800116 <CASH_LIMIT+0x1>
    1668:	0e 94 91 0a 	call	0x1522	; 0x1522 <Print::print(int, int) [clone .constprop.25]>
/home/oggy/Documents/arduinoprojects/padright_v1.5.1/lcd.ino:183
  lcd.print(" Rupees");
    166c:	86 ec       	ldi	r24, 0xC6	; 198
    166e:	91 e0       	ldi	r25, 0x01	; 1
    1670:	0c 94 be 0a 	jmp	0x157c	; 0x157c <Print::print(char const*) [clone .constprop.41]>

00001674 <cashWait()>:
cashWait():
/home/oggy/Documents/arduinoprojects/padright_v1.5.1/lcd.ino:168
  } else if (mType == CASH_MACHINE) {
    lcd.print("Cash / Coin");
  }
}
void cashWait() {
  lcd.clear();
    1674:	0e 94 7e 03 	call	0x6fc	; 0x6fc <LiquidCrystal::clear() [clone .constprop.47]>
/home/oggy/Documents/arduinoprojects/padright_v1.5.1/lcd.ino:169
  lcd.setCursor(0, 0);
    1678:	60 e0       	ldi	r22, 0x00	; 0
    167a:	80 e0       	ldi	r24, 0x00	; 0
    167c:	0e 94 27 04 	call	0x84e	; 0x84e <LiquidCrystal::setCursor(unsigned char, unsigned char) [clone .constprop.24]>
/home/oggy/Documents/arduinoprojects/padright_v1.5.1/lcd.ino:170
  lcd.print("Cash Wait Time");
    1680:	8e ec       	ldi	r24, 0xCE	; 206
    1682:	91 e0       	ldi	r25, 0x01	; 1
    1684:	0e 94 be 0a 	call	0x157c	; 0x157c <Print::print(char const*) [clone .constprop.41]>
/home/oggy/Documents/arduinoprojects/padright_v1.5.1/lcd.ino:171
  lcd.setCursor(0, 1);
    1688:	61 e0       	ldi	r22, 0x01	; 1
    168a:	80 e0       	ldi	r24, 0x00	; 0
    168c:	0e 94 27 04 	call	0x84e	; 0x84e <LiquidCrystal::setCursor(unsigned char, unsigned char) [clone .constprop.24]>
/home/oggy/Documents/arduinoprojects/padright_v1.5.1/lcd.ino:173
  // enter number
  lcd.print(cashWaitTime / 1000);
    1690:	80 91 17 01 	lds	r24, 0x0117	; 0x800117 <cashWaitTime>
    1694:	90 91 18 01 	lds	r25, 0x0118	; 0x800118 <cashWaitTime+0x1>
    1698:	68 ee       	ldi	r22, 0xE8	; 232
    169a:	73 e0       	ldi	r23, 0x03	; 3
    169c:	0e 94 d2 20 	call	0x41a4	; 0x41a4 <__divmodhi4>
    16a0:	cb 01       	movw	r24, r22
    16a2:	0e 94 91 0a 	call	0x1522	; 0x1522 <Print::print(int, int) [clone .constprop.25]>
/home/oggy/Documents/arduinoprojects/padright_v1.5.1/lcd.ino:174
  lcd.print(" Sec");
    16a6:	8d ed       	ldi	r24, 0xDD	; 221
    16a8:	91 e0       	ldi	r25, 0x01	; 1
    16aa:	0c 94 be 0a 	jmp	0x157c	; 0x157c <Print::print(char const*) [clone .constprop.41]>

000016ae <machineType()>:
machineType():
/home/oggy/Documents/arduinoprojects/padright_v1.5.1/lcd.ino:156
  // enter number
  lcd.print(padAmount);
}
void machineType() {

  lcd.clear();
    16ae:	0e 94 7e 03 	call	0x6fc	; 0x6fc <LiquidCrystal::clear() [clone .constprop.47]>
/home/oggy/Documents/arduinoprojects/padright_v1.5.1/lcd.ino:157
  lcd.setCursor(0, 0);
    16b2:	60 e0       	ldi	r22, 0x00	; 0
    16b4:	80 e0       	ldi	r24, 0x00	; 0
    16b6:	0e 94 27 04 	call	0x84e	; 0x84e <LiquidCrystal::setCursor(unsigned char, unsigned char) [clone .constprop.24]>
/home/oggy/Documents/arduinoprojects/padright_v1.5.1/lcd.ino:158
  lcd.print("Machine Type");
    16ba:	82 ee       	ldi	r24, 0xE2	; 226
    16bc:	91 e0       	ldi	r25, 0x01	; 1
    16be:	0e 94 be 0a 	call	0x157c	; 0x157c <Print::print(char const*) [clone .constprop.41]>
/home/oggy/Documents/arduinoprojects/padright_v1.5.1/lcd.ino:159
  lcd.setCursor(0, 1);
    16c2:	61 e0       	ldi	r22, 0x01	; 1
    16c4:	80 e0       	ldi	r24, 0x00	; 0
    16c6:	0e 94 27 04 	call	0x84e	; 0x84e <LiquidCrystal::setCursor(unsigned char, unsigned char) [clone .constprop.24]>
/home/oggy/Documents/arduinoprojects/padright_v1.5.1/lcd.ino:161
  // enter number
  if (mType == RFID_MACHINE) {
    16ca:	80 91 1f 06 	lds	r24, 0x061F	; 0x80061f <mType>
    16ce:	81 11       	cpse	r24, r1
    16d0:	04 c0       	rjmp	.+8      	; 0x16da <machineType()+0x2c>
/home/oggy/Documents/arduinoprojects/padright_v1.5.1/lcd.ino:162
    lcd.print("RFID");
    16d2:	8f ee       	ldi	r24, 0xEF	; 239
    16d4:	91 e0       	ldi	r25, 0x01	; 1
/home/oggy/Documents/arduinoprojects/padright_v1.5.1/lcd.ino:164
  } else if (mType == CASH_MACHINE) {
    lcd.print("Cash / Coin");
    16d6:	0c 94 be 0a 	jmp	0x157c	; 0x157c <Print::print(char const*) [clone .constprop.41]>
/home/oggy/Documents/arduinoprojects/padright_v1.5.1/lcd.ino:163
  lcd.print("Machine Type");
  lcd.setCursor(0, 1);
  // enter number
  if (mType == RFID_MACHINE) {
    lcd.print("RFID");
  } else if (mType == CASH_MACHINE) {
    16da:	81 30       	cpi	r24, 0x01	; 1
    16dc:	19 f4       	brne	.+6      	; 0x16e4 <machineType()+0x36>
/home/oggy/Documents/arduinoprojects/padright_v1.5.1/lcd.ino:164
    lcd.print("Cash / Coin");
    16de:	84 ef       	ldi	r24, 0xF4	; 244
    16e0:	91 e0       	ldi	r25, 0x01	; 1
    16e2:	f9 cf       	rjmp	.-14     	; 0x16d6 <machineType()+0x28>
/home/oggy/Documents/arduinoprojects/padright_v1.5.1/lcd.ino:166
  }
}
    16e4:	08 95       	ret

000016e6 <batchWrite()>:
batchWrite():
/home/oggy/Documents/arduinoprojects/padright_v1.5.1/lcd.ino:147
      break;
  }
}

void batchWrite() {
  lcd.clear();
    16e6:	0e 94 7e 03 	call	0x6fc	; 0x6fc <LiquidCrystal::clear() [clone .constprop.47]>
/home/oggy/Documents/arduinoprojects/padright_v1.5.1/lcd.ino:148
  lcd.setCursor(0, 0);
    16ea:	60 e0       	ldi	r22, 0x00	; 0
    16ec:	80 e0       	ldi	r24, 0x00	; 0
    16ee:	0e 94 27 04 	call	0x84e	; 0x84e <LiquidCrystal::setCursor(unsigned char, unsigned char) [clone .constprop.24]>
/home/oggy/Documents/arduinoprojects/padright_v1.5.1/lcd.ino:149
  lcd.print("Pad Amount");
    16f2:	8a e7       	ldi	r24, 0x7A	; 122
    16f4:	94 e0       	ldi	r25, 0x04	; 4
    16f6:	0e 94 be 0a 	call	0x157c	; 0x157c <Print::print(char const*) [clone .constprop.41]>
/home/oggy/Documents/arduinoprojects/padright_v1.5.1/lcd.ino:150
  lcd.setCursor(0, 1);
    16fa:	61 e0       	ldi	r22, 0x01	; 1
    16fc:	80 e0       	ldi	r24, 0x00	; 0
    16fe:	0e 94 27 04 	call	0x84e	; 0x84e <LiquidCrystal::setCursor(unsigned char, unsigned char) [clone .constprop.24]>
/home/oggy/Documents/arduinoprojects/padright_v1.5.1/lcd.ino:152
  // enter number
  lcd.print(padAmount);
    1702:	80 91 0f 01 	lds	r24, 0x010F	; 0x80010f <padAmount>
    1706:	90 91 10 01 	lds	r25, 0x0110	; 0x800110 <padAmount+0x1>
    170a:	0c 94 91 0a 	jmp	0x1522	; 0x1522 <Print::print(int, int) [clone .constprop.25]>

0000170e <menu()>:
menu():
/home/oggy/Documents/arduinoprojects/padright_v1.5.1/lcd.ino:133
      break;
  }
}

void menu() {
  switch (state) {
    170e:	80 91 1d 06 	lds	r24, 0x061D	; 0x80061d <state>
    1712:	90 91 1e 06 	lds	r25, 0x061E	; 0x80061e <state+0x1>
    1716:	00 97       	sbiw	r24, 0x00	; 0
    1718:	19 f0       	breq	.+6      	; 0x1720 <menu()+0x12>
    171a:	01 97       	sbiw	r24, 0x01	; 1
    171c:	71 f0       	breq	.+28     	; 0x173a <menu()+0x2c>
    171e:	08 95       	ret
homePage():
/home/oggy/Documents/arduinoprojects/padright_v1.5.1/lcd.ino:17
  lcd.print("Pad Vending");
  delay(2000);
  homePage();
}
void homePage() {
  if (changeDone == true) {
    1720:	80 91 13 01 	lds	r24, 0x0113	; 0x800113 <changeDone>
    1724:	81 11       	cpse	r24, r1
    1726:	0e 94 c3 0a 	call	0x1586	; 0x1586 <homePage() [clone .part.3]>
menu():
/home/oggy/Documents/arduinoprojects/padright_v1.5.1/lcd.ino:136

void menu() {
  switch (state) {
    case 0:
      homePage();
      topMenuPosition = 0;
    172a:	10 92 f6 05 	sts	0x05F6, r1	; 0x8005f6 <topMenuPosition+0x1>
    172e:	10 92 f5 05 	sts	0x05F5, r1	; 0x8005f5 <topMenuPosition>
/home/oggy/Documents/arduinoprojects/padright_v1.5.1/lcd.ino:137
      status = 'n';
    1732:	8e e6       	ldi	r24, 0x6E	; 110
    1734:	80 93 14 01 	sts	0x0114, r24	; 0x800114 <status>
    1738:	08 95       	ret
/home/oggy/Documents/arduinoprojects/padright_v1.5.1/lcd.ino:140
      break;
    case 1:
      if (makeChange)
    173a:	80 91 f7 05 	lds	r24, 0x05F7	; 0x8005f7 <makeChange>
    173e:	88 23       	and	r24, r24
    1740:	09 f4       	brne	.+2      	; 0x1744 <menu()+0x36>
    1742:	12 c1       	rjmp	.+548    	; 0x1968 <menu()+0x25a>
topMenu():
/home/oggy/Documents/arduinoprojects/padright_v1.5.1/lcd.ino:32
    changeDone = false;
  }
}

void topMenu() {
  switch (topMenuPosition) {
    1744:	e0 91 f5 05 	lds	r30, 0x05F5	; 0x8005f5 <topMenuPosition>
    1748:	f0 91 f6 05 	lds	r31, 0x05F6	; 0x8005f6 <topMenuPosition+0x1>
    174c:	e8 30       	cpi	r30, 0x08	; 8
    174e:	f1 05       	cpc	r31, r1
    1750:	08 f0       	brcs	.+2      	; 0x1754 <menu()+0x46>
    1752:	0a c1       	rjmp	.+532    	; 0x1968 <menu()+0x25a>
    1754:	e2 55       	subi	r30, 0x52	; 82
    1756:	f4 4f       	sbci	r31, 0xF4	; 244
    1758:	0c 94 08 21 	jmp	0x4210	; 0x4210 <__tablejump2__>
    175c:	b6 0b       	sbc	r27, r22
    175e:	d1 0b       	sbc	r29, r17
    1760:	e5 0b       	sbc	r30, r21
    1762:	ff 0b       	sbc	r31, r31
    1764:	19 0c       	add	r1, r9
    1766:	51 0c       	add	r5, r1
    1768:	78 0c       	add	r7, r8
    176a:	96 0c       	add	r9, r6
/home/oggy/Documents/arduinoprojects/padright_v1.5.1/lcd.ino:34
    case 0:
      lcd.clear();
    176c:	0e 94 7e 03 	call	0x6fc	; 0x6fc <LiquidCrystal::clear() [clone .constprop.47]>
/home/oggy/Documents/arduinoprojects/padright_v1.5.1/lcd.ino:35
      lcd.setCursor(0, 0);
    1770:	60 e0       	ldi	r22, 0x00	; 0
    1772:	80 e0       	ldi	r24, 0x00	; 0
    1774:	0e 94 27 04 	call	0x84e	; 0x84e <LiquidCrystal::setCursor(unsigned char, unsigned char) [clone .constprop.24]>
/home/oggy/Documents/arduinoprojects/padright_v1.5.1/lcd.ino:36
      lcd.write((byte)0);
    1778:	60 e0       	ldi	r22, 0x00	; 0
    177a:	84 ef       	ldi	r24, 0xF4	; 244
    177c:	96 e0       	ldi	r25, 0x06	; 6
    177e:	0e 94 36 04 	call	0x86c	; 0x86c <LiquidCrystal::write(unsigned char)>
/home/oggy/Documents/arduinoprojects/padright_v1.5.1/lcd.ino:37
      lcd.setCursor(2, 0);
    1782:	60 e0       	ldi	r22, 0x00	; 0
    1784:	82 e0       	ldi	r24, 0x02	; 2
    1786:	0e 94 27 04 	call	0x84e	; 0x84e <LiquidCrystal::setCursor(unsigned char, unsigned char) [clone .constprop.24]>
/home/oggy/Documents/arduinoprojects/padright_v1.5.1/lcd.ino:38
      lcd.print("Pads In Rack");
    178a:	80 e0       	ldi	r24, 0x00	; 0
    178c:	92 e0       	ldi	r25, 0x02	; 2
    178e:	0e 94 be 0a 	call	0x157c	; 0x157c <Print::print(char const*) [clone .constprop.41]>
/home/oggy/Documents/arduinoprojects/padright_v1.5.1/lcd.ino:48
      lcd.clear();
      lcd.setCursor(2, 0);
      lcd.print("Pads In Rack");
      lcd.setCursor(0, 1);
      lcd.write((byte)0);
      lcd.setCursor(2, 1);
    1792:	61 e0       	ldi	r22, 0x01	; 1
    1794:	82 e0       	ldi	r24, 0x02	; 2
    1796:	0e 94 27 04 	call	0x84e	; 0x84e <LiquidCrystal::setCursor(unsigned char, unsigned char) [clone .constprop.24]>
/home/oggy/Documents/arduinoprojects/padright_v1.5.1/lcd.ino:49
      lcd.print("Fill All Rack");
    179a:	8d e0       	ldi	r24, 0x0D	; 13
    179c:	92 e0       	ldi	r25, 0x02	; 2
/home/oggy/Documents/arduinoprojects/padright_v1.5.1/lcd.ino:126
        lcd.setCursor(2, 0);
        lcd.print("Pulse Setting");
        lcd.setCursor(0, 1);
        lcd.write((byte)0);
        lcd.setCursor(2, 1);
        lcd.print("Cash Wait Time");
    179e:	0c 94 be 0a 	jmp	0x157c	; 0x157c <Print::print(char const*) [clone .constprop.41]>
/home/oggy/Documents/arduinoprojects/padright_v1.5.1/lcd.ino:43
      lcd.print("Pads In Rack");
      lcd.setCursor(2, 1);
      lcd.print("Fill All Rack");
      break;
    case 1:
      lcd.clear();
    17a2:	0e 94 7e 03 	call	0x6fc	; 0x6fc <LiquidCrystal::clear() [clone .constprop.47]>
/home/oggy/Documents/arduinoprojects/padright_v1.5.1/lcd.ino:44
      lcd.setCursor(2, 0);
    17a6:	60 e0       	ldi	r22, 0x00	; 0
    17a8:	82 e0       	ldi	r24, 0x02	; 2
    17aa:	0e 94 27 04 	call	0x84e	; 0x84e <LiquidCrystal::setCursor(unsigned char, unsigned char) [clone .constprop.24]>
/home/oggy/Documents/arduinoprojects/padright_v1.5.1/lcd.ino:45
      lcd.print("Pads In Rack");
    17ae:	80 e0       	ldi	r24, 0x00	; 0
    17b0:	92 e0       	ldi	r25, 0x02	; 2
    17b2:	0e 94 be 0a 	call	0x157c	; 0x157c <Print::print(char const*) [clone .constprop.41]>
/home/oggy/Documents/arduinoprojects/padright_v1.5.1/lcd.ino:46
      lcd.setCursor(0, 1);
    17b6:	61 e0       	ldi	r22, 0x01	; 1
    17b8:	80 e0       	ldi	r24, 0x00	; 0
    17ba:	0e 94 27 04 	call	0x84e	; 0x84e <LiquidCrystal::setCursor(unsigned char, unsigned char) [clone .constprop.24]>
/home/oggy/Documents/arduinoprojects/padright_v1.5.1/lcd.ino:47
      lcd.write((byte)0);
    17be:	60 e0       	ldi	r22, 0x00	; 0
    17c0:	84 ef       	ldi	r24, 0xF4	; 244
    17c2:	96 e0       	ldi	r25, 0x06	; 6
    17c4:	0e 94 36 04 	call	0x86c	; 0x86c <LiquidCrystal::write(unsigned char)>
    17c8:	e4 cf       	rjmp	.-56     	; 0x1792 <menu()+0x84>
/home/oggy/Documents/arduinoprojects/padright_v1.5.1/lcd.ino:52
      lcd.setCursor(2, 1);
      lcd.print("Fill All Rack");
      break;
    case 2:
      lcd.clear();
    17ca:	0e 94 7e 03 	call	0x6fc	; 0x6fc <LiquidCrystal::clear() [clone .constprop.47]>
/home/oggy/Documents/arduinoprojects/padright_v1.5.1/lcd.ino:53
      lcd.setCursor(2, 0);
    17ce:	60 e0       	ldi	r22, 0x00	; 0
    17d0:	82 e0       	ldi	r24, 0x02	; 2
    17d2:	0e 94 27 04 	call	0x84e	; 0x84e <LiquidCrystal::setCursor(unsigned char, unsigned char) [clone .constprop.24]>
/home/oggy/Documents/arduinoprojects/padright_v1.5.1/lcd.ino:54
      lcd.print("Fill All Rack");
    17d6:	8d e0       	ldi	r24, 0x0D	; 13
    17d8:	92 e0       	ldi	r25, 0x02	; 2
    17da:	0e 94 be 0a 	call	0x157c	; 0x157c <Print::print(char const*) [clone .constprop.41]>
/home/oggy/Documents/arduinoprojects/padright_v1.5.1/lcd.ino:55
      lcd.setCursor(0, 1);
    17de:	61 e0       	ldi	r22, 0x01	; 1
    17e0:	80 e0       	ldi	r24, 0x00	; 0
    17e2:	0e 94 27 04 	call	0x84e	; 0x84e <LiquidCrystal::setCursor(unsigned char, unsigned char) [clone .constprop.24]>
/home/oggy/Documents/arduinoprojects/padright_v1.5.1/lcd.ino:56
      lcd.write((byte)0);
    17e6:	60 e0       	ldi	r22, 0x00	; 0
    17e8:	84 ef       	ldi	r24, 0xF4	; 244
    17ea:	96 e0       	ldi	r25, 0x06	; 6
    17ec:	0e 94 36 04 	call	0x86c	; 0x86c <LiquidCrystal::write(unsigned char)>
/home/oggy/Documents/arduinoprojects/padright_v1.5.1/lcd.ino:57
      lcd.setCursor(2, 1);
    17f0:	61 e0       	ldi	r22, 0x01	; 1
    17f2:	82 e0       	ldi	r24, 0x02	; 2
    17f4:	0e 94 27 04 	call	0x84e	; 0x84e <LiquidCrystal::setCursor(unsigned char, unsigned char) [clone .constprop.24]>
/home/oggy/Documents/arduinoprojects/padright_v1.5.1/lcd.ino:58
      lcd.print("Total Racks");
    17f8:	8b e1       	ldi	r24, 0x1B	; 27
    17fa:	92 e0       	ldi	r25, 0x02	; 2
    17fc:	d0 cf       	rjmp	.-96     	; 0x179e <menu()+0x90>
/home/oggy/Documents/arduinoprojects/padright_v1.5.1/lcd.ino:61
      break;
    case 3:
      lcd.clear();
    17fe:	0e 94 7e 03 	call	0x6fc	; 0x6fc <LiquidCrystal::clear() [clone .constprop.47]>
/home/oggy/Documents/arduinoprojects/padright_v1.5.1/lcd.ino:62
      lcd.setCursor(2, 0);
    1802:	60 e0       	ldi	r22, 0x00	; 0
    1804:	82 e0       	ldi	r24, 0x02	; 2
    1806:	0e 94 27 04 	call	0x84e	; 0x84e <LiquidCrystal::setCursor(unsigned char, unsigned char) [clone .constprop.24]>
/home/oggy/Documents/arduinoprojects/padright_v1.5.1/lcd.ino:63
      lcd.print("Total Racks");
    180a:	8b e1       	ldi	r24, 0x1B	; 27
    180c:	92 e0       	ldi	r25, 0x02	; 2
    180e:	0e 94 be 0a 	call	0x157c	; 0x157c <Print::print(char const*) [clone .constprop.41]>
/home/oggy/Documents/arduinoprojects/padright_v1.5.1/lcd.ino:64
      lcd.setCursor(0, 1);
    1812:	61 e0       	ldi	r22, 0x01	; 1
    1814:	80 e0       	ldi	r24, 0x00	; 0
    1816:	0e 94 27 04 	call	0x84e	; 0x84e <LiquidCrystal::setCursor(unsigned char, unsigned char) [clone .constprop.24]>
/home/oggy/Documents/arduinoprojects/padright_v1.5.1/lcd.ino:65
      lcd.write((byte)0);
    181a:	60 e0       	ldi	r22, 0x00	; 0
    181c:	84 ef       	ldi	r24, 0xF4	; 244
    181e:	96 e0       	ldi	r25, 0x06	; 6
    1820:	0e 94 36 04 	call	0x86c	; 0x86c <LiquidCrystal::write(unsigned char)>
/home/oggy/Documents/arduinoprojects/padright_v1.5.1/lcd.ino:66
      lcd.setCursor(2, 1);
    1824:	61 e0       	ldi	r22, 0x01	; 1
    1826:	82 e0       	ldi	r24, 0x02	; 2
    1828:	0e 94 27 04 	call	0x84e	; 0x84e <LiquidCrystal::setCursor(unsigned char, unsigned char) [clone .constprop.24]>
/home/oggy/Documents/arduinoprojects/padright_v1.5.1/lcd.ino:67
      lcd.print("Motor Time");
    182c:	87 e2       	ldi	r24, 0x27	; 39
    182e:	92 e0       	ldi	r25, 0x02	; 2
    1830:	b6 cf       	rjmp	.-148    	; 0x179e <menu()+0x90>
/home/oggy/Documents/arduinoprojects/padright_v1.5.1/lcd.ino:70
      break;
    case 4:
      if (mType == CASH_MACHINE) {
    1832:	80 91 1f 06 	lds	r24, 0x061F	; 0x80061f <mType>
    1836:	81 30       	cpi	r24, 0x01	; 1
    1838:	d1 f4       	brne	.+52     	; 0x186e <menu()+0x160>
/home/oggy/Documents/arduinoprojects/padright_v1.5.1/lcd.ino:71
        lcd.clear();
    183a:	0e 94 7e 03 	call	0x6fc	; 0x6fc <LiquidCrystal::clear() [clone .constprop.47]>
/home/oggy/Documents/arduinoprojects/padright_v1.5.1/lcd.ino:72
        lcd.setCursor(2, 0);
    183e:	60 e0       	ldi	r22, 0x00	; 0
    1840:	82 e0       	ldi	r24, 0x02	; 2
    1842:	0e 94 27 04 	call	0x84e	; 0x84e <LiquidCrystal::setCursor(unsigned char, unsigned char) [clone .constprop.24]>
/home/oggy/Documents/arduinoprojects/padright_v1.5.1/lcd.ino:73
        lcd.print("Motor Time");
    1846:	87 e2       	ldi	r24, 0x27	; 39
    1848:	92 e0       	ldi	r25, 0x02	; 2
/home/oggy/Documents/arduinoprojects/padright_v1.5.1/lcd.ino:92
      break;
    case 5:
      if (mType == RFID_MACHINE) {
        lcd.clear();
        lcd.setCursor(2, 0);
        lcd.print("Batch Write");
    184a:	0e 94 be 0a 	call	0x157c	; 0x157c <Print::print(char const*) [clone .constprop.41]>
/home/oggy/Documents/arduinoprojects/padright_v1.5.1/lcd.ino:93
        lcd.setCursor(0, 1);
    184e:	61 e0       	ldi	r22, 0x01	; 1
    1850:	80 e0       	ldi	r24, 0x00	; 0
    1852:	0e 94 27 04 	call	0x84e	; 0x84e <LiquidCrystal::setCursor(unsigned char, unsigned char) [clone .constprop.24]>
/home/oggy/Documents/arduinoprojects/padright_v1.5.1/lcd.ino:94
        lcd.write((byte)0);
    1856:	60 e0       	ldi	r22, 0x00	; 0
    1858:	84 ef       	ldi	r24, 0xF4	; 244
    185a:	96 e0       	ldi	r25, 0x06	; 6
    185c:	0e 94 36 04 	call	0x86c	; 0x86c <LiquidCrystal::write(unsigned char)>
/home/oggy/Documents/arduinoprojects/padright_v1.5.1/lcd.ino:95
        lcd.setCursor(2, 1);
    1860:	61 e0       	ldi	r22, 0x01	; 1
    1862:	82 e0       	ldi	r24, 0x02	; 2
    1864:	0e 94 27 04 	call	0x84e	; 0x84e <LiquidCrystal::setCursor(unsigned char, unsigned char) [clone .constprop.24]>
/home/oggy/Documents/arduinoprojects/padright_v1.5.1/lcd.ino:96
        lcd.print("Machine Type");
    1868:	82 ee       	ldi	r24, 0xE2	; 226
    186a:	91 e0       	ldi	r25, 0x01	; 1
    186c:	98 cf       	rjmp	.-208    	; 0x179e <menu()+0x90>
/home/oggy/Documents/arduinoprojects/padright_v1.5.1/lcd.ino:79
        lcd.setCursor(0, 1);
        lcd.write((byte)0);
        lcd.setCursor(2, 1);
        lcd.print("Machine Type");
      } else {
        lcd.clear();
    186e:	0e 94 7e 03 	call	0x6fc	; 0x6fc <LiquidCrystal::clear() [clone .constprop.47]>
/home/oggy/Documents/arduinoprojects/padright_v1.5.1/lcd.ino:80
        lcd.setCursor(2, 0);
    1872:	60 e0       	ldi	r22, 0x00	; 0
    1874:	82 e0       	ldi	r24, 0x02	; 2
    1876:	0e 94 27 04 	call	0x84e	; 0x84e <LiquidCrystal::setCursor(unsigned char, unsigned char) [clone .constprop.24]>
/home/oggy/Documents/arduinoprojects/padright_v1.5.1/lcd.ino:81
        lcd.print("Motor Time");
    187a:	87 e2       	ldi	r24, 0x27	; 39
    187c:	92 e0       	ldi	r25, 0x02	; 2
    187e:	0e 94 be 0a 	call	0x157c	; 0x157c <Print::print(char const*) [clone .constprop.41]>
/home/oggy/Documents/arduinoprojects/padright_v1.5.1/lcd.ino:82
        lcd.setCursor(0, 1);
    1882:	61 e0       	ldi	r22, 0x01	; 1
    1884:	80 e0       	ldi	r24, 0x00	; 0
    1886:	0e 94 27 04 	call	0x84e	; 0x84e <LiquidCrystal::setCursor(unsigned char, unsigned char) [clone .constprop.24]>
/home/oggy/Documents/arduinoprojects/padright_v1.5.1/lcd.ino:83
        lcd.write((byte)0);
    188a:	60 e0       	ldi	r22, 0x00	; 0
    188c:	84 ef       	ldi	r24, 0xF4	; 244
    188e:	96 e0       	ldi	r25, 0x06	; 6
    1890:	0e 94 36 04 	call	0x86c	; 0x86c <LiquidCrystal::write(unsigned char)>
/home/oggy/Documents/arduinoprojects/padright_v1.5.1/lcd.ino:84
        lcd.setCursor(2, 1);
    1894:	61 e0       	ldi	r22, 0x01	; 1
    1896:	82 e0       	ldi	r24, 0x02	; 2
    1898:	0e 94 27 04 	call	0x84e	; 0x84e <LiquidCrystal::setCursor(unsigned char, unsigned char) [clone .constprop.24]>
/home/oggy/Documents/arduinoprojects/padright_v1.5.1/lcd.ino:85
        lcd.print("Batch Write");
    189c:	82 e3       	ldi	r24, 0x32	; 50
    189e:	92 e0       	ldi	r25, 0x02	; 2
    18a0:	7e cf       	rjmp	.-260    	; 0x179e <menu()+0x90>
/home/oggy/Documents/arduinoprojects/padright_v1.5.1/lcd.ino:89
      }
      break;
    case 5:
      if (mType == RFID_MACHINE) {
    18a2:	80 91 1f 06 	lds	r24, 0x061F	; 0x80061f <mType>
    18a6:	81 11       	cpse	r24, r1
    18a8:	09 c0       	rjmp	.+18     	; 0x18bc <menu()+0x1ae>
/home/oggy/Documents/arduinoprojects/padright_v1.5.1/lcd.ino:90
        lcd.clear();
    18aa:	0e 94 7e 03 	call	0x6fc	; 0x6fc <LiquidCrystal::clear() [clone .constprop.47]>
/home/oggy/Documents/arduinoprojects/padright_v1.5.1/lcd.ino:91
        lcd.setCursor(2, 0);
    18ae:	60 e0       	ldi	r22, 0x00	; 0
    18b0:	82 e0       	ldi	r24, 0x02	; 2
    18b2:	0e 94 27 04 	call	0x84e	; 0x84e <LiquidCrystal::setCursor(unsigned char, unsigned char) [clone .constprop.24]>
/home/oggy/Documents/arduinoprojects/padright_v1.5.1/lcd.ino:92
        lcd.print("Batch Write");
    18b6:	82 e3       	ldi	r24, 0x32	; 50
    18b8:	92 e0       	ldi	r25, 0x02	; 2
    18ba:	c7 cf       	rjmp	.-114    	; 0x184a <menu()+0x13c>
/home/oggy/Documents/arduinoprojects/padright_v1.5.1/lcd.ino:98
        lcd.setCursor(0, 1);
        lcd.write((byte)0);
        lcd.setCursor(2, 1);
        lcd.print("Machine Type");
      } else {
        lcd.clear();
    18bc:	0e 94 7e 03 	call	0x6fc	; 0x6fc <LiquidCrystal::clear() [clone .constprop.47]>
/home/oggy/Documents/arduinoprojects/padright_v1.5.1/lcd.ino:99
        lcd.setCursor(2, 0);
    18c0:	60 e0       	ldi	r22, 0x00	; 0
    18c2:	82 e0       	ldi	r24, 0x02	; 2
    18c4:	0e 94 27 04 	call	0x84e	; 0x84e <LiquidCrystal::setCursor(unsigned char, unsigned char) [clone .constprop.24]>
/home/oggy/Documents/arduinoprojects/padright_v1.5.1/lcd.ino:100
        lcd.print("Machine Type");
    18c8:	82 ee       	ldi	r24, 0xE2	; 226
    18ca:	91 e0       	ldi	r25, 0x01	; 1
    18cc:	0e 94 be 0a 	call	0x157c	; 0x157c <Print::print(char const*) [clone .constprop.41]>
/home/oggy/Documents/arduinoprojects/padright_v1.5.1/lcd.ino:101
        lcd.setCursor(0, 1);
    18d0:	61 e0       	ldi	r22, 0x01	; 1
    18d2:	80 e0       	ldi	r24, 0x00	; 0
    18d4:	0e 94 27 04 	call	0x84e	; 0x84e <LiquidCrystal::setCursor(unsigned char, unsigned char) [clone .constprop.24]>
/home/oggy/Documents/arduinoprojects/padright_v1.5.1/lcd.ino:102
        lcd.write((byte)0);
    18d8:	60 e0       	ldi	r22, 0x00	; 0
    18da:	84 ef       	ldi	r24, 0xF4	; 244
    18dc:	96 e0       	ldi	r25, 0x06	; 6
    18de:	0e 94 36 04 	call	0x86c	; 0x86c <LiquidCrystal::write(unsigned char)>
/home/oggy/Documents/arduinoprojects/padright_v1.5.1/lcd.ino:103
        lcd.setCursor(2, 1);
    18e2:	61 e0       	ldi	r22, 0x01	; 1
    18e4:	82 e0       	ldi	r24, 0x02	; 2
    18e6:	0e 94 27 04 	call	0x84e	; 0x84e <LiquidCrystal::setCursor(unsigned char, unsigned char) [clone .constprop.24]>
/home/oggy/Documents/arduinoprojects/padright_v1.5.1/lcd.ino:104
        lcd.print("Cash Limit");
    18ea:	8b eb       	ldi	r24, 0xBB	; 187
    18ec:	91 e0       	ldi	r25, 0x01	; 1
    18ee:	57 cf       	rjmp	.-338    	; 0x179e <menu()+0x90>
/home/oggy/Documents/arduinoprojects/padright_v1.5.1/lcd.ino:108
      }
      break;
    case 6:
      if (mType == CASH_MACHINE) {
    18f0:	80 91 1f 06 	lds	r24, 0x061F	; 0x80061f <mType>
    18f4:	81 30       	cpi	r24, 0x01	; 1
    18f6:	c1 f5       	brne	.+112    	; 0x1968 <menu()+0x25a>
/home/oggy/Documents/arduinoprojects/padright_v1.5.1/lcd.ino:109
        lcd.clear();
    18f8:	0e 94 7e 03 	call	0x6fc	; 0x6fc <LiquidCrystal::clear() [clone .constprop.47]>
/home/oggy/Documents/arduinoprojects/padright_v1.5.1/lcd.ino:110
        lcd.setCursor(2, 0);
    18fc:	60 e0       	ldi	r22, 0x00	; 0
    18fe:	82 e0       	ldi	r24, 0x02	; 2
    1900:	0e 94 27 04 	call	0x84e	; 0x84e <LiquidCrystal::setCursor(unsigned char, unsigned char) [clone .constprop.24]>
/home/oggy/Documents/arduinoprojects/padright_v1.5.1/lcd.ino:111
        lcd.print("Cash Limit");
    1904:	8b eb       	ldi	r24, 0xBB	; 187
    1906:	91 e0       	ldi	r25, 0x01	; 1
    1908:	0e 94 be 0a 	call	0x157c	; 0x157c <Print::print(char const*) [clone .constprop.41]>
/home/oggy/Documents/arduinoprojects/padright_v1.5.1/lcd.ino:112
        lcd.setCursor(0, 1);
    190c:	61 e0       	ldi	r22, 0x01	; 1
    190e:	80 e0       	ldi	r24, 0x00	; 0
    1910:	0e 94 27 04 	call	0x84e	; 0x84e <LiquidCrystal::setCursor(unsigned char, unsigned char) [clone .constprop.24]>
/home/oggy/Documents/arduinoprojects/padright_v1.5.1/lcd.ino:113
        lcd.write((byte)0);
    1914:	60 e0       	ldi	r22, 0x00	; 0
    1916:	84 ef       	ldi	r24, 0xF4	; 244
    1918:	96 e0       	ldi	r25, 0x06	; 6
    191a:	0e 94 36 04 	call	0x86c	; 0x86c <LiquidCrystal::write(unsigned char)>
/home/oggy/Documents/arduinoprojects/padright_v1.5.1/lcd.ino:114
        lcd.setCursor(2, 1);
    191e:	61 e0       	ldi	r22, 0x01	; 1
    1920:	82 e0       	ldi	r24, 0x02	; 2
    1922:	0e 94 27 04 	call	0x84e	; 0x84e <LiquidCrystal::setCursor(unsigned char, unsigned char) [clone .constprop.24]>
/home/oggy/Documents/arduinoprojects/padright_v1.5.1/lcd.ino:115
        lcd.print("Pulse Setting");
    1926:	8e e3       	ldi	r24, 0x3E	; 62
    1928:	92 e0       	ldi	r25, 0x02	; 2
    192a:	39 cf       	rjmp	.-398    	; 0x179e <menu()+0x90>
/home/oggy/Documents/arduinoprojects/padright_v1.5.1/lcd.ino:119
      }
      break;
    case 7:
      if (mType == CASH_MACHINE) {
    192c:	80 91 1f 06 	lds	r24, 0x061F	; 0x80061f <mType>
    1930:	81 30       	cpi	r24, 0x01	; 1
    1932:	d1 f4       	brne	.+52     	; 0x1968 <menu()+0x25a>
/home/oggy/Documents/arduinoprojects/padright_v1.5.1/lcd.ino:120
        lcd.clear();
    1934:	0e 94 7e 03 	call	0x6fc	; 0x6fc <LiquidCrystal::clear() [clone .constprop.47]>
/home/oggy/Documents/arduinoprojects/padright_v1.5.1/lcd.ino:121
        lcd.setCursor(2, 0);
    1938:	60 e0       	ldi	r22, 0x00	; 0
    193a:	82 e0       	ldi	r24, 0x02	; 2
    193c:	0e 94 27 04 	call	0x84e	; 0x84e <LiquidCrystal::setCursor(unsigned char, unsigned char) [clone .constprop.24]>
/home/oggy/Documents/arduinoprojects/padright_v1.5.1/lcd.ino:122
        lcd.print("Pulse Setting");
    1940:	8e e3       	ldi	r24, 0x3E	; 62
    1942:	92 e0       	ldi	r25, 0x02	; 2
    1944:	0e 94 be 0a 	call	0x157c	; 0x157c <Print::print(char const*) [clone .constprop.41]>
/home/oggy/Documents/arduinoprojects/padright_v1.5.1/lcd.ino:123
        lcd.setCursor(0, 1);
    1948:	61 e0       	ldi	r22, 0x01	; 1
    194a:	80 e0       	ldi	r24, 0x00	; 0
    194c:	0e 94 27 04 	call	0x84e	; 0x84e <LiquidCrystal::setCursor(unsigned char, unsigned char) [clone .constprop.24]>
/home/oggy/Documents/arduinoprojects/padright_v1.5.1/lcd.ino:124
        lcd.write((byte)0);
    1950:	60 e0       	ldi	r22, 0x00	; 0
    1952:	84 ef       	ldi	r24, 0xF4	; 244
    1954:	96 e0       	ldi	r25, 0x06	; 6
    1956:	0e 94 36 04 	call	0x86c	; 0x86c <LiquidCrystal::write(unsigned char)>
/home/oggy/Documents/arduinoprojects/padright_v1.5.1/lcd.ino:125
        lcd.setCursor(2, 1);
    195a:	61 e0       	ldi	r22, 0x01	; 1
    195c:	82 e0       	ldi	r24, 0x02	; 2
    195e:	0e 94 27 04 	call	0x84e	; 0x84e <LiquidCrystal::setCursor(unsigned char, unsigned char) [clone .constprop.24]>
/home/oggy/Documents/arduinoprojects/padright_v1.5.1/lcd.ino:126
        lcd.print("Cash Wait Time");
    1962:	8e ec       	ldi	r24, 0xCE	; 206
    1964:	91 e0       	ldi	r25, 0x01	; 1
    1966:	1b cf       	rjmp	.-458    	; 0x179e <menu()+0x90>
menu():
/home/oggy/Documents/arduinoprojects/padright_v1.5.1/lcd.ino:144
    case 1:
      if (makeChange)
        topMenu();
      break;
  }
}
    1968:	08 95       	ret

0000196a <motorTime()>:
motorTime():
/home/oggy/Documents/arduinoprojects/padright_v1.5.1/padright_v1.5.1.ino:505
  menu();
  makeChange = false;
}

void motorTime() {
  lcd.clear();
    196a:	0e 94 7e 03 	call	0x6fc	; 0x6fc <LiquidCrystal::clear() [clone .constprop.47]>
/home/oggy/Documents/arduinoprojects/padright_v1.5.1/padright_v1.5.1.ino:506
  lcd.setCursor(0, 0);
    196e:	60 e0       	ldi	r22, 0x00	; 0
    1970:	80 e0       	ldi	r24, 0x00	; 0
    1972:	0e 94 27 04 	call	0x84e	; 0x84e <LiquidCrystal::setCursor(unsigned char, unsigned char) [clone .constprop.24]>
/home/oggy/Documents/arduinoprojects/padright_v1.5.1/padright_v1.5.1.ino:507
  lcd.print("Motor Time (ms)");
    1976:	8c e4       	ldi	r24, 0x4C	; 76
    1978:	92 e0       	ldi	r25, 0x02	; 2
    197a:	0e 94 be 0a 	call	0x157c	; 0x157c <Print::print(char const*) [clone .constprop.41]>
/home/oggy/Documents/arduinoprojects/padright_v1.5.1/padright_v1.5.1.ino:508
  lcd.setCursor(0, 1);
    197e:	61 e0       	ldi	r22, 0x01	; 1
    1980:	80 e0       	ldi	r24, 0x00	; 0
    1982:	0e 94 27 04 	call	0x84e	; 0x84e <LiquidCrystal::setCursor(unsigned char, unsigned char) [clone .constprop.24]>
/home/oggy/Documents/arduinoprojects/padright_v1.5.1/padright_v1.5.1.ino:510
  // enter number
  lcd.print(motorTimeVariable);
    1986:	80 91 0c 01 	lds	r24, 0x010C	; 0x80010c <motorTimeVariable>
    198a:	90 91 0d 01 	lds	r25, 0x010D	; 0x80010d <motorTimeVariable+0x1>
    198e:	0c 94 91 0a 	jmp	0x1522	; 0x1522 <Print::print(int, int) [clone .constprop.25]>

00001992 <Print::println(char const*) [clone .constprop.21]>:
println():
/home/oggy/.arduino15/packages/MiniCore/hardware/avr/3.1.1/cores/MCUdude_corefiles/Print.cpp:138
  size_t n = print(s);
  n += println();
  return n;
}

size_t Print::println(const char c[])
    1992:	cf 93       	push	r28
    1994:	df 93       	push	r29
write():
    1996:	bc 01       	movw	r22, r24
    1998:	8f e3       	ldi	r24, 0x3F	; 63
    199a:	96 e0       	ldi	r25, 0x06	; 6
    199c:	0e 94 36 0a 	call	0x146c	; 0x146c <Print::write(char const*) [clone .part.2]>
    19a0:	ec 01       	movw	r28, r24
    19a2:	6c e5       	ldi	r22, 0x5C	; 92
    19a4:	72 e0       	ldi	r23, 0x02	; 2
    19a6:	8f e3       	ldi	r24, 0x3F	; 63
    19a8:	96 e0       	ldi	r25, 0x06	; 6
    19aa:	0e 94 36 0a 	call	0x146c	; 0x146c <Print::write(char const*) [clone .part.2]>
println():
/home/oggy/.arduino15/packages/MiniCore/hardware/avr/3.1.1/cores/MCUdude_corefiles/Print.cpp:143
{
  size_t n = print(c);
  n += println();
  return n;
}
    19ae:	8c 0f       	add	r24, r28
    19b0:	9d 1f       	adc	r25, r29
    19b2:	df 91       	pop	r29
    19b4:	cf 91       	pop	r28
    19b6:	08 95       	ret

000019b8 <unsigned char& EEPROMClass::get<unsigned char>(int, unsigned char&) [clone .isra.11]>:
_ZN11EEPROMClass3getIhEERT_iS2_.isra.11():
/home/oggy/.arduino15/packages/MiniCore/hardware/avr/3.1.1/libraries/EEPROM/src/EEPROM.h:130
    EEPtr begin()                        { return 0x00; }
    EEPtr end()                          { return length(); } //Standards requires this to be the item after the last valid entry. The returned pointer is invalid.
    uint16_t length()                    { return E2END + 1; }
    
    //Functionality to 'get' and 'put' objects to and from EEPROM.
    template< typename T > T &get( int idx, T &t ){
    19b8:	cf 93       	push	r28
    19ba:	df 93       	push	r29
    19bc:	eb 01       	movw	r28, r22
operator*():
/home/oggy/.arduino15/packages/MiniCore/hardware/avr/3.1.1/libraries/EEPROM/src/EEPROM.h:42

    EERef( const int index )
        : index( index )                 {}
    
    //Access/read members.
    uint8_t operator*() const            { return eeprom_read_byte( (uint8_t*) index ); }
    19be:	0e 94 dd 1f 	call	0x3fba	; 0x3fba <eeprom_read_byte>
_ZN11EEPROMClass3getIhEERT_iS2_.isra.11():
/home/oggy/.arduino15/packages/MiniCore/hardware/avr/3.1.1/libraries/EEPROM/src/EEPROM.h:133
    
    //Functionality to 'get' and 'put' objects to and from EEPROM.
    template< typename T > T &get( int idx, T &t ){
        EEPtr e = idx;
        uint8_t *ptr = (uint8_t*) &t;
        for( int count = sizeof(T) ; count ; --count, ++e )  *ptr++ = *e;
    19c2:	88 83       	st	Y, r24
/home/oggy/.arduino15/packages/MiniCore/hardware/avr/3.1.1/libraries/EEPROM/src/EEPROM.h:135
        return t;
    }
    19c4:	ce 01       	movw	r24, r28
    19c6:	df 91       	pop	r29
    19c8:	cf 91       	pop	r28
    19ca:	08 95       	ret

000019cc <int& EEPROMClass::get<int>(int, int&) [clone .isra.10]>:
_ZN11EEPROMClass3getIiEERT_iS2_.isra.10():
/home/oggy/.arduino15/packages/MiniCore/hardware/avr/3.1.1/libraries/EEPROM/src/EEPROM.h:130
    EEPtr begin()                        { return 0x00; }
    EEPtr end()                          { return length(); } //Standards requires this to be the item after the last valid entry. The returned pointer is invalid.
    uint16_t length()                    { return E2END + 1; }
    
    //Functionality to 'get' and 'put' objects to and from EEPROM.
    template< typename T > T &get( int idx, T &t ){
    19cc:	0f 93       	push	r16
    19ce:	1f 93       	push	r17
    19d0:	cf 93       	push	r28
    19d2:	df 93       	push	r29
    19d4:	8c 01       	movw	r16, r24
    19d6:	eb 01       	movw	r28, r22
operator*():
/home/oggy/.arduino15/packages/MiniCore/hardware/avr/3.1.1/libraries/EEPROM/src/EEPROM.h:42

    EERef( const int index )
        : index( index )                 {}
    
    //Access/read members.
    uint8_t operator*() const            { return eeprom_read_byte( (uint8_t*) index ); }
    19d8:	0e 94 dd 1f 	call	0x3fba	; 0x3fba <eeprom_read_byte>
_ZN11EEPROMClass3getIiEERT_iS2_.isra.10():
/home/oggy/.arduino15/packages/MiniCore/hardware/avr/3.1.1/libraries/EEPROM/src/EEPROM.h:133
    
    //Functionality to 'get' and 'put' objects to and from EEPROM.
    template< typename T > T &get( int idx, T &t ){
        EEPtr e = idx;
        uint8_t *ptr = (uint8_t*) &t;
        for( int count = sizeof(T) ; count ; --count, ++e )  *ptr++ = *e;
    19dc:	88 83       	st	Y, r24
operator*():
/home/oggy/.arduino15/packages/MiniCore/hardware/avr/3.1.1/libraries/EEPROM/src/EEPROM.h:42

    EERef( const int index )
        : index( index )                 {}
    
    //Access/read members.
    uint8_t operator*() const            { return eeprom_read_byte( (uint8_t*) index ); }
    19de:	c8 01       	movw	r24, r16
    19e0:	01 96       	adiw	r24, 0x01	; 1
    19e2:	0e 94 dd 1f 	call	0x3fba	; 0x3fba <eeprom_read_byte>
_ZN11EEPROMClass3getIiEERT_iS2_.isra.10():
/home/oggy/.arduino15/packages/MiniCore/hardware/avr/3.1.1/libraries/EEPROM/src/EEPROM.h:133
    
    //Functionality to 'get' and 'put' objects to and from EEPROM.
    template< typename T > T &get( int idx, T &t ){
        EEPtr e = idx;
        uint8_t *ptr = (uint8_t*) &t;
        for( int count = sizeof(T) ; count ; --count, ++e )  *ptr++ = *e;
    19e6:	89 83       	std	Y+1, r24	; 0x01
/home/oggy/.arduino15/packages/MiniCore/hardware/avr/3.1.1/libraries/EEPROM/src/EEPROM.h:135
        return t;
    }
    19e8:	ce 01       	movw	r24, r28
    19ea:	df 91       	pop	r29
    19ec:	cf 91       	pop	r28
    19ee:	1f 91       	pop	r17
    19f0:	0f 91       	pop	r16
    19f2:	08 95       	ret

000019f4 <String::reserve(unsigned int)>:
reserve():
/home/oggy/.arduino15/packages/MiniCore/hardware/avr/3.1.1/cores/MCUdude_corefiles/WString.cpp:147
  buffer = NULL;
  capacity = len = 0;
}

unsigned char String::reserve(unsigned int size)
{
    19f4:	0f 93       	push	r16
    19f6:	1f 93       	push	r17
    19f8:	cf 93       	push	r28
    19fa:	df 93       	push	r29
    19fc:	ec 01       	movw	r28, r24
/home/oggy/.arduino15/packages/MiniCore/hardware/avr/3.1.1/cores/MCUdude_corefiles/WString.cpp:148
  if (buffer && capacity >= size) return 1;
    19fe:	88 81       	ld	r24, Y
    1a00:	99 81       	ldd	r25, Y+1	; 0x01
    1a02:	00 97       	sbiw	r24, 0x00	; 0
    1a04:	59 f0       	breq	.+22     	; 0x1a1c <String::reserve(unsigned int)+0x28>
    1a06:	2a 81       	ldd	r18, Y+2	; 0x02
    1a08:	3b 81       	ldd	r19, Y+3	; 0x03
    1a0a:	26 17       	cp	r18, r22
    1a0c:	37 07       	cpc	r19, r23
    1a0e:	30 f0       	brcs	.+12     	; 0x1a1c <String::reserve(unsigned int)+0x28>
/home/oggy/.arduino15/packages/MiniCore/hardware/avr/3.1.1/cores/MCUdude_corefiles/WString.cpp:150
  if (changeBuffer(size)) {
    if (len == 0) buffer[0] = 0;
    1a10:	81 e0       	ldi	r24, 0x01	; 1
/home/oggy/.arduino15/packages/MiniCore/hardware/avr/3.1.1/cores/MCUdude_corefiles/WString.cpp:154
    return 1;
  }
  return 0;
}
    1a12:	df 91       	pop	r29
    1a14:	cf 91       	pop	r28
    1a16:	1f 91       	pop	r17
    1a18:	0f 91       	pop	r16
    1a1a:	08 95       	ret
    1a1c:	8b 01       	movw	r16, r22
changeBuffer():
/home/oggy/.arduino15/packages/MiniCore/hardware/avr/3.1.1/cores/MCUdude_corefiles/WString.cpp:158

unsigned char String::changeBuffer(unsigned int maxStrLen)
{
  char *newbuffer = (char *)realloc(buffer, maxStrLen + 1);
    1a1e:	6f 5f       	subi	r22, 0xFF	; 255
    1a20:	7f 4f       	sbci	r23, 0xFF	; 255
    1a22:	0e 94 47 22 	call	0x448e	; 0x448e <realloc>
/home/oggy/.arduino15/packages/MiniCore/hardware/avr/3.1.1/cores/MCUdude_corefiles/WString.cpp:159
  if (newbuffer) {
    1a26:	00 97       	sbiw	r24, 0x00	; 0
    1a28:	59 f0       	breq	.+22     	; 0x1a40 <String::reserve(unsigned int)+0x4c>
/home/oggy/.arduino15/packages/MiniCore/hardware/avr/3.1.1/cores/MCUdude_corefiles/WString.cpp:160
    buffer = newbuffer;
    1a2a:	99 83       	std	Y+1, r25	; 0x01
    1a2c:	88 83       	st	Y, r24
/home/oggy/.arduino15/packages/MiniCore/hardware/avr/3.1.1/cores/MCUdude_corefiles/WString.cpp:161
    capacity = maxStrLen;
    1a2e:	1b 83       	std	Y+3, r17	; 0x03
    1a30:	0a 83       	std	Y+2, r16	; 0x02
reserve():
/home/oggy/.arduino15/packages/MiniCore/hardware/avr/3.1.1/cores/MCUdude_corefiles/WString.cpp:150

unsigned char String::reserve(unsigned int size)
{
  if (buffer && capacity >= size) return 1;
  if (changeBuffer(size)) {
    if (len == 0) buffer[0] = 0;
    1a32:	2c 81       	ldd	r18, Y+4	; 0x04
    1a34:	3d 81       	ldd	r19, Y+5	; 0x05
    1a36:	23 2b       	or	r18, r19
    1a38:	59 f7       	brne	.-42     	; 0x1a10 <String::reserve(unsigned int)+0x1c>
    1a3a:	fc 01       	movw	r30, r24
    1a3c:	10 82       	st	Z, r1
    1a3e:	e8 cf       	rjmp	.-48     	; 0x1a10 <String::reserve(unsigned int)+0x1c>
/home/oggy/.arduino15/packages/MiniCore/hardware/avr/3.1.1/cores/MCUdude_corefiles/WString.cpp:153
    return 1;
  }
  return 0;
    1a40:	80 e0       	ldi	r24, 0x00	; 0
    1a42:	e7 cf       	rjmp	.-50     	; 0x1a12 <String::reserve(unsigned int)+0x1e>

00001a44 <String::concat(char const*, unsigned int)>:
concat():
/home/oggy/.arduino15/packages/MiniCore/hardware/avr/3.1.1/cores/MCUdude_corefiles/WString.cpp:265
{
  return concat(s.buffer, s.len);
}

unsigned char String::concat(const char *cstr, unsigned int length)
{
    1a44:	ef 92       	push	r14
    1a46:	ff 92       	push	r15
    1a48:	0f 93       	push	r16
    1a4a:	1f 93       	push	r17
    1a4c:	cf 93       	push	r28
    1a4e:	df 93       	push	r29
/home/oggy/.arduino15/packages/MiniCore/hardware/avr/3.1.1/cores/MCUdude_corefiles/WString.cpp:267
  unsigned int newlen = len + length;
  if (!cstr) return 0;
    1a50:	61 15       	cp	r22, r1
    1a52:	71 05       	cpc	r23, r1
    1a54:	41 f4       	brne	.+16     	; 0x1a66 <String::concat(char const*, unsigned int)+0x22>
    1a56:	80 e0       	ldi	r24, 0x00	; 0
/home/oggy/.arduino15/packages/MiniCore/hardware/avr/3.1.1/cores/MCUdude_corefiles/WString.cpp:273
  if (length == 0) return 1;
  if (!reserve(newlen)) return 0;
  strcpy(buffer + len, cstr);
  len = newlen;
  return 1;
}
    1a58:	df 91       	pop	r29
    1a5a:	cf 91       	pop	r28
    1a5c:	1f 91       	pop	r17
    1a5e:	0f 91       	pop	r16
    1a60:	ff 90       	pop	r15
    1a62:	ef 90       	pop	r14
    1a64:	08 95       	ret
/home/oggy/.arduino15/packages/MiniCore/hardware/avr/3.1.1/cores/MCUdude_corefiles/WString.cpp:268

unsigned char String::concat(const char *cstr, unsigned int length)
{
  unsigned int newlen = len + length;
  if (!cstr) return 0;
  if (length == 0) return 1;
    1a66:	41 15       	cp	r20, r1
    1a68:	51 05       	cpc	r21, r1
    1a6a:	b1 f0       	breq	.+44     	; 0x1a98 <String::concat(char const*, unsigned int)+0x54>
    1a6c:	7b 01       	movw	r14, r22
    1a6e:	ec 01       	movw	r28, r24
/home/oggy/.arduino15/packages/MiniCore/hardware/avr/3.1.1/cores/MCUdude_corefiles/WString.cpp:266
  return concat(s.buffer, s.len);
}

unsigned char String::concat(const char *cstr, unsigned int length)
{
  unsigned int newlen = len + length;
    1a70:	0c 81       	ldd	r16, Y+4	; 0x04
    1a72:	1d 81       	ldd	r17, Y+5	; 0x05
    1a74:	04 0f       	add	r16, r20
    1a76:	15 1f       	adc	r17, r21
/home/oggy/.arduino15/packages/MiniCore/hardware/avr/3.1.1/cores/MCUdude_corefiles/WString.cpp:269
  if (!cstr) return 0;
  if (length == 0) return 1;
  if (!reserve(newlen)) return 0;
    1a78:	b8 01       	movw	r22, r16
    1a7a:	0e 94 fa 0c 	call	0x19f4	; 0x19f4 <String::reserve(unsigned int)>
    1a7e:	88 23       	and	r24, r24
    1a80:	51 f3       	breq	.-44     	; 0x1a56 <String::concat(char const*, unsigned int)+0x12>
/home/oggy/.arduino15/packages/MiniCore/hardware/avr/3.1.1/cores/MCUdude_corefiles/WString.cpp:270
  strcpy(buffer + len, cstr);
    1a82:	28 81       	ld	r18, Y
    1a84:	39 81       	ldd	r19, Y+1	; 0x01
    1a86:	8c 81       	ldd	r24, Y+4	; 0x04
    1a88:	9d 81       	ldd	r25, Y+5	; 0x05
    1a8a:	b7 01       	movw	r22, r14
    1a8c:	82 0f       	add	r24, r18
    1a8e:	93 1f       	adc	r25, r19
    1a90:	0e 94 0d 23 	call	0x461a	; 0x461a <strcpy>
/home/oggy/.arduino15/packages/MiniCore/hardware/avr/3.1.1/cores/MCUdude_corefiles/WString.cpp:271
  len = newlen;
    1a94:	1d 83       	std	Y+5, r17	; 0x05
    1a96:	0c 83       	std	Y+4, r16	; 0x04
/home/oggy/.arduino15/packages/MiniCore/hardware/avr/3.1.1/cores/MCUdude_corefiles/WString.cpp:268

unsigned char String::concat(const char *cstr, unsigned int length)
{
  unsigned int newlen = len + length;
  if (!cstr) return 0;
  if (length == 0) return 1;
    1a98:	81 e0       	ldi	r24, 0x01	; 1
    1a9a:	de cf       	rjmp	.-68     	; 0x1a58 <String::concat(char const*, unsigned int)+0x14>

00001a9c <String::concat(String const&)>:
/home/oggy/.arduino15/packages/MiniCore/hardware/avr/3.1.1/cores/MCUdude_corefiles/WString.cpp:261
/*  concat                                   */
/*********************************************/

unsigned char String::concat(const String &s)
{
  return concat(s.buffer, s.len);
    1a9c:	fb 01       	movw	r30, r22
    1a9e:	44 81       	ldd	r20, Z+4	; 0x04
    1aa0:	55 81       	ldd	r21, Z+5	; 0x05
    1aa2:	60 81       	ld	r22, Z
    1aa4:	71 81       	ldd	r23, Z+1	; 0x01
    1aa6:	0c 94 22 0d 	jmp	0x1a44	; 0x1a44 <String::concat(char const*, unsigned int)>

00001aaa <String::invalidate()>:
invalidate():
/home/oggy/.arduino15/packages/MiniCore/hardware/avr/3.1.1/cores/MCUdude_corefiles/WString.cpp:140
  capacity = 0;
  len = 0;
}

void String::invalidate(void)
{
    1aaa:	cf 93       	push	r28
    1aac:	df 93       	push	r29
    1aae:	ec 01       	movw	r28, r24
/home/oggy/.arduino15/packages/MiniCore/hardware/avr/3.1.1/cores/MCUdude_corefiles/WString.cpp:141
  if (buffer) free(buffer);
    1ab0:	88 81       	ld	r24, Y
    1ab2:	99 81       	ldd	r25, Y+1	; 0x01
    1ab4:	00 97       	sbiw	r24, 0x00	; 0
    1ab6:	11 f0       	breq	.+4      	; 0x1abc <String::invalidate()+0x12>
    1ab8:	0e 94 be 21 	call	0x437c	; 0x437c <free>
/home/oggy/.arduino15/packages/MiniCore/hardware/avr/3.1.1/cores/MCUdude_corefiles/WString.cpp:142
  buffer = NULL;
    1abc:	19 82       	std	Y+1, r1	; 0x01
    1abe:	18 82       	st	Y, r1
/home/oggy/.arduino15/packages/MiniCore/hardware/avr/3.1.1/cores/MCUdude_corefiles/WString.cpp:143
  capacity = len = 0;
    1ac0:	1d 82       	std	Y+5, r1	; 0x05
    1ac2:	1c 82       	std	Y+4, r1	; 0x04
    1ac4:	1b 82       	std	Y+3, r1	; 0x03
    1ac6:	1a 82       	std	Y+2, r1	; 0x02
/home/oggy/.arduino15/packages/MiniCore/hardware/avr/3.1.1/cores/MCUdude_corefiles/WString.cpp:144
}
    1ac8:	df 91       	pop	r29
    1aca:	cf 91       	pop	r28
    1acc:	08 95       	ret

00001ace <operator+(StringSumHelper const&, String const&)>:
operator+():
/home/oggy/.arduino15/packages/MiniCore/hardware/avr/3.1.1/cores/MCUdude_corefiles/WString.cpp:355
/*********************************************/
/*  Concatenate                              */
/*********************************************/

StringSumHelper & operator + (const StringSumHelper &lhs, const String &rhs)
{
    1ace:	cf 93       	push	r28
    1ad0:	df 93       	push	r29
    1ad2:	ec 01       	movw	r28, r24
/home/oggy/.arduino15/packages/MiniCore/hardware/avr/3.1.1/cores/MCUdude_corefiles/WString.cpp:357
  StringSumHelper &a = const_cast<StringSumHelper&>(lhs);
  if (!a.concat(rhs.buffer, rhs.len)) a.invalidate();
    1ad4:	fb 01       	movw	r30, r22
    1ad6:	44 81       	ldd	r20, Z+4	; 0x04
    1ad8:	55 81       	ldd	r21, Z+5	; 0x05
    1ada:	60 81       	ld	r22, Z
    1adc:	71 81       	ldd	r23, Z+1	; 0x01
    1ade:	0e 94 22 0d 	call	0x1a44	; 0x1a44 <String::concat(char const*, unsigned int)>
    1ae2:	81 11       	cpse	r24, r1
    1ae4:	03 c0       	rjmp	.+6      	; 0x1aec <operator+(StringSumHelper const&, String const&)+0x1e>
    1ae6:	ce 01       	movw	r24, r28
    1ae8:	0e 94 55 0d 	call	0x1aaa	; 0x1aaa <String::invalidate()>
/home/oggy/.arduino15/packages/MiniCore/hardware/avr/3.1.1/cores/MCUdude_corefiles/WString.cpp:359
  return a;
}
    1aec:	ce 01       	movw	r24, r28
    1aee:	df 91       	pop	r29
    1af0:	cf 91       	pop	r28
    1af2:	08 95       	ret

00001af4 <String::copy(char const*, unsigned int)>:
copy():
/home/oggy/.arduino15/packages/MiniCore/hardware/avr/3.1.1/cores/MCUdude_corefiles/WString.cpp:172
/*********************************************/
/*  Copy and Move                            */
/*********************************************/

String & String::copy(const char *cstr, unsigned int length)
{
    1af4:	ef 92       	push	r14
    1af6:	ff 92       	push	r15
    1af8:	0f 93       	push	r16
    1afa:	1f 93       	push	r17
    1afc:	cf 93       	push	r28
    1afe:	df 93       	push	r29
    1b00:	ec 01       	movw	r28, r24
    1b02:	7b 01       	movw	r14, r22
    1b04:	8a 01       	movw	r16, r20
/home/oggy/.arduino15/packages/MiniCore/hardware/avr/3.1.1/cores/MCUdude_corefiles/WString.cpp:173
  if (!reserve(length)) {
    1b06:	ba 01       	movw	r22, r20
    1b08:	0e 94 fa 0c 	call	0x19f4	; 0x19f4 <String::reserve(unsigned int)>
    1b0c:	81 11       	cpse	r24, r1
    1b0e:	0b c0       	rjmp	.+22     	; 0x1b26 <String::copy(char const*, unsigned int)+0x32>
/home/oggy/.arduino15/packages/MiniCore/hardware/avr/3.1.1/cores/MCUdude_corefiles/WString.cpp:174
    invalidate();
    1b10:	ce 01       	movw	r24, r28
    1b12:	0e 94 55 0d 	call	0x1aaa	; 0x1aaa <String::invalidate()>
/home/oggy/.arduino15/packages/MiniCore/hardware/avr/3.1.1/cores/MCUdude_corefiles/WString.cpp:180
    return *this;
  }
  len = length;
  strcpy(buffer, cstr);
  return *this;
}
    1b16:	ce 01       	movw	r24, r28
    1b18:	df 91       	pop	r29
    1b1a:	cf 91       	pop	r28
    1b1c:	1f 91       	pop	r17
    1b1e:	0f 91       	pop	r16
    1b20:	ff 90       	pop	r15
    1b22:	ef 90       	pop	r14
    1b24:	08 95       	ret
/home/oggy/.arduino15/packages/MiniCore/hardware/avr/3.1.1/cores/MCUdude_corefiles/WString.cpp:177
{
  if (!reserve(length)) {
    invalidate();
    return *this;
  }
  len = length;
    1b26:	1d 83       	std	Y+5, r17	; 0x05
    1b28:	0c 83       	std	Y+4, r16	; 0x04
/home/oggy/.arduino15/packages/MiniCore/hardware/avr/3.1.1/cores/MCUdude_corefiles/WString.cpp:178
  strcpy(buffer, cstr);
    1b2a:	b7 01       	movw	r22, r14
    1b2c:	88 81       	ld	r24, Y
    1b2e:	99 81       	ldd	r25, Y+1	; 0x01
    1b30:	0e 94 0d 23 	call	0x461a	; 0x461a <strcpy>
    1b34:	f0 cf       	rjmp	.-32     	; 0x1b16 <String::copy(char const*, unsigned int)+0x22>

00001b36 <String::String(int, unsigned char) [clone .constprop.19]>:
__base_ctor ():
/home/oggy/.arduino15/packages/MiniCore/hardware/avr/3.1.1/cores/MCUdude_corefiles/WString.cpp:76
  char buf[1 + 8 * sizeof(unsigned char)];
  utoa(value, buf, base);
  *this = buf;
}

String::String(int value, unsigned char base)
    1b36:	ef 92       	push	r14
    1b38:	ff 92       	push	r15
    1b3a:	0f 93       	push	r16
    1b3c:	1f 93       	push	r17
    1b3e:	cf 93       	push	r28
    1b40:	df 93       	push	r29
    1b42:	cd b7       	in	r28, 0x3d	; 61
    1b44:	de b7       	in	r29, 0x3e	; 62
    1b46:	62 97       	sbiw	r28, 0x12	; 18
    1b48:	0f b6       	in	r0, 0x3f	; 63
    1b4a:	f8 94       	cli
    1b4c:	de bf       	out	0x3e, r29	; 62
    1b4e:	0f be       	out	0x3f, r0	; 63
    1b50:	cd bf       	out	0x3d, r28	; 61
    1b52:	8c 01       	movw	r16, r24
    1b54:	cb 01       	movw	r24, r22
_ZN6String4initEv():
/home/oggy/.arduino15/packages/MiniCore/hardware/avr/3.1.1/cores/MCUdude_corefiles/WString.cpp:134
/*  Memory Management                        */
/*********************************************/

inline void String::init(void)
{
  buffer = NULL;
    1b56:	f8 01       	movw	r30, r16
    1b58:	11 82       	std	Z+1, r1	; 0x01
    1b5a:	10 82       	st	Z, r1
/home/oggy/.arduino15/packages/MiniCore/hardware/avr/3.1.1/cores/MCUdude_corefiles/WString.cpp:135
  capacity = 0;
    1b5c:	13 82       	std	Z+3, r1	; 0x03
    1b5e:	12 82       	std	Z+2, r1	; 0x02
/home/oggy/.arduino15/packages/MiniCore/hardware/avr/3.1.1/cores/MCUdude_corefiles/WString.cpp:136
  len = 0;
    1b60:	15 82       	std	Z+5, r1	; 0x05
    1b62:	14 82       	std	Z+4, r1	; 0x04
itoa():
/home/oggy/.arduino15/packages/arduino/tools/avr-gcc/7.3.0-atmel3.6.1-arduino7/avr/include/stdlib.h:439
    } else if (__radix < 2 || __radix > 36) {
	*__s = 0;
	return __s;
    } else {
	extern char *__itoa_ncheck (int, char *, unsigned char);
	return __itoa_ncheck (__val, __s, __radix);
    1b64:	4a e0       	ldi	r20, 0x0A	; 10
    1b66:	9e 01       	movw	r18, r28
    1b68:	2f 5f       	subi	r18, 0xFF	; 255
    1b6a:	3f 4f       	sbci	r19, 0xFF	; 255
    1b6c:	79 01       	movw	r14, r18
    1b6e:	b9 01       	movw	r22, r18
    1b70:	0e 94 ad 1e 	call	0x3d5a	; 0x3d5a <__itoa_ncheck>
operator=():
/home/oggy/.arduino15/packages/MiniCore/hardware/avr/3.1.1/cores/MCUdude_corefiles/WString.cpp:241
}
#endif

String & String::operator = (const char *cstr)
{
  if (cstr) copy(cstr, strlen(cstr));
    1b74:	f7 01       	movw	r30, r14
    1b76:	01 90       	ld	r0, Z+
    1b78:	00 20       	and	r0, r0
    1b7a:	e9 f7       	brne	.-6      	; 0x1b76 <String::String(int, unsigned char) [clone .constprop.19]+0x40>
    1b7c:	31 97       	sbiw	r30, 0x01	; 1
    1b7e:	af 01       	movw	r20, r30
    1b80:	4e 19       	sub	r20, r14
    1b82:	5f 09       	sbc	r21, r15
    1b84:	b7 01       	movw	r22, r14
    1b86:	c8 01       	movw	r24, r16
    1b88:	0e 94 7a 0d 	call	0x1af4	; 0x1af4 <String::copy(char const*, unsigned int)>
__base_ctor ():
/home/oggy/.arduino15/packages/MiniCore/hardware/avr/3.1.1/cores/MCUdude_corefiles/WString.cpp:82
{
  init();
  char buf[2 + 8 * sizeof(int)];
  itoa(value, buf, base);
  *this = buf;
}
    1b8c:	62 96       	adiw	r28, 0x12	; 18
    1b8e:	0f b6       	in	r0, 0x3f	; 63
    1b90:	f8 94       	cli
    1b92:	de bf       	out	0x3e, r29	; 62
    1b94:	0f be       	out	0x3f, r0	; 63
    1b96:	cd bf       	out	0x3d, r28	; 61
    1b98:	df 91       	pop	r29
    1b9a:	cf 91       	pop	r28
    1b9c:	1f 91       	pop	r17
    1b9e:	0f 91       	pop	r16
    1ba0:	ff 90       	pop	r15
    1ba2:	ef 90       	pop	r14
    1ba4:	08 95       	ret

00001ba6 <String::String(unsigned char, unsigned char) [clone .constprop.18]>:
/home/oggy/.arduino15/packages/MiniCore/hardware/avr/3.1.1/cores/MCUdude_corefiles/WString.cpp:68
  buf[0] = c;
  buf[1] = 0;
  *this = buf;
}

String::String(unsigned char value, unsigned char base)
    1ba6:	ef 92       	push	r14
    1ba8:	ff 92       	push	r15
    1baa:	0f 93       	push	r16
    1bac:	1f 93       	push	r17
    1bae:	cf 93       	push	r28
    1bb0:	df 93       	push	r29
    1bb2:	cd b7       	in	r28, 0x3d	; 61
    1bb4:	de b7       	in	r29, 0x3e	; 62
    1bb6:	29 97       	sbiw	r28, 0x09	; 9
    1bb8:	0f b6       	in	r0, 0x3f	; 63
    1bba:	f8 94       	cli
    1bbc:	de bf       	out	0x3e, r29	; 62
    1bbe:	0f be       	out	0x3f, r0	; 63
    1bc0:	cd bf       	out	0x3d, r28	; 61
    1bc2:	8c 01       	movw	r16, r24
    1bc4:	86 2f       	mov	r24, r22
_ZN6String4initEv():
/home/oggy/.arduino15/packages/MiniCore/hardware/avr/3.1.1/cores/MCUdude_corefiles/WString.cpp:134
/*  Memory Management                        */
/*********************************************/

inline void String::init(void)
{
  buffer = NULL;
    1bc6:	f8 01       	movw	r30, r16
    1bc8:	11 82       	std	Z+1, r1	; 0x01
    1bca:	10 82       	st	Z, r1
/home/oggy/.arduino15/packages/MiniCore/hardware/avr/3.1.1/cores/MCUdude_corefiles/WString.cpp:135
  capacity = 0;
    1bcc:	13 82       	std	Z+3, r1	; 0x03
    1bce:	12 82       	std	Z+2, r1	; 0x02
/home/oggy/.arduino15/packages/MiniCore/hardware/avr/3.1.1/cores/MCUdude_corefiles/WString.cpp:136
  len = 0;
    1bd0:	15 82       	std	Z+5, r1	; 0x05
    1bd2:	14 82       	std	Z+4, r1	; 0x04
utoa():
/home/oggy/.arduino15/packages/arduino/tools/avr-gcc/7.3.0-atmel3.6.1-arduino7/avr/include/stdlib.h:527
    } else if (__radix < 2 || __radix > 36) {
	*__s = 0;
	return __s;
    } else {
	extern char *__utoa_ncheck (unsigned int, char *, unsigned char);
	return __utoa_ncheck (__val, __s, __radix);
    1bd4:	4a e0       	ldi	r20, 0x0A	; 10
    1bd6:	9e 01       	movw	r18, r28
    1bd8:	2f 5f       	subi	r18, 0xFF	; 255
    1bda:	3f 4f       	sbci	r19, 0xFF	; 255
    1bdc:	79 01       	movw	r14, r18
    1bde:	b9 01       	movw	r22, r18
    1be0:	90 e0       	ldi	r25, 0x00	; 0
    1be2:	0e 94 b8 1e 	call	0x3d70	; 0x3d70 <__utoa_ncheck>
operator=():
/home/oggy/.arduino15/packages/MiniCore/hardware/avr/3.1.1/cores/MCUdude_corefiles/WString.cpp:241
}
#endif

String & String::operator = (const char *cstr)
{
  if (cstr) copy(cstr, strlen(cstr));
    1be6:	f7 01       	movw	r30, r14
    1be8:	01 90       	ld	r0, Z+
    1bea:	00 20       	and	r0, r0
    1bec:	e9 f7       	brne	.-6      	; 0x1be8 <String::String(unsigned char, unsigned char) [clone .constprop.18]+0x42>
    1bee:	31 97       	sbiw	r30, 0x01	; 1
    1bf0:	af 01       	movw	r20, r30
    1bf2:	4e 19       	sub	r20, r14
    1bf4:	5f 09       	sbc	r21, r15
    1bf6:	b7 01       	movw	r22, r14
    1bf8:	c8 01       	movw	r24, r16
    1bfa:	0e 94 7a 0d 	call	0x1af4	; 0x1af4 <String::copy(char const*, unsigned int)>
__base_ctor ():
/home/oggy/.arduino15/packages/MiniCore/hardware/avr/3.1.1/cores/MCUdude_corefiles/WString.cpp:74
{
  init();
  char buf[1 + 8 * sizeof(unsigned char)];
  utoa(value, buf, base);
  *this = buf;
}
    1bfe:	29 96       	adiw	r28, 0x09	; 9
    1c00:	0f b6       	in	r0, 0x3f	; 63
    1c02:	f8 94       	cli
    1c04:	de bf       	out	0x3e, r29	; 62
    1c06:	0f be       	out	0x3f, r0	; 63
    1c08:	cd bf       	out	0x3d, r28	; 61
    1c0a:	df 91       	pop	r29
    1c0c:	cf 91       	pop	r28
    1c0e:	1f 91       	pop	r17
    1c10:	0f 91       	pop	r16
    1c12:	ff 90       	pop	r15
    1c14:	ef 90       	pop	r14
    1c16:	08 95       	ret

00001c18 <String::String(String const&)>:
/home/oggy/.arduino15/packages/MiniCore/hardware/avr/3.1.1/cores/MCUdude_corefiles/WString.cpp:34
{
  init();
  if (cstr) copy(cstr, strlen(cstr));
}

String::String(const String &value)
    1c18:	fb 01       	movw	r30, r22
_ZN6String4initEv():
/home/oggy/.arduino15/packages/MiniCore/hardware/avr/3.1.1/cores/MCUdude_corefiles/WString.cpp:134
/*  Memory Management                        */
/*********************************************/

inline void String::init(void)
{
  buffer = NULL;
    1c1a:	dc 01       	movw	r26, r24
    1c1c:	11 96       	adiw	r26, 0x01	; 1
    1c1e:	1c 92       	st	X, r1
    1c20:	1e 92       	st	-X, r1
/home/oggy/.arduino15/packages/MiniCore/hardware/avr/3.1.1/cores/MCUdude_corefiles/WString.cpp:135
  capacity = 0;
    1c22:	13 96       	adiw	r26, 0x03	; 3
    1c24:	1c 92       	st	X, r1
    1c26:	1e 92       	st	-X, r1
    1c28:	12 97       	sbiw	r26, 0x02	; 2
/home/oggy/.arduino15/packages/MiniCore/hardware/avr/3.1.1/cores/MCUdude_corefiles/WString.cpp:136
  len = 0;
    1c2a:	15 96       	adiw	r26, 0x05	; 5
    1c2c:	1c 92       	st	X, r1
    1c2e:	1e 92       	st	-X, r1
    1c30:	14 97       	sbiw	r26, 0x04	; 4
operator=():
/home/oggy/.arduino15/packages/MiniCore/hardware/avr/3.1.1/cores/MCUdude_corefiles/WString.cpp:217
}
#endif

String & String::operator = (const String &rhs)
{
  if (this == &rhs) return *this;
    1c32:	86 17       	cp	r24, r22
    1c34:	97 07       	cpc	r25, r23
    1c36:	49 f0       	breq	.+18     	; 0x1c4a <String::String(String const&)+0x32>
/home/oggy/.arduino15/packages/MiniCore/hardware/avr/3.1.1/cores/MCUdude_corefiles/WString.cpp:219
  
  if (rhs.buffer) copy(rhs.buffer, rhs.len);
    1c38:	60 81       	ld	r22, Z
    1c3a:	71 81       	ldd	r23, Z+1	; 0x01
    1c3c:	61 15       	cp	r22, r1
    1c3e:	71 05       	cpc	r23, r1
    1c40:	21 f0       	breq	.+8      	; 0x1c4a <String::String(String const&)+0x32>
    1c42:	44 81       	ldd	r20, Z+4	; 0x04
    1c44:	55 81       	ldd	r21, Z+5	; 0x05
    1c46:	0c 94 7a 0d 	jmp	0x1af4	; 0x1af4 <String::copy(char const*, unsigned int)>
__base_ctor ():
/home/oggy/.arduino15/packages/MiniCore/hardware/avr/3.1.1/cores/MCUdude_corefiles/WString.cpp:38

String::String(const String &value)
{
  init();
  *this = value;
}
    1c4a:	08 95       	ret

00001c4c <String::String(char const*)>:
_ZN6String4initEv():
/home/oggy/.arduino15/packages/MiniCore/hardware/avr/3.1.1/cores/MCUdude_corefiles/WString.cpp:134
/*  Memory Management                        */
/*********************************************/

inline void String::init(void)
{
  buffer = NULL;
    1c4c:	fc 01       	movw	r30, r24
    1c4e:	11 82       	std	Z+1, r1	; 0x01
    1c50:	10 82       	st	Z, r1
/home/oggy/.arduino15/packages/MiniCore/hardware/avr/3.1.1/cores/MCUdude_corefiles/WString.cpp:135
  capacity = 0;
    1c52:	13 82       	std	Z+3, r1	; 0x03
    1c54:	12 82       	std	Z+2, r1	; 0x02
/home/oggy/.arduino15/packages/MiniCore/hardware/avr/3.1.1/cores/MCUdude_corefiles/WString.cpp:136
  len = 0;
    1c56:	15 82       	std	Z+5, r1	; 0x05
    1c58:	14 82       	std	Z+4, r1	; 0x04
__base_ctor ():
/home/oggy/.arduino15/packages/MiniCore/hardware/avr/3.1.1/cores/MCUdude_corefiles/WString.cpp:31
/*********************************************/

String::String(const char *cstr)
{
  init();
  if (cstr) copy(cstr, strlen(cstr));
    1c5a:	fb 01       	movw	r30, r22
    1c5c:	01 90       	ld	r0, Z+
    1c5e:	00 20       	and	r0, r0
    1c60:	e9 f7       	brne	.-6      	; 0x1c5c <String::String(char const*)+0x10>
    1c62:	31 97       	sbiw	r30, 0x01	; 1
    1c64:	af 01       	movw	r20, r30
    1c66:	46 1b       	sub	r20, r22
    1c68:	57 0b       	sbc	r21, r23
    1c6a:	0c 94 7a 0d 	jmp	0x1af4	; 0x1af4 <String::copy(char const*, unsigned int)>

00001c6e <String::~String()>:
__base_dtor ():
/home/oggy/.arduino15/packages/MiniCore/hardware/avr/3.1.1/cores/MCUdude_corefiles/WString.cpp:124
  *this = dtostrf(value, (decimalPlaces + 2), decimalPlaces, buf);
}

String::~String()
{
  if(buffer)
    1c6e:	fc 01       	movw	r30, r24
    1c70:	80 81       	ld	r24, Z
    1c72:	91 81       	ldd	r25, Z+1	; 0x01
    1c74:	00 97       	sbiw	r24, 0x00	; 0
    1c76:	11 f0       	breq	.+4      	; 0x1c7c <String::~String()+0xe>
/home/oggy/.arduino15/packages/MiniCore/hardware/avr/3.1.1/cores/MCUdude_corefiles/WString.cpp:125
    free(buffer);
    1c78:	0c 94 be 21 	jmp	0x437c	; 0x437c <free>
/home/oggy/.arduino15/packages/MiniCore/hardware/avr/3.1.1/cores/MCUdude_corefiles/WString.cpp:126
}
    1c7c:	08 95       	ret

00001c7e <manageRack(unsigned char)>:
manageRack():
/home/oggy/Documents/arduinoprojects/padright_v1.5.1/lcd.ino:198
  if (pulseForFiveRupeeNote == availablePulses[0])
    lcd.print(" Pulse");
  else
    lcd.print(" Pulses");
}
void manageRack(byte num) {
    1c7e:	ef 92       	push	r14
    1c80:	ff 92       	push	r15
    1c82:	0f 93       	push	r16
    1c84:	1f 93       	push	r17
    1c86:	cf 93       	push	r28
    1c88:	df 93       	push	r29
    1c8a:	cd b7       	in	r28, 0x3d	; 61
    1c8c:	de b7       	in	r29, 0x3e	; 62
    1c8e:	62 97       	sbiw	r28, 0x12	; 18
    1c90:	0f b6       	in	r0, 0x3f	; 63
    1c92:	f8 94       	cli
    1c94:	de bf       	out	0x3e, r29	; 62
    1c96:	0f be       	out	0x3f, r0	; 63
    1c98:	cd bf       	out	0x3d, r28	; 61
/home/oggy/Documents/arduinoprojects/padright_v1.5.1/lcd.ino:199
  String message = "Rack" + String(num + 1) + " Quantity";
    1c9a:	08 2f       	mov	r16, r24
    1c9c:	10 e0       	ldi	r17, 0x00	; 0
    1c9e:	b8 01       	movw	r22, r16
    1ca0:	6f 5f       	subi	r22, 0xFF	; 255
    1ca2:	7f 4f       	sbci	r23, 0xFF	; 255
    1ca4:	ce 01       	movw	r24, r28
    1ca6:	07 96       	adiw	r24, 0x07	; 7
    1ca8:	0e 94 9b 0d 	call	0x1b36	; 0x1b36 <String::String(int, unsigned char) [clone .constprop.19]>
_ZN15StringSumHelperC2EPKc():
/home/oggy/.arduino15/packages/MiniCore/hardware/avr/3.1.1/cores/MCUdude_corefiles/WString.h:217

class StringSumHelper : public String
{
public:
  StringSumHelper(const String &s) : String(s) {}
  StringSumHelper(const char *p) : String(p) {}
    1cac:	6e e8       	ldi	r22, 0x8E	; 142
    1cae:	71 e0       	ldi	r23, 0x01	; 1
    1cb0:	ce 01       	movw	r24, r28
    1cb2:	01 96       	adiw	r24, 0x01	; 1
    1cb4:	0e 94 26 0e 	call	0x1c4c	; 0x1c4c <String::String(char const*)>
manageRack():
/home/oggy/Documents/arduinoprojects/padright_v1.5.1/lcd.ino:199
    1cb8:	be 01       	movw	r22, r28
    1cba:	69 5f       	subi	r22, 0xF9	; 249
    1cbc:	7f 4f       	sbci	r23, 0xFF	; 255
    1cbe:	ce 01       	movw	r24, r28
    1cc0:	01 96       	adiw	r24, 0x01	; 1
    1cc2:	0e 94 67 0d 	call	0x1ace	; 0x1ace <operator+(StringSumHelper const&, String const&)>
    1cc6:	7c 01       	movw	r14, r24
operator+():
/home/oggy/.arduino15/packages/MiniCore/hardware/avr/3.1.1/cores/MCUdude_corefiles/WString.cpp:364
}

StringSumHelper & operator + (const StringSumHelper &lhs, const char *cstr)
{
  StringSumHelper &a = const_cast<StringSumHelper&>(lhs);
  if (!cstr || !a.concat(cstr, strlen(cstr))) a.invalidate();
    1cc8:	49 e0       	ldi	r20, 0x09	; 9
    1cca:	50 e0       	ldi	r21, 0x00	; 0
    1ccc:	6f e5       	ldi	r22, 0x5F	; 95
    1cce:	72 e0       	ldi	r23, 0x02	; 2
    1cd0:	0e 94 22 0d 	call	0x1a44	; 0x1a44 <String::concat(char const*, unsigned int)>
    1cd4:	81 11       	cpse	r24, r1
    1cd6:	03 c0       	rjmp	.+6      	; 0x1cde <manageRack(unsigned char)+0x60>
    1cd8:	c7 01       	movw	r24, r14
    1cda:	0e 94 55 0d 	call	0x1aaa	; 0x1aaa <String::invalidate()>
manageRack():
/home/oggy/Documents/arduinoprojects/padright_v1.5.1/lcd.ino:199
    1cde:	b7 01       	movw	r22, r14
    1ce0:	ce 01       	movw	r24, r28
    1ce2:	0d 96       	adiw	r24, 0x0d	; 13
    1ce4:	0e 94 0c 0e 	call	0x1c18	; 0x1c18 <String::String(String const&)>
/home/oggy/.arduino15/packages/MiniCore/hardware/avr/3.1.1/cores/MCUdude_corefiles/WString.h:213
       #if __cplusplus >= 201103L || defined(__GXX_EXPERIMENTAL_CXX0X__)
  void move(String &rhs);
  #endif
};

class StringSumHelper : public String
    1ce8:	ce 01       	movw	r24, r28
    1cea:	01 96       	adiw	r24, 0x01	; 1
    1cec:	0e 94 37 0e 	call	0x1c6e	; 0x1c6e <String::~String()>
    1cf0:	ce 01       	movw	r24, r28
    1cf2:	07 96       	adiw	r24, 0x07	; 7
    1cf4:	0e 94 37 0e 	call	0x1c6e	; 0x1c6e <String::~String()>
/home/oggy/Documents/arduinoprojects/padright_v1.5.1/lcd.ino:200
  lcd.clear();
    1cf8:	0e 94 7e 03 	call	0x6fc	; 0x6fc <LiquidCrystal::clear() [clone .constprop.47]>
/home/oggy/Documents/arduinoprojects/padright_v1.5.1/lcd.ino:201
  lcd.setCursor(0, 0);
    1cfc:	60 e0       	ldi	r22, 0x00	; 0
    1cfe:	80 e0       	ldi	r24, 0x00	; 0
    1d00:	0e 94 27 04 	call	0x84e	; 0x84e <LiquidCrystal::setCursor(unsigned char, unsigned char) [clone .constprop.24]>
/home/oggy/Documents/arduinoprojects/padright_v1.5.1/lcd.ino:202
  lcd.print(message);
    1d04:	be 01       	movw	r22, r28
    1d06:	63 5f       	subi	r22, 0xF3	; 243
    1d08:	7f 4f       	sbci	r23, 0xFF	; 255
    1d0a:	84 ef       	ldi	r24, 0xF4	; 244
    1d0c:	96 e0       	ldi	r25, 0x06	; 6
    1d0e:	0e 94 c0 01 	call	0x380	; 0x380 <Print::print(String const&)>
/home/oggy/Documents/arduinoprojects/padright_v1.5.1/lcd.ino:203
  lcd.setCursor(0, 1);
    1d12:	61 e0       	ldi	r22, 0x01	; 1
    1d14:	80 e0       	ldi	r24, 0x00	; 0
    1d16:	0e 94 27 04 	call	0x84e	; 0x84e <LiquidCrystal::setCursor(unsigned char, unsigned char) [clone .constprop.24]>
getQuantity():
/home/oggy/Documents/arduinoprojects/padright_v1.5.1/padrack.cpp:5
#include "padrack.h"

int padrack::getQuantity()
{
    return quantity;
    1d1a:	00 0f       	add	r16, r16
    1d1c:	11 1f       	adc	r17, r17
    1d1e:	00 0f       	add	r16, r16
    1d20:	11 1f       	adc	r17, r17
    1d22:	f8 01       	movw	r30, r16
    1d24:	e4 52       	subi	r30, 0x24	; 36
    1d26:	f9 4f       	sbci	r31, 0xF9	; 249
manageRack():
/home/oggy/Documents/arduinoprojects/padright_v1.5.1/lcd.ino:205
  // enter number
  lcd.print(rack[num].getQuantity());
    1d28:	80 81       	ld	r24, Z
    1d2a:	91 81       	ldd	r25, Z+1	; 0x01
    1d2c:	0e 94 91 0a 	call	0x1522	; 0x1522 <Print::print(int, int) [clone .constprop.25]>
/home/oggy/Documents/arduinoprojects/padright_v1.5.1/lcd.ino:199
    lcd.print(" Pulse");
  else
    lcd.print(" Pulses");
}
void manageRack(byte num) {
  String message = "Rack" + String(num + 1) + " Quantity";
    1d30:	ce 01       	movw	r24, r28
    1d32:	0d 96       	adiw	r24, 0x0d	; 13
    1d34:	0e 94 37 0e 	call	0x1c6e	; 0x1c6e <String::~String()>
/home/oggy/Documents/arduinoprojects/padright_v1.5.1/lcd.ino:206
  lcd.setCursor(0, 0);
  lcd.print(message);
  lcd.setCursor(0, 1);
  // enter number
  lcd.print(rack[num].getQuantity());
}
    1d38:	62 96       	adiw	r28, 0x12	; 18
    1d3a:	0f b6       	in	r0, 0x3f	; 63
    1d3c:	f8 94       	cli
    1d3e:	de bf       	out	0x3e, r29	; 62
    1d40:	0f be       	out	0x3f, r0	; 63
    1d42:	cd bf       	out	0x3d, r28	; 61
    1d44:	df 91       	pop	r29
    1d46:	cf 91       	pop	r28
    1d48:	1f 91       	pop	r17
    1d4a:	0f 91       	pop	r16
    1d4c:	ff 90       	pop	r15
    1d4e:	ef 90       	pop	r14
    1d50:	08 95       	ret

00001d52 <unsigned char const& EEPROMClass::put<unsigned char>(int, unsigned char const&) [clone .isra.12]>:
_ZN11EEPROMClass3putIhEERKT_iS3_.isra.12():
/home/oggy/.arduino15/packages/MiniCore/hardware/avr/3.1.1/libraries/EEPROM/src/EEPROM.h:137
    
    template< typename T > const T &put( int idx, const T &t ){
    1d52:	ff 92       	push	r15
    1d54:	0f 93       	push	r16
    1d56:	1f 93       	push	r17
    1d58:	cf 93       	push	r28
    1d5a:	df 93       	push	r29
    1d5c:	8c 01       	movw	r16, r24
    1d5e:	eb 01       	movw	r28, r22
/home/oggy/.arduino15/packages/MiniCore/hardware/avr/3.1.1/libraries/EEPROM/src/EEPROM.h:140
        EEPtr e = idx;
        const uint8_t *ptr = (const uint8_t*) &t;
        for( int count = sizeof(T) ; count ; --count, ++e )  (*e).update( *ptr++ );
    1d60:	f8 80       	ld	r15, Y
operator*():
/home/oggy/.arduino15/packages/MiniCore/hardware/avr/3.1.1/libraries/EEPROM/src/EEPROM.h:42

    EERef( const int index )
        : index( index )                 {}
    
    //Access/read members.
    uint8_t operator*() const            { return eeprom_read_byte( (uint8_t*) index ); }
    1d62:	0e 94 dd 1f 	call	0x3fba	; 0x3fba <eeprom_read_byte>
update():
/home/oggy/.arduino15/packages/MiniCore/hardware/avr/3.1.1/libraries/EEPROM/src/EEPROM.h:59
    EERef &operator &=( uint8_t in )     { return *this = **this & in; }
    EERef &operator |=( uint8_t in )     { return *this = **this | in; }
    EERef &operator <<=( uint8_t in )    { return *this = **this << in; }
    EERef &operator >>=( uint8_t in )    { return *this = **this >> in; }
    
    EERef &update( uint8_t in )          { return  in != *this ? *this = in : *this; }
    1d66:	f8 16       	cp	r15, r24
    1d68:	21 f0       	breq	.+8      	; 0x1d72 <unsigned char const& EEPROMClass::put<unsigned char>(int, unsigned char const&) [clone .isra.12]+0x20>
operator=():
/home/oggy/.arduino15/packages/MiniCore/hardware/avr/3.1.1/libraries/EEPROM/src/EEPROM.h:47
    uint8_t operator*() const            { return eeprom_read_byte( (uint8_t*) index ); }
    operator uint8_t() const             { return **this; }
    
    //Assignment/write members.
    EERef &operator=( const EERef &ref ) { return *this = *ref; }
    EERef &operator=( uint8_t in )       { return eeprom_write_byte( (uint8_t*) index, in ), *this;  }
    1d6a:	6f 2d       	mov	r22, r15
    1d6c:	c8 01       	movw	r24, r16
    1d6e:	0e 94 e5 1f 	call	0x3fca	; 0x3fca <eeprom_write_byte>
_ZN11EEPROMClass3putIhEERKT_iS3_.isra.12():
/home/oggy/.arduino15/packages/MiniCore/hardware/avr/3.1.1/libraries/EEPROM/src/EEPROM.h:142
    template< typename T > const T &put( int idx, const T &t ){
        EEPtr e = idx;
        const uint8_t *ptr = (const uint8_t*) &t;
        for( int count = sizeof(T) ; count ; --count, ++e )  (*e).update( *ptr++ );
        return t;
    }
    1d72:	ce 01       	movw	r24, r28
    1d74:	df 91       	pop	r29
    1d76:	cf 91       	pop	r28
    1d78:	1f 91       	pop	r17
    1d7a:	0f 91       	pop	r16
    1d7c:	ff 90       	pop	r15
    1d7e:	08 95       	ret

00001d80 <int const& EEPROMClass::put<int>(int, int const&) [clone .isra.7]>:
_ZN11EEPROMClass3putIiEERKT_iS3_.isra.7():
/home/oggy/.arduino15/packages/MiniCore/hardware/avr/3.1.1/libraries/EEPROM/src/EEPROM.h:137
        uint8_t *ptr = (uint8_t*) &t;
        for( int count = sizeof(T) ; count ; --count, ++e )  *ptr++ = *e;
        return t;
    }
    
    template< typename T > const T &put( int idx, const T &t ){
    1d80:	ff 92       	push	r15
    1d82:	0f 93       	push	r16
    1d84:	1f 93       	push	r17
    1d86:	cf 93       	push	r28
    1d88:	df 93       	push	r29
    1d8a:	ec 01       	movw	r28, r24
    1d8c:	8b 01       	movw	r16, r22
/home/oggy/.arduino15/packages/MiniCore/hardware/avr/3.1.1/libraries/EEPROM/src/EEPROM.h:140
        EEPtr e = idx;
        const uint8_t *ptr = (const uint8_t*) &t;
        for( int count = sizeof(T) ; count ; --count, ++e )  (*e).update( *ptr++ );
    1d8e:	fb 01       	movw	r30, r22
    1d90:	f0 80       	ld	r15, Z
operator*():
/home/oggy/.arduino15/packages/MiniCore/hardware/avr/3.1.1/libraries/EEPROM/src/EEPROM.h:42

    EERef( const int index )
        : index( index )                 {}
    
    //Access/read members.
    uint8_t operator*() const            { return eeprom_read_byte( (uint8_t*) index ); }
    1d92:	0e 94 dd 1f 	call	0x3fba	; 0x3fba <eeprom_read_byte>
update():
/home/oggy/.arduino15/packages/MiniCore/hardware/avr/3.1.1/libraries/EEPROM/src/EEPROM.h:59
    EERef &operator &=( uint8_t in )     { return *this = **this & in; }
    EERef &operator |=( uint8_t in )     { return *this = **this | in; }
    EERef &operator <<=( uint8_t in )    { return *this = **this << in; }
    EERef &operator >>=( uint8_t in )    { return *this = **this >> in; }
    
    EERef &update( uint8_t in )          { return  in != *this ? *this = in : *this; }
    1d96:	f8 16       	cp	r15, r24
    1d98:	21 f0       	breq	.+8      	; 0x1da2 <int const& EEPROMClass::put<int>(int, int const&) [clone .isra.7]+0x22>
operator=():
/home/oggy/.arduino15/packages/MiniCore/hardware/avr/3.1.1/libraries/EEPROM/src/EEPROM.h:47
    uint8_t operator*() const            { return eeprom_read_byte( (uint8_t*) index ); }
    operator uint8_t() const             { return **this; }
    
    //Assignment/write members.
    EERef &operator=( const EERef &ref ) { return *this = *ref; }
    EERef &operator=( uint8_t in )       { return eeprom_write_byte( (uint8_t*) index, in ), *this;  }
    1d9a:	6f 2d       	mov	r22, r15
    1d9c:	ce 01       	movw	r24, r28
    1d9e:	0e 94 e5 1f 	call	0x3fca	; 0x3fca <eeprom_write_byte>
_ZN11EEPROMClass3putIiEERKT_iS3_.isra.7():
/home/oggy/.arduino15/packages/MiniCore/hardware/avr/3.1.1/libraries/EEPROM/src/EEPROM.h:140
    }
    
    template< typename T > const T &put( int idx, const T &t ){
        EEPtr e = idx;
        const uint8_t *ptr = (const uint8_t*) &t;
        for( int count = sizeof(T) ; count ; --count, ++e )  (*e).update( *ptr++ );
    1da2:	f8 01       	movw	r30, r16
    1da4:	f1 80       	ldd	r15, Z+1	; 0x01
_ZN5EEPtrppEv():
/home/oggy/.arduino15/packages/MiniCore/hardware/avr/3.1.1/libraries/EEPROM/src/EEPROM.h:100
    //Iterator functionality.
    bool operator!=( const EEPtr &ptr ) { return index != ptr.index; }
    EERef operator*()                   { return index; }
    
    /** Prefix & Postfix increment/decrement **/
    EEPtr& operator++()                 { return ++index, *this; }
    1da6:	21 96       	adiw	r28, 0x01	; 1
operator*():
/home/oggy/.arduino15/packages/MiniCore/hardware/avr/3.1.1/libraries/EEPROM/src/EEPROM.h:42

    EERef( const int index )
        : index( index )                 {}
    
    //Access/read members.
    uint8_t operator*() const            { return eeprom_read_byte( (uint8_t*) index ); }
    1da8:	ce 01       	movw	r24, r28
    1daa:	0e 94 dd 1f 	call	0x3fba	; 0x3fba <eeprom_read_byte>
update():
/home/oggy/.arduino15/packages/MiniCore/hardware/avr/3.1.1/libraries/EEPROM/src/EEPROM.h:59
    EERef &operator &=( uint8_t in )     { return *this = **this & in; }
    EERef &operator |=( uint8_t in )     { return *this = **this | in; }
    EERef &operator <<=( uint8_t in )    { return *this = **this << in; }
    EERef &operator >>=( uint8_t in )    { return *this = **this >> in; }
    
    EERef &update( uint8_t in )          { return  in != *this ? *this = in : *this; }
    1dae:	f8 16       	cp	r15, r24
    1db0:	21 f0       	breq	.+8      	; 0x1dba <int const& EEPROMClass::put<int>(int, int const&) [clone .isra.7]+0x3a>
operator=():
/home/oggy/.arduino15/packages/MiniCore/hardware/avr/3.1.1/libraries/EEPROM/src/EEPROM.h:47
    uint8_t operator*() const            { return eeprom_read_byte( (uint8_t*) index ); }
    operator uint8_t() const             { return **this; }
    
    //Assignment/write members.
    EERef &operator=( const EERef &ref ) { return *this = *ref; }
    EERef &operator=( uint8_t in )       { return eeprom_write_byte( (uint8_t*) index, in ), *this;  }
    1db2:	6f 2d       	mov	r22, r15
    1db4:	ce 01       	movw	r24, r28
    1db6:	0e 94 e5 1f 	call	0x3fca	; 0x3fca <eeprom_write_byte>
_ZN11EEPROMClass3putIiEERKT_iS3_.isra.7():
/home/oggy/.arduino15/packages/MiniCore/hardware/avr/3.1.1/libraries/EEPROM/src/EEPROM.h:142
    template< typename T > const T &put( int idx, const T &t ){
        EEPtr e = idx;
        const uint8_t *ptr = (const uint8_t*) &t;
        for( int count = sizeof(T) ; count ; --count, ++e )  (*e).update( *ptr++ );
        return t;
    }
    1dba:	c8 01       	movw	r24, r16
    1dbc:	df 91       	pop	r29
    1dbe:	cf 91       	pop	r28
    1dc0:	1f 91       	pop	r17
    1dc2:	0f 91       	pop	r16
    1dc4:	ff 90       	pop	r15
    1dc6:	08 95       	ret

00001dc8 <EEPROMClass::write(int, unsigned char) [clone .isra.1]>:
operator=():
/home/oggy/.arduino15/packages/MiniCore/hardware/avr/3.1.1/libraries/EEPROM/src/EEPROM.h:47
    uint8_t operator*() const            { return eeprom_read_byte( (uint8_t*) index ); }
    operator uint8_t() const             { return **this; }
    
    //Assignment/write members.
    EERef &operator=( const EERef &ref ) { return *this = *ref; }
    EERef &operator=( uint8_t in )       { return eeprom_write_byte( (uint8_t*) index, in ), *this;  }
    1dc8:	0c 94 e5 1f 	jmp	0x3fca	; 0x3fca <eeprom_write_byte>

00001dcc <writeToEPPROM(char) [clone .part.8]>:
_Z13writeToEPPROMc.part.8():
/home/oggy/Documents/arduinoprojects/padright_v1.5.1/padright_v1.5.1.ino:522
  delay(2000);
  digitalWrite(buzzer, LOW);
  status = 'n';
  state = 0;
}
void writeToEPPROM(char status) {
    1dcc:	cf 93       	push	r28
    1dce:	df 93       	push	r29
/home/oggy/Documents/arduinoprojects/padright_v1.5.1/padright_v1.5.1.ino:533
    EEPROM.write(maxRackCapacityAddress, maxRackCapacity);
  } else if (status == 'm') {
    writeIntIntoEEPROM(motorTimeAddress, motorTimeVariable);
  } else if (status == 'b') {
    EEPROM.write(maxPadAddress, padAmount);
  } else if (status == 't') {
    1dd0:	84 37       	cpi	r24, 0x74	; 116
    1dd2:	41 f4       	brne	.+16     	; 0x1de4 <writeToEPPROM(char) [clone .part.8]+0x18>
/home/oggy/Documents/arduinoprojects/padright_v1.5.1/padright_v1.5.1.ino:534
    EEPROM.write(mTypeAddress, mType);
    1dd4:	60 91 1f 06 	lds	r22, 0x061F	; 0x80061f <mType>
    1dd8:	89 e1       	ldi	r24, 0x19	; 25
    1dda:	90 e0       	ldi	r25, 0x00	; 0
/home/oggy/Documents/arduinoprojects/padright_v1.5.1/padright_v1.5.1.ino:555
    EEPROM.put(pulseForFiveRupeeNoteAddress, pulseForFiveRupeeNote);
    cashPulseFactor = (float)(5.0 / pulseForFiveRupeeNote);
  } else if (status == 'w') {
    EEPROM.put(cashWaitTimeAddress, cashWaitTime);
  }
}
    1ddc:	df 91       	pop	r29
    1dde:	cf 91       	pop	r28
/home/oggy/Documents/arduinoprojects/padright_v1.5.1/padright_v1.5.1.ino:536
  } else if (status == 'b') {
    EEPROM.write(maxPadAddress, padAmount);
  } else if (status == 't') {
    EEPROM.write(mTypeAddress, mType);
  } else if (status == 'M') {
    EEPROM.write(maxRackAddress, maxRack);
    1de0:	0c 94 e4 0e 	jmp	0x1dc8	; 0x1dc8 <EEPROMClass::write(int, unsigned char) [clone .isra.1]>
/home/oggy/Documents/arduinoprojects/padright_v1.5.1/padright_v1.5.1.ino:535
    writeIntIntoEEPROM(motorTimeAddress, motorTimeVariable);
  } else if (status == 'b') {
    EEPROM.write(maxPadAddress, padAmount);
  } else if (status == 't') {
    EEPROM.write(mTypeAddress, mType);
  } else if (status == 'M') {
    1de4:	8d 34       	cpi	r24, 0x4D	; 77
    1de6:	29 f4       	brne	.+10     	; 0x1df2 <writeToEPPROM(char) [clone .part.8]+0x26>
/home/oggy/Documents/arduinoprojects/padright_v1.5.1/padright_v1.5.1.ino:536
    EEPROM.write(maxRackAddress, maxRack);
    1de8:	60 91 0e 01 	lds	r22, 0x010E	; 0x80010e <maxRack>
    1dec:	8e e1       	ldi	r24, 0x1E	; 30
    1dee:	90 e0       	ldi	r25, 0x00	; 0
    1df0:	f5 cf       	rjmp	.-22     	; 0x1ddc <writeToEPPROM(char) [clone .part.8]+0x10>
/home/oggy/Documents/arduinoprojects/padright_v1.5.1/padright_v1.5.1.ino:537
  } else if (status == 'y') {
    1df2:	89 37       	cpi	r24, 0x79	; 121
    1df4:	c1 f5       	brne	.+112    	; 0x1e66 <writeToEPPROM(char) [clone .part.8]+0x9a>
/home/oggy/Documents/arduinoprojects/padright_v1.5.1/padright_v1.5.1.ino:539
    // write when first boot
    EEPROM.write(mTypeAddress, mType);
    1df6:	60 91 1f 06 	lds	r22, 0x061F	; 0x80061f <mType>
    1dfa:	89 e1       	ldi	r24, 0x19	; 25
    1dfc:	90 e0       	ldi	r25, 0x00	; 0
    1dfe:	0e 94 e4 0e 	call	0x1dc8	; 0x1dc8 <EEPROMClass::write(int, unsigned char) [clone .isra.1]>
/home/oggy/Documents/arduinoprojects/padright_v1.5.1/padright_v1.5.1.ino:540
    EEPROM.write(maxRackAddress, maxRack);
    1e02:	60 91 0e 01 	lds	r22, 0x010E	; 0x80010e <maxRack>
    1e06:	8e e1       	ldi	r24, 0x1E	; 30
    1e08:	90 e0       	ldi	r25, 0x00	; 0
    1e0a:	0e 94 e4 0e 	call	0x1dc8	; 0x1dc8 <EEPROMClass::write(int, unsigned char) [clone .isra.1]>
/home/oggy/Documents/arduinoprojects/padright_v1.5.1/padright_v1.5.1.ino:541
    EEPROM.write(maxPadAddress, padAmount);
    1e0e:	60 91 0f 01 	lds	r22, 0x010F	; 0x80010f <padAmount>
    1e12:	8f e0       	ldi	r24, 0x0F	; 15
    1e14:	90 e0       	ldi	r25, 0x00	; 0
    1e16:	0e 94 e4 0e 	call	0x1dc8	; 0x1dc8 <EEPROMClass::write(int, unsigned char) [clone .isra.1]>
/home/oggy/Documents/arduinoprojects/padright_v1.5.1/padright_v1.5.1.ino:542
    EEPROM.write(maxRackCapacity, maxRackAddress);
    1e1a:	6e e1       	ldi	r22, 0x1E	; 30
    1e1c:	80 91 11 01 	lds	r24, 0x0111	; 0x800111 <maxRackCapacity>
    1e20:	90 91 12 01 	lds	r25, 0x0112	; 0x800112 <maxRackCapacity+0x1>
    1e24:	0e 94 e4 0e 	call	0x1dc8	; 0x1dc8 <EEPROMClass::write(int, unsigned char) [clone .isra.1]>
/home/oggy/Documents/arduinoprojects/padright_v1.5.1/padright_v1.5.1.ino:543
    writeIntIntoEEPROM(motorTimeAddress, motorTimeVariable);
    1e28:	c0 91 0c 01 	lds	r28, 0x010C	; 0x80010c <motorTimeVariable>
    1e2c:	60 91 0d 01 	lds	r22, 0x010D	; 0x80010d <motorTimeVariable+0x1>
writeIntIntoEEPROM():
/home/oggy/Documents/arduinoprojects/padright_v1.5.1/padright_v1.5.1.ino:616
    rack[i].setMaxQuantity(maxRackCapacity);
  }
}

void writeIntIntoEEPROM(int address, int number) {
  EEPROM.write(address, number >> 8);
    1e30:	8a e0       	ldi	r24, 0x0A	; 10
    1e32:	90 e0       	ldi	r25, 0x00	; 0
    1e34:	0e 94 e4 0e 	call	0x1dc8	; 0x1dc8 <EEPROMClass::write(int, unsigned char) [clone .isra.1]>
/home/oggy/Documents/arduinoprojects/padright_v1.5.1/padright_v1.5.1.ino:617
  EEPROM.write(address + 1, number & 0xFF);
    1e38:	6c 2f       	mov	r22, r28
    1e3a:	8b e0       	ldi	r24, 0x0B	; 11
    1e3c:	90 e0       	ldi	r25, 0x00	; 0
    1e3e:	0e 94 e4 0e 	call	0x1dc8	; 0x1dc8 <EEPROMClass::write(int, unsigned char) [clone .isra.1]>
    1e42:	c1 e2       	ldi	r28, 0x21	; 33
    1e44:	d1 e0       	ldi	r29, 0x01	; 1
_Z13writeToEPPROMc.part.8():
/home/oggy/Documents/arduinoprojects/padright_v1.5.1/padright_v1.5.1.ino:544
    EEPROM.write(mTypeAddress, mType);
    EEPROM.write(maxRackAddress, maxRack);
    EEPROM.write(maxPadAddress, padAmount);
    EEPROM.write(maxRackCapacity, maxRackAddress);
    writeIntIntoEEPROM(motorTimeAddress, motorTimeVariable);
    for (int i = 0; i < maxRack; i++) {
    1e46:	20 91 0e 01 	lds	r18, 0x010E	; 0x80010e <maxRack>
    1e4a:	ce 01       	movw	r24, r28
    1e4c:	81 52       	subi	r24, 0x21	; 33
    1e4e:	91 40       	sbci	r25, 0x01	; 1
    1e50:	28 17       	cp	r18, r24
    1e52:	19 06       	cpc	r1, r25
    1e54:	a1 f1       	breq	.+104    	; 0x1ebe <writeToEPPROM(char) [clone .part.8]+0xf2>
    1e56:	9c f1       	brlt	.+102    	; 0x1ebe <writeToEPPROM(char) [clone .part.8]+0xf2>
/home/oggy/Documents/arduinoprojects/padright_v1.5.1/padright_v1.5.1.ino:545
      EEPROM.write(rackAddress[i], maxRackCapacity);
    1e58:	89 91       	ld	r24, Y+
    1e5a:	60 91 11 01 	lds	r22, 0x0111	; 0x800111 <maxRackCapacity>
    1e5e:	90 e0       	ldi	r25, 0x00	; 0
    1e60:	0e 94 e4 0e 	call	0x1dc8	; 0x1dc8 <EEPROMClass::write(int, unsigned char) [clone .isra.1]>
    1e64:	f0 cf       	rjmp	.-32     	; 0x1e46 <writeToEPPROM(char) [clone .part.8]+0x7a>
/home/oggy/Documents/arduinoprojects/padright_v1.5.1/padright_v1.5.1.ino:547
    }
  } else if (status == 'c') {
    1e66:	83 36       	cpi	r24, 0x63	; 99
    1e68:	41 f4       	brne	.+16     	; 0x1e7a <writeToEPPROM(char) [clone .part.8]+0xae>
/home/oggy/Documents/arduinoprojects/padright_v1.5.1/padright_v1.5.1.ino:548
    EEPROM.put(cashLimitAddress, CASH_LIMIT);
    1e6a:	65 e1       	ldi	r22, 0x15	; 21
    1e6c:	71 e0       	ldi	r23, 0x01	; 1
    1e6e:	83 e2       	ldi	r24, 0x23	; 35
    1e70:	90 e0       	ldi	r25, 0x00	; 0
/home/oggy/Documents/arduinoprojects/padright_v1.5.1/padright_v1.5.1.ino:555
    EEPROM.put(pulseForFiveRupeeNoteAddress, pulseForFiveRupeeNote);
    cashPulseFactor = (float)(5.0 / pulseForFiveRupeeNote);
  } else if (status == 'w') {
    EEPROM.put(cashWaitTimeAddress, cashWaitTime);
  }
}
    1e72:	df 91       	pop	r29
    1e74:	cf 91       	pop	r28
/home/oggy/Documents/arduinoprojects/padright_v1.5.1/padright_v1.5.1.ino:553
    EEPROM.put(cashLimitAddress, CASH_LIMIT);
  } else if (status == 'p') {
    EEPROM.put(pulseForFiveRupeeNoteAddress, pulseForFiveRupeeNote);
    cashPulseFactor = (float)(5.0 / pulseForFiveRupeeNote);
  } else if (status == 'w') {
    EEPROM.put(cashWaitTimeAddress, cashWaitTime);
    1e76:	0c 94 c0 0e 	jmp	0x1d80	; 0x1d80 <int const& EEPROMClass::put<int>(int, int const&) [clone .isra.7]>
/home/oggy/Documents/arduinoprojects/padright_v1.5.1/padright_v1.5.1.ino:549
    for (int i = 0; i < maxRack; i++) {
      EEPROM.write(rackAddress[i], maxRackCapacity);
    }
  } else if (status == 'c') {
    EEPROM.put(cashLimitAddress, CASH_LIMIT);
  } else if (status == 'p') {
    1e7a:	80 37       	cpi	r24, 0x70	; 112
    1e7c:	19 f5       	brne	.+70     	; 0x1ec4 <writeToEPPROM(char) [clone .part.8]+0xf8>
/home/oggy/Documents/arduinoprojects/padright_v1.5.1/padright_v1.5.1.ino:550
    EEPROM.put(pulseForFiveRupeeNoteAddress, pulseForFiveRupeeNote);
    1e7e:	69 e1       	ldi	r22, 0x19	; 25
    1e80:	71 e0       	ldi	r23, 0x01	; 1
    1e82:	88 e2       	ldi	r24, 0x28	; 40
    1e84:	90 e0       	ldi	r25, 0x00	; 0
    1e86:	0e 94 c0 0e 	call	0x1d80	; 0x1d80 <int const& EEPROMClass::put<int>(int, int const&) [clone .isra.7]>
/home/oggy/Documents/arduinoprojects/padright_v1.5.1/padright_v1.5.1.ino:551
    cashPulseFactor = (float)(5.0 / pulseForFiveRupeeNote);
    1e8a:	60 91 19 01 	lds	r22, 0x0119	; 0x800119 <pulseForFiveRupeeNote>
    1e8e:	70 91 1a 01 	lds	r23, 0x011A	; 0x80011a <pulseForFiveRupeeNote+0x1>
    1e92:	07 2e       	mov	r0, r23
    1e94:	00 0c       	add	r0, r0
    1e96:	88 0b       	sbc	r24, r24
    1e98:	99 0b       	sbc	r25, r25
    1e9a:	0e 94 e4 1e 	call	0x3dc8	; 0x3dc8 <__floatsisf>
    1e9e:	9b 01       	movw	r18, r22
    1ea0:	ac 01       	movw	r20, r24
    1ea2:	60 e0       	ldi	r22, 0x00	; 0
    1ea4:	70 e0       	ldi	r23, 0x00	; 0
    1ea6:	80 ea       	ldi	r24, 0xA0	; 160
    1ea8:	90 e4       	ldi	r25, 0x40	; 64
    1eaa:	0e 94 2a 20 	call	0x4054	; 0x4054 <__divsf3>
    1eae:	60 93 1c 07 	sts	0x071C, r22	; 0x80071c <cashPulseFactor>
    1eb2:	70 93 1d 07 	sts	0x071D, r23	; 0x80071d <cashPulseFactor+0x1>
    1eb6:	80 93 1e 07 	sts	0x071E, r24	; 0x80071e <cashPulseFactor+0x2>
    1eba:	90 93 1f 07 	sts	0x071F, r25	; 0x80071f <cashPulseFactor+0x3>
/home/oggy/Documents/arduinoprojects/padright_v1.5.1/padright_v1.5.1.ino:555
  } else if (status == 'w') {
    EEPROM.put(cashWaitTimeAddress, cashWaitTime);
  }
}
    1ebe:	df 91       	pop	r29
    1ec0:	cf 91       	pop	r28
    1ec2:	08 95       	ret
/home/oggy/Documents/arduinoprojects/padright_v1.5.1/padright_v1.5.1.ino:552
  } else if (status == 'c') {
    EEPROM.put(cashLimitAddress, CASH_LIMIT);
  } else if (status == 'p') {
    EEPROM.put(pulseForFiveRupeeNoteAddress, pulseForFiveRupeeNote);
    cashPulseFactor = (float)(5.0 / pulseForFiveRupeeNote);
  } else if (status == 'w') {
    1ec4:	87 37       	cpi	r24, 0x77	; 119
    1ec6:	d9 f7       	brne	.-10     	; 0x1ebe <writeToEPPROM(char) [clone .part.8]+0xf2>
/home/oggy/Documents/arduinoprojects/padright_v1.5.1/padright_v1.5.1.ino:553
    EEPROM.put(cashWaitTimeAddress, cashWaitTime);
    1ec8:	67 e1       	ldi	r22, 0x17	; 23
    1eca:	71 e0       	ldi	r23, 0x01	; 1
    1ecc:	8d e2       	ldi	r24, 0x2D	; 45
    1ece:	90 e0       	ldi	r25, 0x00	; 0
    1ed0:	d0 cf       	rjmp	.-96     	; 0x1e72 <writeToEPPROM(char) [clone .part.8]+0xa6>

00001ed2 <writeToEPPROM(char)>:
writeToEPPROM():
/home/oggy/Documents/arduinoprojects/padright_v1.5.1/padright_v1.5.1.ino:522
  delay(2000);
  digitalWrite(buzzer, LOW);
  status = 'n';
  state = 0;
}
void writeToEPPROM(char status) {
    1ed2:	0f 93       	push	r16
    1ed4:	1f 93       	push	r17
    1ed6:	cf 93       	push	r28
    1ed8:	df 93       	push	r29
/home/oggy/Documents/arduinoprojects/padright_v1.5.1/padright_v1.5.1.ino:524

  if (status == 'r' || status == 'f') {
    1eda:	82 37       	cpi	r24, 0x72	; 114
    1edc:	b1 f4       	brne	.+44     	; 0x1f0a <writeToEPPROM(char)+0x38>
    1ede:	cc ed       	ldi	r28, 0xDC	; 220
    1ee0:	d6 e0       	ldi	r29, 0x06	; 6
/home/oggy/Documents/arduinoprojects/padright_v1.5.1/padright_v1.5.1.ino:522
  delay(2000);
  digitalWrite(buzzer, LOW);
  status = 'n';
  state = 0;
}
void writeToEPPROM(char status) {
    1ee2:	01 e2       	ldi	r16, 0x21	; 33
    1ee4:	11 e0       	ldi	r17, 0x01	; 1
/home/oggy/Documents/arduinoprojects/padright_v1.5.1/padright_v1.5.1.ino:525

  if (status == 'r' || status == 'f') {
    for (int i = 0; i < maxRack; i++) {
    1ee6:	20 91 0e 01 	lds	r18, 0x010E	; 0x80010e <maxRack>
    1eea:	c8 01       	movw	r24, r16
    1eec:	81 52       	subi	r24, 0x21	; 33
    1eee:	91 40       	sbci	r25, 0x01	; 1
    1ef0:	28 17       	cp	r18, r24
    1ef2:	19 06       	cpc	r1, r25
    1ef4:	d1 f0       	breq	.+52     	; 0x1f2a <writeToEPPROM(char)+0x58>
    1ef6:	cc f0       	brlt	.+50     	; 0x1f2a <writeToEPPROM(char)+0x58>
/home/oggy/Documents/arduinoprojects/padright_v1.5.1/padright_v1.5.1.ino:526
      EEPROM.write(rackAddress[i], rack[i].getQuantity());
    1ef8:	f8 01       	movw	r30, r16
    1efa:	81 91       	ld	r24, Z+
    1efc:	8f 01       	movw	r16, r30
    1efe:	68 81       	ld	r22, Y
    1f00:	90 e0       	ldi	r25, 0x00	; 0
    1f02:	0e 94 e4 0e 	call	0x1dc8	; 0x1dc8 <EEPROMClass::write(int, unsigned char) [clone .isra.1]>
    1f06:	24 96       	adiw	r28, 0x04	; 4
    1f08:	ee cf       	rjmp	.-36     	; 0x1ee6 <writeToEPPROM(char)+0x14>
/home/oggy/Documents/arduinoprojects/padright_v1.5.1/padright_v1.5.1.ino:524
  status = 'n';
  state = 0;
}
void writeToEPPROM(char status) {

  if (status == 'r' || status == 'f') {
    1f0a:	86 36       	cpi	r24, 0x66	; 102
    1f0c:	41 f3       	breq	.-48     	; 0x1ede <writeToEPPROM(char)+0xc>
/home/oggy/Documents/arduinoprojects/padright_v1.5.1/padright_v1.5.1.ino:529
    for (int i = 0; i < maxRack; i++) {
      EEPROM.write(rackAddress[i], rack[i].getQuantity());
    }
    EEPROM.write(maxRackCapacityAddress, maxRackCapacity);
  } else if (status == 'm') {
    1f0e:	8d 36       	cpi	r24, 0x6D	; 109
    1f10:	b1 f4       	brne	.+44     	; 0x1f3e <writeToEPPROM(char)+0x6c>
/home/oggy/Documents/arduinoprojects/padright_v1.5.1/padright_v1.5.1.ino:530
    writeIntIntoEEPROM(motorTimeAddress, motorTimeVariable);
    1f12:	c0 91 0c 01 	lds	r28, 0x010C	; 0x80010c <motorTimeVariable>
    1f16:	60 91 0d 01 	lds	r22, 0x010D	; 0x80010d <motorTimeVariable+0x1>
writeIntIntoEEPROM():
/home/oggy/Documents/arduinoprojects/padright_v1.5.1/padright_v1.5.1.ino:616
    rack[i].setMaxQuantity(maxRackCapacity);
  }
}

void writeIntIntoEEPROM(int address, int number) {
  EEPROM.write(address, number >> 8);
    1f1a:	8a e0       	ldi	r24, 0x0A	; 10
    1f1c:	90 e0       	ldi	r25, 0x00	; 0
    1f1e:	0e 94 e4 0e 	call	0x1dc8	; 0x1dc8 <EEPROMClass::write(int, unsigned char) [clone .isra.1]>
/home/oggy/Documents/arduinoprojects/padright_v1.5.1/padright_v1.5.1.ino:617
  EEPROM.write(address + 1, number & 0xFF);
    1f22:	6c 2f       	mov	r22, r28
    1f24:	8b e0       	ldi	r24, 0x0B	; 11
    1f26:	90 e0       	ldi	r25, 0x00	; 0
    1f28:	04 c0       	rjmp	.+8      	; 0x1f32 <writeToEPPROM(char)+0x60>
writeToEPPROM():
/home/oggy/Documents/arduinoprojects/padright_v1.5.1/padright_v1.5.1.ino:528

  if (status == 'r' || status == 'f') {
    for (int i = 0; i < maxRack; i++) {
      EEPROM.write(rackAddress[i], rack[i].getQuantity());
    }
    EEPROM.write(maxRackCapacityAddress, maxRackCapacity);
    1f2a:	60 91 11 01 	lds	r22, 0x0111	; 0x800111 <maxRackCapacity>
    1f2e:	84 e1       	ldi	r24, 0x14	; 20
    1f30:	90 e0       	ldi	r25, 0x00	; 0
/home/oggy/Documents/arduinoprojects/padright_v1.5.1/padright_v1.5.1.ino:555
    EEPROM.put(pulseForFiveRupeeNoteAddress, pulseForFiveRupeeNote);
    cashPulseFactor = (float)(5.0 / pulseForFiveRupeeNote);
  } else if (status == 'w') {
    EEPROM.put(cashWaitTimeAddress, cashWaitTime);
  }
}
    1f32:	df 91       	pop	r29
    1f34:	cf 91       	pop	r28
    1f36:	1f 91       	pop	r17
    1f38:	0f 91       	pop	r16
writeIntIntoEEPROM():
/home/oggy/Documents/arduinoprojects/padright_v1.5.1/padright_v1.5.1.ino:617
  }
}

void writeIntIntoEEPROM(int address, int number) {
  EEPROM.write(address, number >> 8);
  EEPROM.write(address + 1, number & 0xFF);
    1f3a:	0c 94 e4 0e 	jmp	0x1dc8	; 0x1dc8 <EEPROMClass::write(int, unsigned char) [clone .isra.1]>
writeToEPPROM():
/home/oggy/Documents/arduinoprojects/padright_v1.5.1/padright_v1.5.1.ino:531
      EEPROM.write(rackAddress[i], rack[i].getQuantity());
    }
    EEPROM.write(maxRackCapacityAddress, maxRackCapacity);
  } else if (status == 'm') {
    writeIntIntoEEPROM(motorTimeAddress, motorTimeVariable);
  } else if (status == 'b') {
    1f3e:	82 36       	cpi	r24, 0x62	; 98
    1f40:	29 f4       	brne	.+10     	; 0x1f4c <writeToEPPROM(char)+0x7a>
/home/oggy/Documents/arduinoprojects/padright_v1.5.1/padright_v1.5.1.ino:532
    EEPROM.write(maxPadAddress, padAmount);
    1f42:	60 91 0f 01 	lds	r22, 0x010F	; 0x80010f <padAmount>
    1f46:	8f e0       	ldi	r24, 0x0F	; 15
    1f48:	90 e0       	ldi	r25, 0x00	; 0
    1f4a:	f3 cf       	rjmp	.-26     	; 0x1f32 <writeToEPPROM(char)+0x60>
/home/oggy/Documents/arduinoprojects/padright_v1.5.1/padright_v1.5.1.ino:555
    EEPROM.put(pulseForFiveRupeeNoteAddress, pulseForFiveRupeeNote);
    cashPulseFactor = (float)(5.0 / pulseForFiveRupeeNote);
  } else if (status == 'w') {
    EEPROM.put(cashWaitTimeAddress, cashWaitTime);
  }
}
    1f4c:	df 91       	pop	r29
    1f4e:	cf 91       	pop	r28
    1f50:	1f 91       	pop	r17
    1f52:	0f 91       	pop	r16
    1f54:	0c 94 e6 0e 	jmp	0x1dcc	; 0x1dcc <writeToEPPROM(char) [clone .part.8]>

00001f58 <fillMenu()>:
fillMenu():
/home/oggy/Documents/arduinoprojects/padright_v1.5.1/lcd.ino:216
  lcd.setCursor(0, 1);
  lcd.print(maxRack);
}

void fillMenu() {
  lcd.clear();
    1f58:	0e 94 7e 03 	call	0x6fc	; 0x6fc <LiquidCrystal::clear() [clone .constprop.47]>
/home/oggy/Documents/arduinoprojects/padright_v1.5.1/lcd.ino:217
  lcd.setCursor(0, 0);
    1f5c:	60 e0       	ldi	r22, 0x00	; 0
    1f5e:	80 e0       	ldi	r24, 0x00	; 0
    1f60:	0e 94 27 04 	call	0x84e	; 0x84e <LiquidCrystal::setCursor(unsigned char, unsigned char) [clone .constprop.24]>
/home/oggy/Documents/arduinoprojects/padright_v1.5.1/lcd.ino:218
  lcd.print("Enter capacity");
    1f64:	89 e6       	ldi	r24, 0x69	; 105
    1f66:	92 e0       	ldi	r25, 0x02	; 2
    1f68:	0e 94 be 0a 	call	0x157c	; 0x157c <Print::print(char const*) [clone .constprop.41]>
/home/oggy/Documents/arduinoprojects/padright_v1.5.1/lcd.ino:219
  lcd.setCursor(0, 1);
    1f6c:	61 e0       	ldi	r22, 0x01	; 1
    1f6e:	80 e0       	ldi	r24, 0x00	; 0
    1f70:	0e 94 27 04 	call	0x84e	; 0x84e <LiquidCrystal::setCursor(unsigned char, unsigned char) [clone .constprop.24]>
/home/oggy/Documents/arduinoprojects/padright_v1.5.1/lcd.ino:220
  lcd.print("of one Rack:");
    1f74:	88 e7       	ldi	r24, 0x78	; 120
    1f76:	92 e0       	ldi	r25, 0x02	; 2
    1f78:	0e 94 be 0a 	call	0x157c	; 0x157c <Print::print(char const*) [clone .constprop.41]>
/home/oggy/Documents/arduinoprojects/padright_v1.5.1/lcd.ino:221
  lcd.print(maxRackCapacity);
    1f7c:	80 91 11 01 	lds	r24, 0x0111	; 0x800111 <maxRackCapacity>
    1f80:	90 91 12 01 	lds	r25, 0x0112	; 0x800112 <maxRackCapacity+0x1>
    1f84:	0e 94 91 0a 	call	0x1522	; 0x1522 <Print::print(int, int) [clone .constprop.25]>
/home/oggy/Documents/arduinoprojects/padright_v1.5.1/lcd.ino:223
  // write to eeprom
  writeToEPPROM('f');
    1f88:	86 e6       	ldi	r24, 0x66	; 102
    1f8a:	0c 94 69 0f 	jmp	0x1ed2	; 0x1ed2 <writeToEPPROM(char)>

00001f8e <dispenseProduct(int)>:
dispenseProduct():
/home/oggy/Documents/arduinoprojects/padright_v1.5.1/cashInterrupt.ino:196
    menu();
  }
}

// run motor when cash is accepted
void dispenseProduct(int runCount) {
    1f8e:	9f 92       	push	r9
    1f90:	af 92       	push	r10
    1f92:	bf 92       	push	r11
    1f94:	cf 92       	push	r12
    1f96:	df 92       	push	r13
    1f98:	ef 92       	push	r14
    1f9a:	ff 92       	push	r15
    1f9c:	0f 93       	push	r16
    1f9e:	1f 93       	push	r17
    1fa0:	cf 93       	push	r28
    1fa2:	df 93       	push	r29
    1fa4:	ec 01       	movw	r28, r24
/home/oggy/Documents/arduinoprojects/padright_v1.5.1/cashInterrupt.ino:198
  // int totalProductToDispense = runCount;
  if (getStock() != 0) {
    1fa6:	0e 94 8a 09 	call	0x1314	; 0x1314 <getStock()>
    1faa:	89 2b       	or	r24, r25
    1fac:	09 f4       	brne	.+2      	; 0x1fb0 <dispenseProduct(int)+0x22>
    1fae:	dc c0       	rjmp	.+440    	; 0x2168 <dispenseProduct(int)+0x1da>
    1fb0:	0c ed       	ldi	r16, 0xDC	; 220
    1fb2:	16 e0       	ldi	r17, 0x06	; 6
    1fb4:	9b e2       	ldi	r25, 0x2B	; 43
    1fb6:	e9 2e       	mov	r14, r25
    1fb8:	91 e0       	ldi	r25, 0x01	; 1
    1fba:	f9 2e       	mov	r15, r25
/home/oggy/Documents/arduinoprojects/padright_v1.5.1/cashInterrupt.ino:199
    for (int i = 0; i < maxRack && runCount > 0; i++) {
    1fbc:	20 91 0e 01 	lds	r18, 0x010E	; 0x80010e <maxRack>
    1fc0:	c7 01       	movw	r24, r14
    1fc2:	8b 52       	subi	r24, 0x2B	; 43
    1fc4:	91 40       	sbci	r25, 0x01	; 1
    1fc6:	28 17       	cp	r18, r24
    1fc8:	19 06       	cpc	r1, r25
    1fca:	09 f0       	breq	.+2      	; 0x1fce <dispenseProduct(int)+0x40>
    1fcc:	0c f4       	brge	.+2      	; 0x1fd0 <dispenseProduct(int)+0x42>
    1fce:	b2 c0       	rjmp	.+356    	; 0x2134 <dispenseProduct(int)+0x1a6>
    1fd0:	1c 16       	cp	r1, r28
    1fd2:	1d 06       	cpc	r1, r29
    1fd4:	0c f0       	brlt	.+2      	; 0x1fd8 <dispenseProduct(int)+0x4a>
    1fd6:	ae c0       	rjmp	.+348    	; 0x2134 <dispenseProduct(int)+0x1a6>
getQuantity():
/home/oggy/Documents/arduinoprojects/padright_v1.5.1/padrack.cpp:5
    1fd8:	f8 01       	movw	r30, r16
    1fda:	a0 80       	ld	r10, Z
    1fdc:	b1 80       	ldd	r11, Z+1	; 0x01
dispenseProduct():
/home/oggy/Documents/arduinoprojects/padright_v1.5.1/cashInterrupt.ino:201
      bool hadStock = rack[i].getQuantity() > 0;
      lcd.clear();
    1fde:	0e 94 7e 03 	call	0x6fc	; 0x6fc <LiquidCrystal::clear() [clone .constprop.47]>
getQuantity():
/home/oggy/Documents/arduinoprojects/padright_v1.5.1/padrack.cpp:5
    1fe2:	f8 01       	movw	r30, r16
    1fe4:	c0 80       	ld	r12, Z
    1fe6:	d1 80       	ldd	r13, Z+1	; 0x01
dispenseProduct():
/home/oggy/Documents/arduinoprojects/padright_v1.5.1/cashInterrupt.ino:202
      while (rack[i].getQuantity() > 0 && runCount > 0) {
    1fe8:	1c 14       	cp	r1, r12
    1fea:	1d 04       	cpc	r1, r13
    1fec:	0c f0       	brlt	.+2      	; 0x1ff0 <dispenseProduct(int)+0x62>
    1fee:	43 c0       	rjmp	.+134    	; 0x2076 <dispenseProduct(int)+0xe8>
    1ff0:	20 97       	sbiw	r28, 0x00	; 0
    1ff2:	09 f4       	brne	.+2      	; 0x1ff6 <dispenseProduct(int)+0x68>
    1ff4:	99 c0       	rjmp	.+306    	; 0x2128 <dispenseProduct(int)+0x19a>
/home/oggy/Documents/arduinoprojects/padright_v1.5.1/cashInterrupt.ino:203
        lcd.setCursor(0, 0);
    1ff6:	60 e0       	ldi	r22, 0x00	; 0
    1ff8:	80 e0       	ldi	r24, 0x00	; 0
    1ffa:	0e 94 27 04 	call	0x84e	; 0x84e <LiquidCrystal::setCursor(unsigned char, unsigned char) [clone .constprop.24]>
/home/oggy/Documents/arduinoprojects/padright_v1.5.1/cashInterrupt.ino:204
        lcd.print("Dispensing Pad");
    1ffe:	85 e8       	ldi	r24, 0x85	; 133
    2000:	92 e0       	ldi	r25, 0x02	; 2
    2002:	0e 94 be 0a 	call	0x157c	; 0x157c <Print::print(char const*) [clone .constprop.41]>
/home/oggy/Documents/arduinoprojects/padright_v1.5.1/cashInterrupt.ino:205
        lcd.setCursor(0, 1);
    2006:	61 e0       	ldi	r22, 0x01	; 1
    2008:	80 e0       	ldi	r24, 0x00	; 0
    200a:	0e 94 27 04 	call	0x84e	; 0x84e <LiquidCrystal::setCursor(unsigned char, unsigned char) [clone .constprop.24]>
/home/oggy/Documents/arduinoprojects/padright_v1.5.1/cashInterrupt.ino:206
        lcd.print("Collect Now");
    200e:	84 e9       	ldi	r24, 0x94	; 148
    2010:	92 e0       	ldi	r25, 0x02	; 2
    2012:	0e 94 be 0a 	call	0x157c	; 0x157c <Print::print(char const*) [clone .constprop.41]>
/home/oggy/Documents/arduinoprojects/padright_v1.5.1/cashInterrupt.ino:207
        digitalWrite(motor[i], HIGH);
    2016:	f7 01       	movw	r30, r14
    2018:	d0 80       	ld	r13, Z
    201a:	61 e0       	ldi	r22, 0x01	; 1
    201c:	8d 2d       	mov	r24, r13
    201e:	0e 94 e6 00 	call	0x1cc	; 0x1cc <digitalWrite>
/home/oggy/Documents/arduinoprojects/padright_v1.5.1/cashInterrupt.ino:208
        delay(motorTimeVariable);
    2022:	60 91 0c 01 	lds	r22, 0x010C	; 0x80010c <motorTimeVariable>
    2026:	70 91 0d 01 	lds	r23, 0x010D	; 0x80010d <motorTimeVariable+0x1>
    202a:	07 2e       	mov	r0, r23
    202c:	00 0c       	add	r0, r0
    202e:	88 0b       	sbc	r24, r24
    2030:	99 0b       	sbc	r25, r25
    2032:	0e 94 80 01 	call	0x300	; 0x300 <delay>
/home/oggy/Documents/arduinoprojects/padright_v1.5.1/cashInterrupt.ino:209
        digitalWrite(motor[i], LOW);
    2036:	60 e0       	ldi	r22, 0x00	; 0
    2038:	8d 2d       	mov	r24, r13
    203a:	0e 94 e6 00 	call	0x1cc	; 0x1cc <digitalWrite>
decQuantity():
/home/oggy/Documents/arduinoprojects/padright_v1.5.1/padrack.cpp:13
{
    quantity = number;
}
void padrack::decQuantity()
{
    if (quantity != 0)
    203e:	f8 01       	movw	r30, r16
    2040:	80 81       	ld	r24, Z
    2042:	91 81       	ldd	r25, Z+1	; 0x01
    2044:	00 97       	sbiw	r24, 0x00	; 0
    2046:	19 f0       	breq	.+6      	; 0x204e <dispenseProduct(int)+0xc0>
/home/oggy/Documents/arduinoprojects/padright_v1.5.1/padrack.cpp:15
    {
        quantity--;
    2048:	01 97       	sbiw	r24, 0x01	; 1
    204a:	91 83       	std	Z+1, r25	; 0x01
    204c:	80 83       	st	Z, r24
dispenseProduct():
/home/oggy/Documents/arduinoprojects/padright_v1.5.1/cashInterrupt.ino:211
        rack[i].decQuantity();
        --runCount;
    204e:	21 97       	sbiw	r28, 0x01	; 1
/home/oggy/Documents/arduinoprojects/padright_v1.5.1/cashInterrupt.ino:212
        success(800);
    2050:	80 e2       	ldi	r24, 0x20	; 32
    2052:	93 e0       	ldi	r25, 0x03	; 3
    2054:	0e 94 77 09 	call	0x12ee	; 0x12ee <success(int)>
/home/oggy/Documents/arduinoprojects/padright_v1.5.1/cashInterrupt.ino:213
        delay(1050);
    2058:	6a e1       	ldi	r22, 0x1A	; 26
    205a:	74 e0       	ldi	r23, 0x04	; 4
    205c:	80 e0       	ldi	r24, 0x00	; 0
    205e:	90 e0       	ldi	r25, 0x00	; 0
    2060:	0e 94 80 01 	call	0x300	; 0x300 <delay>
/home/oggy/Documents/arduinoprojects/padright_v1.5.1/cashInterrupt.ino:214
        lcd.clear();
    2064:	0e 94 7e 03 	call	0x6fc	; 0x6fc <LiquidCrystal::clear() [clone .constprop.47]>
/home/oggy/Documents/arduinoprojects/padright_v1.5.1/cashInterrupt.ino:215
        delay(150);
    2068:	66 e9       	ldi	r22, 0x96	; 150
    206a:	70 e0       	ldi	r23, 0x00	; 0
    206c:	80 e0       	ldi	r24, 0x00	; 0
    206e:	90 e0       	ldi	r25, 0x00	; 0
    2070:	0e 94 80 01 	call	0x300	; 0x300 <delay>
    2074:	b6 cf       	rjmp	.-148    	; 0x1fe2 <dispenseProduct(int)+0x54>
/home/oggy/Documents/arduinoprojects/padright_v1.5.1/cashInterrupt.ino:218
      }
      //  at this movement stock fininshed at rack[i] and still more runs needed
      if (hadStock && rack[i].getQuantity() == 0 && runCount > 0) {
    2076:	1a 14       	cp	r1, r10
    2078:	1b 04       	cpc	r1, r11
    207a:	0c f0       	brlt	.+2      	; 0x207e <dispenseProduct(int)+0xf0>
    207c:	55 c0       	rjmp	.+170    	; 0x2128 <dispenseProduct(int)+0x19a>
    207e:	c1 14       	cp	r12, r1
    2080:	d1 04       	cpc	r13, r1
    2082:	09 f0       	breq	.+2      	; 0x2086 <dispenseProduct(int)+0xf8>
    2084:	51 c0       	rjmp	.+162    	; 0x2128 <dispenseProduct(int)+0x19a>
    2086:	20 97       	sbiw	r28, 0x00	; 0
    2088:	09 f4       	brne	.+2      	; 0x208c <dispenseProduct(int)+0xfe>
    208a:	4e c0       	rjmp	.+156    	; 0x2128 <dispenseProduct(int)+0x19a>
_Z3minIiiEDTqultfp0_fp_fp0_fp_ERKT_RKT0_():
/home/oggy/.arduino15/packages/MiniCore/hardware/avr/3.1.1/cores/MCUdude_corefiles/Arduino.h:315
		return x > 0 ? x : -x;
	}

	template<class T, class L>
	auto min(const T& a, const L& b) -> decltype((b < a) ? b : a) {
		return (b < a) ? b : a;
    208c:	5e 01       	movw	r10, r28
    208e:	c4 30       	cpi	r28, 0x04	; 4
    2090:	d1 05       	cpc	r29, r1
    2092:	1c f0       	brlt	.+6      	; 0x209a <dispenseProduct(int)+0x10c>
dispenseProduct():
    2094:	84 e0       	ldi	r24, 0x04	; 4
    2096:	a8 2e       	mov	r10, r24
    2098:	b1 2c       	mov	r11, r1
runExtra():
/home/oggy/Documents/arduinoprojects/padright_v1.5.1/cashInterrupt.ino:246
  digitalWrite(inhibit, LOW);
}
void runExtra(int &runCount, int i) {
  int extraToRun = min(maxExtraMotorRun, runCount);
  for (int j = 0; j < extraToRun; j++) {
    lcd.setCursor(0, 0);
    209a:	60 e0       	ldi	r22, 0x00	; 0
    209c:	80 e0       	ldi	r24, 0x00	; 0
    209e:	0e 94 27 04 	call	0x84e	; 0x84e <LiquidCrystal::setCursor(unsigned char, unsigned char) [clone .constprop.24]>
/home/oggy/Documents/arduinoprojects/padright_v1.5.1/cashInterrupt.ino:247
    lcd.print("Dispensing Pad");
    20a2:	85 e8       	ldi	r24, 0x85	; 133
    20a4:	92 e0       	ldi	r25, 0x02	; 2
    20a6:	0e 94 be 0a 	call	0x157c	; 0x157c <Print::print(char const*) [clone .constprop.41]>
/home/oggy/Documents/arduinoprojects/padright_v1.5.1/cashInterrupt.ino:248
    lcd.setCursor(0, 1);
    20aa:	61 e0       	ldi	r22, 0x01	; 1
    20ac:	80 e0       	ldi	r24, 0x00	; 0
    20ae:	0e 94 27 04 	call	0x84e	; 0x84e <LiquidCrystal::setCursor(unsigned char, unsigned char) [clone .constprop.24]>
/home/oggy/Documents/arduinoprojects/padright_v1.5.1/cashInterrupt.ino:249
    lcd.print("Collect Now");
    20b2:	84 e9       	ldi	r24, 0x94	; 148
    20b4:	92 e0       	ldi	r25, 0x02	; 2
    20b6:	0e 94 be 0a 	call	0x157c	; 0x157c <Print::print(char const*) [clone .constprop.41]>
/home/oggy/Documents/arduinoprojects/padright_v1.5.1/cashInterrupt.ino:250
    digitalWrite(motor[i], HIGH);
    20ba:	f7 01       	movw	r30, r14
    20bc:	90 80       	ld	r9, Z
    20be:	61 e0       	ldi	r22, 0x01	; 1
    20c0:	89 2d       	mov	r24, r9
    20c2:	0e 94 e6 00 	call	0x1cc	; 0x1cc <digitalWrite>
/home/oggy/Documents/arduinoprojects/padright_v1.5.1/cashInterrupt.ino:251
    delay(motorTimeVariable);
    20c6:	60 91 0c 01 	lds	r22, 0x010C	; 0x80010c <motorTimeVariable>
    20ca:	70 91 0d 01 	lds	r23, 0x010D	; 0x80010d <motorTimeVariable+0x1>
    20ce:	07 2e       	mov	r0, r23
    20d0:	00 0c       	add	r0, r0
    20d2:	88 0b       	sbc	r24, r24
    20d4:	99 0b       	sbc	r25, r25
    20d6:	0e 94 80 01 	call	0x300	; 0x300 <delay>
/home/oggy/Documents/arduinoprojects/padright_v1.5.1/cashInterrupt.ino:252
    digitalWrite(motor[i], LOW);
    20da:	60 e0       	ldi	r22, 0x00	; 0
    20dc:	89 2d       	mov	r24, r9
    20de:	0e 94 e6 00 	call	0x1cc	; 0x1cc <digitalWrite>
decQuantity():
/home/oggy/Documents/arduinoprojects/padright_v1.5.1/padrack.cpp:13
{
    quantity = number;
}
void padrack::decQuantity()
{
    if (quantity != 0)
    20e2:	f8 01       	movw	r30, r16
    20e4:	80 81       	ld	r24, Z
    20e6:	91 81       	ldd	r25, Z+1	; 0x01
    20e8:	00 97       	sbiw	r24, 0x00	; 0
    20ea:	19 f0       	breq	.+6      	; 0x20f2 <dispenseProduct(int)+0x164>
/home/oggy/Documents/arduinoprojects/padright_v1.5.1/padrack.cpp:15
    {
        quantity--;
    20ec:	01 97       	sbiw	r24, 0x01	; 1
    20ee:	91 83       	std	Z+1, r25	; 0x01
    20f0:	80 83       	st	Z, r24
runExtra():
/home/oggy/Documents/arduinoprojects/padright_v1.5.1/cashInterrupt.ino:255
    rack[i].decQuantity();
    --runCount;
    success(800);
    20f2:	80 e2       	ldi	r24, 0x20	; 32
    20f4:	93 e0       	ldi	r25, 0x03	; 3
    20f6:	0e 94 77 09 	call	0x12ee	; 0x12ee <success(int)>
/home/oggy/Documents/arduinoprojects/padright_v1.5.1/cashInterrupt.ino:256
    delay(1050);
    20fa:	6a e1       	ldi	r22, 0x1A	; 26
    20fc:	74 e0       	ldi	r23, 0x04	; 4
    20fe:	80 e0       	ldi	r24, 0x00	; 0
    2100:	90 e0       	ldi	r25, 0x00	; 0
    2102:	0e 94 80 01 	call	0x300	; 0x300 <delay>
/home/oggy/Documents/arduinoprojects/padright_v1.5.1/cashInterrupt.ino:257
    lcd.clear();
    2106:	0e 94 7e 03 	call	0x6fc	; 0x6fc <LiquidCrystal::clear() [clone .constprop.47]>
/home/oggy/Documents/arduinoprojects/padright_v1.5.1/cashInterrupt.ino:258
    delay(150);
    210a:	66 e9       	ldi	r22, 0x96	; 150
    210c:	70 e0       	ldi	r23, 0x00	; 0
    210e:	80 e0       	ldi	r24, 0x00	; 0
    2110:	90 e0       	ldi	r25, 0x00	; 0
    2112:	0e 94 80 01 	call	0x300	; 0x300 <delay>
/home/oggy/Documents/arduinoprojects/padright_v1.5.1/cashInterrupt.ino:245
void enableCashAcceptor() {
  digitalWrite(inhibit, LOW);
}
void runExtra(int &runCount, int i) {
  int extraToRun = min(maxExtraMotorRun, runCount);
  for (int j = 0; j < extraToRun; j++) {
    2116:	ff ef       	ldi	r31, 0xFF	; 255
    2118:	cf 1a       	sub	r12, r31
    211a:	df 0a       	sbc	r13, r31
    211c:	ac 14       	cp	r10, r12
    211e:	bd 04       	cpc	r11, r13
    2120:	09 f0       	breq	.+2      	; 0x2124 <dispenseProduct(int)+0x196>
    2122:	bb cf       	rjmp	.-138    	; 0x209a <dispenseProduct(int)+0x10c>
    2124:	ca 19       	sub	r28, r10
    2126:	db 09       	sbc	r29, r11
    2128:	0c 5f       	subi	r16, 0xFC	; 252
    212a:	1f 4f       	sbci	r17, 0xFF	; 255
    212c:	8f ef       	ldi	r24, 0xFF	; 255
    212e:	e8 1a       	sub	r14, r24
    2130:	f8 0a       	sbc	r15, r24
    2132:	44 cf       	rjmp	.-376    	; 0x1fbc <dispenseProduct(int)+0x2e>
dispenseProduct():
/home/oggy/Documents/arduinoprojects/padright_v1.5.1/cashInterrupt.ino:222
      //  at this movement stock fininshed at rack[i] and still more runs needed
      if (hadStock && rack[i].getQuantity() == 0 && runCount > 0) {
        runExtra(runCount, i);
      }
    }
    writeToEPPROM('r');
    2134:	82 e7       	ldi	r24, 0x72	; 114
    2136:	0e 94 69 0f 	call	0x1ed2	; 0x1ed2 <writeToEPPROM(char)>
/home/oggy/Documents/arduinoprojects/padright_v1.5.1/cashInterrupt.ino:232
    lcd.print("Sorry");
    lcd.setCursor(0, 1);
    lcd.print("No Stocks");
    warning();
  }
  state = 0;
    213a:	10 92 1e 06 	sts	0x061E, r1	; 0x80061e <state+0x1>
    213e:	10 92 1d 06 	sts	0x061D, r1	; 0x80061d <state>
/home/oggy/Documents/arduinoprojects/padright_v1.5.1/cashInterrupt.ino:233
  status = 'n';
    2142:	8e e6       	ldi	r24, 0x6E	; 110
    2144:	80 93 14 01 	sts	0x0114, r24	; 0x800114 <status>
/home/oggy/Documents/arduinoprojects/padright_v1.5.1/cashInterrupt.ino:234
  changeDone = true;
    2148:	81 e0       	ldi	r24, 0x01	; 1
    214a:	80 93 13 01 	sts	0x0113, r24	; 0x800113 <changeDone>
/home/oggy/Documents/arduinoprojects/padright_v1.5.1/cashInterrupt.ino:236
  menu();
}
    214e:	df 91       	pop	r29
    2150:	cf 91       	pop	r28
    2152:	1f 91       	pop	r17
    2154:	0f 91       	pop	r16
    2156:	ff 90       	pop	r15
    2158:	ef 90       	pop	r14
    215a:	df 90       	pop	r13
    215c:	cf 90       	pop	r12
    215e:	bf 90       	pop	r11
    2160:	af 90       	pop	r10
    2162:	9f 90       	pop	r9
/home/oggy/Documents/arduinoprojects/padright_v1.5.1/cashInterrupt.ino:235
    warning();
  }
  state = 0;
  status = 'n';
  changeDone = true;
  menu();
    2164:	0c 94 87 0b 	jmp	0x170e	; 0x170e <menu()>
/home/oggy/Documents/arduinoprojects/padright_v1.5.1/cashInterrupt.ino:225
      }
    }
    writeToEPPROM('r');
  } else  // print if no stock remaining
  {
    lcd.clear();
    2168:	0e 94 7e 03 	call	0x6fc	; 0x6fc <LiquidCrystal::clear() [clone .constprop.47]>
/home/oggy/Documents/arduinoprojects/padright_v1.5.1/cashInterrupt.ino:226
    lcd.setCursor(0, 0);
    216c:	60 e0       	ldi	r22, 0x00	; 0
    216e:	80 e0       	ldi	r24, 0x00	; 0
    2170:	0e 94 27 04 	call	0x84e	; 0x84e <LiquidCrystal::setCursor(unsigned char, unsigned char) [clone .constprop.24]>
/home/oggy/Documents/arduinoprojects/padright_v1.5.1/cashInterrupt.ino:227
    lcd.print("Sorry");
    2174:	80 ea       	ldi	r24, 0xA0	; 160
    2176:	92 e0       	ldi	r25, 0x02	; 2
    2178:	0e 94 be 0a 	call	0x157c	; 0x157c <Print::print(char const*) [clone .constprop.41]>
/home/oggy/Documents/arduinoprojects/padright_v1.5.1/cashInterrupt.ino:228
    lcd.setCursor(0, 1);
    217c:	61 e0       	ldi	r22, 0x01	; 1
    217e:	80 e0       	ldi	r24, 0x00	; 0
    2180:	0e 94 27 04 	call	0x84e	; 0x84e <LiquidCrystal::setCursor(unsigned char, unsigned char) [clone .constprop.24]>
/home/oggy/Documents/arduinoprojects/padright_v1.5.1/cashInterrupt.ino:229
    lcd.print("No Stocks");
    2184:	86 ea       	ldi	r24, 0xA6	; 166
    2186:	92 e0       	ldi	r25, 0x02	; 2
    2188:	0e 94 be 0a 	call	0x157c	; 0x157c <Print::print(char const*) [clone .constprop.41]>
/home/oggy/Documents/arduinoprojects/padright_v1.5.1/cashInterrupt.ino:230
    warning();
    218c:	0e 94 41 09 	call	0x1282	; 0x1282 <warning()>
    2190:	d4 cf       	rjmp	.-88     	; 0x213a <dispenseProduct(int)+0x1ac>

00002192 <__vector_16>:
__vector_16():
/home/oggy/.arduino15/packages/MiniCore/hardware/avr/3.1.1/cores/MCUdude_corefiles/wiring.c:159
#if defined(__AVR_ATtiny24__) || defined(__AVR_ATtiny44__) || defined(__AVR_ATtiny84__)
ISR(TIM0_OVF_vect)
#else
ISR(TIMER0_OVF_vect)
#endif
{
    2192:	1f 92       	push	r1
    2194:	0f 92       	push	r0
    2196:	0f b6       	in	r0, 0x3f	; 63
    2198:	0f 92       	push	r0
    219a:	11 24       	eor	r1, r1
    219c:	2f 93       	push	r18
    219e:	3f 93       	push	r19
    21a0:	8f 93       	push	r24
    21a2:	9f 93       	push	r25
    21a4:	af 93       	push	r26
    21a6:	bf 93       	push	r27
/home/oggy/.arduino15/packages/MiniCore/hardware/avr/3.1.1/cores/MCUdude_corefiles/wiring.c:167
  static unsigned char timer0_exact = 0;
#endif

  // copy these to local variables so they can be stored in registers
  // (volatile variables must be read from memory on every access, so this saves time)
  unsigned long m = timer0_millis;
    21a8:	80 91 21 06 	lds	r24, 0x0621	; 0x800621 <timer0_millis>
    21ac:	90 91 22 06 	lds	r25, 0x0622	; 0x800622 <timer0_millis+0x1>
    21b0:	a0 91 23 06 	lds	r26, 0x0623	; 0x800623 <timer0_millis+0x2>
    21b4:	b0 91 24 06 	lds	r27, 0x0624	; 0x800624 <timer0_millis+0x3>
/home/oggy/.arduino15/packages/MiniCore/hardware/avr/3.1.1/cores/MCUdude_corefiles/wiring.c:168
  unsigned char f = timer0_fract;
    21b8:	30 91 20 06 	lds	r19, 0x0620	; 0x800620 <timer0_fract>
/home/oggy/.arduino15/packages/MiniCore/hardware/avr/3.1.1/cores/MCUdude_corefiles/wiring.c:170

  f += FRACT_INC FRACT_INC_PLUS;
    21bc:	23 e0       	ldi	r18, 0x03	; 3
    21be:	23 0f       	add	r18, r19
/home/oggy/.arduino15/packages/MiniCore/hardware/avr/3.1.1/cores/MCUdude_corefiles/wiring.c:200
    ++f;
  }
#endif
#endif // CORRECT_EXACT_MILLIS

  if (f >= FRACT_MAX) {
    21c0:	2d 37       	cpi	r18, 0x7D	; 125
    21c2:	68 f1       	brcs	.+90     	; 0x221e <__vector_16+0x8c>
/home/oggy/.arduino15/packages/MiniCore/hardware/avr/3.1.1/cores/MCUdude_corefiles/wiring.c:201
    f -= FRACT_MAX;
    21c4:	26 e8       	ldi	r18, 0x86	; 134
    21c6:	23 0f       	add	r18, r19
/home/oggy/.arduino15/packages/MiniCore/hardware/avr/3.1.1/cores/MCUdude_corefiles/wiring.c:202
    m += MILLIS_INC + 1;
    21c8:	02 96       	adiw	r24, 0x02	; 2
    21ca:	a1 1d       	adc	r26, r1
    21cc:	b1 1d       	adc	r27, r1
/home/oggy/.arduino15/packages/MiniCore/hardware/avr/3.1.1/cores/MCUdude_corefiles/wiring.c:208
  }
  else {
    m += MILLIS_INC;
  }

  timer0_fract = f;
    21ce:	20 93 20 06 	sts	0x0620, r18	; 0x800620 <timer0_fract>
/home/oggy/.arduino15/packages/MiniCore/hardware/avr/3.1.1/cores/MCUdude_corefiles/wiring.c:209
  timer0_millis = m;
    21d2:	80 93 21 06 	sts	0x0621, r24	; 0x800621 <timer0_millis>
    21d6:	90 93 22 06 	sts	0x0622, r25	; 0x800622 <timer0_millis+0x1>
    21da:	a0 93 23 06 	sts	0x0623, r26	; 0x800623 <timer0_millis+0x2>
    21de:	b0 93 24 06 	sts	0x0624, r27	; 0x800624 <timer0_millis+0x3>
/home/oggy/.arduino15/packages/MiniCore/hardware/avr/3.1.1/cores/MCUdude_corefiles/wiring.c:211
#ifndef CORRECT_EXACT_MICROS
  timer0_overflow_count++;
    21e2:	80 91 25 06 	lds	r24, 0x0625	; 0x800625 <timer0_overflow_count>
    21e6:	90 91 26 06 	lds	r25, 0x0626	; 0x800626 <timer0_overflow_count+0x1>
    21ea:	a0 91 27 06 	lds	r26, 0x0627	; 0x800627 <timer0_overflow_count+0x2>
    21ee:	b0 91 28 06 	lds	r27, 0x0628	; 0x800628 <timer0_overflow_count+0x3>
    21f2:	01 96       	adiw	r24, 0x01	; 1
    21f4:	a1 1d       	adc	r26, r1
    21f6:	b1 1d       	adc	r27, r1
    21f8:	80 93 25 06 	sts	0x0625, r24	; 0x800625 <timer0_overflow_count>
    21fc:	90 93 26 06 	sts	0x0626, r25	; 0x800626 <timer0_overflow_count+0x1>
    2200:	a0 93 27 06 	sts	0x0627, r26	; 0x800627 <timer0_overflow_count+0x2>
    2204:	b0 93 28 06 	sts	0x0628, r27	; 0x800628 <timer0_overflow_count+0x3>
/home/oggy/.arduino15/packages/MiniCore/hardware/avr/3.1.1/cores/MCUdude_corefiles/wiring.c:213
#endif
}
    2208:	bf 91       	pop	r27
    220a:	af 91       	pop	r26
    220c:	9f 91       	pop	r25
    220e:	8f 91       	pop	r24
    2210:	3f 91       	pop	r19
    2212:	2f 91       	pop	r18
    2214:	0f 90       	pop	r0
    2216:	0f be       	out	0x3f, r0	; 63
    2218:	0f 90       	pop	r0
    221a:	1f 90       	pop	r1
    221c:	18 95       	reti
/home/oggy/.arduino15/packages/MiniCore/hardware/avr/3.1.1/cores/MCUdude_corefiles/wiring.c:205
  if (f >= FRACT_MAX) {
    f -= FRACT_MAX;
    m += MILLIS_INC + 1;
  }
  else {
    m += MILLIS_INC;
    221e:	01 96       	adiw	r24, 0x01	; 1
    2220:	a1 1d       	adc	r26, r1
    2222:	b1 1d       	adc	r27, r1
    2224:	d4 cf       	rjmp	.-88     	; 0x21ce <__vector_16+0x3c>

00002226 <__vector_2>:
__vector_2():
/home/oggy/.arduino15/packages/MiniCore/hardware/avr/3.1.1/cores/MCUdude_corefiles/WInterrupts.c:489
|| defined(__AVR_ATmega48PB__)  || defined(__AVR_ATmega88__)  || defined(__AVR_ATmega88P__)  \
|| defined(__AVR_ATmega88PB__)  || defined(__AVR_ATmega168__) || defined(__AVR_ATmega168P__) \
|| defined(__AVR_ATmega168PB__) || defined(__AVR_ATmega328__) || defined(__AVR_ATmega328P__) \
|| defined(__AVR_ATmega328PB__)
  IMPLEMENT_ISR(INT0_vect, EXTERNAL_INT_0)
  IMPLEMENT_ISR(INT1_vect, EXTERNAL_INT_1)
    2226:	1f 92       	push	r1
    2228:	0f 92       	push	r0
    222a:	0f b6       	in	r0, 0x3f	; 63
    222c:	0f 92       	push	r0
    222e:	11 24       	eor	r1, r1
    2230:	2f 93       	push	r18
    2232:	3f 93       	push	r19
    2234:	4f 93       	push	r20
    2236:	5f 93       	push	r21
    2238:	6f 93       	push	r22
    223a:	7f 93       	push	r23
    223c:	8f 93       	push	r24
    223e:	9f 93       	push	r25
    2240:	af 93       	push	r26
    2242:	bf 93       	push	r27
    2244:	ef 93       	push	r30
    2246:	ff 93       	push	r31
    2248:	e0 91 02 01 	lds	r30, 0x0102	; 0x800102 <__data_start+0x2>
    224c:	f0 91 03 01 	lds	r31, 0x0103	; 0x800103 <__data_start+0x3>
    2250:	09 95       	icall
    2252:	ff 91       	pop	r31
    2254:	ef 91       	pop	r30
    2256:	bf 91       	pop	r27
    2258:	af 91       	pop	r26
    225a:	9f 91       	pop	r25
    225c:	8f 91       	pop	r24
    225e:	7f 91       	pop	r23
    2260:	6f 91       	pop	r22
    2262:	5f 91       	pop	r21
    2264:	4f 91       	pop	r20
    2266:	3f 91       	pop	r19
    2268:	2f 91       	pop	r18
    226a:	0f 90       	pop	r0
    226c:	0f be       	out	0x3f, r0	; 63
    226e:	0f 90       	pop	r0
    2270:	1f 90       	pop	r1
    2272:	18 95       	reti

00002274 <__vector_1>:
__vector_1():
/home/oggy/.arduino15/packages/MiniCore/hardware/avr/3.1.1/cores/MCUdude_corefiles/WInterrupts.c:488
#elif defined(__AVR_ATmega8__)  || defined(__AVR_ATmega48__)  || defined(__AVR_ATmega48P__)  \
|| defined(__AVR_ATmega48PB__)  || defined(__AVR_ATmega88__)  || defined(__AVR_ATmega88P__)  \
|| defined(__AVR_ATmega88PB__)  || defined(__AVR_ATmega168__) || defined(__AVR_ATmega168P__) \
|| defined(__AVR_ATmega168PB__) || defined(__AVR_ATmega328__) || defined(__AVR_ATmega328P__) \
|| defined(__AVR_ATmega328PB__)
  IMPLEMENT_ISR(INT0_vect, EXTERNAL_INT_0)
    2274:	1f 92       	push	r1
    2276:	0f 92       	push	r0
    2278:	0f b6       	in	r0, 0x3f	; 63
    227a:	0f 92       	push	r0
    227c:	11 24       	eor	r1, r1
    227e:	2f 93       	push	r18
    2280:	3f 93       	push	r19
    2282:	4f 93       	push	r20
    2284:	5f 93       	push	r21
    2286:	6f 93       	push	r22
    2288:	7f 93       	push	r23
    228a:	8f 93       	push	r24
    228c:	9f 93       	push	r25
    228e:	af 93       	push	r26
    2290:	bf 93       	push	r27
    2292:	ef 93       	push	r30
    2294:	ff 93       	push	r31
    2296:	e0 91 00 01 	lds	r30, 0x0100	; 0x800100 <__data_start>
    229a:	f0 91 01 01 	lds	r31, 0x0101	; 0x800101 <__data_start+0x1>
    229e:	09 95       	icall
    22a0:	ff 91       	pop	r31
    22a2:	ef 91       	pop	r30
    22a4:	bf 91       	pop	r27
    22a6:	af 91       	pop	r26
    22a8:	9f 91       	pop	r25
    22aa:	8f 91       	pop	r24
    22ac:	7f 91       	pop	r23
    22ae:	6f 91       	pop	r22
    22b0:	5f 91       	pop	r21
    22b2:	4f 91       	pop	r20
    22b4:	3f 91       	pop	r19
    22b6:	2f 91       	pop	r18
    22b8:	0f 90       	pop	r0
    22ba:	0f be       	out	0x3f, r0	; 63
    22bc:	0f 90       	pop	r0
    22be:	1f 90       	pop	r1
    22c0:	18 95       	reti

000022c2 <__vector_19>:
__vector_19():
/home/oggy/.arduino15/packages/MiniCore/hardware/avr/3.1.1/cores/MCUdude_corefiles/HardwareSerial0.cpp:63
#elif defined(USART0_UDRE_vect)
ISR(USART0_UDRE_vect)
#else
  #error "Don't know what the Data Register Empty vector is called for Serial"
#endif
{
    22c2:	1f 92       	push	r1
    22c4:	0f 92       	push	r0
    22c6:	0f b6       	in	r0, 0x3f	; 63
    22c8:	0f 92       	push	r0
    22ca:	11 24       	eor	r1, r1
    22cc:	2f 93       	push	r18
    22ce:	3f 93       	push	r19
    22d0:	4f 93       	push	r20
    22d2:	5f 93       	push	r21
    22d4:	6f 93       	push	r22
    22d6:	7f 93       	push	r23
    22d8:	8f 93       	push	r24
    22da:	9f 93       	push	r25
    22dc:	af 93       	push	r26
    22de:	bf 93       	push	r27
    22e0:	ef 93       	push	r30
    22e2:	ff 93       	push	r31
/home/oggy/.arduino15/packages/MiniCore/hardware/avr/3.1.1/cores/MCUdude_corefiles/HardwareSerial0.cpp:64
  Serial._tx_udr_empty_irq();
    22e4:	8f e3       	ldi	r24, 0x3F	; 63
    22e6:	96 e0       	ldi	r25, 0x06	; 6
    22e8:	0e 94 4c 02 	call	0x498	; 0x498 <HardwareSerial::_tx_udr_empty_irq()>
/home/oggy/.arduino15/packages/MiniCore/hardware/avr/3.1.1/cores/MCUdude_corefiles/HardwareSerial0.cpp:65
}
    22ec:	ff 91       	pop	r31
    22ee:	ef 91       	pop	r30
    22f0:	bf 91       	pop	r27
    22f2:	af 91       	pop	r26
    22f4:	9f 91       	pop	r25
    22f6:	8f 91       	pop	r24
    22f8:	7f 91       	pop	r23
    22fa:	6f 91       	pop	r22
    22fc:	5f 91       	pop	r21
    22fe:	4f 91       	pop	r20
    2300:	3f 91       	pop	r19
    2302:	2f 91       	pop	r18
    2304:	0f 90       	pop	r0
    2306:	0f be       	out	0x3f, r0	; 63
    2308:	0f 90       	pop	r0
    230a:	1f 90       	pop	r1
    230c:	18 95       	reti

0000230e <__vector_18>:
__vector_18():
/home/oggy/.arduino15/packages/MiniCore/hardware/avr/3.1.1/cores/MCUdude_corefiles/HardwareSerial0.cpp:50
#elif defined(USART_RX_vect)
  ISR(USART_RX_vect)
#else
  #error "Don't know what the Data Received vector is called for Serial"
#endif
  {
    230e:	1f 92       	push	r1
    2310:	0f 92       	push	r0
    2312:	0f b6       	in	r0, 0x3f	; 63
    2314:	0f 92       	push	r0
    2316:	11 24       	eor	r1, r1
    2318:	2f 93       	push	r18
    231a:	8f 93       	push	r24
    231c:	9f 93       	push	r25
    231e:	ef 93       	push	r30
    2320:	ff 93       	push	r31
_rx_complete_irq():
/home/oggy/.arduino15/packages/MiniCore/hardware/avr/3.1.1/cores/MCUdude_corefiles/HardwareSerial_private.h:100

// Actual interrupt handlers //////////////////////////////////////////////////////////////

void HardwareSerial::_rx_complete_irq(void)
{
  if (bit_is_clear(*_ucsra, UPE0)) {
    2322:	e0 91 4f 06 	lds	r30, 0x064F	; 0x80064f <Serial+0x10>
    2326:	f0 91 50 06 	lds	r31, 0x0650	; 0x800650 <Serial+0x11>
    232a:	80 81       	ld	r24, Z
    232c:	e0 91 55 06 	lds	r30, 0x0655	; 0x800655 <Serial+0x16>
    2330:	f0 91 56 06 	lds	r31, 0x0656	; 0x800656 <Serial+0x17>
    2334:	82 fd       	sbrc	r24, 2
    2336:	1b c0       	rjmp	.+54     	; 0x236e <__vector_18+0x60>
/home/oggy/.arduino15/packages/MiniCore/hardware/avr/3.1.1/cores/MCUdude_corefiles/HardwareSerial_private.h:103
    // No Parity error, read byte and store it in the buffer if there is
    // room
    unsigned char c = *_udr;
    2338:	90 81       	ld	r25, Z
/home/oggy/.arduino15/packages/MiniCore/hardware/avr/3.1.1/cores/MCUdude_corefiles/HardwareSerial_private.h:104
    rx_buffer_index_t i = (unsigned int)(_rx_buffer_head + 1) % SERIAL_RX_BUFFER_SIZE;
    233a:	80 91 58 06 	lds	r24, 0x0658	; 0x800658 <Serial+0x19>
    233e:	8f 5f       	subi	r24, 0xFF	; 255
    2340:	8f 73       	andi	r24, 0x3F	; 63
/home/oggy/.arduino15/packages/MiniCore/hardware/avr/3.1.1/cores/MCUdude_corefiles/HardwareSerial_private.h:110

    // if we should be storing the received character into the location
    // just before the tail (meaning that the head would advance to the
    // current location of the tail), we're about to overflow the buffer
    // and so we don't write the character or advance the head.
    if (i != _rx_buffer_tail) {
    2342:	20 91 59 06 	lds	r18, 0x0659	; 0x800659 <Serial+0x1a>
    2346:	82 17       	cp	r24, r18
    2348:	41 f0       	breq	.+16     	; 0x235a <__vector_18+0x4c>
/home/oggy/.arduino15/packages/MiniCore/hardware/avr/3.1.1/cores/MCUdude_corefiles/HardwareSerial_private.h:111
      _rx_buffer[_rx_buffer_head] = c;
    234a:	e0 91 58 06 	lds	r30, 0x0658	; 0x800658 <Serial+0x19>
    234e:	f0 e0       	ldi	r31, 0x00	; 0
    2350:	e1 5c       	subi	r30, 0xC1	; 193
    2352:	f9 4f       	sbci	r31, 0xF9	; 249
    2354:	95 8f       	std	Z+29, r25	; 0x1d
/home/oggy/.arduino15/packages/MiniCore/hardware/avr/3.1.1/cores/MCUdude_corefiles/HardwareSerial_private.h:112
      _rx_buffer_head = i;
    2356:	80 93 58 06 	sts	0x0658, r24	; 0x800658 <Serial+0x19>
__vector_18():
/home/oggy/.arduino15/packages/MiniCore/hardware/avr/3.1.1/cores/MCUdude_corefiles/HardwareSerial0.cpp:52
    Serial._rx_complete_irq();
  }
    235a:	ff 91       	pop	r31
    235c:	ef 91       	pop	r30
    235e:	9f 91       	pop	r25
    2360:	8f 91       	pop	r24
    2362:	2f 91       	pop	r18
    2364:	0f 90       	pop	r0
    2366:	0f be       	out	0x3f, r0	; 63
    2368:	0f 90       	pop	r0
    236a:	1f 90       	pop	r1
    236c:	18 95       	reti
_rx_complete_irq():
/home/oggy/.arduino15/packages/MiniCore/hardware/avr/3.1.1/cores/MCUdude_corefiles/HardwareSerial_private.h:116
    }
  } else {
    // Parity error, read byte but discard it
    *_udr;
    236e:	80 81       	ld	r24, Z
    2370:	f4 cf       	rjmp	.-24     	; 0x235a <__vector_18+0x4c>

00002372 <global constructors keyed to 65535_0_padrack.cpp.o.3011>:
_GLOBAL__I_65535_0_padrack.cpp.o.3011():
    2372:	ef e3       	ldi	r30, 0x3F	; 63
    2374:	f6 e0       	ldi	r31, 0x06	; 6
    2376:	13 82       	std	Z+3, r1	; 0x03
    2378:	12 82       	std	Z+2, r1	; 0x02
    237a:	88 ee       	ldi	r24, 0xE8	; 232
    237c:	93 e0       	ldi	r25, 0x03	; 3
    237e:	a0 e0       	ldi	r26, 0x00	; 0
    2380:	b0 e0       	ldi	r27, 0x00	; 0
    2382:	84 83       	std	Z+4, r24	; 0x04
    2384:	95 83       	std	Z+5, r25	; 0x05
    2386:	a6 83       	std	Z+6, r26	; 0x06
    2388:	b7 83       	std	Z+7, r27	; 0x07
    238a:	83 e3       	ldi	r24, 0x33	; 51
    238c:	91 e0       	ldi	r25, 0x01	; 1
    238e:	91 83       	std	Z+1, r25	; 0x01
    2390:	80 83       	st	Z, r24
    2392:	85 ec       	ldi	r24, 0xC5	; 197
    2394:	90 e0       	ldi	r25, 0x00	; 0
    2396:	95 87       	std	Z+13, r25	; 0x0d
    2398:	84 87       	std	Z+12, r24	; 0x0c
    239a:	84 ec       	ldi	r24, 0xC4	; 196
    239c:	90 e0       	ldi	r25, 0x00	; 0
    239e:	97 87       	std	Z+15, r25	; 0x0f
    23a0:	86 87       	std	Z+14, r24	; 0x0e
    23a2:	80 ec       	ldi	r24, 0xC0	; 192
    23a4:	90 e0       	ldi	r25, 0x00	; 0
    23a6:	91 8b       	std	Z+17, r25	; 0x11
    23a8:	80 8b       	std	Z+16, r24	; 0x10
    23aa:	81 ec       	ldi	r24, 0xC1	; 193
    23ac:	90 e0       	ldi	r25, 0x00	; 0
    23ae:	93 8b       	std	Z+19, r25	; 0x13
    23b0:	82 8b       	std	Z+18, r24	; 0x12
    23b2:	82 ec       	ldi	r24, 0xC2	; 194
    23b4:	90 e0       	ldi	r25, 0x00	; 0
    23b6:	95 8b       	std	Z+21, r25	; 0x15
    23b8:	84 8b       	std	Z+20, r24	; 0x14
    23ba:	86 ec       	ldi	r24, 0xC6	; 198
    23bc:	90 e0       	ldi	r25, 0x00	; 0
    23be:	97 8b       	std	Z+23, r25	; 0x17
    23c0:	86 8b       	std	Z+22, r24	; 0x16
    23c2:	11 8e       	std	Z+25, r1	; 0x19
    23c4:	12 8e       	std	Z+26, r1	; 0x1a
    23c6:	13 8e       	std	Z+27, r1	; 0x1b
    23c8:	14 8e       	std	Z+28, r1	; 0x1c
    23ca:	60 91 19 01 	lds	r22, 0x0119	; 0x800119 <pulseForFiveRupeeNote>
    23ce:	70 91 1a 01 	lds	r23, 0x011A	; 0x80011a <pulseForFiveRupeeNote+0x1>
    23d2:	07 2e       	mov	r0, r23
    23d4:	00 0c       	add	r0, r0
    23d6:	88 0b       	sbc	r24, r24
    23d8:	99 0b       	sbc	r25, r25
    23da:	0e 94 e4 1e 	call	0x3dc8	; 0x3dc8 <__floatsisf>
    23de:	9b 01       	movw	r18, r22
    23e0:	ac 01       	movw	r20, r24
    23e2:	60 e0       	ldi	r22, 0x00	; 0
    23e4:	70 e0       	ldi	r23, 0x00	; 0
    23e6:	80 ea       	ldi	r24, 0xA0	; 160
    23e8:	90 e4       	ldi	r25, 0x40	; 64
    23ea:	0e 94 2a 20 	call	0x4054	; 0x4054 <__divsf3>
    23ee:	60 93 1c 07 	sts	0x071C, r22	; 0x80071c <cashPulseFactor>
    23f2:	70 93 1d 07 	sts	0x071D, r23	; 0x80071d <cashPulseFactor+0x1>
    23f6:	80 93 1e 07 	sts	0x071E, r24	; 0x80071e <cashPulseFactor+0x2>
    23fa:	90 93 1f 07 	sts	0x071F, r25	; 0x80071f <cashPulseFactor+0x3>
    23fe:	ec e0       	ldi	r30, 0x0C	; 12
    2400:	f7 e0       	ldi	r31, 0x07	; 7
    2402:	81 e5       	ldi	r24, 0x51	; 81
    2404:	91 e0       	ldi	r25, 0x01	; 1
    2406:	91 83       	std	Z+1, r25	; 0x01
    2408:	80 83       	st	Z, r24
    240a:	8a e0       	ldi	r24, 0x0A	; 10
    240c:	86 87       	std	Z+14, r24	; 0x0e
    240e:	82 e0       	ldi	r24, 0x02	; 2
    2410:	87 87       	std	Z+15, r24	; 0x0f
    2412:	e4 ef       	ldi	r30, 0xF4	; 244
    2414:	f6 e0       	ldi	r31, 0x06	; 6
    2416:	13 82       	std	Z+3, r1	; 0x03
    2418:	12 82       	std	Z+2, r1	; 0x02
    241a:	85 e4       	ldi	r24, 0x45	; 69
    241c:	91 e0       	ldi	r25, 0x01	; 1
    241e:	91 83       	std	Z+1, r25	; 0x01
    2420:	80 83       	st	Z, r24
    2422:	84 e0       	ldi	r24, 0x04	; 4
    2424:	84 83       	std	Z+4, r24	; 0x04
    2426:	8f ef       	ldi	r24, 0xFF	; 255
    2428:	85 83       	std	Z+5, r24	; 0x05
    242a:	85 e0       	ldi	r24, 0x05	; 5
    242c:	86 83       	std	Z+6, r24	; 0x06
    242e:	86 e0       	ldi	r24, 0x06	; 6
    2430:	87 83       	std	Z+7, r24	; 0x07
    2432:	87 e0       	ldi	r24, 0x07	; 7
    2434:	80 87       	std	Z+8, r24	; 0x08
    2436:	88 e0       	ldi	r24, 0x08	; 8
    2438:	81 87       	std	Z+9, r24	; 0x09
    243a:	89 e0       	ldi	r24, 0x09	; 9
    243c:	82 87       	std	Z+10, r24	; 0x0a
    243e:	13 86       	std	Z+11, r1	; 0x0b
    2440:	14 86       	std	Z+12, r1	; 0x0c
    2442:	15 86       	std	Z+13, r1	; 0x0d
    2444:	16 86       	std	Z+14, r1	; 0x0e
    2446:	17 86       	std	Z+15, r1	; 0x0f
    2448:	81 e0       	ldi	r24, 0x01	; 1
    244a:	0e 94 85 03 	call	0x70a	; 0x70a <LiquidCrystal::begin(unsigned char, unsigned char, unsigned char) [clone .constprop.45]>
    244e:	ec ed       	ldi	r30, 0xDC	; 220
    2450:	f6 e0       	ldi	r31, 0x06	; 6
    2452:	11 82       	std	Z+1, r1	; 0x01
    2454:	10 82       	st	Z, r1
    2456:	15 82       	std	Z+5, r1	; 0x05
    2458:	14 82       	std	Z+4, r1	; 0x04
    245a:	11 86       	std	Z+9, r1	; 0x09
    245c:	10 86       	std	Z+8, r1	; 0x08
    245e:	15 86       	std	Z+13, r1	; 0x0d
    2460:	14 86       	std	Z+12, r1	; 0x0c
    2462:	11 8a       	std	Z+17, r1	; 0x11
    2464:	10 8a       	std	Z+16, r1	; 0x10
    2466:	15 8a       	std	Z+21, r1	; 0x15
    2468:	14 8a       	std	Z+20, r1	; 0x14
    246a:	08 95       	ret

0000246c <main>:
main():
/home/oggy/.arduino15/packages/MiniCore/hardware/avr/3.1.1/cores/MCUdude_corefiles/main.cpp:34

//void setupUSB() __attribute__((weak));
//void setupUSB() { }

int main(void)
{
    246c:	cf 93       	push	r28
    246e:	df 93       	push	r29
    2470:	cd b7       	in	r28, 0x3d	; 61
    2472:	de b7       	in	r29, 0x3e	; 62
    2474:	68 97       	sbiw	r28, 0x18	; 24
    2476:	0f b6       	in	r0, 0x3f	; 63
    2478:	f8 94       	cli
    247a:	de bf       	out	0x3e, r29	; 62
    247c:	0f be       	out	0x3f, r0	; 63
    247e:	cd bf       	out	0x3d, r28	; 61
init():
/home/oggy/.arduino15/packages/MiniCore/hardware/avr/3.1.1/cores/MCUdude_corefiles/wiring.c:945

void init()
{
  // this needs to be called before setup() or some functions won't
  // work there
  sei();
    2480:	78 94       	sei
/home/oggy/.arduino15/packages/MiniCore/hardware/avr/3.1.1/cores/MCUdude_corefiles/wiring.c:957

  // On the ATmega168, timer 0 is also used for fast hardware pwm
  // (using phase-correct PWM would mean that timer 0 overflowed half as often
  // resulting in different millis() behavior on the ATmega8 and ATmega168)
#if defined(TCCR0A) && defined(WGM01)
  TCCR0A |= _BV(WGM01) | _BV(WGM00);
    2482:	84 b5       	in	r24, 0x24	; 36
    2484:	83 60       	ori	r24, 0x03	; 3
    2486:	84 bd       	out	0x24, r24	; 36
/home/oggy/.arduino15/packages/MiniCore/hardware/avr/3.1.1/cores/MCUdude_corefiles/wiring.c:972
  #if defined(WGM00) && defined(WGM01) // The ATmega8 doesn't have WGM00 and WGM01
    TCCR0 |= _BV(WGM01) | _BV(WGM00);
  #endif
#elif defined(TCCR0B) && defined(CS01) && defined(CS00)
  // This combination is for the standard 168/328/640/1280/1281/2560/2561
  TCCR0B |= _BV(CS01) | _BV(CS00);
    2488:	85 b5       	in	r24, 0x25	; 37
    248a:	83 60       	ori	r24, 0x03	; 3
    248c:	85 bd       	out	0x25, r24	; 37
/home/oggy/.arduino15/packages/MiniCore/hardware/avr/3.1.1/cores/MCUdude_corefiles/wiring.c:984

// Enable timer 0 overflow interrupt
#if defined(TIMSK) && defined(TOIE0)
  TIMSK |= _BV(TOIE0);
#elif defined(TIMSK0) && defined(TOIE0)
  TIMSK0 |= _BV(TOIE0);
    248e:	80 91 6e 00 	lds	r24, 0x006E	; 0x80006e <__DATA_REGION_ORIGIN__+0xe>
    2492:	81 60       	ori	r24, 0x01	; 1
    2494:	80 93 6e 00 	sts	0x006E, r24	; 0x80006e <__DATA_REGION_ORIGIN__+0xe>
/home/oggy/.arduino15/packages/MiniCore/hardware/avr/3.1.1/cores/MCUdude_corefiles/wiring.c:995
// this is better for motors as it ensures an even waveform
// note, however, that fast pwm mode can achieve a frequency of up
// 8 MHz (with a 16 MHz clock) at 50% duty cycle

#if defined(TCCR1B) && defined(CS11) && defined(CS10)
  TCCR1B = _BV(CS11); // Set timer 1 prescale factor to 64
    2498:	92 e0       	ldi	r25, 0x02	; 2
    249a:	90 93 81 00 	sts	0x0081, r25	; 0x800081 <__DATA_REGION_ORIGIN__+0x21>
/home/oggy/.arduino15/packages/MiniCore/hardware/avr/3.1.1/cores/MCUdude_corefiles/wiring.c:997
#if F_CPU >= 8000000L
  TCCR1B |= _BV(CS10);
    249e:	80 91 81 00 	lds	r24, 0x0081	; 0x800081 <__DATA_REGION_ORIGIN__+0x21>
    24a2:	81 60       	ori	r24, 0x01	; 1
    24a4:	80 93 81 00 	sts	0x0081, r24	; 0x800081 <__DATA_REGION_ORIGIN__+0x21>
/home/oggy/.arduino15/packages/MiniCore/hardware/avr/3.1.1/cores/MCUdude_corefiles/wiring.c:1006
#if F_CPU >= 8000000L
  TCCR1 |= _BV(CS10);
#endif
#endif
#if defined(TCCR1A) && defined(WGM10)
  TCCR1A |= _BV(WGM10); // Put timer 1 in 8-bit phase correct pwm mode
    24a8:	80 91 80 00 	lds	r24, 0x0080	; 0x800080 <__DATA_REGION_ORIGIN__+0x20>
    24ac:	81 60       	ori	r24, 0x01	; 1
    24ae:	80 93 80 00 	sts	0x0080, r24	; 0x800080 <__DATA_REGION_ORIGIN__+0x20>
/home/oggy/.arduino15/packages/MiniCore/hardware/avr/3.1.1/cores/MCUdude_corefiles/wiring.c:1013

// Set timer 2 prescale factor to 64
#if defined(TCCR2) && defined(CS22)
  TCCR2 |= _BV(CS22);
#elif defined(TCCR2B) && defined(CS22)
  TCCR2B |= _BV(CS22);
    24b2:	80 91 b1 00 	lds	r24, 0x00B1	; 0x8000b1 <__DATA_REGION_ORIGIN__+0x51>
    24b6:	84 60       	ori	r24, 0x04	; 4
    24b8:	80 93 b1 00 	sts	0x00B1, r24	; 0x8000b1 <__DATA_REGION_ORIGIN__+0x51>
/home/oggy/.arduino15/packages/MiniCore/hardware/avr/3.1.1/cores/MCUdude_corefiles/wiring.c:1022

// Configure timer 2 for phase correct pwm (8-bit)
#if defined(TCCR2) && defined(WGM20)
  TCCR2 |= _BV(WGM20);
#elif defined(TCCR2A) && defined(WGM20)
  TCCR2A |= _BV(WGM20);
    24bc:	80 91 b0 00 	lds	r24, 0x00B0	; 0x8000b0 <__DATA_REGION_ORIGIN__+0x50>
    24c0:	81 60       	ori	r24, 0x01	; 1
    24c2:	80 93 b0 00 	sts	0x00B0, r24	; 0x8000b0 <__DATA_REGION_ORIGIN__+0x50>
/home/oggy/.arduino15/packages/MiniCore/hardware/avr/3.1.1/cores/MCUdude_corefiles/wiring.c:1050
#endif

#if defined(ADCSRA)
  // set a2d prescaler so we are inside the desired 50-200 KHz range.
  #if F_CPU >= 16000000 // 16 MHz / 128 = 125 KHz
    ADCSRA = _BV(ADPS2) | _BV(ADPS1) | _BV(ADPS0) | _BV(ADEN);
    24c6:	87 e8       	ldi	r24, 0x87	; 135
    24c8:	80 93 7a 00 	sts	0x007A, r24	; 0x80007a <__DATA_REGION_ORIGIN__+0x1a>
/home/oggy/.arduino15/packages/MiniCore/hardware/avr/3.1.1/cores/MCUdude_corefiles/wiring.c:1070
  // here so they can be used as normal digital i/o; they will be
  // reconnected in Serial.begin()
#if defined(UCSRB)
  UCSRB = 0;
#elif defined(UCSR0B)
  UCSR0B = 0;
    24cc:	10 92 c1 00 	sts	0x00C1, r1	; 0x8000c1 <__DATA_REGION_ORIGIN__+0x61>
begin():
/home/oggy/.arduino15/packages/MiniCore/hardware/avr/3.1.1/cores/MCUdude_corefiles/HardwareSerial.cpp:121

void HardwareSerial::begin(unsigned long baud, byte config)
{
  // Try u2x mode first
  uint16_t baud_setting = (F_CPU / 4 / baud - 1) / 2;
  *_ucsra = 1 << U2X0;
    24d0:	e0 91 4f 06 	lds	r30, 0x064F	; 0x80064f <Serial+0x10>
    24d4:	f0 91 50 06 	lds	r31, 0x0650	; 0x800650 <Serial+0x11>
    24d8:	90 83       	st	Z, r25
/home/oggy/.arduino15/packages/MiniCore/hardware/avr/3.1.1/cores/MCUdude_corefiles/HardwareSerial.cpp:135
    *_ucsra = 0;
    baud_setting = (F_CPU / 8 / baud - 1) / 2;
  }

  // assign the baud_setting, a.k.a. ubrr (USART Baud Rate Register)
  *_ubrrh = baud_setting >> 8;
    24da:	e0 91 4b 06 	lds	r30, 0x064B	; 0x80064b <Serial+0xc>
    24de:	f0 91 4c 06 	lds	r31, 0x064C	; 0x80064c <Serial+0xd>
    24e2:	10 82       	st	Z, r1
/home/oggy/.arduino15/packages/MiniCore/hardware/avr/3.1.1/cores/MCUdude_corefiles/HardwareSerial.cpp:136
  *_ubrrl = baud_setting;
    24e4:	e0 91 4d 06 	lds	r30, 0x064D	; 0x80064d <Serial+0xe>
    24e8:	f0 91 4e 06 	lds	r31, 0x064E	; 0x80064e <Serial+0xf>
    24ec:	8f ec       	ldi	r24, 0xCF	; 207
    24ee:	80 83       	st	Z, r24
/home/oggy/.arduino15/packages/MiniCore/hardware/avr/3.1.1/cores/MCUdude_corefiles/HardwareSerial.cpp:138

  _written = false;
    24f0:	10 92 57 06 	sts	0x0657, r1	; 0x800657 <Serial+0x18>
/home/oggy/.arduino15/packages/MiniCore/hardware/avr/3.1.1/cores/MCUdude_corefiles/HardwareSerial.cpp:146
#if defined(__AVR_ATmega8__) || defined(__AVR_ATmega8515__) || defined(__AVR_ATmega162__) \
|| defined(__AVR_ATmega8535__) || defined(__AVR_ATmega16__)|| defined(__AVR_ATmega32__)   \
|| defined(__AVR_ATmega162__)
  config |= 0x80; // select UCSRC register (shared with UBRRH)
#endif
  *_ucsrc = config;
    24f4:	e0 91 53 06 	lds	r30, 0x0653	; 0x800653 <Serial+0x14>
    24f8:	f0 91 54 06 	lds	r31, 0x0654	; 0x800654 <Serial+0x15>
    24fc:	86 e0       	ldi	r24, 0x06	; 6
    24fe:	80 83       	st	Z, r24
/home/oggy/.arduino15/packages/MiniCore/hardware/avr/3.1.1/cores/MCUdude_corefiles/HardwareSerial.cpp:148
  
  *_ucsrb |= _BV(RXEN0) | _BV(TXEN0) | _BV(RXCIE0);
    2500:	e0 91 51 06 	lds	r30, 0x0651	; 0x800651 <Serial+0x12>
    2504:	f0 91 52 06 	lds	r31, 0x0652	; 0x800652 <Serial+0x13>
    2508:	80 81       	ld	r24, Z
    250a:	88 69       	ori	r24, 0x98	; 152
    250c:	80 83       	st	Z, r24
/home/oggy/.arduino15/packages/MiniCore/hardware/avr/3.1.1/cores/MCUdude_corefiles/HardwareSerial.cpp:149
  *_ucsrb &= ~_BV(UDRIE0);
    250e:	e0 91 51 06 	lds	r30, 0x0651	; 0x800651 <Serial+0x12>
    2512:	f0 91 52 06 	lds	r31, 0x0652	; 0x800652 <Serial+0x13>
    2516:	80 81       	ld	r24, Z
    2518:	8f 7d       	andi	r24, 0xDF	; 223
    251a:	80 83       	st	Z, r24
setup():
/home/oggy/Documents/arduinoprojects/padright_v1.5.1/padright_v1.5.1.ino:139
  0b00000
};

void setup() {
  Serial.begin(9600);
  lcd.begin(16, 2);  // initialize the lcd
    251c:	82 e0       	ldi	r24, 0x02	; 2
    251e:	0e 94 85 03 	call	0x70a	; 0x70a <LiquidCrystal::begin(unsigned char, unsigned char, unsigned char) [clone .constprop.45]>
createChar():
/home/oggy/Arduino/libraries/LiquidCrystal/src/LiquidCrystal.cpp:267

// Allows us to fill the first 8 CGRAM locations
// with custom characters
void LiquidCrystal::createChar(uint8_t location, uint8_t charmap[]) {
  location &= 0x7; // we only have 8 locations 0-7
  command(LCD_SETCGRAMADDR | (location << 3));
    2522:	80 e4       	ldi	r24, 0x40	; 64
    2524:	0e 94 78 03 	call	0x6f0	; 0x6f0 <LiquidCrystal::command(unsigned char) [clone .constprop.48]>
    2528:	04 e0       	ldi	r16, 0x04	; 4
    252a:	11 e0       	ldi	r17, 0x01	; 1
/home/oggy/Arduino/libraries/LiquidCrystal/src/LiquidCrystal.cpp:269
  for (int i=0; i<8; i++) {
    write(charmap[i]);
    252c:	d8 01       	movw	r26, r16
    252e:	6d 91       	ld	r22, X+
    2530:	8d 01       	movw	r16, r26
    2532:	84 ef       	ldi	r24, 0xF4	; 244
    2534:	96 e0       	ldi	r25, 0x06	; 6
    2536:	0e 94 36 04 	call	0x86c	; 0x86c <LiquidCrystal::write(unsigned char)>
/home/oggy/Arduino/libraries/LiquidCrystal/src/LiquidCrystal.cpp:268
// Allows us to fill the first 8 CGRAM locations
// with custom characters
void LiquidCrystal::createChar(uint8_t location, uint8_t charmap[]) {
  location &= 0x7; // we only have 8 locations 0-7
  command(LCD_SETCGRAMADDR | (location << 3));
  for (int i=0; i<8; i++) {
    253a:	b1 e0       	ldi	r27, 0x01	; 1
    253c:	0c 30       	cpi	r16, 0x0C	; 12
    253e:	1b 07       	cpc	r17, r27
    2540:	a9 f7       	brne	.-22     	; 0x252c <main+0xc0>
readFromEEPROM():
/home/oggy/Documents/arduinoprojects/padright_v1.5.1/padright_v1.5.1.ino:557
  } else if (status == 'w') {
    EEPROM.put(cashWaitTimeAddress, cashWaitTime);
  }
}
void readFromEEPROM() {
  EEPROM.get(maxPadAddress, padAmount);
    2542:	6f e0       	ldi	r22, 0x0F	; 15
    2544:	71 e0       	ldi	r23, 0x01	; 1
    2546:	8f e0       	ldi	r24, 0x0F	; 15
    2548:	90 e0       	ldi	r25, 0x00	; 0
    254a:	0e 94 e6 0c 	call	0x19cc	; 0x19cc <int& EEPROMClass::get<int>(int, int&) [clone .isra.10]>
/home/oggy/Documents/arduinoprojects/padright_v1.5.1/padright_v1.5.1.ino:558
  if (padAmount <= 0) {
    254e:	80 91 0f 01 	lds	r24, 0x010F	; 0x80010f <padAmount>
    2552:	90 91 10 01 	lds	r25, 0x0110	; 0x800110 <padAmount+0x1>
    2556:	18 16       	cp	r1, r24
    2558:	19 06       	cpc	r1, r25
    255a:	64 f0       	brlt	.+24     	; 0x2574 <main+0x108>
/home/oggy/Documents/arduinoprojects/padright_v1.5.1/padright_v1.5.1.ino:559
    padAmount = DEFAULT_PAD_AMOUNT;
    255c:	8a e0       	ldi	r24, 0x0A	; 10
    255e:	90 e0       	ldi	r25, 0x00	; 0
    2560:	90 93 10 01 	sts	0x0110, r25	; 0x800110 <padAmount+0x1>
    2564:	80 93 0f 01 	sts	0x010F, r24	; 0x80010f <padAmount>
/home/oggy/Documents/arduinoprojects/padright_v1.5.1/padright_v1.5.1.ino:560
    EEPROM.put(maxPadAddress, padAmount);
    2568:	6f e0       	ldi	r22, 0x0F	; 15
    256a:	71 e0       	ldi	r23, 0x01	; 1
    256c:	8f e0       	ldi	r24, 0x0F	; 15
    256e:	90 e0       	ldi	r25, 0x00	; 0
    2570:	0e 94 c0 0e 	call	0x1d80	; 0x1d80 <int const& EEPROMClass::put<int>(int, int const&) [clone .isra.7]>
/home/oggy/Documents/arduinoprojects/padright_v1.5.1/padright_v1.5.1.ino:562
  }
  EEPROM.get(mTypeAddress, mType);
    2574:	6f e1       	ldi	r22, 0x1F	; 31
    2576:	76 e0       	ldi	r23, 0x06	; 6
    2578:	89 e1       	ldi	r24, 0x19	; 25
    257a:	90 e0       	ldi	r25, 0x00	; 0
    257c:	0e 94 dc 0c 	call	0x19b8	; 0x19b8 <unsigned char& EEPROMClass::get<unsigned char>(int, unsigned char&) [clone .isra.11]>
/home/oggy/Documents/arduinoprojects/padright_v1.5.1/padright_v1.5.1.ino:563
  if (mType != CASH_MACHINE && mType != RFID_MACHINE) {
    2580:	80 91 1f 06 	lds	r24, 0x061F	; 0x80061f <mType>
    2584:	82 30       	cpi	r24, 0x02	; 2
    2586:	40 f0       	brcs	.+16     	; 0x2598 <main+0x12c>
/home/oggy/Documents/arduinoprojects/padright_v1.5.1/padright_v1.5.1.ino:564
    mType = DEFAULT_MACHINE_TYPE;
    2588:	10 92 1f 06 	sts	0x061F, r1	; 0x80061f <mType>
/home/oggy/Documents/arduinoprojects/padright_v1.5.1/padright_v1.5.1.ino:565
    EEPROM.put(mTypeAddress, mType);
    258c:	6f e1       	ldi	r22, 0x1F	; 31
    258e:	76 e0       	ldi	r23, 0x06	; 6
    2590:	89 e1       	ldi	r24, 0x19	; 25
    2592:	90 e0       	ldi	r25, 0x00	; 0
    2594:	0e 94 a9 0e 	call	0x1d52	; 0x1d52 <unsigned char const& EEPROMClass::put<unsigned char>(int, unsigned char const&) [clone .isra.12]>
/home/oggy/Documents/arduinoprojects/padright_v1.5.1/padright_v1.5.1.ino:567
  }
  EEPROM.get(maxRackAddress, maxRack);  /// upper three variable must be read first
    2598:	6e e0       	ldi	r22, 0x0E	; 14
    259a:	71 e0       	ldi	r23, 0x01	; 1
    259c:	8e e1       	ldi	r24, 0x1E	; 30
    259e:	90 e0       	ldi	r25, 0x00	; 0
    25a0:	0e 94 dc 0c 	call	0x19b8	; 0x19b8 <unsigned char& EEPROMClass::get<unsigned char>(int, unsigned char&) [clone .isra.11]>
/home/oggy/Documents/arduinoprojects/padright_v1.5.1/padright_v1.5.1.ino:568
  if (maxRack > availableRack || maxRack <= 0) {
    25a4:	80 91 0e 01 	lds	r24, 0x010E	; 0x80010e <maxRack>
    25a8:	81 50       	subi	r24, 0x01	; 1
    25aa:	83 30       	cpi	r24, 0x03	; 3
    25ac:	48 f0       	brcs	.+18     	; 0x25c0 <main+0x154>
/home/oggy/Documents/arduinoprojects/padright_v1.5.1/padright_v1.5.1.ino:569
    maxRack = DEFAULT_MAX_RACK;
    25ae:	82 e0       	ldi	r24, 0x02	; 2
    25b0:	80 93 0e 01 	sts	0x010E, r24	; 0x80010e <maxRack>
/home/oggy/Documents/arduinoprojects/padright_v1.5.1/padright_v1.5.1.ino:570
    EEPROM.put(maxRackAddress, maxRack);
    25b4:	6e e0       	ldi	r22, 0x0E	; 14
    25b6:	71 e0       	ldi	r23, 0x01	; 1
    25b8:	8e e1       	ldi	r24, 0x1E	; 30
    25ba:	90 e0       	ldi	r25, 0x00	; 0
    25bc:	0e 94 a9 0e 	call	0x1d52	; 0x1d52 <unsigned char const& EEPROMClass::put<unsigned char>(int, unsigned char const&) [clone .isra.12]>
/home/oggy/Documents/arduinoprojects/padright_v1.5.1/padright_v1.5.1.ino:572
  }
  EEPROM.get(maxRackCapacityAddress, maxRackCapacity);
    25c0:	61 e1       	ldi	r22, 0x11	; 17
    25c2:	71 e0       	ldi	r23, 0x01	; 1
    25c4:	84 e1       	ldi	r24, 0x14	; 20
    25c6:	90 e0       	ldi	r25, 0x00	; 0
    25c8:	0e 94 e6 0c 	call	0x19cc	; 0x19cc <int& EEPROMClass::get<int>(int, int&) [clone .isra.10]>
/home/oggy/Documents/arduinoprojects/padright_v1.5.1/padright_v1.5.1.ino:573
  if (maxRackCapacity <= 0) {
    25cc:	80 91 11 01 	lds	r24, 0x0111	; 0x800111 <maxRackCapacity>
    25d0:	90 91 12 01 	lds	r25, 0x0112	; 0x800112 <maxRackCapacity+0x1>
    25d4:	18 16       	cp	r1, r24
    25d6:	19 06       	cpc	r1, r25
    25d8:	64 f0       	brlt	.+24     	; 0x25f2 <main+0x186>
/home/oggy/Documents/arduinoprojects/padright_v1.5.1/padright_v1.5.1.ino:574
    maxRackCapacity = DEFAULT_MAX_RACK_CAPACITY;
    25da:	80 e3       	ldi	r24, 0x30	; 48
    25dc:	90 e0       	ldi	r25, 0x00	; 0
    25de:	90 93 12 01 	sts	0x0112, r25	; 0x800112 <maxRackCapacity+0x1>
    25e2:	80 93 11 01 	sts	0x0111, r24	; 0x800111 <maxRackCapacity>
/home/oggy/Documents/arduinoprojects/padright_v1.5.1/padright_v1.5.1.ino:575
    EEPROM.put(maxRackCapacityAddress, maxRackCapacity);
    25e6:	61 e1       	ldi	r22, 0x11	; 17
    25e8:	71 e0       	ldi	r23, 0x01	; 1
    25ea:	84 e1       	ldi	r24, 0x14	; 20
    25ec:	90 e0       	ldi	r25, 0x00	; 0
    25ee:	0e 94 c0 0e 	call	0x1d80	; 0x1d80 <int const& EEPROMClass::put<int>(int, int const&) [clone .isra.7]>
operator*():
/home/oggy/.arduino15/packages/MiniCore/hardware/avr/3.1.1/libraries/EEPROM/src/EEPROM.h:42

    EERef( const int index )
        : index( index )                 {}
    
    //Access/read members.
    uint8_t operator*() const            { return eeprom_read_byte( (uint8_t*) index ); }
    25f2:	8a e0       	ldi	r24, 0x0A	; 10
    25f4:	90 e0       	ldi	r25, 0x00	; 0
    25f6:	0e 94 dd 1f 	call	0x3fba	; 0x3fba <eeprom_read_byte>
    25fa:	18 2f       	mov	r17, r24
    25fc:	8b e0       	ldi	r24, 0x0B	; 11
    25fe:	90 e0       	ldi	r25, 0x00	; 0
    2600:	0e 94 dd 1f 	call	0x3fba	; 0x3fba <eeprom_read_byte>
readIntFromEEPROM():
/home/oggy/Documents/arduinoprojects/padright_v1.5.1/padright_v1.5.1.ino:620
void writeIntIntoEEPROM(int address, int number) {
  EEPROM.write(address, number >> 8);
  EEPROM.write(address + 1, number & 0xFF);
}
int readIntFromEEPROM(int address) {
  return (EEPROM.read(address) << 8) + EEPROM.read(address + 1);
    2604:	21 2f       	mov	r18, r17
    2606:	30 e0       	ldi	r19, 0x00	; 0
    2608:	32 2f       	mov	r19, r18
    260a:	22 27       	eor	r18, r18
    260c:	82 0f       	add	r24, r18
    260e:	93 2f       	mov	r25, r19
    2610:	91 1d       	adc	r25, r1
readFromEEPROM():
/home/oggy/Documents/arduinoprojects/padright_v1.5.1/padright_v1.5.1.ino:577
  EEPROM.get(maxRackCapacityAddress, maxRackCapacity);
  if (maxRackCapacity <= 0) {
    maxRackCapacity = DEFAULT_MAX_RACK_CAPACITY;
    EEPROM.put(maxRackCapacityAddress, maxRackCapacity);
  }
  motorTimeVariable = readIntFromEEPROM(motorTimeAddress);
    2612:	90 93 0d 01 	sts	0x010D, r25	; 0x80010d <motorTimeVariable+0x1>
    2616:	80 93 0c 01 	sts	0x010C, r24	; 0x80010c <motorTimeVariable>
/home/oggy/Documents/arduinoprojects/padright_v1.5.1/padright_v1.5.1.ino:578
  if (motorTimeVariable <= 0) {
    261a:	18 16       	cp	r1, r24
    261c:	19 06       	cpc	r1, r25
    261e:	64 f0       	brlt	.+24     	; 0x2638 <main+0x1cc>
/home/oggy/Documents/arduinoprojects/padright_v1.5.1/padright_v1.5.1.ino:579
    motorTimeVariable = DEFAULT_MOTOR_TIME;
    2620:	8c ed       	ldi	r24, 0xDC	; 220
    2622:	95 e0       	ldi	r25, 0x05	; 5
    2624:	90 93 0d 01 	sts	0x010D, r25	; 0x80010d <motorTimeVariable+0x1>
    2628:	80 93 0c 01 	sts	0x010C, r24	; 0x80010c <motorTimeVariable>
/home/oggy/Documents/arduinoprojects/padright_v1.5.1/padright_v1.5.1.ino:580
    EEPROM.put(motorTimeAddress, motorTimeVariable);
    262c:	6c e0       	ldi	r22, 0x0C	; 12
    262e:	71 e0       	ldi	r23, 0x01	; 1
    2630:	8a e0       	ldi	r24, 0x0A	; 10
    2632:	90 e0       	ldi	r25, 0x00	; 0
    2634:	0e 94 c0 0e 	call	0x1d80	; 0x1d80 <int const& EEPROMClass::put<int>(int, int const&) [clone .isra.7]>
/home/oggy/Documents/arduinoprojects/padright_v1.5.1/padright_v1.5.1.ino:582
  }
  EEPROM.get(cashLimitAddress, CASH_LIMIT);
    2638:	65 e1       	ldi	r22, 0x15	; 21
    263a:	71 e0       	ldi	r23, 0x01	; 1
    263c:	83 e2       	ldi	r24, 0x23	; 35
    263e:	90 e0       	ldi	r25, 0x00	; 0
    2640:	0e 94 e6 0c 	call	0x19cc	; 0x19cc <int& EEPROMClass::get<int>(int, int&) [clone .isra.10]>
/home/oggy/Documents/arduinoprojects/padright_v1.5.1/padright_v1.5.1.ino:583
  if (CASH_LIMIT % FIVE_RUPEES != 0 || CASH_LIMIT > MAX_CASH_LIMIT) {
    2644:	20 91 15 01 	lds	r18, 0x0115	; 0x800115 <CASH_LIMIT>
    2648:	30 91 16 01 	lds	r19, 0x0116	; 0x800116 <CASH_LIMIT+0x1>
    264c:	c9 01       	movw	r24, r18
    264e:	65 e0       	ldi	r22, 0x05	; 5
    2650:	70 e0       	ldi	r23, 0x00	; 0
    2652:	0e 94 d2 20 	call	0x41a4	; 0x41a4 <__divmodhi4>
    2656:	89 2b       	or	r24, r25
    2658:	19 f4       	brne	.+6      	; 0x2660 <main+0x1f4>
    265a:	2b 3f       	cpi	r18, 0xFB	; 251
    265c:	31 05       	cpc	r19, r1
    265e:	7c f0       	brlt	.+30     	; 0x267e <main+0x212>
/home/oggy/Documents/arduinoprojects/padright_v1.5.1/padright_v1.5.1.ino:584
    CASH_LIMIT = DEFAULT_CASH_LIMIT;
    2660:	84 e1       	ldi	r24, 0x14	; 20
    2662:	90 e0       	ldi	r25, 0x00	; 0
    2664:	90 93 16 01 	sts	0x0116, r25	; 0x800116 <CASH_LIMIT+0x1>
    2668:	80 93 15 01 	sts	0x0115, r24	; 0x800115 <CASH_LIMIT>
/home/oggy/Documents/arduinoprojects/padright_v1.5.1/padright_v1.5.1.ino:585
    EEPROM.put(cashLimitAddress, DEFAULT_CASH_LIMIT);
    266c:	9a 83       	std	Y+2, r25	; 0x02
    266e:	89 83       	std	Y+1, r24	; 0x01
    2670:	be 01       	movw	r22, r28
    2672:	6f 5f       	subi	r22, 0xFF	; 255
    2674:	7f 4f       	sbci	r23, 0xFF	; 255
    2676:	83 e2       	ldi	r24, 0x23	; 35
    2678:	90 e0       	ldi	r25, 0x00	; 0
    267a:	0e 94 c0 0e 	call	0x1d80	; 0x1d80 <int const& EEPROMClass::put<int>(int, int const&) [clone .isra.7]>
/home/oggy/Documents/arduinoprojects/padright_v1.5.1/padright_v1.5.1.ino:588
  }

  EEPROM.get(pulseForFiveRupeeNoteAddress, pulseForFiveRupeeNote);
    267e:	69 e1       	ldi	r22, 0x19	; 25
    2680:	71 e0       	ldi	r23, 0x01	; 1
    2682:	88 e2       	ldi	r24, 0x28	; 40
    2684:	90 e0       	ldi	r25, 0x00	; 0
    2686:	0e 94 e6 0c 	call	0x19cc	; 0x19cc <int& EEPROMClass::get<int>(int, int&) [clone .isra.10]>
/home/oggy/Documents/arduinoprojects/padright_v1.5.1/padright_v1.5.1.ino:591
  bool valid = false;
  for (int i = 0; i < 4; i++) {
    if (pulseForFiveRupeeNote == availablePulses[i]) {
    268a:	80 91 19 01 	lds	r24, 0x0119	; 0x800119 <pulseForFiveRupeeNote>
    268e:	90 91 1a 01 	lds	r25, 0x011A	; 0x80011a <pulseForFiveRupeeNote+0x1>
    2692:	9c 01       	movw	r18, r24
    2694:	21 50       	subi	r18, 0x01	; 1
    2696:	31 09       	sbc	r19, r1
    2698:	22 30       	cpi	r18, 0x02	; 2
    269a:	31 05       	cpc	r19, r1
    269c:	a8 f0       	brcs	.+42     	; 0x26c8 <main+0x25c>
    269e:	85 30       	cpi	r24, 0x05	; 5
    26a0:	91 05       	cpc	r25, r1
    26a2:	91 f0       	breq	.+36     	; 0x26c8 <main+0x25c>
    26a4:	0a 97       	sbiw	r24, 0x0a	; 10
    26a6:	81 f0       	breq	.+32     	; 0x26c8 <main+0x25c>
/home/oggy/Documents/arduinoprojects/padright_v1.5.1/padright_v1.5.1.ino:597
      valid = true;
      break;
    }
  }
  if (!valid) {
    pulseForFiveRupeeNote = availablePulses[0];
    26a8:	81 e0       	ldi	r24, 0x01	; 1
    26aa:	90 e0       	ldi	r25, 0x00	; 0
    26ac:	90 93 1a 01 	sts	0x011A, r25	; 0x80011a <pulseForFiveRupeeNote+0x1>
    26b0:	80 93 19 01 	sts	0x0119, r24	; 0x800119 <pulseForFiveRupeeNote>
writeIntIntoEEPROM():
/home/oggy/Documents/arduinoprojects/padright_v1.5.1/padright_v1.5.1.ino:616
    rack[i].setMaxQuantity(maxRackCapacity);
  }
}

void writeIntIntoEEPROM(int address, int number) {
  EEPROM.write(address, number >> 8);
    26b4:	60 e0       	ldi	r22, 0x00	; 0
    26b6:	88 e2       	ldi	r24, 0x28	; 40
    26b8:	90 e0       	ldi	r25, 0x00	; 0
    26ba:	0e 94 e4 0e 	call	0x1dc8	; 0x1dc8 <EEPROMClass::write(int, unsigned char) [clone .isra.1]>
/home/oggy/Documents/arduinoprojects/padright_v1.5.1/padright_v1.5.1.ino:617
  EEPROM.write(address + 1, number & 0xFF);
    26be:	61 e0       	ldi	r22, 0x01	; 1
    26c0:	89 e2       	ldi	r24, 0x29	; 41
    26c2:	90 e0       	ldi	r25, 0x00	; 0
    26c4:	0e 94 e4 0e 	call	0x1dc8	; 0x1dc8 <EEPROMClass::write(int, unsigned char) [clone .isra.1]>
readFromEEPROM():
/home/oggy/Documents/arduinoprojects/padright_v1.5.1/padright_v1.5.1.ino:601
  if (!valid) {
    pulseForFiveRupeeNote = availablePulses[0];
    writeIntIntoEEPROM(pulseForFiveRupeeNoteAddress, pulseForFiveRupeeNote);
  }
  // to update cashPulseFactor
  cashPulseFactor = (float)(5.0 / pulseForFiveRupeeNote);
    26c8:	60 91 19 01 	lds	r22, 0x0119	; 0x800119 <pulseForFiveRupeeNote>
    26cc:	70 91 1a 01 	lds	r23, 0x011A	; 0x80011a <pulseForFiveRupeeNote+0x1>
    26d0:	07 2e       	mov	r0, r23
    26d2:	00 0c       	add	r0, r0
    26d4:	88 0b       	sbc	r24, r24
    26d6:	99 0b       	sbc	r25, r25
    26d8:	0e 94 e4 1e 	call	0x3dc8	; 0x3dc8 <__floatsisf>
    26dc:	9b 01       	movw	r18, r22
    26de:	ac 01       	movw	r20, r24
    26e0:	60 e0       	ldi	r22, 0x00	; 0
    26e2:	70 e0       	ldi	r23, 0x00	; 0
    26e4:	80 ea       	ldi	r24, 0xA0	; 160
    26e6:	90 e4       	ldi	r25, 0x40	; 64
    26e8:	0e 94 2a 20 	call	0x4054	; 0x4054 <__divsf3>
    26ec:	60 93 1c 07 	sts	0x071C, r22	; 0x80071c <cashPulseFactor>
    26f0:	70 93 1d 07 	sts	0x071D, r23	; 0x80071d <cashPulseFactor+0x1>
    26f4:	80 93 1e 07 	sts	0x071E, r24	; 0x80071e <cashPulseFactor+0x2>
    26f8:	90 93 1f 07 	sts	0x071F, r25	; 0x80071f <cashPulseFactor+0x3>
/home/oggy/Documents/arduinoprojects/padright_v1.5.1/padright_v1.5.1.ino:602
  EEPROM.get(cashWaitTimeAddress, cashWaitTime);
    26fc:	67 e1       	ldi	r22, 0x17	; 23
    26fe:	71 e0       	ldi	r23, 0x01	; 1
    2700:	8d e2       	ldi	r24, 0x2D	; 45
    2702:	90 e0       	ldi	r25, 0x00	; 0
    2704:	0e 94 e6 0c 	call	0x19cc	; 0x19cc <int& EEPROMClass::get<int>(int, int&) [clone .isra.10]>
    2708:	0c ed       	ldi	r16, 0xDC	; 220
    270a:	16 e0       	ldi	r17, 0x06	; 6
    270c:	91 e2       	ldi	r25, 0x21	; 33
    270e:	e9 2e       	mov	r14, r25
    2710:	91 e0       	ldi	r25, 0x01	; 1
    2712:	f9 2e       	mov	r15, r25
/home/oggy/Documents/arduinoprojects/padright_v1.5.1/padright_v1.5.1.ino:607
  if (cashWaitTime > MAX_CASH_WAIT_TIME && cashWaitTime <= 0) {
    cashWaitTime = 5000;
    EEPROM.put(cashWaitTimeAddress, cashWaitTime);
  }
  for (int i = 0; i < maxRack; i++) {
    2714:	80 91 0e 01 	lds	r24, 0x010E	; 0x80010e <maxRack>
    2718:	90 e0       	ldi	r25, 0x00	; 0
    271a:	97 01       	movw	r18, r14
    271c:	21 52       	subi	r18, 0x21	; 33
    271e:	31 40       	sbci	r19, 0x01	; 1
    2720:	28 17       	cp	r18, r24
    2722:	39 07       	cpc	r19, r25
    2724:	8c f0       	brlt	.+34     	; 0x2748 <main+0x2dc>
/home/oggy/Documents/arduinoprojects/padright_v1.5.1/padright_v1.5.1.ino:611
    rack[i].setQuantity(EEPROM.read(rackAddress[i]));
  }
  for (int i = 0; i < maxRack; i++) {
    rack[i].setMaxQuantity(maxRackCapacity);
    2726:	40 91 11 01 	lds	r20, 0x0111	; 0x800111 <maxRackCapacity>
    272a:	50 91 12 01 	lds	r21, 0x0112	; 0x800112 <maxRackCapacity+0x1>
    272e:	ec ed       	ldi	r30, 0xDC	; 220
    2730:	f6 e0       	ldi	r31, 0x06	; 6
main():
/home/oggy/Documents/arduinoprojects/padright_v1.5.1/padright_v1.5.1.ino:610
    EEPROM.put(cashWaitTimeAddress, cashWaitTime);
  }
  for (int i = 0; i < maxRack; i++) {
    rack[i].setQuantity(EEPROM.read(rackAddress[i]));
  }
  for (int i = 0; i < maxRack; i++) {
    2732:	30 e0       	ldi	r19, 0x00	; 0
    2734:	20 e0       	ldi	r18, 0x00	; 0
readFromEEPROM():
    2736:	82 17       	cp	r24, r18
    2738:	93 07       	cpc	r25, r19
    273a:	99 f0       	breq	.+38     	; 0x2762 <main+0x2f6>
setMaxQuantity():
/home/oggy/Documents/arduinoprojects/padright_v1.5.1/padrack.cpp:38
int padrack::getMaxQuantity()
{
    return maxQuantity;
}
void padrack::setMaxQuantity(int number){
    maxQuantity = number;
    273c:	53 83       	std	Z+3, r21	; 0x03
    273e:	42 83       	std	Z+2, r20	; 0x02
readFromEEPROM():
/home/oggy/Documents/arduinoprojects/padright_v1.5.1/padright_v1.5.1.ino:610
    2740:	2f 5f       	subi	r18, 0xFF	; 255
    2742:	3f 4f       	sbci	r19, 0xFF	; 255
    2744:	34 96       	adiw	r30, 0x04	; 4
    2746:	f7 cf       	rjmp	.-18     	; 0x2736 <main+0x2ca>
/home/oggy/Documents/arduinoprojects/padright_v1.5.1/padright_v1.5.1.ino:608
  if (cashWaitTime > MAX_CASH_WAIT_TIME && cashWaitTime <= 0) {
    cashWaitTime = 5000;
    EEPROM.put(cashWaitTimeAddress, cashWaitTime);
  }
  for (int i = 0; i < maxRack; i++) {
    rack[i].setQuantity(EEPROM.read(rackAddress[i]));
    2748:	f7 01       	movw	r30, r14
    274a:	81 91       	ld	r24, Z+
    274c:	7f 01       	movw	r14, r30
operator*():
/home/oggy/.arduino15/packages/MiniCore/hardware/avr/3.1.1/libraries/EEPROM/src/EEPROM.h:42
    274e:	90 e0       	ldi	r25, 0x00	; 0
    2750:	0e 94 dd 1f 	call	0x3fba	; 0x3fba <eeprom_read_byte>
readFromEEPROM():
/home/oggy/Documents/arduinoprojects/padright_v1.5.1/padright_v1.5.1.ino:608
    2754:	90 e0       	ldi	r25, 0x00	; 0
    2756:	d8 01       	movw	r26, r16
    2758:	8d 93       	st	X+, r24
    275a:	9c 93       	st	X, r25
    275c:	0c 5f       	subi	r16, 0xFC	; 252
    275e:	1f 4f       	sbci	r17, 0xFF	; 255
    2760:	d9 cf       	rjmp	.-78     	; 0x2714 <main+0x2a8>
pinSetup():
/home/oggy/Documents/arduinoprojects/padright_v1.5.1/padright_v1.5.1.ino:200
  }
  // machineDetails();
}

void pinSetup() {
  pinMode(menuButton, INPUT_PULLUP);
    2762:	62 e0       	ldi	r22, 0x02	; 2
    2764:	83 e0       	ldi	r24, 0x03	; 3
    2766:	0e 94 14 01 	call	0x228	; 0x228 <pinMode>
/home/oggy/Documents/arduinoprojects/padright_v1.5.1/padright_v1.5.1.ino:201
  pinMode(selectButton, INPUT_PULLUP);
    276a:	62 e0       	ldi	r22, 0x02	; 2
    276c:	8e e0       	ldi	r24, 0x0E	; 14
    276e:	0e 94 14 01 	call	0x228	; 0x228 <pinMode>
/home/oggy/Documents/arduinoprojects/padright_v1.5.1/padright_v1.5.1.ino:202
  pinMode(okButton, INPUT_PULLUP);
    2772:	62 e0       	ldi	r22, 0x02	; 2
    2774:	8f e0       	ldi	r24, 0x0F	; 15
    2776:	0e 94 14 01 	call	0x228	; 0x228 <pinMode>
/home/oggy/Documents/arduinoprojects/padright_v1.5.1/padright_v1.5.1.ino:203
  if (mType == CASH_MACHINE) {
    277a:	80 91 1f 06 	lds	r24, 0x061F	; 0x80061f <mType>
    277e:	81 30       	cpi	r24, 0x01	; 1
    2780:	41 f4       	brne	.+16     	; 0x2792 <main+0x326>
/home/oggy/Documents/arduinoprojects/padright_v1.5.1/padright_v1.5.1.ino:204
    pinMode(inhibit, OUTPUT);
    2782:	61 e0       	ldi	r22, 0x01	; 1
    2784:	8a e0       	ldi	r24, 0x0A	; 10
    2786:	0e 94 14 01 	call	0x228	; 0x228 <pinMode>
/home/oggy/Documents/arduinoprojects/padright_v1.5.1/padright_v1.5.1.ino:205
    pinMode(interrupt, INPUT_PULLUP);
    278a:	62 e0       	ldi	r22, 0x02	; 2
    278c:	82 e0       	ldi	r24, 0x02	; 2
    278e:	0e 94 14 01 	call	0x228	; 0x228 <pinMode>
/home/oggy/Documents/arduinoprojects/padright_v1.5.1/padright_v1.5.1.ino:207
  }
  pinMode(buzzer, OUTPUT);
    2792:	61 e0       	ldi	r22, 0x01	; 1
    2794:	80 e1       	ldi	r24, 0x10	; 16
    2796:	0e 94 14 01 	call	0x228	; 0x228 <pinMode>
/home/oggy/Documents/arduinoprojects/padright_v1.5.1/padright_v1.5.1.ino:208
  digitalWrite(buzzer, LOW);
    279a:	60 e0       	ldi	r22, 0x00	; 0
    279c:	80 e1       	ldi	r24, 0x10	; 16
    279e:	0e 94 e6 00 	call	0x1cc	; 0x1cc <digitalWrite>
    27a2:	0b e2       	ldi	r16, 0x2B	; 43
    27a4:	11 e0       	ldi	r17, 0x01	; 1
/home/oggy/Documents/arduinoprojects/padright_v1.5.1/padright_v1.5.1.ino:209
  for (int i = 0; i < maxRack; i++) {
    27a6:	20 91 0e 01 	lds	r18, 0x010E	; 0x80010e <maxRack>
    27aa:	c8 01       	movw	r24, r16
    27ac:	8b 52       	subi	r24, 0x2B	; 43
    27ae:	91 40       	sbci	r25, 0x01	; 1
    27b0:	28 17       	cp	r18, r24
    27b2:	19 06       	cpc	r1, r25
    27b4:	69 f0       	breq	.+26     	; 0x27d0 <main+0x364>
    27b6:	64 f0       	brlt	.+24     	; 0x27d0 <main+0x364>
/home/oggy/Documents/arduinoprojects/padright_v1.5.1/padright_v1.5.1.ino:210
    pinMode(motor[i], OUTPUT);
    27b8:	f8 01       	movw	r30, r16
    27ba:	f1 90       	ld	r15, Z+
    27bc:	8f 01       	movw	r16, r30
    27be:	61 e0       	ldi	r22, 0x01	; 1
    27c0:	8f 2d       	mov	r24, r15
    27c2:	0e 94 14 01 	call	0x228	; 0x228 <pinMode>
/home/oggy/Documents/arduinoprojects/padright_v1.5.1/padright_v1.5.1.ino:211
    digitalWrite(motor[i], LOW);
    27c6:	60 e0       	ldi	r22, 0x00	; 0
    27c8:	8f 2d       	mov	r24, r15
    27ca:	0e 94 e6 00 	call	0x1cc	; 0x1cc <digitalWrite>
    27ce:	eb cf       	rjmp	.-42     	; 0x27a6 <main+0x33a>
setup():
/home/oggy/Documents/arduinoprojects/padright_v1.5.1/padright_v1.5.1.ino:143
  Serial.begin(9600);
  lcd.begin(16, 2);  // initialize the lcd
  lcd.createChar(0, arrow);
  readFromEEPROM();
  pinSetup();
  disableCashAcceptor();
    27d0:	0e 94 1d 09 	call	0x123a	; 0x123a <disableCashAcceptor()>
/home/oggy/Documents/arduinoprojects/padright_v1.5.1/padright_v1.5.1.ino:144
  if (mType == CASH_MACHINE) {
    27d4:	80 91 1f 06 	lds	r24, 0x061F	; 0x80061f <mType>
    27d8:	81 30       	cpi	r24, 0x01	; 1
    27da:	09 f0       	breq	.+2      	; 0x27de <main+0x372>
    27dc:	3b c1       	rjmp	.+630    	; 0x2a54 <main+0x5e8>
attachInterrupt():
/home/oggy/.arduino15/packages/MiniCore/hardware/avr/3.1.1/cores/MCUdude_corefiles/WInterrupts.c:66

void attachInterrupt(uint8_t interruptNum, void (*userFunc)(void), int mode)
{
  if(interruptNum < EXTERNAL_NUM_INTERRUPTS)
  {
    intFunc[interruptNum] = userFunc;
    27de:	81 e2       	ldi	r24, 0x21	; 33
    27e0:	99 e0       	ldi	r25, 0x09	; 9
    27e2:	90 93 01 01 	sts	0x0101, r25	; 0x800101 <__data_start+0x1>
    27e6:	80 93 00 01 	sts	0x0100, r24	; 0x800100 <__data_start>
/home/oggy/.arduino15/packages/MiniCore/hardware/avr/3.1.1/cores/MCUdude_corefiles/WInterrupts.c:231
      #elif defined(__AVR_ATmega48__) || defined(__AVR_ATmega48P__)  || defined(__AVR_ATmega48PB__)  \
      || defined(__AVR_ATmega88__)    || defined(__AVR_ATmega88P__)  || defined(__AVR_ATmega88PB__)  \
      || defined(__AVR_ATmega168__)   || defined(__AVR_ATmega168P__) || defined(__AVR_ATmega168PB__) \
      || defined(__AVR_ATmega328__)   || defined(__AVR_ATmega328P__) || defined(__AVR_ATmega328PB__)
        case 0:
          EICRA = (EICRA & ~((1 << ISC00) | (1 << ISC01))) | (mode << ISC00);
    27ea:	80 91 69 00 	lds	r24, 0x0069	; 0x800069 <__DATA_REGION_ORIGIN__+0x9>
    27ee:	8c 7f       	andi	r24, 0xFC	; 252
    27f0:	82 60       	ori	r24, 0x02	; 2
    27f2:	80 93 69 00 	sts	0x0069, r24	; 0x800069 <__DATA_REGION_ORIGIN__+0x9>
/home/oggy/.arduino15/packages/MiniCore/hardware/avr/3.1.1/cores/MCUdude_corefiles/WInterrupts.c:232
          EIMSK |= (1 << INT0);
    27f6:	e8 9a       	sbi	0x1d, 0	; 29
operator*():
/home/oggy/.arduino15/packages/MiniCore/hardware/avr/3.1.1/libraries/EEPROM/src/EEPROM.h:42
    27f8:	84 e6       	ldi	r24, 0x64	; 100
    27fa:	90 e0       	ldi	r25, 0x00	; 0
    27fc:	0e 94 dd 1f 	call	0x3fba	; 0x3fba <eeprom_read_byte>
setup():
/home/oggy/Documents/arduinoprojects/padright_v1.5.1/padright_v1.5.1.ino:151
  } else {
    // detachInterrupt(digitalPinToInterrupt(interrupt));
    SPI.begin();         // Init SPI bus
    mfrc522.PCD_Init();  // Init MFRC522 card
  }
  if (EEPROM.read(firstBootAddress) != firstBoot) {
    2800:	89 37       	cpi	r24, 0x79	; 121
    2802:	09 f4       	brne	.+2      	; 0x2806 <main+0x39a>
    2804:	eb c1       	rjmp	.+982    	; 0x2bdc <main+0x770>
/home/oggy/Documents/arduinoprojects/padright_v1.5.1/padright_v1.5.1.ino:152
    Serial.println("Frist Boot");
    2806:	80 eb       	ldi	r24, 0xB0	; 176
    2808:	92 e0       	ldi	r25, 0x02	; 2
    280a:	0e 94 c9 0c 	call	0x1992	; 0x1992 <Print::println(char const*) [clone .constprop.21]>
writeToEPPROM():
    280e:	89 e7       	ldi	r24, 0x79	; 121
    2810:	0e 94 e6 0e 	call	0x1dcc	; 0x1dcc <writeToEPPROM(char) [clone .part.8]>
setup():
/home/oggy/Documents/arduinoprojects/padright_v1.5.1/padright_v1.5.1.ino:154
    writeToEPPROM('y');
    delay(100);
    2814:	64 e6       	ldi	r22, 0x64	; 100
    2816:	70 e0       	ldi	r23, 0x00	; 0
    2818:	80 e0       	ldi	r24, 0x00	; 0
    281a:	90 e0       	ldi	r25, 0x00	; 0
    281c:	0e 94 80 01 	call	0x300	; 0x300 <delay>
/home/oggy/Documents/arduinoprojects/padright_v1.5.1/padright_v1.5.1.ino:155
    EEPROM.write(firstBootAddress, firstBoot);
    2820:	69 e7       	ldi	r22, 0x79	; 121
    2822:	84 e6       	ldi	r24, 0x64	; 100
    2824:	90 e0       	ldi	r25, 0x00	; 0
    2826:	0e 94 e4 0e 	call	0x1dc8	; 0x1dc8 <EEPROMClass::write(int, unsigned char) [clone .isra.1]>
/home/oggy/Documents/arduinoprojects/padright_v1.5.1/padright_v1.5.1.ino:164
  }
  // Serial.println(maxRackCapacity);
  // Serial.println(padAmount);
  // key for auth rfid
  for (byte i = 0; i < 6; i++) {
    key.keyByte[i] = 0xFF;
    282a:	8f ef       	ldi	r24, 0xFF	; 255
    282c:	80 93 39 06 	sts	0x0639, r24	; 0x800639 <key>
    2830:	80 93 3a 06 	sts	0x063A, r24	; 0x80063a <key+0x1>
    2834:	80 93 3b 06 	sts	0x063B, r24	; 0x80063b <key+0x2>
    2838:	80 93 3c 06 	sts	0x063C, r24	; 0x80063c <key+0x3>
    283c:	80 93 3d 06 	sts	0x063D, r24	; 0x80063d <key+0x4>
    2840:	80 93 3e 06 	sts	0x063E, r24	; 0x80063e <key+0x5>
startMessage():
/home/oggy/Documents/arduinoprojects/padright_v1.5.1/lcd.ino:2
void startMessage() {
  lcd.clear();
    2844:	0e 94 7e 03 	call	0x6fc	; 0x6fc <LiquidCrystal::clear() [clone .constprop.47]>
/home/oggy/Documents/arduinoprojects/padright_v1.5.1/lcd.ino:3
  lcd.setCursor(3, 0);
    2848:	60 e0       	ldi	r22, 0x00	; 0
    284a:	83 e0       	ldi	r24, 0x03	; 3
    284c:	0e 94 27 04 	call	0x84e	; 0x84e <LiquidCrystal::setCursor(unsigned char, unsigned char) [clone .constprop.24]>
/home/oggy/Documents/arduinoprojects/padright_v1.5.1/lcd.ino:4
  lcd.print("Powered By");
    2850:	8b eb       	ldi	r24, 0xBB	; 187
    2852:	92 e0       	ldi	r25, 0x02	; 2
    2854:	0e 94 be 0a 	call	0x157c	; 0x157c <Print::print(char const*) [clone .constprop.41]>
/home/oggy/Documents/arduinoprojects/padright_v1.5.1/lcd.ino:5
  lcd.setCursor(2, 1);
    2858:	61 e0       	ldi	r22, 0x01	; 1
    285a:	82 e0       	ldi	r24, 0x02	; 2
    285c:	0e 94 27 04 	call	0x84e	; 0x84e <LiquidCrystal::setCursor(unsigned char, unsigned char) [clone .constprop.24]>
/home/oggy/Documents/arduinoprojects/padright_v1.5.1/lcd.ino:6
  lcd.print("KAICHO GROUP");
    2860:	86 ec       	ldi	r24, 0xC6	; 198
    2862:	92 e0       	ldi	r25, 0x02	; 2
    2864:	0e 94 be 0a 	call	0x157c	; 0x157c <Print::print(char const*) [clone .constprop.41]>
/home/oggy/Documents/arduinoprojects/padright_v1.5.1/lcd.ino:7
  delay(3000);
    2868:	68 eb       	ldi	r22, 0xB8	; 184
    286a:	7b e0       	ldi	r23, 0x0B	; 11
    286c:	80 e0       	ldi	r24, 0x00	; 0
    286e:	90 e0       	ldi	r25, 0x00	; 0
    2870:	0e 94 80 01 	call	0x300	; 0x300 <delay>
/home/oggy/Documents/arduinoprojects/padright_v1.5.1/lcd.ino:8
  lcd.clear();
    2874:	0e 94 7e 03 	call	0x6fc	; 0x6fc <LiquidCrystal::clear() [clone .constprop.47]>
/home/oggy/Documents/arduinoprojects/padright_v1.5.1/lcd.ino:9
  lcd.setCursor(2, 0);
    2878:	60 e0       	ldi	r22, 0x00	; 0
    287a:	82 e0       	ldi	r24, 0x02	; 2
    287c:	0e 94 27 04 	call	0x84e	; 0x84e <LiquidCrystal::setCursor(unsigned char, unsigned char) [clone .constprop.24]>
/home/oggy/Documents/arduinoprojects/padright_v1.5.1/lcd.ino:10
  lcd.print("-- KAWACH --");
    2880:	83 ed       	ldi	r24, 0xD3	; 211
    2882:	92 e0       	ldi	r25, 0x02	; 2
    2884:	0e 94 be 0a 	call	0x157c	; 0x157c <Print::print(char const*) [clone .constprop.41]>
/home/oggy/Documents/arduinoprojects/padright_v1.5.1/lcd.ino:11
  lcd.setCursor(2, 1);
    2888:	61 e0       	ldi	r22, 0x01	; 1
    288a:	82 e0       	ldi	r24, 0x02	; 2
    288c:	0e 94 27 04 	call	0x84e	; 0x84e <LiquidCrystal::setCursor(unsigned char, unsigned char) [clone .constprop.24]>
/home/oggy/Documents/arduinoprojects/padright_v1.5.1/lcd.ino:12
  lcd.print("Pad Vending");
    2890:	80 ee       	ldi	r24, 0xE0	; 224
    2892:	92 e0       	ldi	r25, 0x02	; 2
    2894:	0e 94 be 0a 	call	0x157c	; 0x157c <Print::print(char const*) [clone .constprop.41]>
/home/oggy/Documents/arduinoprojects/padright_v1.5.1/lcd.ino:13
  delay(2000);
    2898:	60 ed       	ldi	r22, 0xD0	; 208
    289a:	77 e0       	ldi	r23, 0x07	; 7
    289c:	80 e0       	ldi	r24, 0x00	; 0
    289e:	90 e0       	ldi	r25, 0x00	; 0
    28a0:	0e 94 80 01 	call	0x300	; 0x300 <delay>
homePage():
/home/oggy/Documents/arduinoprojects/padright_v1.5.1/lcd.ino:17
  homePage();
}
void homePage() {
  if (changeDone == true) {
    28a4:	80 91 13 01 	lds	r24, 0x0113	; 0x800113 <changeDone>
    28a8:	81 11       	cpse	r24, r1
    28aa:	0e 94 c3 0a 	call	0x1586	; 0x1586 <homePage() [clone .part.3]>
machineDetails():
/home/oggy/Documents/arduinoprojects/padright_v1.5.1/padright_v1.5.1.ino:683
  if (padAmount > 255) {
    padAmount = 1;
  }
}
void machineDetails() {
  String var = "\nMachine Type : " + String(mType);
    28ae:	60 91 1f 06 	lds	r22, 0x061F	; 0x80061f <mType>
    28b2:	ce 01       	movw	r24, r28
    28b4:	01 96       	adiw	r24, 0x01	; 1
    28b6:	0e 94 d3 0d 	call	0x1ba6	; 0x1ba6 <String::String(unsigned char, unsigned char) [clone .constprop.18]>
_ZN15StringSumHelperC2EPKc():
/home/oggy/.arduino15/packages/MiniCore/hardware/avr/3.1.1/cores/MCUdude_corefiles/WString.h:217
{
public:
  StringSumHelper(const String &s) : String(s) {}
  StringSumHelper(const char *p) : String(p) {}
    28ba:	69 ef       	ldi	r22, 0xF9	; 249
    28bc:	72 e0       	ldi	r23, 0x02	; 2
    28be:	ce 01       	movw	r24, r28
    28c0:	07 96       	adiw	r24, 0x07	; 7
    28c2:	0e 94 26 0e 	call	0x1c4c	; 0x1c4c <String::String(char const*)>
machineDetails():
/home/oggy/Documents/arduinoprojects/padright_v1.5.1/padright_v1.5.1.ino:683
    28c6:	be 01       	movw	r22, r28
    28c8:	6f 5f       	subi	r22, 0xFF	; 255
    28ca:	7f 4f       	sbci	r23, 0xFF	; 255
    28cc:	ce 01       	movw	r24, r28
    28ce:	07 96       	adiw	r24, 0x07	; 7
    28d0:	0e 94 67 0d 	call	0x1ace	; 0x1ace <operator+(StringSumHelper const&, String const&)>
    28d4:	bc 01       	movw	r22, r24
    28d6:	ce 01       	movw	r24, r28
    28d8:	43 96       	adiw	r24, 0x13	; 19
    28da:	0e 94 0c 0e 	call	0x1c18	; 0x1c18 <String::String(String const&)>
/home/oggy/.arduino15/packages/MiniCore/hardware/avr/3.1.1/cores/MCUdude_corefiles/WString.h:213
       #if __cplusplus >= 201103L || defined(__GXX_EXPERIMENTAL_CXX0X__)
  void move(String &rhs);
  #endif
};

class StringSumHelper : public String
    28de:	ce 01       	movw	r24, r28
    28e0:	07 96       	adiw	r24, 0x07	; 7
    28e2:	0e 94 37 0e 	call	0x1c6e	; 0x1c6e <String::~String()>
    28e6:	ce 01       	movw	r24, r28
    28e8:	01 96       	adiw	r24, 0x01	; 1
    28ea:	0e 94 37 0e 	call	0x1c6e	; 0x1c6e <String::~String()>
/home/oggy/Documents/arduinoprojects/padright_v1.5.1/padright_v1.5.1.ino:684
  var += "\nMaximum Rack: " + String(maxRack);
    28ee:	60 91 0e 01 	lds	r22, 0x010E	; 0x80010e <maxRack>
    28f2:	ce 01       	movw	r24, r28
    28f4:	01 96       	adiw	r24, 0x01	; 1
    28f6:	0e 94 d3 0d 	call	0x1ba6	; 0x1ba6 <String::String(unsigned char, unsigned char) [clone .constprop.18]>
_ZN15StringSumHelperC2EPKc():
/home/oggy/.arduino15/packages/MiniCore/hardware/avr/3.1.1/cores/MCUdude_corefiles/WString.h:217
{
public:
  StringSumHelper(const String &s) : String(s) {}
  StringSumHelper(const char *p) : String(p) {}
    28fa:	6a e0       	ldi	r22, 0x0A	; 10
    28fc:	73 e0       	ldi	r23, 0x03	; 3
    28fe:	ce 01       	movw	r24, r28
    2900:	07 96       	adiw	r24, 0x07	; 7
    2902:	0e 94 26 0e 	call	0x1c4c	; 0x1c4c <String::String(char const*)>
machineDetails():
/home/oggy/Documents/arduinoprojects/padright_v1.5.1/padright_v1.5.1.ino:684
    2906:	be 01       	movw	r22, r28
    2908:	6f 5f       	subi	r22, 0xFF	; 255
    290a:	7f 4f       	sbci	r23, 0xFF	; 255
    290c:	ce 01       	movw	r24, r28
    290e:	07 96       	adiw	r24, 0x07	; 7
    2910:	0e 94 67 0d 	call	0x1ace	; 0x1ace <operator+(StringSumHelper const&, String const&)>
_ZN6StringpLERKS_():
/home/oggy/.arduino15/packages/MiniCore/hardware/avr/3.1.1/cores/MCUdude_corefiles/WString.h:113
  unsigned char concat(double num);
  unsigned char concat(const __FlashStringHelper * str);

  // if there's not enough memory for the concatenated value, the string
  // will be left unchanged (but this isn't signalled in any way)
  String & operator += (const String &rhs)  {concat(rhs); return (*this);}
    2914:	bc 01       	movw	r22, r24
    2916:	ce 01       	movw	r24, r28
    2918:	43 96       	adiw	r24, 0x13	; 19
    291a:	0e 94 4e 0d 	call	0x1a9c	; 0x1a9c <String::concat(String const&)>
_ZN15StringSumHelperD2Ev():
/home/oggy/.arduino15/packages/MiniCore/hardware/avr/3.1.1/cores/MCUdude_corefiles/WString.h:213
       #if __cplusplus >= 201103L || defined(__GXX_EXPERIMENTAL_CXX0X__)
  void move(String &rhs);
  #endif
};

class StringSumHelper : public String
    291e:	ce 01       	movw	r24, r28
    2920:	07 96       	adiw	r24, 0x07	; 7
    2922:	0e 94 37 0e 	call	0x1c6e	; 0x1c6e <String::~String()>
machineDetails():
/home/oggy/Documents/arduinoprojects/padright_v1.5.1/padright_v1.5.1.ino:684
    2926:	ce 01       	movw	r24, r28
    2928:	01 96       	adiw	r24, 0x01	; 1
    292a:	0e 94 37 0e 	call	0x1c6e	; 0x1c6e <String::~String()>
/home/oggy/Documents/arduinoprojects/padright_v1.5.1/padright_v1.5.1.ino:685
  var += "\nRack Capacity: " + String(maxRackCapacity);
    292e:	60 91 11 01 	lds	r22, 0x0111	; 0x800111 <maxRackCapacity>
    2932:	70 91 12 01 	lds	r23, 0x0112	; 0x800112 <maxRackCapacity+0x1>
    2936:	ce 01       	movw	r24, r28
    2938:	01 96       	adiw	r24, 0x01	; 1
    293a:	0e 94 9b 0d 	call	0x1b36	; 0x1b36 <String::String(int, unsigned char) [clone .constprop.19]>
_ZN15StringSumHelperC2EPKc():
/home/oggy/.arduino15/packages/MiniCore/hardware/avr/3.1.1/cores/MCUdude_corefiles/WString.h:217
{
public:
  StringSumHelper(const String &s) : String(s) {}
  StringSumHelper(const char *p) : String(p) {}
    293e:	6a e1       	ldi	r22, 0x1A	; 26
    2940:	73 e0       	ldi	r23, 0x03	; 3
    2942:	ce 01       	movw	r24, r28
    2944:	07 96       	adiw	r24, 0x07	; 7
    2946:	0e 94 26 0e 	call	0x1c4c	; 0x1c4c <String::String(char const*)>
machineDetails():
/home/oggy/Documents/arduinoprojects/padright_v1.5.1/padright_v1.5.1.ino:685
    294a:	be 01       	movw	r22, r28
    294c:	6f 5f       	subi	r22, 0xFF	; 255
    294e:	7f 4f       	sbci	r23, 0xFF	; 255
    2950:	ce 01       	movw	r24, r28
    2952:	07 96       	adiw	r24, 0x07	; 7
    2954:	0e 94 67 0d 	call	0x1ace	; 0x1ace <operator+(StringSumHelper const&, String const&)>
_ZN6StringpLERKS_():
/home/oggy/.arduino15/packages/MiniCore/hardware/avr/3.1.1/cores/MCUdude_corefiles/WString.h:113
  unsigned char concat(double num);
  unsigned char concat(const __FlashStringHelper * str);

  // if there's not enough memory for the concatenated value, the string
  // will be left unchanged (but this isn't signalled in any way)
  String & operator += (const String &rhs)  {concat(rhs); return (*this);}
    2958:	bc 01       	movw	r22, r24
    295a:	ce 01       	movw	r24, r28
    295c:	43 96       	adiw	r24, 0x13	; 19
    295e:	0e 94 4e 0d 	call	0x1a9c	; 0x1a9c <String::concat(String const&)>
_ZN15StringSumHelperD2Ev():
/home/oggy/.arduino15/packages/MiniCore/hardware/avr/3.1.1/cores/MCUdude_corefiles/WString.h:213
       #if __cplusplus >= 201103L || defined(__GXX_EXPERIMENTAL_CXX0X__)
  void move(String &rhs);
  #endif
};

class StringSumHelper : public String
    2962:	ce 01       	movw	r24, r28
    2964:	07 96       	adiw	r24, 0x07	; 7
    2966:	0e 94 37 0e 	call	0x1c6e	; 0x1c6e <String::~String()>
machineDetails():
/home/oggy/Documents/arduinoprojects/padright_v1.5.1/padright_v1.5.1.ino:685
    296a:	ce 01       	movw	r24, r28
    296c:	01 96       	adiw	r24, 0x01	; 1
    296e:	0e 94 37 0e 	call	0x1c6e	; 0x1c6e <String::~String()>
/home/oggy/Documents/arduinoprojects/padright_v1.5.1/padright_v1.5.1.ino:686
  var += "\nPad Amount: " + String(padAmount);
    2972:	60 91 0f 01 	lds	r22, 0x010F	; 0x80010f <padAmount>
    2976:	70 91 10 01 	lds	r23, 0x0110	; 0x800110 <padAmount+0x1>
    297a:	ce 01       	movw	r24, r28
    297c:	01 96       	adiw	r24, 0x01	; 1
    297e:	0e 94 9b 0d 	call	0x1b36	; 0x1b36 <String::String(int, unsigned char) [clone .constprop.19]>
_ZN15StringSumHelperC2EPKc():
/home/oggy/.arduino15/packages/MiniCore/hardware/avr/3.1.1/cores/MCUdude_corefiles/WString.h:217
{
public:
  StringSumHelper(const String &s) : String(s) {}
  StringSumHelper(const char *p) : String(p) {}
    2982:	6b e2       	ldi	r22, 0x2B	; 43
    2984:	73 e0       	ldi	r23, 0x03	; 3
    2986:	ce 01       	movw	r24, r28
    2988:	07 96       	adiw	r24, 0x07	; 7
    298a:	0e 94 26 0e 	call	0x1c4c	; 0x1c4c <String::String(char const*)>
machineDetails():
/home/oggy/Documents/arduinoprojects/padright_v1.5.1/padright_v1.5.1.ino:686
    298e:	be 01       	movw	r22, r28
    2990:	6f 5f       	subi	r22, 0xFF	; 255
    2992:	7f 4f       	sbci	r23, 0xFF	; 255
    2994:	ce 01       	movw	r24, r28
    2996:	07 96       	adiw	r24, 0x07	; 7
    2998:	0e 94 67 0d 	call	0x1ace	; 0x1ace <operator+(StringSumHelper const&, String const&)>
_ZN6StringpLERKS_():
/home/oggy/.arduino15/packages/MiniCore/hardware/avr/3.1.1/cores/MCUdude_corefiles/WString.h:113
  unsigned char concat(double num);
  unsigned char concat(const __FlashStringHelper * str);

  // if there's not enough memory for the concatenated value, the string
  // will be left unchanged (but this isn't signalled in any way)
  String & operator += (const String &rhs)  {concat(rhs); return (*this);}
    299c:	bc 01       	movw	r22, r24
    299e:	ce 01       	movw	r24, r28
    29a0:	43 96       	adiw	r24, 0x13	; 19
    29a2:	0e 94 4e 0d 	call	0x1a9c	; 0x1a9c <String::concat(String const&)>
_ZN15StringSumHelperD2Ev():
/home/oggy/.arduino15/packages/MiniCore/hardware/avr/3.1.1/cores/MCUdude_corefiles/WString.h:213
       #if __cplusplus >= 201103L || defined(__GXX_EXPERIMENTAL_CXX0X__)
  void move(String &rhs);
  #endif
};

class StringSumHelper : public String
    29a6:	ce 01       	movw	r24, r28
    29a8:	07 96       	adiw	r24, 0x07	; 7
    29aa:	0e 94 37 0e 	call	0x1c6e	; 0x1c6e <String::~String()>
machineDetails():
/home/oggy/Documents/arduinoprojects/padright_v1.5.1/padright_v1.5.1.ino:686
    29ae:	ce 01       	movw	r24, r28
    29b0:	01 96       	adiw	r24, 0x01	; 1
    29b2:	0e 94 37 0e 	call	0x1c6e	; 0x1c6e <String::~String()>
    29b6:	0c ed       	ldi	r16, 0xDC	; 220
    29b8:	e0 2e       	mov	r14, r16
    29ba:	06 e0       	ldi	r16, 0x06	; 6
    29bc:	f0 2e       	mov	r15, r16
main():
/home/oggy/Documents/arduinoprojects/padright_v1.5.1/padright_v1.5.1.ino:687
  for (int i = 0; i < maxRack; i++) {
    29be:	10 e0       	ldi	r17, 0x00	; 0
    29c0:	00 e0       	ldi	r16, 0x00	; 0
machineDetails():
    29c2:	80 91 0e 01 	lds	r24, 0x010E	; 0x80010e <maxRack>
    29c6:	80 17       	cp	r24, r16
    29c8:	11 06       	cpc	r1, r17
    29ca:	09 f0       	breq	.+2      	; 0x29ce <main+0x562>
    29cc:	0c f4       	brge	.+2      	; 0x29d0 <main+0x564>
    29ce:	0b c1       	rjmp	.+534    	; 0x2be6 <main+0x77a>
/home/oggy/Documents/arduinoprojects/padright_v1.5.1/padright_v1.5.1.ino:688
    var += "\nRack " + String(i + 1) + " Quantity: " + String(rack[i].getQuantity());
    29d0:	d7 01       	movw	r26, r14
    29d2:	6d 91       	ld	r22, X+
    29d4:	7c 91       	ld	r23, X
    29d6:	ce 01       	movw	r24, r28
    29d8:	01 96       	adiw	r24, 0x01	; 1
    29da:	0e 94 9b 0d 	call	0x1b36	; 0x1b36 <String::String(int, unsigned char) [clone .constprop.19]>
    29de:	0f 5f       	subi	r16, 0xFF	; 255
    29e0:	1f 4f       	sbci	r17, 0xFF	; 255
    29e2:	b8 01       	movw	r22, r16
    29e4:	ce 01       	movw	r24, r28
    29e6:	07 96       	adiw	r24, 0x07	; 7
    29e8:	0e 94 9b 0d 	call	0x1b36	; 0x1b36 <String::String(int, unsigned char) [clone .constprop.19]>
_ZN15StringSumHelperC2EPKc():
/home/oggy/.arduino15/packages/MiniCore/hardware/avr/3.1.1/cores/MCUdude_corefiles/WString.h:217
{
public:
  StringSumHelper(const String &s) : String(s) {}
  StringSumHelper(const char *p) : String(p) {}
    29ec:	69 e3       	ldi	r22, 0x39	; 57
    29ee:	73 e0       	ldi	r23, 0x03	; 3
    29f0:	ce 01       	movw	r24, r28
    29f2:	0d 96       	adiw	r24, 0x0d	; 13
    29f4:	0e 94 26 0e 	call	0x1c4c	; 0x1c4c <String::String(char const*)>
machineDetails():
/home/oggy/Documents/arduinoprojects/padright_v1.5.1/padright_v1.5.1.ino:688
    29f8:	be 01       	movw	r22, r28
    29fa:	69 5f       	subi	r22, 0xF9	; 249
    29fc:	7f 4f       	sbci	r23, 0xFF	; 255
    29fe:	ce 01       	movw	r24, r28
    2a00:	0d 96       	adiw	r24, 0x0d	; 13
    2a02:	0e 94 67 0d 	call	0x1ace	; 0x1ace <operator+(StringSumHelper const&, String const&)>
    2a06:	6c 01       	movw	r12, r24
operator+():
/home/oggy/.arduino15/packages/MiniCore/hardware/avr/3.1.1/cores/MCUdude_corefiles/WString.cpp:364
    2a08:	4b e0       	ldi	r20, 0x0B	; 11
    2a0a:	50 e0       	ldi	r21, 0x00	; 0
    2a0c:	60 e4       	ldi	r22, 0x40	; 64
    2a0e:	73 e0       	ldi	r23, 0x03	; 3
    2a10:	0e 94 22 0d 	call	0x1a44	; 0x1a44 <String::concat(char const*, unsigned int)>
    2a14:	81 11       	cpse	r24, r1
    2a16:	03 c0       	rjmp	.+6      	; 0x2a1e <main+0x5b2>
    2a18:	c6 01       	movw	r24, r12
    2a1a:	0e 94 55 0d 	call	0x1aaa	; 0x1aaa <String::invalidate()>
machineDetails():
/home/oggy/Documents/arduinoprojects/padright_v1.5.1/padright_v1.5.1.ino:688
    2a1e:	be 01       	movw	r22, r28
    2a20:	6f 5f       	subi	r22, 0xFF	; 255
    2a22:	7f 4f       	sbci	r23, 0xFF	; 255
    2a24:	c6 01       	movw	r24, r12
    2a26:	0e 94 67 0d 	call	0x1ace	; 0x1ace <operator+(StringSumHelper const&, String const&)>
_ZN6StringpLERKS_():
/home/oggy/.arduino15/packages/MiniCore/hardware/avr/3.1.1/cores/MCUdude_corefiles/WString.h:113
  unsigned char concat(double num);
  unsigned char concat(const __FlashStringHelper * str);

  // if there's not enough memory for the concatenated value, the string
  // will be left unchanged (but this isn't signalled in any way)
  String & operator += (const String &rhs)  {concat(rhs); return (*this);}
    2a2a:	bc 01       	movw	r22, r24
    2a2c:	ce 01       	movw	r24, r28
    2a2e:	43 96       	adiw	r24, 0x13	; 19
    2a30:	0e 94 4e 0d 	call	0x1a9c	; 0x1a9c <String::concat(String const&)>
_ZN15StringSumHelperD2Ev():
/home/oggy/.arduino15/packages/MiniCore/hardware/avr/3.1.1/cores/MCUdude_corefiles/WString.h:213
       #if __cplusplus >= 201103L || defined(__GXX_EXPERIMENTAL_CXX0X__)
  void move(String &rhs);
  #endif
};

class StringSumHelper : public String
    2a34:	ce 01       	movw	r24, r28
    2a36:	0d 96       	adiw	r24, 0x0d	; 13
    2a38:	0e 94 37 0e 	call	0x1c6e	; 0x1c6e <String::~String()>
machineDetails():
/home/oggy/Documents/arduinoprojects/padright_v1.5.1/padright_v1.5.1.ino:688
    2a3c:	ce 01       	movw	r24, r28
    2a3e:	07 96       	adiw	r24, 0x07	; 7
    2a40:	0e 94 37 0e 	call	0x1c6e	; 0x1c6e <String::~String()>
    2a44:	ce 01       	movw	r24, r28
    2a46:	01 96       	adiw	r24, 0x01	; 1
    2a48:	0e 94 37 0e 	call	0x1c6e	; 0x1c6e <String::~String()>
    2a4c:	b4 e0       	ldi	r27, 0x04	; 4
    2a4e:	eb 0e       	add	r14, r27
    2a50:	f1 1c       	adc	r15, r1
    2a52:	b7 cf       	rjmp	.-146    	; 0x29c2 <main+0x556>
begin():
/home/oggy/.arduino15/packages/MiniCore/hardware/avr/3.1.1/libraries/SPI/src/SPI.cpp:28
uint8_t SPIClass::inTransactionFlag = 0;
#endif

void SPIClass::begin()
{
  uint8_t sreg = SREG;
    2a54:	1f b7       	in	r17, 0x3f	; 63
/home/oggy/.arduino15/packages/MiniCore/hardware/avr/3.1.1/libraries/SPI/src/SPI.cpp:29
  noInterrupts(); // Protect from a scheduler and prevent transactionBegin
    2a56:	f8 94       	cli
/home/oggy/.arduino15/packages/MiniCore/hardware/avr/3.1.1/libraries/SPI/src/SPI.cpp:30
  if (!initialized) {
    2a58:	80 91 f4 05 	lds	r24, 0x05F4	; 0x8005f4 <__data_end>
    2a5c:	81 11       	cpse	r24, r1
    2a5e:	27 c0       	rjmp	.+78     	; 0x2aae <main+0x642>
/home/oggy/.arduino15/packages/MiniCore/hardware/avr/3.1.1/libraries/SPI/src/SPI.cpp:32
    // Set SS to high so a connected chip will be "deselected" by default
    uint8_t port = digitalPinToPort(SS);
    2a60:	e0 e9       	ldi	r30, 0x90	; 144
    2a62:	f0 e0       	ldi	r31, 0x00	; 0
    2a64:	84 91       	lpm	r24, Z
/home/oggy/.arduino15/packages/MiniCore/hardware/avr/3.1.1/libraries/SPI/src/SPI.cpp:33
    uint8_t bit = digitalPinToBitMask(SS);
    2a66:	e7 ea       	ldi	r30, 0xA7	; 167
    2a68:	f0 e0       	ldi	r31, 0x00	; 0
    2a6a:	94 91       	lpm	r25, Z
/home/oggy/.arduino15/packages/MiniCore/hardware/avr/3.1.1/libraries/SPI/src/SPI.cpp:34
    volatile uint8_t *reg = portModeRegister(port);
    2a6c:	e8 2f       	mov	r30, r24
    2a6e:	f0 e0       	ldi	r31, 0x00	; 0
    2a70:	ee 0f       	add	r30, r30
    2a72:	ff 1f       	adc	r31, r31
    2a74:	e8 59       	subi	r30, 0x98	; 152
    2a76:	ff 4f       	sbci	r31, 0xFF	; 255
    2a78:	a5 91       	lpm	r26, Z+
    2a7a:	b4 91       	lpm	r27, Z
/home/oggy/.arduino15/packages/MiniCore/hardware/avr/3.1.1/libraries/SPI/src/SPI.cpp:38

    // if the SS pin is not already configured as an output
    // then set it high (to enable the internal pull-up resistor)
    if(!(*reg & bit)){
    2a7c:	ec 91       	ld	r30, X
    2a7e:	e9 23       	and	r30, r25
    2a80:	21 f4       	brne	.+8      	; 0x2a8a <main+0x61e>
/home/oggy/.arduino15/packages/MiniCore/hardware/avr/3.1.1/libraries/SPI/src/SPI.cpp:39
      digitalWrite(SS, HIGH);
    2a82:	61 e0       	ldi	r22, 0x01	; 1
    2a84:	8a e0       	ldi	r24, 0x0A	; 10
    2a86:	0e 94 e6 00 	call	0x1cc	; 0x1cc <digitalWrite>
/home/oggy/.arduino15/packages/MiniCore/hardware/avr/3.1.1/libraries/SPI/src/SPI.cpp:45
    }

    // When the SS pin is set as OUTPUT, it can be used as
    // a general purpose output port (it doesn't influence
    // SPI operations).
    pinMode(SS, OUTPUT);
    2a8a:	61 e0       	ldi	r22, 0x01	; 1
    2a8c:	8a e0       	ldi	r24, 0x0A	; 10
    2a8e:	0e 94 14 01 	call	0x228	; 0x228 <pinMode>
/home/oggy/.arduino15/packages/MiniCore/hardware/avr/3.1.1/libraries/SPI/src/SPI.cpp:50

    // Warning: if the SS pin ever becomes a LOW INPUT then SPI
    // automatically switches to Slave, so the data direction of
    // the SS pin MUST be kept as OUTPUT.
    SPCR |= _BV(MSTR);
    2a92:	8c b5       	in	r24, 0x2c	; 44
    2a94:	80 61       	ori	r24, 0x10	; 16
    2a96:	8c bd       	out	0x2c, r24	; 44
/home/oggy/.arduino15/packages/MiniCore/hardware/avr/3.1.1/libraries/SPI/src/SPI.cpp:51
    SPCR |= _BV(SPE);
    2a98:	8c b5       	in	r24, 0x2c	; 44
    2a9a:	80 64       	ori	r24, 0x40	; 64
    2a9c:	8c bd       	out	0x2c, r24	; 44
/home/oggy/.arduino15/packages/MiniCore/hardware/avr/3.1.1/libraries/SPI/src/SPI.cpp:59
    // MISO pin automatically overrides to INPUT.
    // By doing this AFTER enabling SPI, we avoid accidentally
    // clocking in a single bit since the lines go directly
    // from "input" to SPI control.
    // http://code.google.com/p/arduino/issues/detail?id=888
    pinMode(SCK, OUTPUT);
    2a9e:	61 e0       	ldi	r22, 0x01	; 1
    2aa0:	8d e0       	ldi	r24, 0x0D	; 13
    2aa2:	0e 94 14 01 	call	0x228	; 0x228 <pinMode>
/home/oggy/.arduino15/packages/MiniCore/hardware/avr/3.1.1/libraries/SPI/src/SPI.cpp:60
    pinMode(MOSI, OUTPUT);
    2aa6:	61 e0       	ldi	r22, 0x01	; 1
    2aa8:	8b e0       	ldi	r24, 0x0B	; 11
    2aaa:	0e 94 14 01 	call	0x228	; 0x228 <pinMode>
/home/oggy/.arduino15/packages/MiniCore/hardware/avr/3.1.1/libraries/SPI/src/SPI.cpp:62
  }
  initialized++; // reference count
    2aae:	80 91 f4 05 	lds	r24, 0x05F4	; 0x8005f4 <__data_end>
    2ab2:	8f 5f       	subi	r24, 0xFF	; 255
    2ab4:	80 93 f4 05 	sts	0x05F4, r24	; 0x8005f4 <__data_end>
/home/oggy/.arduino15/packages/MiniCore/hardware/avr/3.1.1/libraries/SPI/src/SPI.cpp:63
  SREG = sreg;
    2ab8:	1f bf       	out	0x3f, r17	; 63
PCD_Init():
/home/oggy/Arduino/libraries/MFRC522/src/MFRC522.cpp:202
 */
void MFRC522::PCD_Init() {
	bool hardReset = false;

	// Set the chipSelectPin as digital output, do not select the slave yet
	pinMode(_chipSelectPin, OUTPUT);
    2aba:	61 e0       	ldi	r22, 0x01	; 1
    2abc:	80 91 1a 07 	lds	r24, 0x071A	; 0x80071a <mfrc522+0xe>
    2ac0:	0e 94 14 01 	call	0x228	; 0x228 <pinMode>
/home/oggy/Arduino/libraries/MFRC522/src/MFRC522.cpp:203
	digitalWrite(_chipSelectPin, HIGH);
    2ac4:	61 e0       	ldi	r22, 0x01	; 1
    2ac6:	80 91 1a 07 	lds	r24, 0x071A	; 0x80071a <mfrc522+0xe>
    2aca:	0e 94 e6 00 	call	0x1cc	; 0x1cc <digitalWrite>
/home/oggy/Arduino/libraries/MFRC522/src/MFRC522.cpp:206
	
	// If a valid pin number has been set, pull device out of power down / reset state.
	if (_resetPowerDownPin != UNUSED_PIN) {
    2ace:	80 91 1b 07 	lds	r24, 0x071B	; 0x80071b <mfrc522+0xf>
    2ad2:	8f 3f       	cpi	r24, 0xFF	; 255
    2ad4:	09 f4       	brne	.+2      	; 0x2ad8 <main+0x66c>
    2ad6:	6b c0       	rjmp	.+214    	; 0x2bae <main+0x742>
/home/oggy/Arduino/libraries/MFRC522/src/MFRC522.cpp:208
		// First set the resetPowerDownPin as digital input, to check the MFRC522 power down mode.
		pinMode(_resetPowerDownPin, INPUT);
    2ad8:	60 e0       	ldi	r22, 0x00	; 0
    2ada:	0e 94 14 01 	call	0x228	; 0x228 <pinMode>
/home/oggy/Arduino/libraries/MFRC522/src/MFRC522.cpp:210
	
		if (digitalRead(_resetPowerDownPin) == LOW) {	// The MFRC522 chip is in power down mode.
    2ade:	80 91 1b 07 	lds	r24, 0x071B	; 0x80071b <mfrc522+0xf>
    2ae2:	0e 94 bd 00 	call	0x17a	; 0x17a <digitalRead>
    2ae6:	89 2b       	or	r24, r25
    2ae8:	09 f0       	breq	.+2      	; 0x2aec <main+0x680>
    2aea:	61 c0       	rjmp	.+194    	; 0x2bae <main+0x742>
/home/oggy/Arduino/libraries/MFRC522/src/MFRC522.cpp:211
			pinMode(_resetPowerDownPin, OUTPUT);		// Now set the resetPowerDownPin as digital output.
    2aec:	61 e0       	ldi	r22, 0x01	; 1
    2aee:	80 91 1b 07 	lds	r24, 0x071B	; 0x80071b <mfrc522+0xf>
    2af2:	0e 94 14 01 	call	0x228	; 0x228 <pinMode>
/home/oggy/Arduino/libraries/MFRC522/src/MFRC522.cpp:212
			digitalWrite(_resetPowerDownPin, LOW);		// Make sure we have a clean LOW state.
    2af6:	60 e0       	ldi	r22, 0x00	; 0
    2af8:	80 91 1b 07 	lds	r24, 0x071B	; 0x80071b <mfrc522+0xf>
    2afc:	0e 94 e6 00 	call	0x1cc	; 0x1cc <digitalWrite>
/home/oggy/Arduino/libraries/MFRC522/src/MFRC522.cpp:213
			delayMicroseconds(2);				// 8.8.1 Reset timing requirements says about 100ns. Let us be generous: 2μsl
    2b00:	82 e0       	ldi	r24, 0x02	; 2
    2b02:	90 e0       	ldi	r25, 0x00	; 0
    2b04:	0e 94 50 01 	call	0x2a0	; 0x2a0 <delayMicroseconds>
/home/oggy/Arduino/libraries/MFRC522/src/MFRC522.cpp:214
			digitalWrite(_resetPowerDownPin, HIGH);		// Exit power down mode. This triggers a hard reset.
    2b08:	61 e0       	ldi	r22, 0x01	; 1
    2b0a:	80 91 1b 07 	lds	r24, 0x071B	; 0x80071b <mfrc522+0xf>
    2b0e:	0e 94 e6 00 	call	0x1cc	; 0x1cc <digitalWrite>
/home/oggy/Arduino/libraries/MFRC522/src/MFRC522.cpp:216
			// Section 8.8.2 in the datasheet says the oscillator start-up time is the start up time of the crystal + 37,74μs. Let us be generous: 50ms.
			delay(50);
    2b12:	62 e3       	ldi	r22, 0x32	; 50
    2b14:	70 e0       	ldi	r23, 0x00	; 0
    2b16:	80 e0       	ldi	r24, 0x00	; 0
    2b18:	90 e0       	ldi	r25, 0x00	; 0
    2b1a:	0e 94 80 01 	call	0x300	; 0x300 <delay>
/home/oggy/Arduino/libraries/MFRC522/src/MFRC522.cpp:226
	if (!hardReset) { // Perform a soft reset if we haven't triggered a hard reset above.
		PCD_Reset();
	}
	
	// Reset baud rates
	PCD_WriteRegister(TxModeReg, 0x00);
    2b1e:	40 e0       	ldi	r20, 0x00	; 0
    2b20:	64 e2       	ldi	r22, 0x24	; 36
    2b22:	8c e0       	ldi	r24, 0x0C	; 12
    2b24:	97 e0       	ldi	r25, 0x07	; 7
    2b26:	0e 94 a5 04 	call	0x94a	; 0x94a <MFRC522::PCD_WriteRegister(MFRC522::PCD_Register, unsigned char)>
/home/oggy/Arduino/libraries/MFRC522/src/MFRC522.cpp:227
	PCD_WriteRegister(RxModeReg, 0x00);
    2b2a:	40 e0       	ldi	r20, 0x00	; 0
    2b2c:	66 e2       	ldi	r22, 0x26	; 38
    2b2e:	8c e0       	ldi	r24, 0x0C	; 12
    2b30:	97 e0       	ldi	r25, 0x07	; 7
    2b32:	0e 94 a5 04 	call	0x94a	; 0x94a <MFRC522::PCD_WriteRegister(MFRC522::PCD_Register, unsigned char)>
/home/oggy/Arduino/libraries/MFRC522/src/MFRC522.cpp:229
	// Reset ModWidthReg
	PCD_WriteRegister(ModWidthReg, 0x26);
    2b36:	46 e2       	ldi	r20, 0x26	; 38
    2b38:	68 e4       	ldi	r22, 0x48	; 72
    2b3a:	8c e0       	ldi	r24, 0x0C	; 12
    2b3c:	97 e0       	ldi	r25, 0x07	; 7
    2b3e:	0e 94 a5 04 	call	0x94a	; 0x94a <MFRC522::PCD_WriteRegister(MFRC522::PCD_Register, unsigned char)>
/home/oggy/Arduino/libraries/MFRC522/src/MFRC522.cpp:234

	// When communicating with a PICC we need a timeout if something goes wrong.
	// f_timer = 13.56 MHz / (2*TPreScaler+1) where TPreScaler = [TPrescaler_Hi:TPrescaler_Lo].
	// TPrescaler_Hi are the four low bits in TModeReg. TPrescaler_Lo is TPrescalerReg.
	PCD_WriteRegister(TModeReg, 0x80);			// TAuto=1; timer starts automatically at the end of the transmission in all communication modes at all speeds
    2b42:	40 e8       	ldi	r20, 0x80	; 128
    2b44:	64 e5       	ldi	r22, 0x54	; 84
    2b46:	8c e0       	ldi	r24, 0x0C	; 12
    2b48:	97 e0       	ldi	r25, 0x07	; 7
    2b4a:	0e 94 a5 04 	call	0x94a	; 0x94a <MFRC522::PCD_WriteRegister(MFRC522::PCD_Register, unsigned char)>
/home/oggy/Arduino/libraries/MFRC522/src/MFRC522.cpp:235
	PCD_WriteRegister(TPrescalerReg, 0xA9);		// TPreScaler = TModeReg[3..0]:TPrescalerReg, ie 0x0A9 = 169 => f_timer=40kHz, ie a timer period of 25μs.
    2b4e:	49 ea       	ldi	r20, 0xA9	; 169
    2b50:	66 e5       	ldi	r22, 0x56	; 86
    2b52:	8c e0       	ldi	r24, 0x0C	; 12
    2b54:	97 e0       	ldi	r25, 0x07	; 7
    2b56:	0e 94 a5 04 	call	0x94a	; 0x94a <MFRC522::PCD_WriteRegister(MFRC522::PCD_Register, unsigned char)>
/home/oggy/Arduino/libraries/MFRC522/src/MFRC522.cpp:236
	PCD_WriteRegister(TReloadRegH, 0x03);		// Reload timer with 0x3E8 = 1000, ie 25ms before timeout.
    2b5a:	43 e0       	ldi	r20, 0x03	; 3
    2b5c:	68 e5       	ldi	r22, 0x58	; 88
    2b5e:	8c e0       	ldi	r24, 0x0C	; 12
    2b60:	97 e0       	ldi	r25, 0x07	; 7
    2b62:	0e 94 a5 04 	call	0x94a	; 0x94a <MFRC522::PCD_WriteRegister(MFRC522::PCD_Register, unsigned char)>
/home/oggy/Arduino/libraries/MFRC522/src/MFRC522.cpp:237
	PCD_WriteRegister(TReloadRegL, 0xE8);
    2b66:	48 ee       	ldi	r20, 0xE8	; 232
    2b68:	6a e5       	ldi	r22, 0x5A	; 90
    2b6a:	8c e0       	ldi	r24, 0x0C	; 12
    2b6c:	97 e0       	ldi	r25, 0x07	; 7
    2b6e:	0e 94 a5 04 	call	0x94a	; 0x94a <MFRC522::PCD_WriteRegister(MFRC522::PCD_Register, unsigned char)>
/home/oggy/Arduino/libraries/MFRC522/src/MFRC522.cpp:239
	
	PCD_WriteRegister(TxASKReg, 0x40);		// Default 0x00. Force a 100 % ASK modulation independent of the ModGsPReg register setting
    2b72:	40 e4       	ldi	r20, 0x40	; 64
    2b74:	6a e2       	ldi	r22, 0x2A	; 42
    2b76:	8c e0       	ldi	r24, 0x0C	; 12
    2b78:	97 e0       	ldi	r25, 0x07	; 7
    2b7a:	0e 94 a5 04 	call	0x94a	; 0x94a <MFRC522::PCD_WriteRegister(MFRC522::PCD_Register, unsigned char)>
/home/oggy/Arduino/libraries/MFRC522/src/MFRC522.cpp:240
	PCD_WriteRegister(ModeReg, 0x3D);		// Default 0x3F. Set the preset value for the CRC coprocessor for the CalcCRC command to 0x6363 (ISO 14443-3 part 6.2.4)
    2b7e:	4d e3       	ldi	r20, 0x3D	; 61
    2b80:	62 e2       	ldi	r22, 0x22	; 34
    2b82:	8c e0       	ldi	r24, 0x0C	; 12
    2b84:	97 e0       	ldi	r25, 0x07	; 7
    2b86:	0e 94 a5 04 	call	0x94a	; 0x94a <MFRC522::PCD_WriteRegister(MFRC522::PCD_Register, unsigned char)>
PCD_AntennaOn():
/home/oggy/Arduino/libraries/MFRC522/src/MFRC522.cpp:284
/**
 * Turns the antenna on by enabling pins TX1 and TX2.
 * After a reset these pins are disabled.
 */
void MFRC522::PCD_AntennaOn() {
	byte value = PCD_ReadRegister(TxControlReg);
    2b8a:	68 e2       	ldi	r22, 0x28	; 40
    2b8c:	8c e0       	ldi	r24, 0x0C	; 12
    2b8e:	97 e0       	ldi	r25, 0x07	; 7
    2b90:	0e 94 87 04 	call	0x90e	; 0x90e <MFRC522::PCD_ReadRegister(MFRC522::PCD_Register)>
/home/oggy/Arduino/libraries/MFRC522/src/MFRC522.cpp:285
	if ((value & 0x03) != 0x03) {
    2b94:	98 2f       	mov	r25, r24
    2b96:	93 70       	andi	r25, 0x03	; 3
    2b98:	93 30       	cpi	r25, 0x03	; 3
    2b9a:	09 f4       	brne	.+2      	; 0x2b9e <main+0x732>
    2b9c:	2d ce       	rjmp	.-934    	; 0x27f8 <main+0x38c>
/home/oggy/Arduino/libraries/MFRC522/src/MFRC522.cpp:286
		PCD_WriteRegister(TxControlReg, value | 0x03);
    2b9e:	48 2f       	mov	r20, r24
    2ba0:	43 60       	ori	r20, 0x03	; 3
    2ba2:	68 e2       	ldi	r22, 0x28	; 40
    2ba4:	8c e0       	ldi	r24, 0x0C	; 12
    2ba6:	97 e0       	ldi	r25, 0x07	; 7
    2ba8:	0e 94 a5 04 	call	0x94a	; 0x94a <MFRC522::PCD_WriteRegister(MFRC522::PCD_Register, unsigned char)>
    2bac:	25 ce       	rjmp	.-950    	; 0x27f8 <main+0x38c>
PCD_Reset():
/home/oggy/Arduino/libraries/MFRC522/src/MFRC522.cpp:268

/**
 * Performs a soft reset on the MFRC522 chip and waits for it to be ready again.
 */
void MFRC522::PCD_Reset() {
	PCD_WriteRegister(CommandReg, PCD_SoftReset);	// Issue the SoftReset command.
    2bae:	4f e0       	ldi	r20, 0x0F	; 15
    2bb0:	62 e0       	ldi	r22, 0x02	; 2
    2bb2:	8c e0       	ldi	r24, 0x0C	; 12
    2bb4:	97 e0       	ldi	r25, 0x07	; 7
    2bb6:	0e 94 a5 04 	call	0x94a	; 0x94a <MFRC522::PCD_WriteRegister(MFRC522::PCD_Register, unsigned char)>
    2bba:	13 e0       	ldi	r17, 0x03	; 3
/home/oggy/Arduino/libraries/MFRC522/src/MFRC522.cpp:275
	// But the MFRC522 might have been in soft power-down mode (triggered by bit 4 of CommandReg) 
	// Section 8.8.2 in the datasheet says the oscillator start-up time is the start up time of the crystal + 37,74μs. Let us be generous: 50ms.
	uint8_t count = 0;
	do {
		// Wait for the PowerDown bit in CommandReg to be cleared (max 3x50ms)
		delay(50);
    2bbc:	62 e3       	ldi	r22, 0x32	; 50
    2bbe:	70 e0       	ldi	r23, 0x00	; 0
    2bc0:	80 e0       	ldi	r24, 0x00	; 0
    2bc2:	90 e0       	ldi	r25, 0x00	; 0
    2bc4:	0e 94 80 01 	call	0x300	; 0x300 <delay>
/home/oggy/Arduino/libraries/MFRC522/src/MFRC522.cpp:276
	} while ((PCD_ReadRegister(CommandReg) & (1 << 4)) && (++count) < 3);
    2bc8:	62 e0       	ldi	r22, 0x02	; 2
    2bca:	8c e0       	ldi	r24, 0x0C	; 12
    2bcc:	97 e0       	ldi	r25, 0x07	; 7
    2bce:	0e 94 87 04 	call	0x90e	; 0x90e <MFRC522::PCD_ReadRegister(MFRC522::PCD_Register)>
    2bd2:	84 ff       	sbrs	r24, 4
    2bd4:	a4 cf       	rjmp	.-184    	; 0x2b1e <main+0x6b2>
    2bd6:	11 50       	subi	r17, 0x01	; 1
    2bd8:	89 f7       	brne	.-30     	; 0x2bbc <main+0x750>
    2bda:	a1 cf       	rjmp	.-190    	; 0x2b1e <main+0x6b2>
setup():
/home/oggy/Documents/arduinoprojects/padright_v1.5.1/padright_v1.5.1.ino:157
    Serial.println("Frist Boot");
    writeToEPPROM('y');
    delay(100);
    EEPROM.write(firstBootAddress, firstBoot);
  } else {
    Serial.println("Welcome Back");
    2bdc:	8c ee       	ldi	r24, 0xEC	; 236
    2bde:	92 e0       	ldi	r25, 0x02	; 2
    2be0:	0e 94 c9 0c 	call	0x1992	; 0x1992 <Print::println(char const*) [clone .constprop.21]>
    2be4:	22 ce       	rjmp	.-956    	; 0x282a <main+0x3be>
println():
/home/oggy/.arduino15/packages/MiniCore/hardware/avr/3.1.1/cores/MCUdude_corefiles/Print.cpp:133
  return write("\r\n");
}

size_t Print::println(const String &s)
{
  size_t n = print(s);
    2be6:	be 01       	movw	r22, r28
    2be8:	6d 5e       	subi	r22, 0xED	; 237
    2bea:	7f 4f       	sbci	r23, 0xFF	; 255
    2bec:	8f e3       	ldi	r24, 0x3F	; 63
    2bee:	96 e0       	ldi	r25, 0x06	; 6
    2bf0:	0e 94 c0 01 	call	0x380	; 0x380 <Print::print(String const&)>
write():
    2bf4:	6c e5       	ldi	r22, 0x5C	; 92
    2bf6:	72 e0       	ldi	r23, 0x02	; 2
    2bf8:	8f e3       	ldi	r24, 0x3F	; 63
    2bfa:	96 e0       	ldi	r25, 0x06	; 6
    2bfc:	0e 94 36 0a 	call	0x146c	; 0x146c <Print::write(char const*) [clone .part.2]>
machineDetails():
/home/oggy/Documents/arduinoprojects/padright_v1.5.1/padright_v1.5.1.ino:692
  for (int i = 0; i < maxRack; i++) {
    var += "\nRack " + String(i + 1) + " Quantity: " + String(rack[i].getQuantity());
  }

  Serial.println(var);
  delay(1000);
    2c00:	68 ee       	ldi	r22, 0xE8	; 232
    2c02:	73 e0       	ldi	r23, 0x03	; 3
    2c04:	80 e0       	ldi	r24, 0x00	; 0
    2c06:	90 e0       	ldi	r25, 0x00	; 0
    2c08:	0e 94 80 01 	call	0x300	; 0x300 <delay>
/home/oggy/Documents/arduinoprojects/padright_v1.5.1/padright_v1.5.1.ino:683
  if (padAmount > 255) {
    padAmount = 1;
  }
}
void machineDetails() {
  String var = "\nMachine Type : " + String(mType);
    2c0c:	ce 01       	movw	r24, r28
    2c0e:	43 96       	adiw	r24, 0x13	; 19
    2c10:	0e 94 37 0e 	call	0x1c6e	; 0x1c6e <String::~String()>
setup():
/home/oggy/Documents/arduinoprojects/padright_v1.5.1/padright_v1.5.1.ino:170
  }
  startMessage();
  // delay(2000);
  // menu();
  machineDetails();
  if (!digitalRead(menuButton)) {
    2c14:	83 e0       	ldi	r24, 0x03	; 3
    2c16:	0e 94 bd 00 	call	0x17a	; 0x17a <digitalRead>
    2c1a:	89 2b       	or	r24, r25
    2c1c:	09 f0       	breq	.+2      	; 0x2c20 <main+0x7b4>
    2c1e:	c5 c0       	rjmp	.+394    	; 0x2daa <main+0x93e>
/home/oggy/Documents/arduinoprojects/padright_v1.5.1/padright_v1.5.1.ino:171
    makeChange = true;
    2c20:	81 e0       	ldi	r24, 0x01	; 1
    2c22:	80 93 f7 05 	sts	0x05F7, r24	; 0x8005f7 <makeChange>
/home/oggy/Documents/arduinoprojects/padright_v1.5.1/padright_v1.5.1.ino:172
    changeDone = true;
    2c26:	80 93 13 01 	sts	0x0113, r24	; 0x800113 <changeDone>
/home/oggy/Documents/arduinoprojects/padright_v1.5.1/padright_v1.5.1.ino:173
    state = 1;
    2c2a:	81 e0       	ldi	r24, 0x01	; 1
    2c2c:	90 e0       	ldi	r25, 0x00	; 0
    2c2e:	90 93 1e 06 	sts	0x061E, r25	; 0x80061e <state+0x1>
    2c32:	80 93 1d 06 	sts	0x061D, r24	; 0x80061d <state>
/home/oggy/Documents/arduinoprojects/padright_v1.5.1/padright_v1.5.1.ino:174
    status = 'n';
    2c36:	8e e6       	ldi	r24, 0x6E	; 110
    2c38:	80 93 14 01 	sts	0x0114, r24	; 0x800114 <status>
/home/oggy/Documents/arduinoprojects/padright_v1.5.1/padright_v1.5.1.ino:175
    menu();
    2c3c:	0e 94 87 0b 	call	0x170e	; 0x170e <menu()>
/home/oggy/Documents/arduinoprojects/padright_v1.5.1/padright_v1.5.1.ino:176
    while (!digitalRead(menuButton)) {
    2c40:	83 e0       	ldi	r24, 0x03	; 3
    2c42:	0e 94 bd 00 	call	0x17a	; 0x17a <digitalRead>
    2c46:	89 2b       	or	r24, r25
    2c48:	d9 f3       	breq	.-10     	; 0x2c40 <main+0x7d4>
menuManagement():
/home/oggy/Documents/arduinoprojects/padright_v1.5.1/padright_v1.5.1.ino:366
            // delay(300);
            if (!digitalRead(selectButton)) {
              delay(300);
              motorTimeVariable = motorTimeVariable + 100;
              if (motorTimeVariable > 5000)
                motorTimeVariable = 100;
    2c4a:	f4 e6       	ldi	r31, 0x64	; 100
    2c4c:	2f 2e       	mov	r2, r31
    2c4e:	31 2c       	mov	r3, r1
/home/oggy/Documents/arduinoprojects/padright_v1.5.1/padright_v1.5.1.ino:461
            // delay(300);
            if (!digitalRead(selectButton)) {
              delay(300);
              cashWaitTime = cashWaitTime + 1000;
              if (cashWaitTime > MAX_CASH_WAIT_TIME)
                cashWaitTime = 1000;
    2c50:	a8 ee       	ldi	r26, 0xE8	; 232
    2c52:	4a 2e       	mov	r4, r26
    2c54:	a3 e0       	ldi	r26, 0x03	; 3
    2c56:	5a 2e       	mov	r5, r26
padAmountInc():
/home/oggy/Documents/arduinoprojects/padright_v1.5.1/padright_v1.5.1.ino:679
  digitalWrite(buzzer, LOW);
}
void padAmountInc() {
  padAmount++;
  if (padAmount > 255) {
    padAmount = 1;
    2c58:	aa 24       	eor	r10, r10
    2c5a:	a3 94       	inc	r10
    2c5c:	b1 2c       	mov	r11, r1
menuManagement():
/home/oggy/Documents/arduinoprojects/padright_v1.5.1/padright_v1.5.1.ino:446
            // delay(300);
            if (!digitalRead(selectButton)) {
              delay(300);
              CASH_LIMIT = CASH_LIMIT + 5;
              if (CASH_LIMIT > MAX_CASH_LIMIT)
                CASH_LIMIT = 5;
    2c5e:	15 e0       	ldi	r17, 0x05	; 5
    2c60:	81 2e       	mov	r8, r17
    2c62:	91 2c       	mov	r9, r1
/home/oggy/Documents/arduinoprojects/padright_v1.5.1/padright_v1.5.1.ino:278
        success(300);
        success(300);
        /// filling all rack
        fillingAllRack();
        state = 0;
        status = 'n';
    2c64:	7e e6       	ldi	r23, 0x6E	; 110
    2c66:	d7 2e       	mov	r13, r23
    2c68:	e0 e1       	ldi	r30, 0x10	; 16
    2c6a:	6e 2e       	mov	r6, r30
    2c6c:	e6 e0       	ldi	r30, 0x06	; 6
    2c6e:	7e 2e       	mov	r7, r30
/home/oggy/Documents/arduinoprojects/padright_v1.5.1/padright_v1.5.1.ino:215
    pinMode(motor[i], OUTPUT);
    digitalWrite(motor[i], LOW);
  }
}
void menuManagement() {
  previous_time = millis();
    2c70:	0e 94 b3 01 	call	0x366	; 0x366 <millis>
    2c74:	60 93 f9 05 	sts	0x05F9, r22	; 0x8005f9 <previous_time>
    2c78:	70 93 fa 05 	sts	0x05FA, r23	; 0x8005fa <previous_time+0x1>
    2c7c:	80 93 fb 05 	sts	0x05FB, r24	; 0x8005fb <previous_time+0x2>
    2c80:	90 93 fc 05 	sts	0x05FC, r25	; 0x8005fc <previous_time+0x3>
/home/oggy/Documents/arduinoprojects/padright_v1.5.1/padright_v1.5.1.ino:217
  static bool buzzerNotification = false;
  while (!digitalRead(menuButton)) {
    2c84:	83 e0       	ldi	r24, 0x03	; 3
    2c86:	0e 94 bd 00 	call	0x17a	; 0x17a <digitalRead>
    2c8a:	89 2b       	or	r24, r25
    2c8c:	09 f0       	breq	.+2      	; 0x2c90 <main+0x824>
    2c8e:	44 c1       	rjmp	.+648    	; 0x2f18 <main+0xaac>
/home/oggy/Documents/arduinoprojects/padright_v1.5.1/padright_v1.5.1.ino:218
    if (!digitalRead(okButton) && digitalRead(selectButton) && mType == RFID_MACHINE) {
    2c90:	8f e0       	ldi	r24, 0x0F	; 15
    2c92:	0e 94 bd 00 	call	0x17a	; 0x17a <digitalRead>
    2c96:	89 2b       	or	r24, r25
    2c98:	09 f0       	breq	.+2      	; 0x2c9c <main+0x830>
    2c9a:	8a c0       	rjmp	.+276    	; 0x2db0 <main+0x944>
    2c9c:	8e e0       	ldi	r24, 0x0E	; 14
    2c9e:	0e 94 bd 00 	call	0x17a	; 0x17a <digitalRead>
    2ca2:	89 2b       	or	r24, r25
    2ca4:	09 f4       	brne	.+2      	; 0x2ca8 <main+0x83c>
    2ca6:	84 c0       	rjmp	.+264    	; 0x2db0 <main+0x944>
    2ca8:	80 91 1f 06 	lds	r24, 0x061F	; 0x80061f <mType>
    2cac:	81 11       	cpse	r24, r1
    2cae:	80 c0       	rjmp	.+256    	; 0x2db0 <main+0x944>
/home/oggy/Documents/arduinoprojects/padright_v1.5.1/padright_v1.5.1.ino:219
      if (millis() - previous_time >= 5000) {
    2cb0:	0e 94 b3 01 	call	0x366	; 0x366 <millis>
    2cb4:	00 91 f9 05 	lds	r16, 0x05F9	; 0x8005f9 <previous_time>
    2cb8:	10 91 fa 05 	lds	r17, 0x05FA	; 0x8005fa <previous_time+0x1>
    2cbc:	20 91 fb 05 	lds	r18, 0x05FB	; 0x8005fb <previous_time+0x2>
    2cc0:	30 91 fc 05 	lds	r19, 0x05FC	; 0x8005fc <previous_time+0x3>
    2cc4:	60 1b       	sub	r22, r16
    2cc6:	71 0b       	sbc	r23, r17
    2cc8:	82 0b       	sbc	r24, r18
    2cca:	93 0b       	sbc	r25, r19
    2ccc:	68 38       	cpi	r22, 0x88	; 136
    2cce:	73 41       	sbci	r23, 0x13	; 19
    2cd0:	81 05       	cpc	r24, r1
    2cd2:	91 05       	cpc	r25, r1
    2cd4:	b8 f2       	brcs	.-82     	; 0x2c84 <main+0x818>
/home/oggy/Documents/arduinoprojects/padright_v1.5.1/padright_v1.5.1.ino:220
        if (!buzzerNotification) {
    2cd6:	80 91 f8 05 	lds	r24, 0x05F8	; 0x8005f8 <menuManagement()::buzzerNotification>
    2cda:	81 11       	cpse	r24, r1
    2cdc:	08 c0       	rjmp	.+16     	; 0x2cee <main+0x882>
/home/oggy/Documents/arduinoprojects/padright_v1.5.1/padright_v1.5.1.ino:221
          success(300);
    2cde:	8c e2       	ldi	r24, 0x2C	; 44
    2ce0:	91 e0       	ldi	r25, 0x01	; 1
    2ce2:	0e 94 77 09 	call	0x12ee	; 0x12ee <success(int)>
/home/oggy/Documents/arduinoprojects/padright_v1.5.1/padright_v1.5.1.ino:222
          success(300);
    2ce6:	8c e2       	ldi	r24, 0x2C	; 44
    2ce8:	91 e0       	ldi	r25, 0x01	; 1
    2cea:	0e 94 77 09 	call	0x12ee	; 0x12ee <success(int)>
/home/oggy/Documents/arduinoprojects/padright_v1.5.1/padright_v1.5.1.ino:224
        }
        lcd.clear();
    2cee:	0e 94 7e 03 	call	0x6fc	; 0x6fc <LiquidCrystal::clear() [clone .constprop.47]>
/home/oggy/Documents/arduinoprojects/padright_v1.5.1/padright_v1.5.1.ino:225
        lcd.setCursor(0, 0);
    2cf2:	60 e0       	ldi	r22, 0x00	; 0
    2cf4:	80 e0       	ldi	r24, 0x00	; 0
    2cf6:	0e 94 27 04 	call	0x84e	; 0x84e <LiquidCrystal::setCursor(unsigned char, unsigned char) [clone .constprop.24]>
/home/oggy/Documents/arduinoprojects/padright_v1.5.1/padright_v1.5.1.ino:226
        lcd.print("Batch Write");
    2cfa:	82 e3       	ldi	r24, 0x32	; 50
    2cfc:	92 e0       	ldi	r25, 0x02	; 2
    2cfe:	0e 94 be 0a 	call	0x157c	; 0x157c <Print::print(char const*) [clone .constprop.41]>
/home/oggy/Documents/arduinoprojects/padright_v1.5.1/padright_v1.5.1.ino:227
        lcd.setCursor(0, 1);
    2d02:	61 e0       	ldi	r22, 0x01	; 1
    2d04:	80 e0       	ldi	r24, 0x00	; 0
    2d06:	0e 94 27 04 	call	0x84e	; 0x84e <LiquidCrystal::setCursor(unsigned char, unsigned char) [clone .constprop.24]>
/home/oggy/Documents/arduinoprojects/padright_v1.5.1/padright_v1.5.1.ino:228
        lcd.print("Mode");
    2d0a:	8c e4       	ldi	r24, 0x4C	; 76
    2d0c:	93 e0       	ldi	r25, 0x03	; 3
    2d0e:	0e 94 be 0a 	call	0x157c	; 0x157c <Print::print(char const*) [clone .constprop.41]>
/home/oggy/Documents/arduinoprojects/padright_v1.5.1/padright_v1.5.1.ino:229
        delay(2000);
    2d12:	60 ed       	ldi	r22, 0xD0	; 208
    2d14:	77 e0       	ldi	r23, 0x07	; 7
    2d16:	80 e0       	ldi	r24, 0x00	; 0
    2d18:	90 e0       	ldi	r25, 0x00	; 0
    2d1a:	0e 94 80 01 	call	0x300	; 0x300 <delay>
/home/oggy/Documents/arduinoprojects/padright_v1.5.1/padright_v1.5.1.ino:230
        lcd.clear();
    2d1e:	0e 94 7e 03 	call	0x6fc	; 0x6fc <LiquidCrystal::clear() [clone .constprop.47]>
/home/oggy/Documents/arduinoprojects/padright_v1.5.1/padright_v1.5.1.ino:231
        lcd.setCursor(0, 0);
    2d22:	60 e0       	ldi	r22, 0x00	; 0
    2d24:	80 e0       	ldi	r24, 0x00	; 0
    2d26:	0e 94 27 04 	call	0x84e	; 0x84e <LiquidCrystal::setCursor(unsigned char, unsigned char) [clone .constprop.24]>
/home/oggy/Documents/arduinoprojects/padright_v1.5.1/padright_v1.5.1.ino:232
        lcd.print("Scan Card!");
    2d2a:	81 e5       	ldi	r24, 0x51	; 81
    2d2c:	93 e0       	ldi	r25, 0x03	; 3
    2d2e:	0e 94 be 0a 	call	0x157c	; 0x157c <Print::print(char const*) [clone .constprop.41]>
/home/oggy/Documents/arduinoprojects/padright_v1.5.1/padright_v1.5.1.ino:234

        while (digitalRead(okButton)) {
    2d32:	8f e0       	ldi	r24, 0x0F	; 15
    2d34:	0e 94 bd 00 	call	0x17a	; 0x17a <digitalRead>
    2d38:	89 2b       	or	r24, r25
    2d3a:	09 f4       	brne	.+2      	; 0x2d3e <main+0x8d2>
    2d3c:	5e c0       	rjmp	.+188    	; 0x2dfa <main+0x98e>
/home/oggy/Documents/arduinoprojects/padright_v1.5.1/padright_v1.5.1.ino:235
          Serial.println("inside ");
    2d3e:	8c e5       	ldi	r24, 0x5C	; 92
    2d40:	93 e0       	ldi	r25, 0x03	; 3
    2d42:	0e 94 c9 0c 	call	0x1992	; 0x1992 <Print::println(char const*) [clone .constprop.21]>
/home/oggy/Documents/arduinoprojects/padright_v1.5.1/padright_v1.5.1.ino:236
          if (mfrc522.PICC_IsNewCardPresent()) {
    2d46:	8c e0       	ldi	r24, 0x0C	; 12
    2d48:	97 e0       	ldi	r25, 0x07	; 7
    2d4a:	0e 94 9d 06 	call	0xd3a	; 0xd3a <MFRC522::PICC_IsNewCardPresent()>
    2d4e:	88 23       	and	r24, r24
    2d50:	81 f3       	breq	.-32     	; 0x2d32 <main+0x8c6>
/home/oggy/Documents/arduinoprojects/padright_v1.5.1/padright_v1.5.1.ino:237
            if (mfrc522.PICC_ReadCardSerial()) {
    2d52:	8c e0       	ldi	r24, 0x0C	; 12
    2d54:	97 e0       	ldi	r25, 0x07	; 7
    2d56:	0e 94 40 04 	call	0x880	; 0x880 <MFRC522::PICC_ReadCardSerial()>
    2d5a:	88 23       	and	r24, r24
    2d5c:	51 f3       	breq	.-44     	; 0x2d32 <main+0x8c6>
/home/oggy/Documents/arduinoprojects/padright_v1.5.1/padright_v1.5.1.ino:238
              if (readCard()) {
    2d5e:	0e 94 c8 08 	call	0x1190	; 0x1190 <readCard()>
    2d62:	88 23       	and	r24, r24
    2d64:	a9 f0       	breq	.+42     	; 0x2d90 <main+0x924>
/home/oggy/Documents/arduinoprojects/padright_v1.5.1/padright_v1.5.1.ino:239
                if (readByte[0] == FILLCARD || readByte[0] == RECHCARD || readByte[0] == PADCARD) {
    2d66:	80 91 00 06 	lds	r24, 0x0600	; 0x800600 <readByte>
    2d6a:	86 34       	cpi	r24, 0x46	; 70
    2d6c:	19 f0       	breq	.+6      	; 0x2d74 <main+0x908>
    2d6e:	8d 7f       	andi	r24, 0xFD	; 253
    2d70:	80 35       	cpi	r24, 0x50	; 80
    2d72:	61 f5       	brne	.+88     	; 0x2dcc <main+0x960>
/home/oggy/Documents/arduinoprojects/padright_v1.5.1/padright_v1.5.1.ino:240
                  lcd.setCursor(0, 1);
    2d74:	61 e0       	ldi	r22, 0x01	; 1
    2d76:	80 e0       	ldi	r24, 0x00	; 0
    2d78:	0e 94 27 04 	call	0x84e	; 0x84e <LiquidCrystal::setCursor(unsigned char, unsigned char) [clone .constprop.24]>
/home/oggy/Documents/arduinoprojects/padright_v1.5.1/padright_v1.5.1.ino:241
                  lcd.print("Error, Menu Card");
    2d7c:	84 e6       	ldi	r24, 0x64	; 100
    2d7e:	93 e0       	ldi	r25, 0x03	; 3
    2d80:	0e 94 be 0a 	call	0x157c	; 0x157c <Print::print(char const*) [clone .constprop.41]>
/home/oggy/Documents/arduinoprojects/padright_v1.5.1/padright_v1.5.1.ino:242
                  delay(1000);
    2d84:	68 ee       	ldi	r22, 0xE8	; 232
    2d86:	73 e0       	ldi	r23, 0x03	; 3
    2d88:	80 e0       	ldi	r24, 0x00	; 0
    2d8a:	90 e0       	ldi	r25, 0x00	; 0
    2d8c:	0e 94 80 01 	call	0x300	; 0x300 <delay>
/home/oggy/Documents/arduinoprojects/padright_v1.5.1/padright_v1.5.1.ino:253
                    lcd.print("Done");
                    success(500);
                  }
                }
              }
              lcd.clear();
    2d90:	0e 94 7e 03 	call	0x6fc	; 0x6fc <LiquidCrystal::clear() [clone .constprop.47]>
/home/oggy/Documents/arduinoprojects/padright_v1.5.1/padright_v1.5.1.ino:254
              lcd.setCursor(0, 0);
    2d94:	60 e0       	ldi	r22, 0x00	; 0
    2d96:	80 e0       	ldi	r24, 0x00	; 0
    2d98:	0e 94 27 04 	call	0x84e	; 0x84e <LiquidCrystal::setCursor(unsigned char, unsigned char) [clone .constprop.24]>
/home/oggy/Documents/arduinoprojects/padright_v1.5.1/padright_v1.5.1.ino:255
              lcd.print("Scan Card!");
    2d9c:	81 e5       	ldi	r24, 0x51	; 81
    2d9e:	93 e0       	ldi	r25, 0x03	; 3
    2da0:	0e 94 be 0a 	call	0x157c	; 0x157c <Print::print(char const*) [clone .constprop.41]>
/home/oggy/Documents/arduinoprojects/padright_v1.5.1/padright_v1.5.1.ino:256
              halt();
    2da4:	0e 94 82 08 	call	0x1104	; 0x1104 <halt()>
    2da8:	c4 cf       	rjmp	.-120    	; 0x2d32 <main+0x8c6>
setup():
/home/oggy/Documents/arduinoprojects/padright_v1.5.1/padright_v1.5.1.ino:180
    menu();
    while (!digitalRead(menuButton)) {
      ;
    }
  } else
    enableCashAcceptor();
    2daa:	0e 94 19 09 	call	0x1232	; 0x1232 <enableCashAcceptor()>
    2dae:	4d cf       	rjmp	.-358    	; 0x2c4a <main+0x7de>
menuManagement():
/home/oggy/Documents/arduinoprojects/padright_v1.5.1/padright_v1.5.1.ino:271
        makeChange = true;
        changeDone = true;
        buzzerNotification = !buzzerNotification;
        menu();
      }
    } else if (!digitalRead(selectButton) && digitalRead(okButton)) {
    2db0:	8e e0       	ldi	r24, 0x0E	; 14
    2db2:	0e 94 bd 00 	call	0x17a	; 0x17a <digitalRead>
    2db6:	89 2b       	or	r24, r25
    2db8:	09 f4       	brne	.+2      	; 0x2dbc <main+0x950>
    2dba:	42 c0       	rjmp	.+132    	; 0x2e40 <main+0x9d4>
/home/oggy/Documents/arduinoprojects/padright_v1.5.1/padright_v1.5.1.ino:284
        makeChange = true;
        changeDone = true;
        menu();
      }
    } else {
      state = 0;
    2dbc:	10 92 1e 06 	sts	0x061E, r1	; 0x80061e <state+0x1>
    2dc0:	10 92 1d 06 	sts	0x061D, r1	; 0x80061d <state>
/home/oggy/Documents/arduinoprojects/padright_v1.5.1/padright_v1.5.1.ino:285
      status = 'v';
    2dc4:	f6 e7       	ldi	r31, 0x76	; 118
    2dc6:	f0 93 14 01 	sts	0x0114, r31	; 0x800114 <status>
    2dca:	5c cf       	rjmp	.-328    	; 0x2c84 <main+0x818>
/home/oggy/Documents/arduinoprojects/padright_v1.5.1/padright_v1.5.1.ino:244
                if (readByte[0] == FILLCARD || readByte[0] == RECHCARD || readByte[0] == PADCARD) {
                  lcd.setCursor(0, 1);
                  lcd.print("Error, Menu Card");
                  delay(1000);
                } else {
                  writeByte[0] = 0;
    2dcc:	10 92 29 06 	sts	0x0629, r1	; 0x800629 <writeByte>
/home/oggy/Documents/arduinoprojects/padright_v1.5.1/padright_v1.5.1.ino:245
                  writeByte[15] = padAmount;
    2dd0:	80 91 0f 01 	lds	r24, 0x010F	; 0x80010f <padAmount>
    2dd4:	80 93 38 06 	sts	0x0638, r24	; 0x800638 <writeByte+0xf>
/home/oggy/Documents/arduinoprojects/padright_v1.5.1/padright_v1.5.1.ino:246
                  if (writeCard(writeByte)) {
    2dd8:	0e 94 11 0a 	call	0x1422	; 0x1422 <writeCard(unsigned char*) [clone .constprop.10]>
    2ddc:	88 23       	and	r24, r24
    2dde:	c1 f2       	breq	.-80     	; 0x2d90 <main+0x924>
/home/oggy/Documents/arduinoprojects/padright_v1.5.1/padright_v1.5.1.ino:247
                    lcd.setCursor(0, 1);
    2de0:	61 e0       	ldi	r22, 0x01	; 1
    2de2:	80 e0       	ldi	r24, 0x00	; 0
    2de4:	0e 94 27 04 	call	0x84e	; 0x84e <LiquidCrystal::setCursor(unsigned char, unsigned char) [clone .constprop.24]>
/home/oggy/Documents/arduinoprojects/padright_v1.5.1/padright_v1.5.1.ino:248
                    lcd.print("Done");
    2de8:	85 e7       	ldi	r24, 0x75	; 117
    2dea:	93 e0       	ldi	r25, 0x03	; 3
    2dec:	0e 94 be 0a 	call	0x157c	; 0x157c <Print::print(char const*) [clone .constprop.41]>
/home/oggy/Documents/arduinoprojects/padright_v1.5.1/padright_v1.5.1.ino:249
                    success(500);
    2df0:	84 ef       	ldi	r24, 0xF4	; 244
    2df2:	91 e0       	ldi	r25, 0x01	; 1
    2df4:	0e 94 77 09 	call	0x12ee	; 0x12ee <success(int)>
    2df8:	cb cf       	rjmp	.-106    	; 0x2d90 <main+0x924>
/home/oggy/Documents/arduinoprojects/padright_v1.5.1/padright_v1.5.1.ino:260
              lcd.print("Scan Card!");
              halt();
            }
          }
        }
        lcd.clear();
    2dfa:	0e 94 7e 03 	call	0x6fc	; 0x6fc <LiquidCrystal::clear() [clone .constprop.47]>
/home/oggy/Documents/arduinoprojects/padright_v1.5.1/padright_v1.5.1.ino:261
        lcd.setCursor(0, 0);
    2dfe:	60 e0       	ldi	r22, 0x00	; 0
    2e00:	80 e0       	ldi	r24, 0x00	; 0
    2e02:	0e 94 27 04 	call	0x84e	; 0x84e <LiquidCrystal::setCursor(unsigned char, unsigned char) [clone .constprop.24]>
/home/oggy/Documents/arduinoprojects/padright_v1.5.1/padright_v1.5.1.ino:262
        lcd.print("Exiting...");
    2e06:	8a e7       	ldi	r24, 0x7A	; 122
    2e08:	93 e0       	ldi	r25, 0x03	; 3
    2e0a:	0e 94 be 0a 	call	0x157c	; 0x157c <Print::print(char const*) [clone .constprop.41]>
/home/oggy/Documents/arduinoprojects/padright_v1.5.1/padright_v1.5.1.ino:263
        delay(500);
    2e0e:	64 ef       	ldi	r22, 0xF4	; 244
    2e10:	71 e0       	ldi	r23, 0x01	; 1
    2e12:	80 e0       	ldi	r24, 0x00	; 0
    2e14:	90 e0       	ldi	r25, 0x00	; 0
    2e16:	0e 94 80 01 	call	0x300	; 0x300 <delay>
/home/oggy/Documents/arduinoprojects/padright_v1.5.1/padright_v1.5.1.ino:264
        state = 0;
    2e1a:	10 92 1e 06 	sts	0x061E, r1	; 0x80061e <state+0x1>
    2e1e:	10 92 1d 06 	sts	0x061D, r1	; 0x80061d <state>
/home/oggy/Documents/arduinoprojects/padright_v1.5.1/padright_v1.5.1.ino:265
        status = 'n';
    2e22:	d0 92 14 01 	sts	0x0114, r13	; 0x800114 <status>
/home/oggy/Documents/arduinoprojects/padright_v1.5.1/padright_v1.5.1.ino:266
        makeChange = true;
    2e26:	91 e0       	ldi	r25, 0x01	; 1
    2e28:	90 93 f7 05 	sts	0x05F7, r25	; 0x8005f7 <makeChange>
/home/oggy/Documents/arduinoprojects/padright_v1.5.1/padright_v1.5.1.ino:267
        changeDone = true;
    2e2c:	90 93 13 01 	sts	0x0113, r25	; 0x800113 <changeDone>
/home/oggy/Documents/arduinoprojects/padright_v1.5.1/padright_v1.5.1.ino:268
        buzzerNotification = !buzzerNotification;
    2e30:	80 91 f8 05 	lds	r24, 0x05F8	; 0x8005f8 <menuManagement()::buzzerNotification>
    2e34:	89 27       	eor	r24, r25
    2e36:	80 93 f8 05 	sts	0x05F8, r24	; 0x8005f8 <menuManagement()::buzzerNotification>
/home/oggy/Documents/arduinoprojects/padright_v1.5.1/padright_v1.5.1.ino:281
        fillingAllRack();
        state = 0;
        status = 'n';
        makeChange = true;
        changeDone = true;
        menu();
    2e3a:	0e 94 87 0b 	call	0x170e	; 0x170e <menu()>
    2e3e:	22 cf       	rjmp	.-444    	; 0x2c84 <main+0x818>
/home/oggy/Documents/arduinoprojects/padright_v1.5.1/padright_v1.5.1.ino:271
        makeChange = true;
        changeDone = true;
        buzzerNotification = !buzzerNotification;
        menu();
      }
    } else if (!digitalRead(selectButton) && digitalRead(okButton)) {
    2e40:	8f e0       	ldi	r24, 0x0F	; 15
    2e42:	0e 94 bd 00 	call	0x17a	; 0x17a <digitalRead>
    2e46:	89 2b       	or	r24, r25
    2e48:	09 f4       	brne	.+2      	; 0x2e4c <main+0x9e0>
    2e4a:	b8 cf       	rjmp	.-144    	; 0x2dbc <main+0x950>
/home/oggy/Documents/arduinoprojects/padright_v1.5.1/padright_v1.5.1.ino:272
      if (millis() - previous_time >= 5000) {
    2e4c:	0e 94 b3 01 	call	0x366	; 0x366 <millis>
    2e50:	00 91 f9 05 	lds	r16, 0x05F9	; 0x8005f9 <previous_time>
    2e54:	10 91 fa 05 	lds	r17, 0x05FA	; 0x8005fa <previous_time+0x1>
    2e58:	20 91 fb 05 	lds	r18, 0x05FB	; 0x8005fb <previous_time+0x2>
    2e5c:	30 91 fc 05 	lds	r19, 0x05FC	; 0x8005fc <previous_time+0x3>
    2e60:	60 1b       	sub	r22, r16
    2e62:	71 0b       	sbc	r23, r17
    2e64:	82 0b       	sbc	r24, r18
    2e66:	93 0b       	sbc	r25, r19
    2e68:	68 38       	cpi	r22, 0x88	; 136
    2e6a:	73 41       	sbci	r23, 0x13	; 19
    2e6c:	81 05       	cpc	r24, r1
    2e6e:	91 05       	cpc	r25, r1
    2e70:	08 f4       	brcc	.+2      	; 0x2e74 <main+0xa08>
    2e72:	08 cf       	rjmp	.-496    	; 0x2c84 <main+0x818>
/home/oggy/Documents/arduinoprojects/padright_v1.5.1/padright_v1.5.1.ino:273
        success(300);
    2e74:	8c e2       	ldi	r24, 0x2C	; 44
    2e76:	91 e0       	ldi	r25, 0x01	; 1
    2e78:	0e 94 77 09 	call	0x12ee	; 0x12ee <success(int)>
/home/oggy/Documents/arduinoprojects/padright_v1.5.1/padright_v1.5.1.ino:274
        success(300);
    2e7c:	8c e2       	ldi	r24, 0x2C	; 44
    2e7e:	91 e0       	ldi	r25, 0x01	; 1
    2e80:	0e 94 77 09 	call	0x12ee	; 0x12ee <success(int)>
fillingAllRack():
/home/oggy/Documents/arduinoprojects/padright_v1.5.1/lcd.ino:227
  // write to eeprom
  writeToEPPROM('f');
}
void fillingAllRack() {
  {
    lcd.clear();
    2e84:	0e 94 7e 03 	call	0x6fc	; 0x6fc <LiquidCrystal::clear() [clone .constprop.47]>
/home/oggy/Documents/arduinoprojects/padright_v1.5.1/lcd.ino:228
    lcd.setCursor(0, 0);
    2e88:	60 e0       	ldi	r22, 0x00	; 0
    2e8a:	80 e0       	ldi	r24, 0x00	; 0
    2e8c:	0e 94 27 04 	call	0x84e	; 0x84e <LiquidCrystal::setCursor(unsigned char, unsigned char) [clone .constprop.24]>
/home/oggy/Documents/arduinoprojects/padright_v1.5.1/lcd.ino:229
    lcd.print("Fill All");
    2e90:	85 e8       	ldi	r24, 0x85	; 133
    2e92:	93 e0       	ldi	r25, 0x03	; 3
    2e94:	0e 94 be 0a 	call	0x157c	; 0x157c <Print::print(char const*) [clone .constprop.41]>
/home/oggy/Documents/arduinoprojects/padright_v1.5.1/lcd.ino:230
    lcd.setCursor(0, 1);
    2e98:	61 e0       	ldi	r22, 0x01	; 1
    2e9a:	80 e0       	ldi	r24, 0x00	; 0
    2e9c:	0e 94 27 04 	call	0x84e	; 0x84e <LiquidCrystal::setCursor(unsigned char, unsigned char) [clone .constprop.24]>
/home/oggy/Documents/arduinoprojects/padright_v1.5.1/lcd.ino:231
    lcd.print("Rack");
    2ea0:	8e e8       	ldi	r24, 0x8E	; 142
    2ea2:	91 e0       	ldi	r25, 0x01	; 1
    2ea4:	0e 94 be 0a 	call	0x157c	; 0x157c <Print::print(char const*) [clone .constprop.41]>
/home/oggy/Documents/arduinoprojects/padright_v1.5.1/lcd.ino:232
    delay(2000);
    2ea8:	60 ed       	ldi	r22, 0xD0	; 208
    2eaa:	77 e0       	ldi	r23, 0x07	; 7
    2eac:	80 e0       	ldi	r24, 0x00	; 0
    2eae:	90 e0       	ldi	r25, 0x00	; 0
    2eb0:	0e 94 80 01 	call	0x300	; 0x300 <delay>
/home/oggy/Documents/arduinoprojects/padright_v1.5.1/lcd.ino:233
    lcd.clear();
    2eb4:	0e 94 7e 03 	call	0x6fc	; 0x6fc <LiquidCrystal::clear() [clone .constprop.47]>
/home/oggy/Documents/arduinoprojects/padright_v1.5.1/lcd.ino:234
    lcd.setCursor(0, 0);
    2eb8:	60 e0       	ldi	r22, 0x00	; 0
    2eba:	80 e0       	ldi	r24, 0x00	; 0
    2ebc:	0e 94 27 04 	call	0x84e	; 0x84e <LiquidCrystal::setCursor(unsigned char, unsigned char) [clone .constprop.24]>
/home/oggy/Documents/arduinoprojects/padright_v1.5.1/lcd.ino:235
    lcd.print("Press Okay");
    2ec0:	8e e8       	ldi	r24, 0x8E	; 142
    2ec2:	93 e0       	ldi	r25, 0x03	; 3
    2ec4:	0e 94 be 0a 	call	0x157c	; 0x157c <Print::print(char const*) [clone .constprop.41]>
/home/oggy/Documents/arduinoprojects/padright_v1.5.1/lcd.ino:236
    while (digitalRead(okButton))
    2ec8:	8f e0       	ldi	r24, 0x0F	; 15
    2eca:	0e 94 bd 00 	call	0x17a	; 0x17a <digitalRead>
    2ece:	89 2b       	or	r24, r25
    2ed0:	d9 f7       	brne	.-10     	; 0x2ec8 <main+0xa5c>
/home/oggy/Documents/arduinoprojects/padright_v1.5.1/lcd.ino:238
      ;
    fillAll(maxRackCapacity);
    2ed2:	80 91 11 01 	lds	r24, 0x0111	; 0x800111 <maxRackCapacity>
    2ed6:	90 91 12 01 	lds	r25, 0x0112	; 0x800112 <maxRackCapacity+0x1>
    2eda:	0e 94 9f 09 	call	0x133e	; 0x133e <fillAll(int)>
/home/oggy/Documents/arduinoprojects/padright_v1.5.1/lcd.ino:239
    writeToEPPROM('f');  // write to eeprom
    2ede:	86 e6       	ldi	r24, 0x66	; 102
    2ee0:	0e 94 69 0f 	call	0x1ed2	; 0x1ed2 <writeToEPPROM(char)>
/home/oggy/Documents/arduinoprojects/padright_v1.5.1/lcd.ino:240
    lcd.clear();
    2ee4:	0e 94 7e 03 	call	0x6fc	; 0x6fc <LiquidCrystal::clear() [clone .constprop.47]>
/home/oggy/Documents/arduinoprojects/padright_v1.5.1/lcd.ino:241
    lcd.setCursor(0, 0);
    2ee8:	60 e0       	ldi	r22, 0x00	; 0
    2eea:	80 e0       	ldi	r24, 0x00	; 0
    2eec:	0e 94 27 04 	call	0x84e	; 0x84e <LiquidCrystal::setCursor(unsigned char, unsigned char) [clone .constprop.24]>
/home/oggy/Documents/arduinoprojects/padright_v1.5.1/lcd.ino:242
    lcd.print("Success..");
    2ef0:	89 e9       	ldi	r24, 0x99	; 153
    2ef2:	93 e0       	ldi	r25, 0x03	; 3
    2ef4:	0e 94 be 0a 	call	0x157c	; 0x157c <Print::print(char const*) [clone .constprop.41]>
/home/oggy/Documents/arduinoprojects/padright_v1.5.1/lcd.ino:243
    success(500);
    2ef8:	84 ef       	ldi	r24, 0xF4	; 244
    2efa:	91 e0       	ldi	r25, 0x01	; 1
    2efc:	0e 94 77 09 	call	0x12ee	; 0x12ee <success(int)>
menuManagement():
/home/oggy/Documents/arduinoprojects/padright_v1.5.1/padright_v1.5.1.ino:277
        /// filling all rack
        fillingAllRack();
        state = 0;
    2f00:	10 92 1e 06 	sts	0x061E, r1	; 0x80061e <state+0x1>
    2f04:	10 92 1d 06 	sts	0x061D, r1	; 0x80061d <state>
/home/oggy/Documents/arduinoprojects/padright_v1.5.1/padright_v1.5.1.ino:278
        status = 'n';
    2f08:	d0 92 14 01 	sts	0x0114, r13	; 0x800114 <status>
/home/oggy/Documents/arduinoprojects/padright_v1.5.1/padright_v1.5.1.ino:279
        makeChange = true;
    2f0c:	81 e0       	ldi	r24, 0x01	; 1
    2f0e:	80 93 f7 05 	sts	0x05F7, r24	; 0x8005f7 <makeChange>
/home/oggy/Documents/arduinoprojects/padright_v1.5.1/padright_v1.5.1.ino:280
        changeDone = true;
    2f12:	80 93 13 01 	sts	0x0113, r24	; 0x800113 <changeDone>
    2f16:	91 cf       	rjmp	.-222    	; 0x2e3a <main+0x9ce>
/home/oggy/Documents/arduinoprojects/padright_v1.5.1/padright_v1.5.1.ino:289
      state = 0;
      status = 'v';
    }
  }

  if (status == 'n') {
    2f18:	80 91 14 01 	lds	r24, 0x0114	; 0x800114 <status>
    2f1c:	8e 36       	cpi	r24, 0x6E	; 110
    2f1e:	09 f0       	breq	.+2      	; 0x2f22 <main+0xab6>
    2f20:	79 c0       	rjmp	.+242    	; 0x3014 <main+0xba8>
/home/oggy/Documents/arduinoprojects/padright_v1.5.1/padright_v1.5.1.ino:290
    if (!digitalRead(selectButton)) {
    2f22:	8e e0       	ldi	r24, 0x0E	; 14
    2f24:	0e 94 bd 00 	call	0x17a	; 0x17a <digitalRead>
    2f28:	89 2b       	or	r24, r25
    2f2a:	f1 f4       	brne	.+60     	; 0x2f68 <main+0xafc>
/home/oggy/Documents/arduinoprojects/padright_v1.5.1/padright_v1.5.1.ino:291
      delay(300);
    2f2c:	6c e2       	ldi	r22, 0x2C	; 44
    2f2e:	71 e0       	ldi	r23, 0x01	; 1
    2f30:	80 e0       	ldi	r24, 0x00	; 0
    2f32:	90 e0       	ldi	r25, 0x00	; 0
    2f34:	0e 94 80 01 	call	0x300	; 0x300 <delay>
/home/oggy/Documents/arduinoprojects/padright_v1.5.1/padright_v1.5.1.ino:292
      topMenuPosition++;
    2f38:	80 91 f5 05 	lds	r24, 0x05F5	; 0x8005f5 <topMenuPosition>
    2f3c:	90 91 f6 05 	lds	r25, 0x05F6	; 0x8005f6 <topMenuPosition+0x1>
    2f40:	01 96       	adiw	r24, 0x01	; 1
    2f42:	90 93 f6 05 	sts	0x05F6, r25	; 0x8005f6 <topMenuPosition+0x1>
    2f46:	80 93 f5 05 	sts	0x05F5, r24	; 0x8005f5 <topMenuPosition>
/home/oggy/Documents/arduinoprojects/padright_v1.5.1/padright_v1.5.1.ino:293
      if (mType == RFID_MACHINE && topMenuPosition == 6)
    2f4a:	20 91 1f 06 	lds	r18, 0x061F	; 0x80061f <mType>
    2f4e:	21 11       	cpse	r18, r1
    2f50:	de c0       	rjmp	.+444    	; 0x310e <main+0xca2>
    2f52:	06 97       	sbiw	r24, 0x06	; 6
    2f54:	21 f4       	brne	.+8      	; 0x2f5e <main+0xaf2>
/home/oggy/Documents/arduinoprojects/padright_v1.5.1/padright_v1.5.1.ino:294
        topMenuPosition = 0;
    2f56:	10 92 f6 05 	sts	0x05F6, r1	; 0x8005f6 <topMenuPosition+0x1>
    2f5a:	10 92 f5 05 	sts	0x05F5, r1	; 0x8005f5 <topMenuPosition>
/home/oggy/Documents/arduinoprojects/padright_v1.5.1/padright_v1.5.1.ino:297
      if (mType == CASH_MACHINE && topMenuPosition >= 8)
        topMenuPosition = 0;
      makeChange = true;
    2f5e:	81 e0       	ldi	r24, 0x01	; 1
    2f60:	80 93 f7 05 	sts	0x05F7, r24	; 0x8005f7 <makeChange>
/home/oggy/Documents/arduinoprojects/padright_v1.5.1/padright_v1.5.1.ino:298
      changeDone = true;
    2f64:	80 93 13 01 	sts	0x0113, r24	; 0x800113 <changeDone>
/home/oggy/Documents/arduinoprojects/padright_v1.5.1/padright_v1.5.1.ino:301
    }

    if (!digitalRead(okButton) && state == 1) {
    2f68:	8f e0       	ldi	r24, 0x0F	; 15
    2f6a:	0e 94 bd 00 	call	0x17a	; 0x17a <digitalRead>
    2f6e:	8c 01       	movw	r16, r24
    2f70:	89 2b       	or	r24, r25
    2f72:	09 f0       	breq	.+2      	; 0x2f76 <main+0xb0a>
    2f74:	4f c0       	rjmp	.+158    	; 0x3014 <main+0xba8>
    2f76:	80 91 1d 06 	lds	r24, 0x061D	; 0x80061d <state>
    2f7a:	90 91 1e 06 	lds	r25, 0x061E	; 0x80061e <state+0x1>
    2f7e:	01 97       	sbiw	r24, 0x01	; 1
    2f80:	09 f0       	breq	.+2      	; 0x2f84 <main+0xb18>
    2f82:	48 c0       	rjmp	.+144    	; 0x3014 <main+0xba8>
/home/oggy/Documents/arduinoprojects/padright_v1.5.1/padright_v1.5.1.ino:302
      delay(300);
    2f84:	6c e2       	ldi	r22, 0x2C	; 44
    2f86:	71 e0       	ldi	r23, 0x01	; 1
    2f88:	80 e0       	ldi	r24, 0x00	; 0
    2f8a:	90 e0       	ldi	r25, 0x00	; 0
    2f8c:	0e 94 80 01 	call	0x300	; 0x300 <delay>
/home/oggy/Documents/arduinoprojects/padright_v1.5.1/padright_v1.5.1.ino:303
      if (state == 1 && topMenuPosition == 0)
    2f90:	80 91 f5 05 	lds	r24, 0x05F5	; 0x8005f5 <topMenuPosition>
    2f94:	90 91 f6 05 	lds	r25, 0x05F6	; 0x8005f6 <topMenuPosition+0x1>
    2f98:	00 97       	sbiw	r24, 0x00	; 0
    2f9a:	09 f0       	breq	.+2      	; 0x2f9e <main+0xb32>
    2f9c:	bf c0       	rjmp	.+382    	; 0x311c <main+0xcb0>
/home/oggy/Documents/arduinoprojects/padright_v1.5.1/padright_v1.5.1.ino:304
        status = 'r';  // pads in  rack
    2f9e:	82 e7       	ldi	r24, 0x72	; 114
/home/oggy/Documents/arduinoprojects/padright_v1.5.1/padright_v1.5.1.ino:326
      } else if (state == 1 && topMenuPosition == 6) {
        if (mType == CASH_MACHINE)
          status = 'p';  // pulses setting
      } else if (state == 1 && topMenuPosition == 7) {
        if (mType == CASH_MACHINE)
          status = 'w';  // inserting cash wait time  setting
    2fa0:	80 93 14 01 	sts	0x0114, r24	; 0x800114 <status>
/home/oggy/Documents/arduinoprojects/padright_v1.5.1/padright_v1.5.1.ino:330
      }
      // Serial.println(status);

      switch (status) {
    2fa4:	80 91 14 01 	lds	r24, 0x0114	; 0x800114 <status>
    2fa8:	8d 36       	cpi	r24, 0x6D	; 109
    2faa:	09 f4       	brne	.+2      	; 0x2fae <main+0xb42>
    2fac:	b0 c1       	rjmp	.+864    	; 0x330e <main+0xea2>
    2fae:	0c f0       	brlt	.+2      	; 0x2fb2 <main+0xb46>
    2fb0:	13 c1       	rjmp	.+550    	; 0x31d8 <main+0xd6c>
    2fb2:	82 36       	cpi	r24, 0x62	; 98
    2fb4:	09 f4       	brne	.+2      	; 0x2fb8 <main+0xb4c>
    2fb6:	0e c2       	rjmp	.+1052   	; 0x33d4 <main+0xf68>
    2fb8:	0c f0       	brlt	.+2      	; 0x2fbc <main+0xb50>
    2fba:	e7 c0       	rjmp	.+462    	; 0x318a <main+0xd1e>
    2fbc:	8d 34       	cpi	r24, 0x4D	; 77
    2fbe:	09 f4       	brne	.+2      	; 0x2fc2 <main+0xb56>
    2fc0:	81 c1       	rjmp	.+770    	; 0x32c4 <main+0xe58>
/home/oggy/Documents/arduinoprojects/padright_v1.5.1/padright_v1.5.1.ino:493
          }
          while (!digitalRead(okButton))
            ;
          break;
      }
      writeToEPPROM(status);
    2fc2:	80 91 14 01 	lds	r24, 0x0114	; 0x800114 <status>
    2fc6:	0e 94 69 0f 	call	0x1ed2	; 0x1ed2 <writeToEPPROM(char)>
/home/oggy/Documents/arduinoprojects/padright_v1.5.1/padright_v1.5.1.ino:494
      success(800);
    2fca:	80 e2       	ldi	r24, 0x20	; 32
    2fcc:	93 e0       	ldi	r25, 0x03	; 3
    2fce:	0e 94 77 09 	call	0x12ee	; 0x12ee <success(int)>
save():
/home/oggy/Documents/arduinoprojects/padright_v1.5.1/padright_v1.5.1.ino:513
  lcd.setCursor(0, 1);
  // enter number
  lcd.print(motorTimeVariable);
}
void save() {
  lcd.clear();
    2fd2:	0e 94 7e 03 	call	0x6fc	; 0x6fc <LiquidCrystal::clear() [clone .constprop.47]>
/home/oggy/Documents/arduinoprojects/padright_v1.5.1/padright_v1.5.1.ino:514
  lcd.setCursor(0, 0);
    2fd6:	60 e0       	ldi	r22, 0x00	; 0
    2fd8:	80 e0       	ldi	r24, 0x00	; 0
    2fda:	0e 94 27 04 	call	0x84e	; 0x84e <LiquidCrystal::setCursor(unsigned char, unsigned char) [clone .constprop.24]>
/home/oggy/Documents/arduinoprojects/padright_v1.5.1/padright_v1.5.1.ino:515
  lcd.print("Saving...");
    2fde:	83 ea       	ldi	r24, 0xA3	; 163
    2fe0:	93 e0       	ldi	r25, 0x03	; 3
    2fe2:	0e 94 be 0a 	call	0x157c	; 0x157c <Print::print(char const*) [clone .constprop.41]>
/home/oggy/Documents/arduinoprojects/padright_v1.5.1/padright_v1.5.1.ino:516
  digitalWrite(buzzer, HIGH);
    2fe6:	61 e0       	ldi	r22, 0x01	; 1
    2fe8:	80 e1       	ldi	r24, 0x10	; 16
    2fea:	0e 94 e6 00 	call	0x1cc	; 0x1cc <digitalWrite>
/home/oggy/Documents/arduinoprojects/padright_v1.5.1/padright_v1.5.1.ino:517
  delay(2000);
    2fee:	60 ed       	ldi	r22, 0xD0	; 208
    2ff0:	77 e0       	ldi	r23, 0x07	; 7
    2ff2:	80 e0       	ldi	r24, 0x00	; 0
    2ff4:	90 e0       	ldi	r25, 0x00	; 0
    2ff6:	0e 94 80 01 	call	0x300	; 0x300 <delay>
/home/oggy/Documents/arduinoprojects/padright_v1.5.1/padright_v1.5.1.ino:518
  digitalWrite(buzzer, LOW);
    2ffa:	60 e0       	ldi	r22, 0x00	; 0
    2ffc:	80 e1       	ldi	r24, 0x10	; 16
    2ffe:	0e 94 e6 00 	call	0x1cc	; 0x1cc <digitalWrite>
/home/oggy/Documents/arduinoprojects/padright_v1.5.1/padright_v1.5.1.ino:519
  status = 'n';
    3002:	d0 92 14 01 	sts	0x0114, r13	; 0x800114 <status>
/home/oggy/Documents/arduinoprojects/padright_v1.5.1/padright_v1.5.1.ino:520
  state = 0;
    3006:	10 92 1e 06 	sts	0x061E, r1	; 0x80061e <state+0x1>
    300a:	10 92 1d 06 	sts	0x061D, r1	; 0x80061d <state>
menuManagement():
/home/oggy/Documents/arduinoprojects/padright_v1.5.1/padright_v1.5.1.ino:496
          break;
      }
      writeToEPPROM(status);
      success(800);
      save();
      changeDone = true;
    300e:	81 e0       	ldi	r24, 0x01	; 1
    3010:	80 93 13 01 	sts	0x0113, r24	; 0x800113 <changeDone>
/home/oggy/Documents/arduinoprojects/padright_v1.5.1/padright_v1.5.1.ino:500
    }
  }

  menu();
    3014:	0e 94 87 0b 	call	0x170e	; 0x170e <menu()>
/home/oggy/Documents/arduinoprojects/padright_v1.5.1/padright_v1.5.1.ino:501
  makeChange = false;
    3018:	10 92 f7 05 	sts	0x05F7, r1	; 0x8005f7 <makeChange>
loop():
/home/oggy/Documents/arduinoprojects/padright_v1.5.1/padright_v1.5.1.ino:185
    enableCashAcceptor();
}

void loop() {
  menuManagement();
  if (mType == RFID_MACHINE) {
    301c:	80 91 1f 06 	lds	r24, 0x061F	; 0x80061f <mType>
    3020:	81 11       	cpse	r24, r1
    3022:	9d c4       	rjmp	.+2362   	; 0x395e <main+0x14f2>
manageRFID():
/home/oggy/Documents/arduinoprojects/padright_v1.5.1/rfid.ino:3
void manageRFID()
{
  if (mfrc522.PICC_IsNewCardPresent())
    3024:	8c e0       	ldi	r24, 0x0C	; 12
    3026:	97 e0       	ldi	r25, 0x07	; 7
    3028:	0e 94 9d 06 	call	0xd3a	; 0xd3a <MFRC522::PICC_IsNewCardPresent()>
    302c:	88 23       	and	r24, r24
    302e:	09 f4       	brne	.+2      	; 0x3032 <main+0xbc6>
    3030:	61 c0       	rjmp	.+194    	; 0x30f4 <main+0xc88>
/home/oggy/Documents/arduinoprojects/padright_v1.5.1/rfid.ino:5
  {
    lcd.clear();
    3032:	0e 94 7e 03 	call	0x6fc	; 0x6fc <LiquidCrystal::clear() [clone .constprop.47]>
/home/oggy/Documents/arduinoprojects/padright_v1.5.1/rfid.ino:6
    lcd.setCursor(0, 0);
    3036:	60 e0       	ldi	r22, 0x00	; 0
    3038:	80 e0       	ldi	r24, 0x00	; 0
    303a:	0e 94 27 04 	call	0x84e	; 0x84e <LiquidCrystal::setCursor(unsigned char, unsigned char) [clone .constprop.24]>
/home/oggy/Documents/arduinoprojects/padright_v1.5.1/rfid.ino:7
    lcd.print("Card Detected!");
    303e:	8d ea       	ldi	r24, 0xAD	; 173
    3040:	93 e0       	ldi	r25, 0x03	; 3
    3042:	0e 94 be 0a 	call	0x157c	; 0x157c <Print::print(char const*) [clone .constprop.41]>
/home/oggy/Documents/arduinoprojects/padright_v1.5.1/rfid.ino:8
    lcd.setCursor(0, 1);
    3046:	61 e0       	ldi	r22, 0x01	; 1
    3048:	80 e0       	ldi	r24, 0x00	; 0
    304a:	0e 94 27 04 	call	0x84e	; 0x84e <LiquidCrystal::setCursor(unsigned char, unsigned char) [clone .constprop.24]>
/home/oggy/Documents/arduinoprojects/padright_v1.5.1/rfid.ino:9
    lcd.print("Please Wait.....");
    304e:	8c eb       	ldi	r24, 0xBC	; 188
    3050:	93 e0       	ldi	r25, 0x03	; 3
    3052:	0e 94 be 0a 	call	0x157c	; 0x157c <Print::print(char const*) [clone .constprop.41]>
/home/oggy/Documents/arduinoprojects/padright_v1.5.1/rfid.ino:10
    if (mfrc522.PICC_ReadCardSerial())
    3056:	8c e0       	ldi	r24, 0x0C	; 12
    3058:	97 e0       	ldi	r25, 0x07	; 7
    305a:	0e 94 40 04 	call	0x880	; 0x880 <MFRC522::PICC_ReadCardSerial()>
    305e:	88 23       	and	r24, r24
    3060:	09 f4       	brne	.+2      	; 0x3064 <main+0xbf8>
    3062:	41 c0       	rjmp	.+130    	; 0x30e6 <main+0xc7a>
/home/oggy/Documents/arduinoprojects/padright_v1.5.1/rfid.ino:12
    {
      if (readCard())
    3064:	0e 94 c8 08 	call	0x1190	; 0x1190 <readCard()>
    3068:	88 23       	and	r24, r24
    306a:	09 f4       	brne	.+2      	; 0x306e <main+0xc02>
    306c:	6f c4       	rjmp	.+2270   	; 0x394c <main+0x14e0>
/home/oggy/Documents/arduinoprojects/padright_v1.5.1/rfid.ino:14
      {
        success(500);
    306e:	84 ef       	ldi	r24, 0xF4	; 244
    3070:	91 e0       	ldi	r25, 0x01	; 1
    3072:	0e 94 77 09 	call	0x12ee	; 0x12ee <success(int)>
/home/oggy/Documents/arduinoprojects/padright_v1.5.1/rfid.ino:15
        if (readByte[0] == FILLCARD)
    3076:	80 91 00 06 	lds	r24, 0x0600	; 0x800600 <readByte>
    307a:	86 34       	cpi	r24, 0x46	; 70
    307c:	09 f0       	breq	.+2      	; 0x3080 <main+0xc14>
    307e:	70 c2       	rjmp	.+1248   	; 0x3560 <main+0x10f4>
/home/oggy/Documents/arduinoprojects/padright_v1.5.1/rfid.ino:17
        {
          Serial.println("Card Detected as FILLCARD");
    3080:	8d ec       	ldi	r24, 0xCD	; 205
    3082:	93 e0       	ldi	r25, 0x03	; 3
    3084:	0e 94 c9 0c 	call	0x1992	; 0x1992 <Print::println(char const*) [clone .constprop.21]>
/home/oggy/Documents/arduinoprojects/padright_v1.5.1/rfid.ino:18
          lcd.clear();
    3088:	0e 94 7e 03 	call	0x6fc	; 0x6fc <LiquidCrystal::clear() [clone .constprop.47]>
/home/oggy/Documents/arduinoprojects/padright_v1.5.1/rfid.ino:19
          lcd.setCursor(0, 0);
    308c:	60 e0       	ldi	r22, 0x00	; 0
    308e:	80 e0       	ldi	r24, 0x00	; 0
    3090:	0e 94 27 04 	call	0x84e	; 0x84e <LiquidCrystal::setCursor(unsigned char, unsigned char) [clone .constprop.24]>
/home/oggy/Documents/arduinoprojects/padright_v1.5.1/rfid.ino:20
          lcd.print("Filling All");
    3094:	87 ee       	ldi	r24, 0xE7	; 231
    3096:	93 e0       	ldi	r25, 0x03	; 3
    3098:	0e 94 be 0a 	call	0x157c	; 0x157c <Print::print(char const*) [clone .constprop.41]>
/home/oggy/Documents/arduinoprojects/padright_v1.5.1/rfid.ino:21
          lcd.setCursor(0, 1);
    309c:	61 e0       	ldi	r22, 0x01	; 1
    309e:	80 e0       	ldi	r24, 0x00	; 0
    30a0:	0e 94 27 04 	call	0x84e	; 0x84e <LiquidCrystal::setCursor(unsigned char, unsigned char) [clone .constprop.24]>
/home/oggy/Documents/arduinoprojects/padright_v1.5.1/rfid.ino:22
          lcd.print("Rack Via CARD");
    30a4:	83 ef       	ldi	r24, 0xF3	; 243
    30a6:	93 e0       	ldi	r25, 0x03	; 3
    30a8:	0e 94 be 0a 	call	0x157c	; 0x157c <Print::print(char const*) [clone .constprop.41]>
/home/oggy/Documents/arduinoprojects/padright_v1.5.1/rfid.ino:23
          delay(2000);
    30ac:	60 ed       	ldi	r22, 0xD0	; 208
    30ae:	77 e0       	ldi	r23, 0x07	; 7
    30b0:	80 e0       	ldi	r24, 0x00	; 0
    30b2:	90 e0       	ldi	r25, 0x00	; 0
    30b4:	0e 94 80 01 	call	0x300	; 0x300 <delay>
/home/oggy/Documents/arduinoprojects/padright_v1.5.1/rfid.ino:24
          fillAll(maxRackCapacity);
    30b8:	80 91 11 01 	lds	r24, 0x0111	; 0x800111 <maxRackCapacity>
    30bc:	90 91 12 01 	lds	r25, 0x0112	; 0x800112 <maxRackCapacity+0x1>
    30c0:	0e 94 9f 09 	call	0x133e	; 0x133e <fillAll(int)>
/home/oggy/Documents/arduinoprojects/padright_v1.5.1/rfid.ino:25
          writeToEPPROM('f'); // write to eeprom
    30c4:	86 e6       	ldi	r24, 0x66	; 102
    30c6:	0e 94 69 0f 	call	0x1ed2	; 0x1ed2 <writeToEPPROM(char)>
/home/oggy/Documents/arduinoprojects/padright_v1.5.1/rfid.ino:112
          lcd.setCursor(0, 0);
          lcd.print("Pad Amount:");
          lcd.setCursor(0, 1);
          lcd.print(padAmount);
          delay(1000);
          lcd.clear();
    30ca:	0e 94 7e 03 	call	0x6fc	; 0x6fc <LiquidCrystal::clear() [clone .constprop.47]>
/home/oggy/Documents/arduinoprojects/padright_v1.5.1/rfid.ino:113
          lcd.setCursor(0, 0);
    30ce:	60 e0       	ldi	r22, 0x00	; 0
    30d0:	80 e0       	ldi	r24, 0x00	; 0
    30d2:	0e 94 27 04 	call	0x84e	; 0x84e <LiquidCrystal::setCursor(unsigned char, unsigned char) [clone .constprop.24]>
/home/oggy/Documents/arduinoprojects/padright_v1.5.1/rfid.ino:114
          lcd.print("Success..");
    30d6:	89 e9       	ldi	r24, 0x99	; 153
    30d8:	93 e0       	ldi	r25, 0x03	; 3
    30da:	0e 94 be 0a 	call	0x157c	; 0x157c <Print::print(char const*) [clone .constprop.41]>
/home/oggy/Documents/arduinoprojects/padright_v1.5.1/rfid.ino:115
          success(500);
    30de:	84 ef       	ldi	r24, 0xF4	; 244
    30e0:	91 e0       	ldi	r25, 0x01	; 1
    30e2:	0e 94 77 09 	call	0x12ee	; 0x12ee <success(int)>
/home/oggy/Documents/arduinoprojects/padright_v1.5.1/rfid.ino:195
        lcd.setCursor(0, 1);
        lcd.print("Try Again");
        warning();
      }
    }
    halt();
    30e6:	0e 94 82 08 	call	0x1104	; 0x1104 <halt()>
/home/oggy/Documents/arduinoprojects/padright_v1.5.1/rfid.ino:196
    status = 'n';
    30ea:	d0 92 14 01 	sts	0x0114, r13	; 0x800114 <status>
/home/oggy/Documents/arduinoprojects/padright_v1.5.1/rfid.ino:197
    changeDone = true;
    30ee:	81 e0       	ldi	r24, 0x01	; 1
    30f0:	80 93 13 01 	sts	0x0113, r24	; 0x800113 <changeDone>
serialEventRun():
/home/oggy/.arduino15/packages/MiniCore/hardware/avr/3.1.1/cores/MCUdude_corefiles/HardwareSerial.cpp:67
#endif

void serialEventRun(void)
{
#if defined(HAVE_HWSERIAL0)
  if (Serial0_available && serialEvent && Serial0_available()) serialEvent();
    30f4:	80 e0       	ldi	r24, 0x00	; 0
    30f6:	90 e0       	ldi	r25, 0x00	; 0
    30f8:	89 2b       	or	r24, r25
    30fa:	09 f4       	brne	.+2      	; 0x30fe <main+0xc92>
    30fc:	b9 cd       	rjmp	.-1166   	; 0x2c70 <main+0x804>
    30fe:	0e 94 38 02 	call	0x470	; 0x470 <Serial0_available()>
    3102:	88 23       	and	r24, r24
    3104:	09 f4       	brne	.+2      	; 0x3108 <main+0xc9c>
    3106:	ae cd       	rjmp	.-1188   	; 0x2c64 <main+0x7f8>
    3108:	0e 94 00 00 	call	0	; 0x0 <__vectors>
    310c:	ab cd       	rjmp	.-1194   	; 0x2c64 <main+0x7f8>
menuManagement():
/home/oggy/Documents/arduinoprojects/padright_v1.5.1/padright_v1.5.1.ino:295
    if (!digitalRead(selectButton)) {
      delay(300);
      topMenuPosition++;
      if (mType == RFID_MACHINE && topMenuPosition == 6)
        topMenuPosition = 0;
      if (mType == CASH_MACHINE && topMenuPosition >= 8)
    310e:	21 30       	cpi	r18, 0x01	; 1
    3110:	09 f0       	breq	.+2      	; 0x3114 <main+0xca8>
    3112:	25 cf       	rjmp	.-438    	; 0x2f5e <main+0xaf2>
    3114:	08 97       	sbiw	r24, 0x08	; 8
    3116:	0c f0       	brlt	.+2      	; 0x311a <main+0xcae>
    3118:	1e cf       	rjmp	.-452    	; 0x2f56 <main+0xaea>
    311a:	21 cf       	rjmp	.-446    	; 0x2f5e <main+0xaf2>
/home/oggy/Documents/arduinoprojects/padright_v1.5.1/padright_v1.5.1.ino:305

    if (!digitalRead(okButton) && state == 1) {
      delay(300);
      if (state == 1 && topMenuPosition == 0)
        status = 'r';  // pads in  rack
      else if (state == 1 && topMenuPosition == 1)
    311c:	81 30       	cpi	r24, 0x01	; 1
    311e:	91 05       	cpc	r25, r1
    3120:	11 f4       	brne	.+4      	; 0x3126 <main+0xcba>
/home/oggy/Documents/arduinoprojects/padright_v1.5.1/padright_v1.5.1.ino:306
        status = 'f';  // fill all
    3122:	86 e6       	ldi	r24, 0x66	; 102
    3124:	3d cf       	rjmp	.-390    	; 0x2fa0 <main+0xb34>
/home/oggy/Documents/arduinoprojects/padright_v1.5.1/padright_v1.5.1.ino:307
      else if (state == 1 && topMenuPosition == 2)
    3126:	82 30       	cpi	r24, 0x02	; 2
    3128:	91 05       	cpc	r25, r1
    312a:	11 f4       	brne	.+4      	; 0x3130 <main+0xcc4>
/home/oggy/Documents/arduinoprojects/padright_v1.5.1/padright_v1.5.1.ino:308
        status = 'M';  // max racks
    312c:	8d e4       	ldi	r24, 0x4D	; 77
    312e:	38 cf       	rjmp	.-400    	; 0x2fa0 <main+0xb34>
/home/oggy/Documents/arduinoprojects/padright_v1.5.1/padright_v1.5.1.ino:309
      else if (state == 1 && topMenuPosition == 3)
    3130:	83 30       	cpi	r24, 0x03	; 3
    3132:	91 05       	cpc	r25, r1
    3134:	11 f4       	brne	.+4      	; 0x313a <main+0xcce>
/home/oggy/Documents/arduinoprojects/padright_v1.5.1/padright_v1.5.1.ino:310
        status = 'm';  // motor time
    3136:	8d e6       	ldi	r24, 0x6D	; 109
    3138:	33 cf       	rjmp	.-410    	; 0x2fa0 <main+0xb34>
/home/oggy/Documents/arduinoprojects/padright_v1.5.1/padright_v1.5.1.ino:311
      else if (state == 1 && topMenuPosition == 4) {
    313a:	84 30       	cpi	r24, 0x04	; 4
    313c:	91 05       	cpc	r25, r1
    313e:	41 f4       	brne	.+16     	; 0x3150 <main+0xce4>
/home/oggy/Documents/arduinoprojects/padright_v1.5.1/padright_v1.5.1.ino:312
        if (mType == RFID_MACHINE)
    3140:	80 91 1f 06 	lds	r24, 0x061F	; 0x80061f <mType>
    3144:	81 11       	cpse	r24, r1
    3146:	02 c0       	rjmp	.+4      	; 0x314c <main+0xce0>
/home/oggy/Documents/arduinoprojects/padright_v1.5.1/padright_v1.5.1.ino:313
          status = 'b';  // batch write
    3148:	82 e6       	ldi	r24, 0x62	; 98
    314a:	2a cf       	rjmp	.-428    	; 0x2fa0 <main+0xb34>
/home/oggy/Documents/arduinoprojects/padright_v1.5.1/padright_v1.5.1.ino:315
        else
          status = 't';
    314c:	84 e7       	ldi	r24, 0x74	; 116
    314e:	28 cf       	rjmp	.-432    	; 0x2fa0 <main+0xb34>
/home/oggy/Documents/arduinoprojects/padright_v1.5.1/padright_v1.5.1.ino:316
      } else if (state == 1 && topMenuPosition == 5) {
    3150:	85 30       	cpi	r24, 0x05	; 5
    3152:	91 05       	cpc	r25, r1
    3154:	31 f4       	brne	.+12     	; 0x3162 <main+0xcf6>
/home/oggy/Documents/arduinoprojects/padright_v1.5.1/padright_v1.5.1.ino:317
        if (mType == RFID_MACHINE)
    3156:	80 91 1f 06 	lds	r24, 0x061F	; 0x80061f <mType>
    315a:	88 23       	and	r24, r24
    315c:	b9 f3       	breq	.-18     	; 0x314c <main+0xce0>
/home/oggy/Documents/arduinoprojects/padright_v1.5.1/padright_v1.5.1.ino:320
          status = 't';
        else
          status = 'c';  // cash limiting
    315e:	83 e6       	ldi	r24, 0x63	; 99
    3160:	1f cf       	rjmp	.-450    	; 0x2fa0 <main+0xb34>
/home/oggy/Documents/arduinoprojects/padright_v1.5.1/padright_v1.5.1.ino:321
      } else if (state == 1 && topMenuPosition == 6) {
    3162:	86 30       	cpi	r24, 0x06	; 6
    3164:	91 05       	cpc	r25, r1
    3166:	39 f4       	brne	.+14     	; 0x3176 <main+0xd0a>
/home/oggy/Documents/arduinoprojects/padright_v1.5.1/padright_v1.5.1.ino:322
        if (mType == CASH_MACHINE)
    3168:	80 91 1f 06 	lds	r24, 0x061F	; 0x80061f <mType>
    316c:	81 30       	cpi	r24, 0x01	; 1
    316e:	09 f0       	breq	.+2      	; 0x3172 <main+0xd06>
    3170:	19 cf       	rjmp	.-462    	; 0x2fa4 <main+0xb38>
/home/oggy/Documents/arduinoprojects/padright_v1.5.1/padright_v1.5.1.ino:323
          status = 'p';  // pulses setting
    3172:	80 e7       	ldi	r24, 0x70	; 112
    3174:	15 cf       	rjmp	.-470    	; 0x2fa0 <main+0xb34>
/home/oggy/Documents/arduinoprojects/padright_v1.5.1/padright_v1.5.1.ino:324
      } else if (state == 1 && topMenuPosition == 7) {
    3176:	07 97       	sbiw	r24, 0x07	; 7
    3178:	09 f0       	breq	.+2      	; 0x317c <main+0xd10>
    317a:	14 cf       	rjmp	.-472    	; 0x2fa4 <main+0xb38>
/home/oggy/Documents/arduinoprojects/padright_v1.5.1/padright_v1.5.1.ino:325
        if (mType == CASH_MACHINE)
    317c:	80 91 1f 06 	lds	r24, 0x061F	; 0x80061f <mType>
    3180:	81 30       	cpi	r24, 0x01	; 1
    3182:	09 f0       	breq	.+2      	; 0x3186 <main+0xd1a>
    3184:	0f cf       	rjmp	.-482    	; 0x2fa4 <main+0xb38>
/home/oggy/Documents/arduinoprojects/padright_v1.5.1/padright_v1.5.1.ino:326
          status = 'w';  // inserting cash wait time  setting
    3186:	87 e7       	ldi	r24, 0x77	; 119
    3188:	0b cf       	rjmp	.-490    	; 0x2fa0 <main+0xb34>
/home/oggy/Documents/arduinoprojects/padright_v1.5.1/padright_v1.5.1.ino:330
      }
      // Serial.println(status);

      switch (status) {
    318a:	83 36       	cpi	r24, 0x63	; 99
    318c:	09 f4       	brne	.+2      	; 0x3190 <main+0xd24>
    318e:	b2 c1       	rjmp	.+868    	; 0x34f4 <main+0x1088>
    3190:	86 36       	cpi	r24, 0x66	; 102
    3192:	09 f0       	breq	.+2      	; 0x3196 <main+0xd2a>
    3194:	16 cf       	rjmp	.-468    	; 0x2fc2 <main+0xb56>
/home/oggy/Documents/arduinoprojects/padright_v1.5.1/padright_v1.5.1.ino:332
        case 'f':
          fillMenu();
    3196:	0e 94 ac 0f 	call	0x1f58	; 0x1f58 <fillMenu()>
/home/oggy/Documents/arduinoprojects/padright_v1.5.1/padright_v1.5.1.ino:333
          while (digitalRead(okButton)) {
    319a:	8f e0       	ldi	r24, 0x0F	; 15
    319c:	0e 94 bd 00 	call	0x17a	; 0x17a <digitalRead>
    31a0:	89 2b       	or	r24, r25
    31a2:	09 f4       	brne	.+2      	; 0x31a6 <main+0xd3a>
    31a4:	88 c0       	rjmp	.+272    	; 0x32b6 <main+0xe4a>
/home/oggy/Documents/arduinoprojects/padright_v1.5.1/padright_v1.5.1.ino:335
            // delay(300);
            if (!digitalRead(selectButton)) {
    31a6:	8e e0       	ldi	r24, 0x0E	; 14
    31a8:	0e 94 bd 00 	call	0x17a	; 0x17a <digitalRead>
    31ac:	89 2b       	or	r24, r25
    31ae:	a9 f7       	brne	.-22     	; 0x319a <main+0xd2e>
/home/oggy/Documents/arduinoprojects/padright_v1.5.1/padright_v1.5.1.ino:336
              delay(300);
    31b0:	6c e2       	ldi	r22, 0x2C	; 44
    31b2:	71 e0       	ldi	r23, 0x01	; 1
    31b4:	80 e0       	ldi	r24, 0x00	; 0
    31b6:	90 e0       	ldi	r25, 0x00	; 0
    31b8:	0e 94 80 01 	call	0x300	; 0x300 <delay>
/home/oggy/Documents/arduinoprojects/padright_v1.5.1/padright_v1.5.1.ino:337
              maxRackCapacity = maxRackCapacity + 1;
    31bc:	80 91 11 01 	lds	r24, 0x0111	; 0x800111 <maxRackCapacity>
    31c0:	90 91 12 01 	lds	r25, 0x0112	; 0x800112 <maxRackCapacity+0x1>
    31c4:	01 96       	adiw	r24, 0x01	; 1
/home/oggy/Documents/arduinoprojects/padright_v1.5.1/padright_v1.5.1.ino:338
              if (maxRackCapacity > 60)
    31c6:	8d 33       	cpi	r24, 0x3D	; 61
    31c8:	91 05       	cpc	r25, r1
    31ca:	0c f0       	brlt	.+2      	; 0x31ce <main+0xd62>
    31cc:	6f c0       	rjmp	.+222    	; 0x32ac <main+0xe40>
/home/oggy/Documents/arduinoprojects/padright_v1.5.1/padright_v1.5.1.ino:337
          fillMenu();
          while (digitalRead(okButton)) {
            // delay(300);
            if (!digitalRead(selectButton)) {
              delay(300);
              maxRackCapacity = maxRackCapacity + 1;
    31ce:	90 93 12 01 	sts	0x0112, r25	; 0x800112 <maxRackCapacity+0x1>
    31d2:	80 93 11 01 	sts	0x0111, r24	; 0x800111 <maxRackCapacity>
    31d6:	df cf       	rjmp	.-66     	; 0x3196 <main+0xd2a>
/home/oggy/Documents/arduinoprojects/padright_v1.5.1/padright_v1.5.1.ino:330
        if (mType == CASH_MACHINE)
          status = 'w';  // inserting cash wait time  setting
      }
      // Serial.println(status);

      switch (status) {
    31d8:	82 37       	cpi	r24, 0x72	; 114
    31da:	09 f4       	brne	.+2      	; 0x31de <main+0xd72>
    31dc:	ba c0       	rjmp	.+372    	; 0x3352 <main+0xee6>
    31de:	ec f5       	brge	.+122    	; 0x325a <main+0xdee>
    31e0:	80 37       	cpi	r24, 0x70	; 112
    31e2:	09 f0       	breq	.+2      	; 0x31e6 <main+0xd7a>
    31e4:	ee ce       	rjmp	.-548    	; 0x2fc2 <main+0xb56>
/home/oggy/Documents/arduinoprojects/padright_v1.5.1/padright_v1.5.1.ino:469
          }
          while (!digitalRead(okButton))
            ;
          break;
        case 'p':
          pulseLimit();
    31e6:	0e 94 fd 0a 	call	0x15fa	; 0x15fa <pulseLimit()>
/home/oggy/Documents/arduinoprojects/padright_v1.5.1/padright_v1.5.1.ino:473
          byte length = sizeof(availablePulses) / sizeof(availablePulses[0]);
          byte currentIndex = -1;
          for (int i = 0; i < length; i++) {
            if (availablePulses[i] == pulseForFiveRupeeNote) {
    31ea:	80 91 19 01 	lds	r24, 0x0119	; 0x800119 <pulseForFiveRupeeNote>
    31ee:	90 91 1a 01 	lds	r25, 0x011A	; 0x80011a <pulseForFiveRupeeNote+0x1>
    31f2:	81 30       	cpi	r24, 0x01	; 1
    31f4:	91 05       	cpc	r25, r1
    31f6:	79 f0       	breq	.+30     	; 0x3216 <main+0xdaa>
/home/oggy/Documents/arduinoprojects/padright_v1.5.1/padright_v1.5.1.ino:472
          break;
        case 'p':
          pulseLimit();
          byte length = sizeof(availablePulses) / sizeof(availablePulses[0]);
          byte currentIndex = -1;
          for (int i = 0; i < length; i++) {
    31f8:	01 e0       	ldi	r16, 0x01	; 1
    31fa:	10 e0       	ldi	r17, 0x00	; 0
/home/oggy/Documents/arduinoprojects/padright_v1.5.1/padright_v1.5.1.ino:473
            if (availablePulses[i] == pulseForFiveRupeeNote) {
    31fc:	82 30       	cpi	r24, 0x02	; 2
    31fe:	91 05       	cpc	r25, r1
    3200:	51 f0       	breq	.+20     	; 0x3216 <main+0xdaa>
/home/oggy/Documents/arduinoprojects/padright_v1.5.1/padright_v1.5.1.ino:472
          break;
        case 'p':
          pulseLimit();
          byte length = sizeof(availablePulses) / sizeof(availablePulses[0]);
          byte currentIndex = -1;
          for (int i = 0; i < length; i++) {
    3202:	02 e0       	ldi	r16, 0x02	; 2
    3204:	10 e0       	ldi	r17, 0x00	; 0
/home/oggy/Documents/arduinoprojects/padright_v1.5.1/padright_v1.5.1.ino:473
            if (availablePulses[i] == pulseForFiveRupeeNote) {
    3206:	85 30       	cpi	r24, 0x05	; 5
    3208:	91 05       	cpc	r25, r1
    320a:	29 f0       	breq	.+10     	; 0x3216 <main+0xdaa>
/home/oggy/Documents/arduinoprojects/padright_v1.5.1/padright_v1.5.1.ino:472
          break;
        case 'p':
          pulseLimit();
          byte length = sizeof(availablePulses) / sizeof(availablePulses[0]);
          byte currentIndex = -1;
          for (int i = 0; i < length; i++) {
    320c:	03 e0       	ldi	r16, 0x03	; 3
    320e:	10 e0       	ldi	r17, 0x00	; 0
/home/oggy/Documents/arduinoprojects/padright_v1.5.1/padright_v1.5.1.ino:473
            if (availablePulses[i] == pulseForFiveRupeeNote) {
    3210:	0a 97       	sbiw	r24, 0x0a	; 10
    3212:	09 f0       	breq	.+2      	; 0x3216 <main+0xdaa>
main():
/home/oggy/Documents/arduinoprojects/padright_v1.5.1/padright_v1.5.1.ino:471
            ;
          break;
        case 'p':
          pulseLimit();
          byte length = sizeof(availablePulses) / sizeof(availablePulses[0]);
          byte currentIndex = -1;
    3214:	0f ef       	ldi	r16, 0xFF	; 255
menuManagement():
/home/oggy/Documents/arduinoprojects/padright_v1.5.1/padright_v1.5.1.ino:478
            if (availablePulses[i] == pulseForFiveRupeeNote) {
              currentIndex = i;
              break;  // Stop after finding the first match
            }
          }
          while (digitalRead(okButton)) {
    3216:	8f e0       	ldi	r24, 0x0F	; 15
    3218:	0e 94 bd 00 	call	0x17a	; 0x17a <digitalRead>
    321c:	89 2b       	or	r24, r25
    321e:	09 f4       	brne	.+2      	; 0x3222 <main+0xdb6>
    3220:	99 c1       	rjmp	.+818    	; 0x3554 <main+0x10e8>
/home/oggy/Documents/arduinoprojects/padright_v1.5.1/padright_v1.5.1.ino:480
            // delay(300);
            if (!digitalRead(selectButton)) {
    3222:	8e e0       	ldi	r24, 0x0E	; 14
    3224:	0e 94 bd 00 	call	0x17a	; 0x17a <digitalRead>
    3228:	89 2b       	or	r24, r25
    322a:	a9 f7       	brne	.-22     	; 0x3216 <main+0xdaa>
/home/oggy/Documents/arduinoprojects/padright_v1.5.1/padright_v1.5.1.ino:481
              delay(300);
    322c:	6c e2       	ldi	r22, 0x2C	; 44
    322e:	71 e0       	ldi	r23, 0x01	; 1
    3230:	80 e0       	ldi	r24, 0x00	; 0
    3232:	90 e0       	ldi	r25, 0x00	; 0
    3234:	0e 94 80 01 	call	0x300	; 0x300 <delay>
/home/oggy/Documents/arduinoprojects/padright_v1.5.1/padright_v1.5.1.ino:482
              currentIndex++;
    3238:	0f 5f       	subi	r16, 0xFF	; 255
/home/oggy/Documents/arduinoprojects/padright_v1.5.1/padright_v1.5.1.ino:483
              if (currentIndex >= length)
    323a:	04 30       	cpi	r16, 0x04	; 4
    323c:	09 f4       	brne	.+2      	; 0x3240 <main+0xdd4>
main():
/home/oggy/Documents/arduinoprojects/padright_v1.5.1/padright_v1.5.1.ino:484
                currentIndex = 0;
    323e:	00 e0       	ldi	r16, 0x00	; 0
menuManagement():
/home/oggy/Documents/arduinoprojects/padright_v1.5.1/padright_v1.5.1.ino:485
              pulseForFiveRupeeNote = availablePulses[currentIndex];
    3240:	e0 2f       	mov	r30, r16
    3242:	f0 e0       	ldi	r31, 0x00	; 0
    3244:	e9 5d       	subi	r30, 0xD9	; 217
    3246:	fe 4f       	sbci	r31, 0xFE	; 254
    3248:	80 81       	ld	r24, Z
    324a:	90 e0       	ldi	r25, 0x00	; 0
    324c:	90 93 1a 01 	sts	0x011A, r25	; 0x80011a <pulseForFiveRupeeNote+0x1>
    3250:	80 93 19 01 	sts	0x0119, r24	; 0x800119 <pulseForFiveRupeeNote>
/home/oggy/Documents/arduinoprojects/padright_v1.5.1/padright_v1.5.1.ino:486
              pulseLimit();
    3254:	0e 94 fd 0a 	call	0x15fa	; 0x15fa <pulseLimit()>
    3258:	de cf       	rjmp	.-68     	; 0x3216 <main+0xdaa>
/home/oggy/Documents/arduinoprojects/padright_v1.5.1/padright_v1.5.1.ino:330
        if (mType == CASH_MACHINE)
          status = 'w';  // inserting cash wait time  setting
      }
      // Serial.println(status);

      switch (status) {
    325a:	84 37       	cpi	r24, 0x74	; 116
    325c:	09 f4       	brne	.+2      	; 0x3260 <main+0xdf4>
    325e:	21 c1       	rjmp	.+578    	; 0x34a2 <main+0x1036>
    3260:	87 37       	cpi	r24, 0x77	; 119
    3262:	09 f0       	breq	.+2      	; 0x3266 <main+0xdfa>
    3264:	ae ce       	rjmp	.-676    	; 0x2fc2 <main+0xb56>
/home/oggy/Documents/arduinoprojects/padright_v1.5.1/padright_v1.5.1.ino:454
          }
          while (!digitalRead(okButton))
            ;
          break;
        case 'w':
          cashWait();
    3266:	0e 94 3a 0b 	call	0x1674	; 0x1674 <cashWait()>
/home/oggy/Documents/arduinoprojects/padright_v1.5.1/padright_v1.5.1.ino:455
          while (digitalRead(okButton)) {
    326a:	8f e0       	ldi	r24, 0x0F	; 15
    326c:	0e 94 bd 00 	call	0x17a	; 0x17a <digitalRead>
    3270:	89 2b       	or	r24, r25
    3272:	09 f4       	brne	.+2      	; 0x3276 <main+0xe0a>
    3274:	69 c1       	rjmp	.+722    	; 0x3548 <main+0x10dc>
/home/oggy/Documents/arduinoprojects/padright_v1.5.1/padright_v1.5.1.ino:457
            // delay(300);
            if (!digitalRead(selectButton)) {
    3276:	8e e0       	ldi	r24, 0x0E	; 14
    3278:	0e 94 bd 00 	call	0x17a	; 0x17a <digitalRead>
    327c:	89 2b       	or	r24, r25
    327e:	a9 f7       	brne	.-22     	; 0x326a <main+0xdfe>
/home/oggy/Documents/arduinoprojects/padright_v1.5.1/padright_v1.5.1.ino:458
              delay(300);
    3280:	6c e2       	ldi	r22, 0x2C	; 44
    3282:	71 e0       	ldi	r23, 0x01	; 1
    3284:	80 e0       	ldi	r24, 0x00	; 0
    3286:	90 e0       	ldi	r25, 0x00	; 0
    3288:	0e 94 80 01 	call	0x300	; 0x300 <delay>
/home/oggy/Documents/arduinoprojects/padright_v1.5.1/padright_v1.5.1.ino:459
              cashWaitTime = cashWaitTime + 1000;
    328c:	80 91 17 01 	lds	r24, 0x0117	; 0x800117 <cashWaitTime>
    3290:	90 91 18 01 	lds	r25, 0x0118	; 0x800118 <cashWaitTime+0x1>
    3294:	88 51       	subi	r24, 0x18	; 24
    3296:	9c 4f       	sbci	r25, 0xFC	; 252
/home/oggy/Documents/arduinoprojects/padright_v1.5.1/padright_v1.5.1.ino:460
              if (cashWaitTime > MAX_CASH_WAIT_TIME)
    3298:	81 32       	cpi	r24, 0x21	; 33
    329a:	ee e4       	ldi	r30, 0x4E	; 78
    329c:	9e 07       	cpc	r25, r30
    329e:	0c f0       	brlt	.+2      	; 0x32a2 <main+0xe36>
    32a0:	4e c1       	rjmp	.+668    	; 0x353e <main+0x10d2>
/home/oggy/Documents/arduinoprojects/padright_v1.5.1/padright_v1.5.1.ino:459
          cashWait();
          while (digitalRead(okButton)) {
            // delay(300);
            if (!digitalRead(selectButton)) {
              delay(300);
              cashWaitTime = cashWaitTime + 1000;
    32a2:	90 93 18 01 	sts	0x0118, r25	; 0x800118 <cashWaitTime+0x1>
    32a6:	80 93 17 01 	sts	0x0117, r24	; 0x800117 <cashWaitTime>
    32aa:	dd cf       	rjmp	.-70     	; 0x3266 <main+0xdfa>
/home/oggy/Documents/arduinoprojects/padright_v1.5.1/padright_v1.5.1.ino:339
            // delay(300);
            if (!digitalRead(selectButton)) {
              delay(300);
              maxRackCapacity = maxRackCapacity + 1;
              if (maxRackCapacity > 60)
                maxRackCapacity = 1;
    32ac:	b0 92 12 01 	sts	0x0112, r11	; 0x800112 <maxRackCapacity+0x1>
    32b0:	a0 92 11 01 	sts	0x0111, r10	; 0x800111 <maxRackCapacity>
    32b4:	70 cf       	rjmp	.-288    	; 0x3196 <main+0xd2a>
/home/oggy/Documents/arduinoprojects/padright_v1.5.1/padright_v1.5.1.ino:343
              fillMenu();
            }
          }
          fillAll(maxRackCapacity);
    32b6:	80 91 11 01 	lds	r24, 0x0111	; 0x800111 <maxRackCapacity>
    32ba:	90 91 12 01 	lds	r25, 0x0112	; 0x800112 <maxRackCapacity+0x1>
    32be:	0e 94 9f 09 	call	0x133e	; 0x133e <fillAll(int)>
    32c2:	7f ce       	rjmp	.-770    	; 0x2fc2 <main+0xb56>
/home/oggy/Documents/arduinoprojects/padright_v1.5.1/padright_v1.5.1.ino:346
          break;
        case 'M':  // for maximum racks setting
          _maxRack();
    32c4:	0e 94 e5 0a 	call	0x15ca	; 0x15ca <_maxRack()>
/home/oggy/Documents/arduinoprojects/padright_v1.5.1/padright_v1.5.1.ino:353
            // delay(300);
            if (!digitalRead(selectButton)) {
              delay(300);
              maxRack = maxRack + 1;
              if (maxRack > availableRack)
                maxRack = 1;
    32c8:	11 e0       	ldi	r17, 0x01	; 1
/home/oggy/Documents/arduinoprojects/padright_v1.5.1/padright_v1.5.1.ino:347
          }
          fillAll(maxRackCapacity);
          break;
        case 'M':  // for maximum racks setting
          _maxRack();
          while (digitalRead(okButton)) {
    32ca:	8f e0       	ldi	r24, 0x0F	; 15
    32cc:	0e 94 bd 00 	call	0x17a	; 0x17a <digitalRead>
    32d0:	89 2b       	or	r24, r25
    32d2:	09 f4       	brne	.+2      	; 0x32d6 <main+0xe6a>
    32d4:	76 ce       	rjmp	.-788    	; 0x2fc2 <main+0xb56>
/home/oggy/Documents/arduinoprojects/padright_v1.5.1/padright_v1.5.1.ino:349
            // delay(300);
            if (!digitalRead(selectButton)) {
    32d6:	8e e0       	ldi	r24, 0x0E	; 14
    32d8:	0e 94 bd 00 	call	0x17a	; 0x17a <digitalRead>
    32dc:	89 2b       	or	r24, r25
    32de:	a9 f7       	brne	.-22     	; 0x32ca <main+0xe5e>
/home/oggy/Documents/arduinoprojects/padright_v1.5.1/padright_v1.5.1.ino:350
              delay(300);
    32e0:	6c e2       	ldi	r22, 0x2C	; 44
    32e2:	71 e0       	ldi	r23, 0x01	; 1
    32e4:	80 e0       	ldi	r24, 0x00	; 0
    32e6:	90 e0       	ldi	r25, 0x00	; 0
    32e8:	0e 94 80 01 	call	0x300	; 0x300 <delay>
/home/oggy/Documents/arduinoprojects/padright_v1.5.1/padright_v1.5.1.ino:351
              maxRack = maxRack + 1;
    32ec:	80 91 0e 01 	lds	r24, 0x010E	; 0x80010e <maxRack>
    32f0:	8f 5f       	subi	r24, 0xFF	; 255
/home/oggy/Documents/arduinoprojects/padright_v1.5.1/padright_v1.5.1.ino:352
              if (maxRack > availableRack)
    32f2:	84 30       	cpi	r24, 0x04	; 4
    32f4:	28 f4       	brcc	.+10     	; 0x3300 <main+0xe94>
/home/oggy/Documents/arduinoprojects/padright_v1.5.1/padright_v1.5.1.ino:351
          _maxRack();
          while (digitalRead(okButton)) {
            // delay(300);
            if (!digitalRead(selectButton)) {
              delay(300);
              maxRack = maxRack + 1;
    32f6:	80 93 0e 01 	sts	0x010E, r24	; 0x80010e <maxRack>
/home/oggy/Documents/arduinoprojects/padright_v1.5.1/padright_v1.5.1.ino:354
              if (maxRack > availableRack)
                maxRack = 1;
              _maxRack();
    32fa:	0e 94 e5 0a 	call	0x15ca	; 0x15ca <_maxRack()>
    32fe:	e5 cf       	rjmp	.-54     	; 0x32ca <main+0xe5e>
/home/oggy/Documents/arduinoprojects/padright_v1.5.1/padright_v1.5.1.ino:353
            // delay(300);
            if (!digitalRead(selectButton)) {
              delay(300);
              maxRack = maxRack + 1;
              if (maxRack > availableRack)
                maxRack = 1;
    3300:	10 93 0e 01 	sts	0x010E, r17	; 0x80010e <maxRack>
    3304:	fa cf       	rjmp	.-12     	; 0x32fa <main+0xe8e>
/home/oggy/Documents/arduinoprojects/padright_v1.5.1/padright_v1.5.1.ino:366
            // delay(300);
            if (!digitalRead(selectButton)) {
              delay(300);
              motorTimeVariable = motorTimeVariable + 100;
              if (motorTimeVariable > 5000)
                motorTimeVariable = 100;
    3306:	30 92 0d 01 	sts	0x010D, r3	; 0x80010d <motorTimeVariable+0x1>
    330a:	20 92 0c 01 	sts	0x010C, r2	; 0x80010c <motorTimeVariable>
/home/oggy/Documents/arduinoprojects/padright_v1.5.1/padright_v1.5.1.ino:359
              _maxRack();
            }
          }
          break;
        case 'm':
          motorTime();
    330e:	0e 94 b5 0c 	call	0x196a	; 0x196a <motorTime()>
/home/oggy/Documents/arduinoprojects/padright_v1.5.1/padright_v1.5.1.ino:360
          while (digitalRead(okButton)) {
    3312:	8f e0       	ldi	r24, 0x0F	; 15
    3314:	0e 94 bd 00 	call	0x17a	; 0x17a <digitalRead>
    3318:	89 2b       	or	r24, r25
    331a:	09 f4       	brne	.+2      	; 0x331e <main+0xeb2>
    331c:	52 ce       	rjmp	.-860    	; 0x2fc2 <main+0xb56>
/home/oggy/Documents/arduinoprojects/padright_v1.5.1/padright_v1.5.1.ino:362
            // delay(300);
            if (!digitalRead(selectButton)) {
    331e:	8e e0       	ldi	r24, 0x0E	; 14
    3320:	0e 94 bd 00 	call	0x17a	; 0x17a <digitalRead>
    3324:	89 2b       	or	r24, r25
    3326:	a9 f7       	brne	.-22     	; 0x3312 <main+0xea6>
/home/oggy/Documents/arduinoprojects/padright_v1.5.1/padright_v1.5.1.ino:363
              delay(300);
    3328:	6c e2       	ldi	r22, 0x2C	; 44
    332a:	71 e0       	ldi	r23, 0x01	; 1
    332c:	80 e0       	ldi	r24, 0x00	; 0
    332e:	90 e0       	ldi	r25, 0x00	; 0
    3330:	0e 94 80 01 	call	0x300	; 0x300 <delay>
/home/oggy/Documents/arduinoprojects/padright_v1.5.1/padright_v1.5.1.ino:364
              motorTimeVariable = motorTimeVariable + 100;
    3334:	80 91 0c 01 	lds	r24, 0x010C	; 0x80010c <motorTimeVariable>
    3338:	90 91 0d 01 	lds	r25, 0x010D	; 0x80010d <motorTimeVariable+0x1>
    333c:	8c 59       	subi	r24, 0x9C	; 156
    333e:	9f 4f       	sbci	r25, 0xFF	; 255
/home/oggy/Documents/arduinoprojects/padright_v1.5.1/padright_v1.5.1.ino:365
              if (motorTimeVariable > 5000)
    3340:	89 38       	cpi	r24, 0x89	; 137
    3342:	43 e1       	ldi	r20, 0x13	; 19
    3344:	94 07       	cpc	r25, r20
    3346:	fc f6       	brge	.-66     	; 0x3306 <main+0xe9a>
/home/oggy/Documents/arduinoprojects/padright_v1.5.1/padright_v1.5.1.ino:364
          motorTime();
          while (digitalRead(okButton)) {
            // delay(300);
            if (!digitalRead(selectButton)) {
              delay(300);
              motorTimeVariable = motorTimeVariable + 100;
    3348:	90 93 0d 01 	sts	0x010D, r25	; 0x80010d <motorTimeVariable+0x1>
    334c:	80 93 0c 01 	sts	0x010C, r24	; 0x80010c <motorTimeVariable>
    3350:	de cf       	rjmp	.-68     	; 0x330e <main+0xea2>
/home/oggy/Documents/arduinoprojects/padright_v1.5.1/padright_v1.5.1.ino:330
        if (mType == CASH_MACHINE)
          status = 'w';  // inserting cash wait time  setting
      }
      // Serial.println(status);

      switch (status) {
    3352:	6c ed       	ldi	r22, 0xDC	; 220
    3354:	e6 2e       	mov	r14, r22
    3356:	66 e0       	ldi	r22, 0x06	; 6
    3358:	f6 2e       	mov	r15, r22
/home/oggy/Documents/arduinoprojects/padright_v1.5.1/padright_v1.5.1.ino:372
              motorTime();
            }
          }
          break;
        case 'r':
          for (int i = 0; i < maxRack; i++) {
    335a:	80 91 0e 01 	lds	r24, 0x010E	; 0x80010e <maxRack>
    335e:	80 17       	cp	r24, r16
    3360:	11 06       	cpc	r1, r17
    3362:	09 f0       	breq	.+2      	; 0x3366 <main+0xefa>
    3364:	0c f4       	brge	.+2      	; 0x3368 <main+0xefc>
    3366:	2d ce       	rjmp	.-934    	; 0x2fc2 <main+0xb56>
/home/oggy/Documents/arduinoprojects/padright_v1.5.1/padright_v1.5.1.ino:373
            manageRack(i);
    3368:	c0 2e       	mov	r12, r16
    336a:	80 2f       	mov	r24, r16
    336c:	0e 94 3f 0e 	call	0x1c7e	; 0x1c7e <manageRack(unsigned char)>
/home/oggy/Documents/arduinoprojects/padright_v1.5.1/padright_v1.5.1.ino:374
            while (digitalRead(okButton)) {
    3370:	8f e0       	ldi	r24, 0x0F	; 15
    3372:	0e 94 bd 00 	call	0x17a	; 0x17a <digitalRead>
    3376:	89 2b       	or	r24, r25
    3378:	f1 f0       	breq	.+60     	; 0x33b6 <main+0xf4a>
/home/oggy/Documents/arduinoprojects/padright_v1.5.1/padright_v1.5.1.ino:376
              // delay(300);
              if (!digitalRead(selectButton)) {
    337a:	8e e0       	ldi	r24, 0x0E	; 14
    337c:	0e 94 bd 00 	call	0x17a	; 0x17a <digitalRead>
    3380:	89 2b       	or	r24, r25
    3382:	b1 f7       	brne	.-20     	; 0x3370 <main+0xf04>
/home/oggy/Documents/arduinoprojects/padright_v1.5.1/padright_v1.5.1.ino:377
                delay(300);
    3384:	6c e2       	ldi	r22, 0x2C	; 44
    3386:	71 e0       	ldi	r23, 0x01	; 1
    3388:	80 e0       	ldi	r24, 0x00	; 0
    338a:	90 e0       	ldi	r25, 0x00	; 0
    338c:	0e 94 80 01 	call	0x300	; 0x300 <delay>
incQuantity():
/home/oggy/Documents/arduinoprojects/padright_v1.5.1/padrack.cpp:27
        quantity = 0;
    }
}
void padrack::incQuantity()
{
    quantity++;
    3390:	d7 01       	movw	r26, r14
    3392:	8d 91       	ld	r24, X+
    3394:	9c 91       	ld	r25, X
    3396:	11 97       	sbiw	r26, 0x01	; 1
    3398:	01 96       	adiw	r24, 0x01	; 1
    339a:	11 96       	adiw	r26, 0x01	; 1
    339c:	9c 93       	st	X, r25
    339e:	8e 93       	st	-X, r24
/home/oggy/Documents/arduinoprojects/padright_v1.5.1/padrack.cpp:28
    if (quantity > maxQuantity)
    33a0:	12 96       	adiw	r26, 0x02	; 2
    33a2:	2d 91       	ld	r18, X+
    33a4:	3c 91       	ld	r19, X
    33a6:	13 97       	sbiw	r26, 0x03	; 3
    33a8:	28 17       	cp	r18, r24
    33aa:	39 07       	cpc	r19, r25
    33ac:	14 f4       	brge	.+4      	; 0x33b2 <main+0xf46>
setQuantity():
/home/oggy/Documents/arduinoprojects/padright_v1.5.1/padrack.cpp:9
{
    return quantity;
}
void padrack::setQuantity(int number)
{
    quantity = number;
    33ae:	1d 92       	st	X+, r1
    33b0:	1c 92       	st	X, r1
menuManagement():
/home/oggy/Documents/arduinoprojects/padright_v1.5.1/padright_v1.5.1.ino:379
                rack[i].incQuantity();
                manageRack(i);
    33b2:	8c 2d       	mov	r24, r12
    33b4:	db cf       	rjmp	.-74     	; 0x336c <main+0xf00>
/home/oggy/Documents/arduinoprojects/padright_v1.5.1/padright_v1.5.1.ino:382
              }
            }
            while (!digitalRead(okButton))
    33b6:	8f e0       	ldi	r24, 0x0F	; 15
    33b8:	0e 94 bd 00 	call	0x17a	; 0x17a <digitalRead>
    33bc:	89 2b       	or	r24, r25
    33be:	d9 f3       	breq	.-10     	; 0x33b6 <main+0xf4a>
/home/oggy/Documents/arduinoprojects/padright_v1.5.1/padright_v1.5.1.ino:372
              motorTime();
            }
          }
          break;
        case 'r':
          for (int i = 0; i < maxRack; i++) {
    33c0:	0f 5f       	subi	r16, 0xFF	; 255
    33c2:	1f 4f       	sbci	r17, 0xFF	; 255
    33c4:	b4 e0       	ldi	r27, 0x04	; 4
    33c6:	eb 0e       	add	r14, r27
    33c8:	f1 1c       	adc	r15, r1
    33ca:	c7 cf       	rjmp	.-114    	; 0x335a <main+0xeee>
padAmountInc():
/home/oggy/Documents/arduinoprojects/padright_v1.5.1/padright_v1.5.1.ino:679
  digitalWrite(buzzer, LOW);
}
void padAmountInc() {
  padAmount++;
  if (padAmount > 255) {
    padAmount = 1;
    33cc:	b0 92 10 01 	sts	0x0110, r11	; 0x800110 <padAmount+0x1>
    33d0:	a0 92 0f 01 	sts	0x010F, r10	; 0x80010f <padAmount>
menuManagement():
/home/oggy/Documents/arduinoprojects/padright_v1.5.1/padright_v1.5.1.ino:387
            while (!digitalRead(okButton))
              ;
          }
          break;
        case 'b':
          batchWrite();
    33d4:	0e 94 73 0b 	call	0x16e6	; 0x16e6 <batchWrite()>
/home/oggy/Documents/arduinoprojects/padright_v1.5.1/padright_v1.5.1.ino:388
          while (digitalRead(okButton)) {
    33d8:	8f e0       	ldi	r24, 0x0F	; 15
    33da:	0e 94 bd 00 	call	0x17a	; 0x17a <digitalRead>
    33de:	89 2b       	or	r24, r25
    33e0:	c9 f0       	breq	.+50     	; 0x3414 <main+0xfa8>
/home/oggy/Documents/arduinoprojects/padright_v1.5.1/padright_v1.5.1.ino:389
            if (!digitalRead(selectButton)) {
    33e2:	8e e0       	ldi	r24, 0x0E	; 14
    33e4:	0e 94 bd 00 	call	0x17a	; 0x17a <digitalRead>
    33e8:	89 2b       	or	r24, r25
    33ea:	b1 f7       	brne	.-20     	; 0x33d8 <main+0xf6c>
/home/oggy/Documents/arduinoprojects/padright_v1.5.1/padright_v1.5.1.ino:390
              delay(300);
    33ec:	6c e2       	ldi	r22, 0x2C	; 44
    33ee:	71 e0       	ldi	r23, 0x01	; 1
    33f0:	80 e0       	ldi	r24, 0x00	; 0
    33f2:	90 e0       	ldi	r25, 0x00	; 0
    33f4:	0e 94 80 01 	call	0x300	; 0x300 <delay>
padAmountInc():
/home/oggy/Documents/arduinoprojects/padright_v1.5.1/padright_v1.5.1.ino:677
  digitalWrite(buzzer, HIGH);
  delay(400);
  digitalWrite(buzzer, LOW);
}
void padAmountInc() {
  padAmount++;
    33f8:	80 91 0f 01 	lds	r24, 0x010F	; 0x80010f <padAmount>
    33fc:	90 91 10 01 	lds	r25, 0x0110	; 0x800110 <padAmount+0x1>
    3400:	01 96       	adiw	r24, 0x01	; 1
/home/oggy/Documents/arduinoprojects/padright_v1.5.1/padright_v1.5.1.ino:678
  if (padAmount > 255) {
    3402:	8f 3f       	cpi	r24, 0xFF	; 255
    3404:	91 05       	cpc	r25, r1
    3406:	09 f0       	breq	.+2      	; 0x340a <main+0xf9e>
    3408:	0c f7       	brge	.-62     	; 0x33cc <main+0xf60>
/home/oggy/Documents/arduinoprojects/padright_v1.5.1/padright_v1.5.1.ino:677
  digitalWrite(buzzer, HIGH);
  delay(400);
  digitalWrite(buzzer, LOW);
}
void padAmountInc() {
  padAmount++;
    340a:	90 93 10 01 	sts	0x0110, r25	; 0x800110 <padAmount+0x1>
    340e:	80 93 0f 01 	sts	0x010F, r24	; 0x80010f <padAmount>
    3412:	e0 cf       	rjmp	.-64     	; 0x33d4 <main+0xf68>
menuManagement():
/home/oggy/Documents/arduinoprojects/padright_v1.5.1/padright_v1.5.1.ino:395
              delay(300);
              padAmountInc();
              batchWrite();
            }
          }
          while (!digitalRead(okButton))
    3414:	8f e0       	ldi	r24, 0x0F	; 15
    3416:	0e 94 bd 00 	call	0x17a	; 0x17a <digitalRead>
    341a:	89 2b       	or	r24, r25
    341c:	d9 f3       	breq	.-10     	; 0x3414 <main+0xfa8>
/home/oggy/Documents/arduinoprojects/padright_v1.5.1/padright_v1.5.1.ino:397
            ;
          lcd.clear();
    341e:	0e 94 7e 03 	call	0x6fc	; 0x6fc <LiquidCrystal::clear() [clone .constprop.47]>
/home/oggy/Documents/arduinoprojects/padright_v1.5.1/padright_v1.5.1.ino:398
          lcd.setCursor(0, 0);
    3422:	60 e0       	ldi	r22, 0x00	; 0
    3424:	80 e0       	ldi	r24, 0x00	; 0
    3426:	0e 94 27 04 	call	0x84e	; 0x84e <LiquidCrystal::setCursor(unsigned char, unsigned char) [clone .constprop.24]>
/home/oggy/Documents/arduinoprojects/padright_v1.5.1/padright_v1.5.1.ino:399
          lcd.print("Scan Card!");
    342a:	81 e5       	ldi	r24, 0x51	; 81
    342c:	93 e0       	ldi	r25, 0x03	; 3
    342e:	0e 94 be 0a 	call	0x157c	; 0x157c <Print::print(char const*) [clone .constprop.41]>
/home/oggy/Documents/arduinoprojects/padright_v1.5.1/padright_v1.5.1.ino:400
          while (digitalRead(okButton)) {
    3432:	8f e0       	ldi	r24, 0x0F	; 15
    3434:	0e 94 bd 00 	call	0x17a	; 0x17a <digitalRead>
    3438:	89 2b       	or	r24, r25
    343a:	69 f1       	breq	.+90     	; 0x3496 <main+0x102a>
/home/oggy/Documents/arduinoprojects/padright_v1.5.1/padright_v1.5.1.ino:401
            if (mfrc522.PICC_IsNewCardPresent()) {
    343c:	8c e0       	ldi	r24, 0x0C	; 12
    343e:	97 e0       	ldi	r25, 0x07	; 7
    3440:	0e 94 9d 06 	call	0xd3a	; 0xd3a <MFRC522::PICC_IsNewCardPresent()>
    3444:	88 23       	and	r24, r24
    3446:	a9 f3       	breq	.-22     	; 0x3432 <main+0xfc6>
/home/oggy/Documents/arduinoprojects/padright_v1.5.1/padright_v1.5.1.ino:402
              if (mfrc522.PICC_ReadCardSerial()) {
    3448:	8c e0       	ldi	r24, 0x0C	; 12
    344a:	97 e0       	ldi	r25, 0x07	; 7
    344c:	0e 94 40 04 	call	0x880	; 0x880 <MFRC522::PICC_ReadCardSerial()>
    3450:	88 23       	and	r24, r24
    3452:	a1 f0       	breq	.+40     	; 0x347c <main+0x1010>
/home/oggy/Documents/arduinoprojects/padright_v1.5.1/padright_v1.5.1.ino:404
                //               writeByte[0] = 0;
                writeByte[15] = padAmount;
    3454:	80 91 0f 01 	lds	r24, 0x010F	; 0x80010f <padAmount>
    3458:	80 93 38 06 	sts	0x0638, r24	; 0x800638 <writeByte+0xf>
/home/oggy/Documents/arduinoprojects/padright_v1.5.1/padright_v1.5.1.ino:405
                if (writeCard(writeByte)) {
    345c:	0e 94 11 0a 	call	0x1422	; 0x1422 <writeCard(unsigned char*) [clone .constprop.10]>
    3460:	88 23       	and	r24, r24
    3462:	61 f0       	breq	.+24     	; 0x347c <main+0x1010>
/home/oggy/Documents/arduinoprojects/padright_v1.5.1/padright_v1.5.1.ino:406
                  lcd.setCursor(0, 1);
    3464:	61 e0       	ldi	r22, 0x01	; 1
    3466:	80 e0       	ldi	r24, 0x00	; 0
    3468:	0e 94 27 04 	call	0x84e	; 0x84e <LiquidCrystal::setCursor(unsigned char, unsigned char) [clone .constprop.24]>
/home/oggy/Documents/arduinoprojects/padright_v1.5.1/padright_v1.5.1.ino:407
                  lcd.print("Done");
    346c:	85 e7       	ldi	r24, 0x75	; 117
    346e:	93 e0       	ldi	r25, 0x03	; 3
    3470:	0e 94 be 0a 	call	0x157c	; 0x157c <Print::print(char const*) [clone .constprop.41]>
/home/oggy/Documents/arduinoprojects/padright_v1.5.1/padright_v1.5.1.ino:408
                  success(500);
    3474:	84 ef       	ldi	r24, 0xF4	; 244
    3476:	91 e0       	ldi	r25, 0x01	; 1
    3478:	0e 94 77 09 	call	0x12ee	; 0x12ee <success(int)>
/home/oggy/Documents/arduinoprojects/padright_v1.5.1/padright_v1.5.1.ino:411
                }
              }
              lcd.clear();
    347c:	0e 94 7e 03 	call	0x6fc	; 0x6fc <LiquidCrystal::clear() [clone .constprop.47]>
/home/oggy/Documents/arduinoprojects/padright_v1.5.1/padright_v1.5.1.ino:412
              lcd.setCursor(0, 0);
    3480:	60 e0       	ldi	r22, 0x00	; 0
    3482:	80 e0       	ldi	r24, 0x00	; 0
    3484:	0e 94 27 04 	call	0x84e	; 0x84e <LiquidCrystal::setCursor(unsigned char, unsigned char) [clone .constprop.24]>
/home/oggy/Documents/arduinoprojects/padright_v1.5.1/padright_v1.5.1.ino:413
              lcd.print("Scan Card!");
    3488:	81 e5       	ldi	r24, 0x51	; 81
    348a:	93 e0       	ldi	r25, 0x03	; 3
    348c:	0e 94 be 0a 	call	0x157c	; 0x157c <Print::print(char const*) [clone .constprop.41]>
/home/oggy/Documents/arduinoprojects/padright_v1.5.1/padright_v1.5.1.ino:414
              halt();
    3490:	0e 94 82 08 	call	0x1104	; 0x1104 <halt()>
    3494:	ce cf       	rjmp	.-100    	; 0x3432 <main+0xfc6>
/home/oggy/Documents/arduinoprojects/padright_v1.5.1/padright_v1.5.1.ino:418
            }
          }
          // halt();
          while (!digitalRead(okButton))
    3496:	8f e0       	ldi	r24, 0x0F	; 15
    3498:	0e 94 bd 00 	call	0x17a	; 0x17a <digitalRead>
    349c:	89 2b       	or	r24, r25
    349e:	d9 f3       	breq	.-10     	; 0x3496 <main+0x102a>
    34a0:	90 cd       	rjmp	.-1248   	; 0x2fc2 <main+0xb56>
/home/oggy/Documents/arduinoprojects/padright_v1.5.1/padright_v1.5.1.ino:423
            ;
          /////   batch code
          break;
        case 't':
          machineType();
    34a2:	0e 94 57 0b 	call	0x16ae	; 0x16ae <machineType()>
/home/oggy/Documents/arduinoprojects/padright_v1.5.1/padright_v1.5.1.ino:428
          while (digitalRead(okButton)) {
            if (!digitalRead(selectButton)) {
              delay(300);
              if (mType == RFID_MACHINE) {
                mType = CASH_MACHINE;
    34a6:	11 e0       	ldi	r17, 0x01	; 1
/home/oggy/Documents/arduinoprojects/padright_v1.5.1/padright_v1.5.1.ino:424
            ;
          /////   batch code
          break;
        case 't':
          machineType();
          while (digitalRead(okButton)) {
    34a8:	8f e0       	ldi	r24, 0x0F	; 15
    34aa:	0e 94 bd 00 	call	0x17a	; 0x17a <digitalRead>
    34ae:	89 2b       	or	r24, r25
    34b0:	b9 f0       	breq	.+46     	; 0x34e0 <main+0x1074>
/home/oggy/Documents/arduinoprojects/padright_v1.5.1/padright_v1.5.1.ino:425
            if (!digitalRead(selectButton)) {
    34b2:	8e e0       	ldi	r24, 0x0E	; 14
    34b4:	0e 94 bd 00 	call	0x17a	; 0x17a <digitalRead>
    34b8:	89 2b       	or	r24, r25
    34ba:	b1 f7       	brne	.-20     	; 0x34a8 <main+0x103c>
/home/oggy/Documents/arduinoprojects/padright_v1.5.1/padright_v1.5.1.ino:426
              delay(300);
    34bc:	6c e2       	ldi	r22, 0x2C	; 44
    34be:	71 e0       	ldi	r23, 0x01	; 1
    34c0:	80 e0       	ldi	r24, 0x00	; 0
    34c2:	90 e0       	ldi	r25, 0x00	; 0
    34c4:	0e 94 80 01 	call	0x300	; 0x300 <delay>
/home/oggy/Documents/arduinoprojects/padright_v1.5.1/padright_v1.5.1.ino:427
              if (mType == RFID_MACHINE) {
    34c8:	80 91 1f 06 	lds	r24, 0x061F	; 0x80061f <mType>
    34cc:	81 11       	cpse	r24, r1
    34ce:	05 c0       	rjmp	.+10     	; 0x34da <main+0x106e>
/home/oggy/Documents/arduinoprojects/padright_v1.5.1/padright_v1.5.1.ino:428
                mType = CASH_MACHINE;
    34d0:	10 93 1f 06 	sts	0x061F, r17	; 0x80061f <mType>
/home/oggy/Documents/arduinoprojects/padright_v1.5.1/padright_v1.5.1.ino:432
              } else {
                mType = RFID_MACHINE;
              }
              machineType();
    34d4:	0e 94 57 0b 	call	0x16ae	; 0x16ae <machineType()>
    34d8:	e7 cf       	rjmp	.-50     	; 0x34a8 <main+0x103c>
/home/oggy/Documents/arduinoprojects/padright_v1.5.1/padright_v1.5.1.ino:430
            if (!digitalRead(selectButton)) {
              delay(300);
              if (mType == RFID_MACHINE) {
                mType = CASH_MACHINE;
              } else {
                mType = RFID_MACHINE;
    34da:	10 92 1f 06 	sts	0x061F, r1	; 0x80061f <mType>
    34de:	fa cf       	rjmp	.-12     	; 0x34d4 <main+0x1068>
/home/oggy/Documents/arduinoprojects/padright_v1.5.1/padright_v1.5.1.ino:435
              }
              machineType();
            }
          }
          while (!digitalRead(okButton))
    34e0:	8f e0       	ldi	r24, 0x0F	; 15
    34e2:	0e 94 bd 00 	call	0x17a	; 0x17a <digitalRead>
    34e6:	89 2b       	or	r24, r25
    34e8:	d9 f3       	breq	.-10     	; 0x34e0 <main+0x1074>
    34ea:	6b cd       	rjmp	.-1322   	; 0x2fc2 <main+0xb56>
/home/oggy/Documents/arduinoprojects/padright_v1.5.1/padright_v1.5.1.ino:446
            // delay(300);
            if (!digitalRead(selectButton)) {
              delay(300);
              CASH_LIMIT = CASH_LIMIT + 5;
              if (CASH_LIMIT > MAX_CASH_LIMIT)
                CASH_LIMIT = 5;
    34ec:	90 92 16 01 	sts	0x0116, r9	; 0x800116 <CASH_LIMIT+0x1>
    34f0:	80 92 15 01 	sts	0x0115, r8	; 0x800115 <CASH_LIMIT>
/home/oggy/Documents/arduinoprojects/padright_v1.5.1/padright_v1.5.1.ino:439
          }
          while (!digitalRead(okButton))
            ;
          break;
        case 'c':
          cashLimit();
    34f4:	0e 94 22 0b 	call	0x1644	; 0x1644 <cashLimit()>
/home/oggy/Documents/arduinoprojects/padright_v1.5.1/padright_v1.5.1.ino:440
          while (digitalRead(okButton)) {
    34f8:	8f e0       	ldi	r24, 0x0F	; 15
    34fa:	0e 94 bd 00 	call	0x17a	; 0x17a <digitalRead>
    34fe:	89 2b       	or	r24, r25
    3500:	c1 f0       	breq	.+48     	; 0x3532 <main+0x10c6>
/home/oggy/Documents/arduinoprojects/padright_v1.5.1/padright_v1.5.1.ino:442
            // delay(300);
            if (!digitalRead(selectButton)) {
    3502:	8e e0       	ldi	r24, 0x0E	; 14
    3504:	0e 94 bd 00 	call	0x17a	; 0x17a <digitalRead>
    3508:	89 2b       	or	r24, r25
    350a:	b1 f7       	brne	.-20     	; 0x34f8 <main+0x108c>
/home/oggy/Documents/arduinoprojects/padright_v1.5.1/padright_v1.5.1.ino:443
              delay(300);
    350c:	6c e2       	ldi	r22, 0x2C	; 44
    350e:	71 e0       	ldi	r23, 0x01	; 1
    3510:	80 e0       	ldi	r24, 0x00	; 0
    3512:	90 e0       	ldi	r25, 0x00	; 0
    3514:	0e 94 80 01 	call	0x300	; 0x300 <delay>
/home/oggy/Documents/arduinoprojects/padright_v1.5.1/padright_v1.5.1.ino:444
              CASH_LIMIT = CASH_LIMIT + 5;
    3518:	80 91 15 01 	lds	r24, 0x0115	; 0x800115 <CASH_LIMIT>
    351c:	90 91 16 01 	lds	r25, 0x0116	; 0x800116 <CASH_LIMIT+0x1>
    3520:	05 96       	adiw	r24, 0x05	; 5
/home/oggy/Documents/arduinoprojects/padright_v1.5.1/padright_v1.5.1.ino:445
              if (CASH_LIMIT > MAX_CASH_LIMIT)
    3522:	8b 3f       	cpi	r24, 0xFB	; 251
    3524:	91 05       	cpc	r25, r1
    3526:	14 f7       	brge	.-60     	; 0x34ec <main+0x1080>
/home/oggy/Documents/arduinoprojects/padright_v1.5.1/padright_v1.5.1.ino:444
          cashLimit();
          while (digitalRead(okButton)) {
            // delay(300);
            if (!digitalRead(selectButton)) {
              delay(300);
              CASH_LIMIT = CASH_LIMIT + 5;
    3528:	90 93 16 01 	sts	0x0116, r25	; 0x800116 <CASH_LIMIT+0x1>
    352c:	80 93 15 01 	sts	0x0115, r24	; 0x800115 <CASH_LIMIT>
    3530:	e1 cf       	rjmp	.-62     	; 0x34f4 <main+0x1088>
/home/oggy/Documents/arduinoprojects/padright_v1.5.1/padright_v1.5.1.ino:450
              if (CASH_LIMIT > MAX_CASH_LIMIT)
                CASH_LIMIT = 5;
              cashLimit();
            }
          }
          while (!digitalRead(okButton))
    3532:	8f e0       	ldi	r24, 0x0F	; 15
    3534:	0e 94 bd 00 	call	0x17a	; 0x17a <digitalRead>
    3538:	89 2b       	or	r24, r25
    353a:	d9 f3       	breq	.-10     	; 0x3532 <main+0x10c6>
    353c:	42 cd       	rjmp	.-1404   	; 0x2fc2 <main+0xb56>
/home/oggy/Documents/arduinoprojects/padright_v1.5.1/padright_v1.5.1.ino:461
            // delay(300);
            if (!digitalRead(selectButton)) {
              delay(300);
              cashWaitTime = cashWaitTime + 1000;
              if (cashWaitTime > MAX_CASH_WAIT_TIME)
                cashWaitTime = 1000;
    353e:	50 92 18 01 	sts	0x0118, r5	; 0x800118 <cashWaitTime+0x1>
    3542:	40 92 17 01 	sts	0x0117, r4	; 0x800117 <cashWaitTime>
    3546:	8f ce       	rjmp	.-738    	; 0x3266 <main+0xdfa>
/home/oggy/Documents/arduinoprojects/padright_v1.5.1/padright_v1.5.1.ino:465
              cashWait();
            }
          }
          while (!digitalRead(okButton))
    3548:	8f e0       	ldi	r24, 0x0F	; 15
    354a:	0e 94 bd 00 	call	0x17a	; 0x17a <digitalRead>
    354e:	89 2b       	or	r24, r25
    3550:	d9 f3       	breq	.-10     	; 0x3548 <main+0x10dc>
    3552:	37 cd       	rjmp	.-1426   	; 0x2fc2 <main+0xb56>
/home/oggy/Documents/arduinoprojects/padright_v1.5.1/padright_v1.5.1.ino:489
                currentIndex = 0;
              pulseForFiveRupeeNote = availablePulses[currentIndex];
              pulseLimit();
            }
          }
          while (!digitalRead(okButton))
    3554:	8f e0       	ldi	r24, 0x0F	; 15
    3556:	0e 94 bd 00 	call	0x17a	; 0x17a <digitalRead>
    355a:	89 2b       	or	r24, r25
    355c:	d9 f3       	breq	.-10     	; 0x3554 <main+0x10e8>
    355e:	31 cd       	rjmp	.-1438   	; 0x2fc2 <main+0xb56>
manageRFID():
/home/oggy/Documents/arduinoprojects/padright_v1.5.1/rfid.ino:31
          lcd.clear();
          lcd.setCursor(0, 0);
          lcd.print("Success..");
          success(500);
        }
        else if (readByte[0] == RECHCARD)
    3560:	82 35       	cpi	r24, 0x52	; 82
    3562:	09 f0       	breq	.+2      	; 0x3566 <main+0x10fa>
    3564:	94 c0       	rjmp	.+296    	; 0x368e <main+0x1222>
/home/oggy/Documents/arduinoprojects/padright_v1.5.1/rfid.ino:33
        {
          Serial.println("Card Detected as RECHCARD");
    3566:	81 e0       	ldi	r24, 0x01	; 1
    3568:	94 e0       	ldi	r25, 0x04	; 4
    356a:	0e 94 c9 0c 	call	0x1992	; 0x1992 <Print::println(char const*) [clone .constprop.21]>
/home/oggy/Documents/arduinoprojects/padright_v1.5.1/rfid.ino:34
          lcd.clear();
    356e:	0e 94 7e 03 	call	0x6fc	; 0x6fc <LiquidCrystal::clear() [clone .constprop.47]>
/home/oggy/Documents/arduinoprojects/padright_v1.5.1/rfid.ino:35
          lcd.setCursor(0, 0);
    3572:	60 e0       	ldi	r22, 0x00	; 0
    3574:	80 e0       	ldi	r24, 0x00	; 0
    3576:	0e 94 27 04 	call	0x84e	; 0x84e <LiquidCrystal::setCursor(unsigned char, unsigned char) [clone .constprop.24]>
/home/oggy/Documents/arduinoprojects/padright_v1.5.1/rfid.ino:36
          lcd.print("Batch Write");
    357a:	82 e3       	ldi	r24, 0x32	; 50
    357c:	92 e0       	ldi	r25, 0x02	; 2
    357e:	0e 94 be 0a 	call	0x157c	; 0x157c <Print::print(char const*) [clone .constprop.41]>
/home/oggy/Documents/arduinoprojects/padright_v1.5.1/rfid.ino:37
          lcd.setCursor(0, 1);
    3582:	61 e0       	ldi	r22, 0x01	; 1
    3584:	80 e0       	ldi	r24, 0x00	; 0
    3586:	0e 94 27 04 	call	0x84e	; 0x84e <LiquidCrystal::setCursor(unsigned char, unsigned char) [clone .constprop.24]>
/home/oggy/Documents/arduinoprojects/padright_v1.5.1/rfid.ino:38
          lcd.print("Mode Via CARD");
    358a:	8b e1       	ldi	r24, 0x1B	; 27
    358c:	94 e0       	ldi	r25, 0x04	; 4
    358e:	0e 94 be 0a 	call	0x157c	; 0x157c <Print::print(char const*) [clone .constprop.41]>
/home/oggy/Documents/arduinoprojects/padright_v1.5.1/rfid.ino:39
          delay(2000);
    3592:	60 ed       	ldi	r22, 0xD0	; 208
    3594:	77 e0       	ldi	r23, 0x07	; 7
    3596:	80 e0       	ldi	r24, 0x00	; 0
    3598:	90 e0       	ldi	r25, 0x00	; 0
    359a:	0e 94 80 01 	call	0x300	; 0x300 <delay>
/home/oggy/Documents/arduinoprojects/padright_v1.5.1/rfid.ino:40
          lcd.clear();
    359e:	0e 94 7e 03 	call	0x6fc	; 0x6fc <LiquidCrystal::clear() [clone .constprop.47]>
/home/oggy/Documents/arduinoprojects/padright_v1.5.1/rfid.ino:41
          lcd.setCursor(0, 0);
    35a2:	60 e0       	ldi	r22, 0x00	; 0
    35a4:	80 e0       	ldi	r24, 0x00	; 0
    35a6:	0e 94 27 04 	call	0x84e	; 0x84e <LiquidCrystal::setCursor(unsigned char, unsigned char) [clone .constprop.24]>
/home/oggy/Documents/arduinoprojects/padright_v1.5.1/rfid.ino:42
          lcd.print("Scan Card!");
    35aa:	81 e5       	ldi	r24, 0x51	; 81
    35ac:	93 e0       	ldi	r25, 0x03	; 3
    35ae:	0e 94 be 0a 	call	0x157c	; 0x157c <Print::print(char const*) [clone .constprop.41]>
/home/oggy/Documents/arduinoprojects/padright_v1.5.1/rfid.ino:43
          halt();
    35b2:	0e 94 82 08 	call	0x1104	; 0x1104 <halt()>
/home/oggy/Documents/arduinoprojects/padright_v1.5.1/rfid.ino:44
          rechCardDetected = true;
    35b6:	81 e0       	ldi	r24, 0x01	; 1
    35b8:	80 93 ff 05 	sts	0x05FF, r24	; 0x8005ff <rechCardDetected>
/home/oggy/Documents/arduinoprojects/padright_v1.5.1/rfid.ino:45
          while (rechCardDetected)
    35bc:	80 91 ff 05 	lds	r24, 0x05FF	; 0x8005ff <rechCardDetected>
    35c0:	88 23       	and	r24, r24
    35c2:	09 f4       	brne	.+2      	; 0x35c6 <main+0x115a>
    35c4:	90 cd       	rjmp	.-1248   	; 0x30e6 <main+0xc7a>
/home/oggy/Documents/arduinoprojects/padright_v1.5.1/rfid.ino:48
          {
            // Serial.println("inside ");
            if (mfrc522.PICC_IsNewCardPresent())
    35c6:	8c e0       	ldi	r24, 0x0C	; 12
    35c8:	97 e0       	ldi	r25, 0x07	; 7
    35ca:	0e 94 9d 06 	call	0xd3a	; 0xd3a <MFRC522::PICC_IsNewCardPresent()>
    35ce:	88 23       	and	r24, r24
    35d0:	a9 f3       	breq	.-22     	; 0x35bc <main+0x1150>
/home/oggy/Documents/arduinoprojects/padright_v1.5.1/rfid.ino:50
            {
              if (mfrc522.PICC_ReadCardSerial())
    35d2:	8c e0       	ldi	r24, 0x0C	; 12
    35d4:	97 e0       	ldi	r25, 0x07	; 7
    35d6:	0e 94 40 04 	call	0x880	; 0x880 <MFRC522::PICC_ReadCardSerial()>
    35da:	88 23       	and	r24, r24
    35dc:	29 f1       	breq	.+74     	; 0x3628 <main+0x11bc>
/home/oggy/Documents/arduinoprojects/padright_v1.5.1/rfid.ino:53
              {
                // writeByte[0] = 107;
                if (readCard())
    35de:	0e 94 c8 08 	call	0x1190	; 0x1190 <readCard()>
    35e2:	88 23       	and	r24, r24
    35e4:	09 f1       	breq	.+66     	; 0x3628 <main+0x11bc>
/home/oggy/Documents/arduinoprojects/padright_v1.5.1/rfid.ino:55
                {
                  if (readByte[0] == FILLCARD || readByte[0] == RECHCARD || readByte[0] == PADCARD)
    35e6:	80 91 00 06 	lds	r24, 0x0600	; 0x800600 <readByte>
    35ea:	86 34       	cpi	r24, 0x46	; 70
    35ec:	19 f0       	breq	.+6      	; 0x35f4 <main+0x1188>
    35ee:	8d 7f       	andi	r24, 0xFD	; 253
    35f0:	80 35       	cpi	r24, 0x50	; 80
    35f2:	c1 f5       	brne	.+112    	; 0x3664 <main+0x11f8>
/home/oggy/Documents/arduinoprojects/padright_v1.5.1/rfid.ino:57
                  {
                    Serial.println("This is Menu card");
    35f4:	89 e2       	ldi	r24, 0x29	; 41
    35f6:	94 e0       	ldi	r25, 0x04	; 4
    35f8:	0e 94 c9 0c 	call	0x1992	; 0x1992 <Print::println(char const*) [clone .constprop.21]>
/home/oggy/Documents/arduinoprojects/padright_v1.5.1/rfid.ino:58
                    if (readByte[0] == RECHCARD)
    35fc:	80 91 00 06 	lds	r24, 0x0600	; 0x800600 <readByte>
    3600:	82 35       	cpi	r24, 0x52	; 82
    3602:	f9 f4       	brne	.+62     	; 0x3642 <main+0x11d6>
/home/oggy/Documents/arduinoprojects/padright_v1.5.1/rfid.ino:60
                    {
                      rechCardDetected = false;
    3604:	10 92 ff 05 	sts	0x05FF, r1	; 0x8005ff <rechCardDetected>
/home/oggy/Documents/arduinoprojects/padright_v1.5.1/rfid.ino:61
                      lcd.clear();
    3608:	0e 94 7e 03 	call	0x6fc	; 0x6fc <LiquidCrystal::clear() [clone .constprop.47]>
/home/oggy/Documents/arduinoprojects/padright_v1.5.1/rfid.ino:62
                      lcd.setCursor(0, 0);
    360c:	60 e0       	ldi	r22, 0x00	; 0
    360e:	80 e0       	ldi	r24, 0x00	; 0
    3610:	0e 94 27 04 	call	0x84e	; 0x84e <LiquidCrystal::setCursor(unsigned char, unsigned char) [clone .constprop.24]>
/home/oggy/Documents/arduinoprojects/padright_v1.5.1/rfid.ino:63
                      lcd.print("Exiting..");
    3614:	8b e3       	ldi	r24, 0x3B	; 59
    3616:	94 e0       	ldi	r25, 0x04	; 4
/home/oggy/Documents/arduinoprojects/padright_v1.5.1/rfid.ino:72
                    {
                      lcd.clear();
                      lcd.setCursor(0, 0);
                      lcd.print("Use RECH CARD");
                      lcd.setCursor(0, 1);
                      lcd.print("to exit..");
    3618:	0e 94 be 0a 	call	0x157c	; 0x157c <Print::print(char const*) [clone .constprop.41]>
/home/oggy/Documents/arduinoprojects/padright_v1.5.1/rfid.ino:73
                      delay(1000);
    361c:	68 ee       	ldi	r22, 0xE8	; 232
    361e:	73 e0       	ldi	r23, 0x03	; 3
    3620:	80 e0       	ldi	r24, 0x00	; 0
    3622:	90 e0       	ldi	r25, 0x00	; 0
    3624:	0e 94 80 01 	call	0x300	; 0x300 <delay>
/home/oggy/Documents/arduinoprojects/padright_v1.5.1/rfid.ino:88
                      success(500);
                    }
                  }
                }
              }
              lcd.clear();
    3628:	0e 94 7e 03 	call	0x6fc	; 0x6fc <LiquidCrystal::clear() [clone .constprop.47]>
/home/oggy/Documents/arduinoprojects/padright_v1.5.1/rfid.ino:89
              lcd.setCursor(0, 0);
    362c:	60 e0       	ldi	r22, 0x00	; 0
    362e:	80 e0       	ldi	r24, 0x00	; 0
    3630:	0e 94 27 04 	call	0x84e	; 0x84e <LiquidCrystal::setCursor(unsigned char, unsigned char) [clone .constprop.24]>
/home/oggy/Documents/arduinoprojects/padright_v1.5.1/rfid.ino:90
              lcd.print("Scan Card!");
    3634:	81 e5       	ldi	r24, 0x51	; 81
    3636:	93 e0       	ldi	r25, 0x03	; 3
    3638:	0e 94 be 0a 	call	0x157c	; 0x157c <Print::print(char const*) [clone .constprop.41]>
/home/oggy/Documents/arduinoprojects/padright_v1.5.1/rfid.ino:91
              halt();
    363c:	0e 94 82 08 	call	0x1104	; 0x1104 <halt()>
    3640:	bd cf       	rjmp	.-134    	; 0x35bc <main+0x1150>
/home/oggy/Documents/arduinoprojects/padright_v1.5.1/rfid.ino:68
                      lcd.print("Exiting..");
                      delay(1000);
                    }
                    else
                    {
                      lcd.clear();
    3642:	0e 94 7e 03 	call	0x6fc	; 0x6fc <LiquidCrystal::clear() [clone .constprop.47]>
/home/oggy/Documents/arduinoprojects/padright_v1.5.1/rfid.ino:69
                      lcd.setCursor(0, 0);
    3646:	60 e0       	ldi	r22, 0x00	; 0
    3648:	80 e0       	ldi	r24, 0x00	; 0
    364a:	0e 94 27 04 	call	0x84e	; 0x84e <LiquidCrystal::setCursor(unsigned char, unsigned char) [clone .constprop.24]>
/home/oggy/Documents/arduinoprojects/padright_v1.5.1/rfid.ino:70
                      lcd.print("Use RECH CARD");
    364e:	85 e4       	ldi	r24, 0x45	; 69
    3650:	94 e0       	ldi	r25, 0x04	; 4
    3652:	0e 94 be 0a 	call	0x157c	; 0x157c <Print::print(char const*) [clone .constprop.41]>
/home/oggy/Documents/arduinoprojects/padright_v1.5.1/rfid.ino:71
                      lcd.setCursor(0, 1);
    3656:	61 e0       	ldi	r22, 0x01	; 1
    3658:	80 e0       	ldi	r24, 0x00	; 0
    365a:	0e 94 27 04 	call	0x84e	; 0x84e <LiquidCrystal::setCursor(unsigned char, unsigned char) [clone .constprop.24]>
/home/oggy/Documents/arduinoprojects/padright_v1.5.1/rfid.ino:72
                      lcd.print("to exit..");
    365e:	83 e5       	ldi	r24, 0x53	; 83
    3660:	94 e0       	ldi	r25, 0x04	; 4
    3662:	da cf       	rjmp	.-76     	; 0x3618 <main+0x11ac>
/home/oggy/Documents/arduinoprojects/padright_v1.5.1/rfid.ino:78
                      delay(1000);
                    }
                  }
                  else
                  {
                    writeByte[15] = padAmount;
    3664:	80 91 0f 01 	lds	r24, 0x010F	; 0x80010f <padAmount>
    3668:	80 93 38 06 	sts	0x0638, r24	; 0x800638 <writeByte+0xf>
/home/oggy/Documents/arduinoprojects/padright_v1.5.1/rfid.ino:79
                    if (writeCard(writeByte))
    366c:	0e 94 11 0a 	call	0x1422	; 0x1422 <writeCard(unsigned char*) [clone .constprop.10]>
    3670:	88 23       	and	r24, r24
    3672:	d1 f2       	breq	.-76     	; 0x3628 <main+0x11bc>
/home/oggy/Documents/arduinoprojects/padright_v1.5.1/rfid.ino:81
                    {
                      lcd.setCursor(0, 1);
    3674:	61 e0       	ldi	r22, 0x01	; 1
    3676:	80 e0       	ldi	r24, 0x00	; 0
    3678:	0e 94 27 04 	call	0x84e	; 0x84e <LiquidCrystal::setCursor(unsigned char, unsigned char) [clone .constprop.24]>
/home/oggy/Documents/arduinoprojects/padright_v1.5.1/rfid.ino:82
                      lcd.print("Done");
    367c:	85 e7       	ldi	r24, 0x75	; 117
    367e:	93 e0       	ldi	r25, 0x03	; 3
    3680:	0e 94 be 0a 	call	0x157c	; 0x157c <Print::print(char const*) [clone .constprop.41]>
/home/oggy/Documents/arduinoprojects/padright_v1.5.1/rfid.ino:83
                      success(500);
    3684:	84 ef       	ldi	r24, 0xF4	; 244
    3686:	91 e0       	ldi	r25, 0x01	; 1
    3688:	0e 94 77 09 	call	0x12ee	; 0x12ee <success(int)>
    368c:	cd cf       	rjmp	.-102    	; 0x3628 <main+0x11bc>
/home/oggy/Documents/arduinoprojects/padright_v1.5.1/rfid.ino:95
              lcd.print("Scan Card!");
              halt();
            }
          }
        }
        else if (readByte[0] == PADCARD)
    368e:	80 35       	cpi	r24, 0x50	; 80
    3690:	09 f0       	breq	.+2      	; 0x3694 <main+0x1228>
    3692:	41 c0       	rjmp	.+130    	; 0x3716 <main+0x12aa>
/home/oggy/Documents/arduinoprojects/padright_v1.5.1/rfid.ino:97
        {
          Serial.println("Card Detected as PADCARD");
    3694:	8d e5       	ldi	r24, 0x5D	; 93
    3696:	94 e0       	ldi	r25, 0x04	; 4
    3698:	0e 94 c9 0c 	call	0x1992	; 0x1992 <Print::println(char const*) [clone .constprop.21]>
/home/oggy/Documents/arduinoprojects/padright_v1.5.1/rfid.ino:98
          padAmount = int(readByte[15]);
    369c:	80 91 0f 06 	lds	r24, 0x060F	; 0x80060f <readByte+0xf>
    36a0:	90 e0       	ldi	r25, 0x00	; 0
    36a2:	90 93 10 01 	sts	0x0110, r25	; 0x800110 <padAmount+0x1>
    36a6:	80 93 0f 01 	sts	0x010F, r24	; 0x80010f <padAmount>
/home/oggy/Documents/arduinoprojects/padright_v1.5.1/rfid.ino:99
          writeToEPPROM('b');
    36aa:	82 e6       	ldi	r24, 0x62	; 98
    36ac:	0e 94 69 0f 	call	0x1ed2	; 0x1ed2 <writeToEPPROM(char)>
/home/oggy/Documents/arduinoprojects/padright_v1.5.1/rfid.ino:100
          lcd.clear();
    36b0:	0e 94 7e 03 	call	0x6fc	; 0x6fc <LiquidCrystal::clear() [clone .constprop.47]>
/home/oggy/Documents/arduinoprojects/padright_v1.5.1/rfid.ino:101
          lcd.setCursor(0, 0);
    36b4:	60 e0       	ldi	r22, 0x00	; 0
    36b6:	80 e0       	ldi	r24, 0x00	; 0
    36b8:	0e 94 27 04 	call	0x84e	; 0x84e <LiquidCrystal::setCursor(unsigned char, unsigned char) [clone .constprop.24]>
/home/oggy/Documents/arduinoprojects/padright_v1.5.1/rfid.ino:102
          lcd.print("Set Pad Amount");
    36bc:	86 e7       	ldi	r24, 0x76	; 118
    36be:	94 e0       	ldi	r25, 0x04	; 4
    36c0:	0e 94 be 0a 	call	0x157c	; 0x157c <Print::print(char const*) [clone .constprop.41]>
/home/oggy/Documents/arduinoprojects/padright_v1.5.1/rfid.ino:103
          lcd.setCursor(0, 1);
    36c4:	61 e0       	ldi	r22, 0x01	; 1
    36c6:	80 e0       	ldi	r24, 0x00	; 0
    36c8:	0e 94 27 04 	call	0x84e	; 0x84e <LiquidCrystal::setCursor(unsigned char, unsigned char) [clone .constprop.24]>
/home/oggy/Documents/arduinoprojects/padright_v1.5.1/rfid.ino:104
          lcd.print("via CARD");
    36cc:	85 e8       	ldi	r24, 0x85	; 133
    36ce:	94 e0       	ldi	r25, 0x04	; 4
    36d0:	0e 94 be 0a 	call	0x157c	; 0x157c <Print::print(char const*) [clone .constprop.41]>
/home/oggy/Documents/arduinoprojects/padright_v1.5.1/rfid.ino:105
          delay(1000);
    36d4:	68 ee       	ldi	r22, 0xE8	; 232
    36d6:	73 e0       	ldi	r23, 0x03	; 3
    36d8:	80 e0       	ldi	r24, 0x00	; 0
    36da:	90 e0       	ldi	r25, 0x00	; 0
    36dc:	0e 94 80 01 	call	0x300	; 0x300 <delay>
/home/oggy/Documents/arduinoprojects/padright_v1.5.1/rfid.ino:106
          lcd.clear();
    36e0:	0e 94 7e 03 	call	0x6fc	; 0x6fc <LiquidCrystal::clear() [clone .constprop.47]>
/home/oggy/Documents/arduinoprojects/padright_v1.5.1/rfid.ino:107
          lcd.setCursor(0, 0);
    36e4:	60 e0       	ldi	r22, 0x00	; 0
    36e6:	80 e0       	ldi	r24, 0x00	; 0
    36e8:	0e 94 27 04 	call	0x84e	; 0x84e <LiquidCrystal::setCursor(unsigned char, unsigned char) [clone .constprop.24]>
/home/oggy/Documents/arduinoprojects/padright_v1.5.1/rfid.ino:108
          lcd.print("Pad Amount:");
    36ec:	8e e8       	ldi	r24, 0x8E	; 142
    36ee:	94 e0       	ldi	r25, 0x04	; 4
    36f0:	0e 94 be 0a 	call	0x157c	; 0x157c <Print::print(char const*) [clone .constprop.41]>
/home/oggy/Documents/arduinoprojects/padright_v1.5.1/rfid.ino:109
          lcd.setCursor(0, 1);
    36f4:	61 e0       	ldi	r22, 0x01	; 1
    36f6:	80 e0       	ldi	r24, 0x00	; 0
    36f8:	0e 94 27 04 	call	0x84e	; 0x84e <LiquidCrystal::setCursor(unsigned char, unsigned char) [clone .constprop.24]>
/home/oggy/Documents/arduinoprojects/padright_v1.5.1/rfid.ino:110
          lcd.print(padAmount);
    36fc:	80 91 0f 01 	lds	r24, 0x010F	; 0x80010f <padAmount>
    3700:	90 91 10 01 	lds	r25, 0x0110	; 0x800110 <padAmount+0x1>
    3704:	0e 94 91 0a 	call	0x1522	; 0x1522 <Print::print(int, int) [clone .constprop.25]>
/home/oggy/Documents/arduinoprojects/padright_v1.5.1/rfid.ino:111
          delay(1000);
    3708:	68 ee       	ldi	r22, 0xE8	; 232
    370a:	73 e0       	ldi	r23, 0x03	; 3
    370c:	80 e0       	ldi	r24, 0x00	; 0
    370e:	90 e0       	ldi	r25, 0x00	; 0
    3710:	0e 94 80 01 	call	0x300	; 0x300 <delay>
    3714:	da cc       	rjmp	.-1612   	; 0x30ca <main+0xc5e>
/home/oggy/Documents/arduinoprojects/padright_v1.5.1/rfid.ino:117
          lcd.clear();
          lcd.setCursor(0, 0);
          lcd.print("Success..");
          success(500);
        }
        else if (readByte[15] != 0) // && readByte[0] == 107) // verify the card and available quantity on card
    3716:	80 91 0f 06 	lds	r24, 0x060F	; 0x80060f <readByte+0xf>
    371a:	88 23       	and	r24, r24
    371c:	09 f4       	brne	.+2      	; 0x3720 <main+0x12b4>
    371e:	05 c1       	rjmp	.+522    	; 0x392a <main+0x14be>
    3720:	00 e0       	ldi	r16, 0x00	; 0
    3722:	16 e0       	ldi	r17, 0x06	; 6
    3724:	59 e2       	ldi	r21, 0x29	; 41
    3726:	e5 2e       	mov	r14, r21
    3728:	56 e0       	ldi	r21, 0x06	; 6
    372a:	f5 2e       	mov	r15, r21
dumpToWriteVar():
/home/oggy/Documents/arduinoprojects/padright_v1.5.1/rfid.ino:230
}
void dumpToWriteVar(byte *buffer, byte bufferSize)
{
  for (byte i = 0; i < bufferSize; i++)
  {
    Serial.print(buffer[i]);
    372c:	d8 01       	movw	r26, r16
    372e:	4d 91       	ld	r20, X+
    3730:	8d 01       	movw	r16, r26
print():
/home/oggy/.arduino15/packages/MiniCore/hardware/avr/3.1.1/cores/MCUdude_corefiles/Print.cpp:74
  return write(c);
}

size_t Print::print(unsigned char b, int base)
{
  return print((unsigned long) b, base);
    3732:	50 e0       	ldi	r21, 0x00	; 0
    3734:	70 e0       	ldi	r23, 0x00	; 0
    3736:	60 e0       	ldi	r22, 0x00	; 0
/home/oggy/.arduino15/packages/MiniCore/hardware/avr/3.1.1/cores/MCUdude_corefiles/Print.cpp:106
}

size_t Print::print(unsigned long n, int base)
{
  if (base == 0) return write(n);
  else return printNumber(n, base);
    3738:	2a e0       	ldi	r18, 0x0A	; 10
    373a:	8f e3       	ldi	r24, 0x3F	; 63
    373c:	96 e0       	ldi	r25, 0x06	; 6
    373e:	0e 94 45 0a 	call	0x148a	; 0x148a <Print::printNumber(unsigned long, unsigned char)>
dumpToWriteVar():
/home/oggy/Documents/arduinoprojects/padright_v1.5.1/rfid.ino:231
    writeByte[i] = buffer[i];
    3742:	f8 01       	movw	r30, r16
    3744:	31 97       	sbiw	r30, 0x01	; 1
    3746:	80 81       	ld	r24, Z
    3748:	f7 01       	movw	r30, r14
    374a:	81 93       	st	Z+, r24
    374c:	7f 01       	movw	r14, r30
/home/oggy/Documents/arduinoprojects/padright_v1.5.1/rfid.ino:228
  }
  return true;
}
void dumpToWriteVar(byte *buffer, byte bufferSize)
{
  for (byte i = 0; i < bufferSize; i++)
    374e:	60 16       	cp	r6, r16
    3750:	71 06       	cpc	r7, r17
    3752:	61 f7       	brne	.-40     	; 0x372c <main+0x12c0>
/home/oggy/Documents/arduinoprojects/padright_v1.5.1/rfid.ino:233
  {
    Serial.print(buffer[i]);
    writeByte[i] = buffer[i];
  }
  writeByte[15]--;
    3754:	80 91 38 06 	lds	r24, 0x0638	; 0x800638 <writeByte+0xf>
    3758:	81 50       	subi	r24, 0x01	; 1
    375a:	80 93 38 06 	sts	0x0638, r24	; 0x800638 <writeByte+0xf>
manageRFID():
/home/oggy/Documents/arduinoprojects/padright_v1.5.1/rfid.ino:120
          success(500);
        }
        else if (readByte[15] != 0) // && readByte[0] == 107) // verify the card and available quantity on card
        {
          dumpToWriteVar(readByte, 16);
          if (!writeCard(writeByte))
    375e:	0e 94 11 0a 	call	0x1422	; 0x1422 <writeCard(unsigned char*) [clone .constprop.10]>
    3762:	81 11       	cpse	r24, r1
    3764:	11 c0       	rjmp	.+34     	; 0x3788 <main+0x131c>
/home/oggy/Documents/arduinoprojects/padright_v1.5.1/rfid.ino:122
          {
            lcd.clear();
    3766:	0e 94 7e 03 	call	0x6fc	; 0x6fc <LiquidCrystal::clear() [clone .constprop.47]>
/home/oggy/Documents/arduinoprojects/padright_v1.5.1/rfid.ino:123
            lcd.setCursor(0, 0);
    376a:	60 e0       	ldi	r22, 0x00	; 0
    376c:	80 e0       	ldi	r24, 0x00	; 0
    376e:	0e 94 27 04 	call	0x84e	; 0x84e <LiquidCrystal::setCursor(unsigned char, unsigned char) [clone .constprop.24]>
/home/oggy/Documents/arduinoprojects/padright_v1.5.1/rfid.ino:124
            lcd.print("Write Failed");
    3772:	8a e9       	ldi	r24, 0x9A	; 154
    3774:	94 e0       	ldi	r25, 0x04	; 4
/home/oggy/Documents/arduinoprojects/padright_v1.5.1/rfid.ino:189
      }
      else
      {
        lcd.clear();
        lcd.setCursor(0, 0);
        lcd.print("Error Reading");
    3776:	0e 94 be 0a 	call	0x157c	; 0x157c <Print::print(char const*) [clone .constprop.41]>
/home/oggy/Documents/arduinoprojects/padright_v1.5.1/rfid.ino:190
        lcd.setCursor(0, 1);
    377a:	61 e0       	ldi	r22, 0x01	; 1
    377c:	80 e0       	ldi	r24, 0x00	; 0
    377e:	0e 94 27 04 	call	0x84e	; 0x84e <LiquidCrystal::setCursor(unsigned char, unsigned char) [clone .constprop.24]>
/home/oggy/Documents/arduinoprojects/padright_v1.5.1/rfid.ino:191
        lcd.print("Try Again");
    3782:	87 ea       	ldi	r24, 0xA7	; 167
    3784:	94 e0       	ldi	r25, 0x04	; 4
    3786:	bb c0       	rjmp	.+374    	; 0x38fe <main+0x1492>
/home/oggy/Documents/arduinoprojects/padright_v1.5.1/rfid.ino:131
            lcd.print("Try Again");
            warning();
          }
          else
          {
            byte lastData = readByte[15];
    3788:	10 91 0f 06 	lds	r17, 0x060F	; 0x80060f <readByte+0xf>
/home/oggy/Documents/arduinoprojects/padright_v1.5.1/rfid.ino:132
            readCard();
    378c:	0e 94 c8 08 	call	0x1190	; 0x1190 <readCard()>
/home/oggy/Documents/arduinoprojects/padright_v1.5.1/rfid.ino:133
            if (getStock() != 0) // check the stock before proceeding
    3790:	0e 94 8a 09 	call	0x1314	; 0x1314 <getStock()>
    3794:	89 2b       	or	r24, r25
    3796:	09 f4       	brne	.+2      	; 0x379a <main+0x132e>
    3798:	b7 c0       	rjmp	.+366    	; 0x3908 <main+0x149c>
/home/oggy/Documents/arduinoprojects/padright_v1.5.1/rfid.ino:135
            {
              if (lastData != readByte[15]) // check the stock before proceeding
    379a:	80 91 0f 06 	lds	r24, 0x060F	; 0x80060f <readByte+0xf>
    379e:	18 17       	cp	r17, r24
    37a0:	09 f4       	brne	.+2      	; 0x37a4 <main+0x1338>
    37a2:	9d c0       	rjmp	.+314    	; 0x38de <main+0x1472>
/home/oggy/Documents/arduinoprojects/padright_v1.5.1/rfid.ino:137
              {
                delay(500);
    37a4:	64 ef       	ldi	r22, 0xF4	; 244
    37a6:	71 e0       	ldi	r23, 0x01	; 1
    37a8:	80 e0       	ldi	r24, 0x00	; 0
    37aa:	90 e0       	ldi	r25, 0x00	; 0
    37ac:	0e 94 80 01 	call	0x300	; 0x300 <delay>
/home/oggy/Documents/arduinoprojects/padright_v1.5.1/rfid.ino:138
                lcd.clear();
    37b0:	0e 94 7e 03 	call	0x6fc	; 0x6fc <LiquidCrystal::clear() [clone .constprop.47]>
/home/oggy/Documents/arduinoprojects/padright_v1.5.1/rfid.ino:139
                lcd.setCursor(0, 0);
    37b4:	60 e0       	ldi	r22, 0x00	; 0
    37b6:	80 e0       	ldi	r24, 0x00	; 0
    37b8:	0e 94 27 04 	call	0x84e	; 0x84e <LiquidCrystal::setCursor(unsigned char, unsigned char) [clone .constprop.24]>
/home/oggy/Documents/arduinoprojects/padright_v1.5.1/rfid.ino:140
                lcd.print("Left for Card:");
    37bc:	81 eb       	ldi	r24, 0xB1	; 177
    37be:	94 e0       	ldi	r25, 0x04	; 4
    37c0:	0e 94 be 0a 	call	0x157c	; 0x157c <Print::print(char const*) [clone .constprop.41]>
/home/oggy/Documents/arduinoprojects/padright_v1.5.1/rfid.ino:141
                lcd.setCursor(0, 1);
    37c4:	61 e0       	ldi	r22, 0x01	; 1
    37c6:	80 e0       	ldi	r24, 0x00	; 0
    37c8:	0e 94 27 04 	call	0x84e	; 0x84e <LiquidCrystal::setCursor(unsigned char, unsigned char) [clone .constprop.24]>
print():
/home/oggy/.arduino15/packages/MiniCore/hardware/avr/3.1.1/cores/MCUdude_corefiles/Print.cpp:74
  return write(c);
}

size_t Print::print(unsigned char b, int base)
{
  return print((unsigned long) b, base);
    37cc:	40 91 38 06 	lds	r20, 0x0638	; 0x800638 <writeByte+0xf>
    37d0:	50 e0       	ldi	r21, 0x00	; 0
    37d2:	70 e0       	ldi	r23, 0x00	; 0
    37d4:	60 e0       	ldi	r22, 0x00	; 0
/home/oggy/.arduino15/packages/MiniCore/hardware/avr/3.1.1/cores/MCUdude_corefiles/Print.cpp:106
}

size_t Print::print(unsigned long n, int base)
{
  if (base == 0) return write(n);
  else return printNumber(n, base);
    37d6:	2a e0       	ldi	r18, 0x0A	; 10
    37d8:	84 ef       	ldi	r24, 0xF4	; 244
    37da:	96 e0       	ldi	r25, 0x06	; 6
    37dc:	0e 94 45 0a 	call	0x148a	; 0x148a <Print::printNumber(unsigned long, unsigned char)>
manageRFID():
/home/oggy/Documents/arduinoprojects/padright_v1.5.1/rfid.ino:143
                lcd.print(writeByte[15]);
                delay(3000);
    37e0:	68 eb       	ldi	r22, 0xB8	; 184
    37e2:	7b e0       	ldi	r23, 0x0B	; 11
    37e4:	80 e0       	ldi	r24, 0x00	; 0
    37e6:	90 e0       	ldi	r25, 0x00	; 0
    37e8:	0e 94 80 01 	call	0x300	; 0x300 <delay>
/home/oggy/Documents/arduinoprojects/padright_v1.5.1/rfid.ino:144
                lcd.clear();
    37ec:	0e 94 7e 03 	call	0x6fc	; 0x6fc <LiquidCrystal::clear() [clone .constprop.47]>
/home/oggy/Documents/arduinoprojects/padright_v1.5.1/rfid.ino:145
                lcd.setCursor(0, 0);
    37f0:	60 e0       	ldi	r22, 0x00	; 0
    37f2:	80 e0       	ldi	r24, 0x00	; 0
    37f4:	0e 94 27 04 	call	0x84e	; 0x84e <LiquidCrystal::setCursor(unsigned char, unsigned char) [clone .constprop.24]>
/home/oggy/Documents/arduinoprojects/padright_v1.5.1/rfid.ino:146
                lcd.print("Receive Pad");
    37f8:	80 ec       	ldi	r24, 0xC0	; 192
    37fa:	94 e0       	ldi	r25, 0x04	; 4
    37fc:	0e 94 be 0a 	call	0x157c	; 0x157c <Print::print(char const*) [clone .constprop.41]>
/home/oggy/Documents/arduinoprojects/padright_v1.5.1/rfid.ino:147
                lcd.setCursor(0, 1);
    3800:	61 e0       	ldi	r22, 0x01	; 1
    3802:	80 e0       	ldi	r24, 0x00	; 0
    3804:	0e 94 27 04 	call	0x84e	; 0x84e <LiquidCrystal::setCursor(unsigned char, unsigned char) [clone .constprop.24]>
/home/oggy/Documents/arduinoprojects/padright_v1.5.1/rfid.ino:148
                lcd.print("Thank you!");
    3808:	8c ec       	ldi	r24, 0xCC	; 204
    380a:	94 e0       	ldi	r25, 0x04	; 4
    380c:	0e 94 be 0a 	call	0x157c	; 0x157c <Print::print(char const*) [clone .constprop.41]>
runMotor():
/home/oggy/Documents/arduinoprojects/padright_v1.5.1/padright_v1.5.1.ino:624
int readIntFromEEPROM(int address) {
  return (EEPROM.read(address) << 8) + EEPROM.read(address + 1);
}

void runMotor() {
  Serial.println("motor running");
    3810:	87 ed       	ldi	r24, 0xD7	; 215
    3812:	94 e0       	ldi	r25, 0x04	; 4
    3814:	0e 94 c9 0c 	call	0x1992	; 0x1992 <Print::println(char const*) [clone .constprop.21]>
/home/oggy/Documents/arduinoprojects/padright_v1.5.1/padright_v1.5.1.ino:627
  static int i = 0;
  /// only for pad vending machine for testing alternating motor
  if (getStock() > 0) {
    3818:	0e 94 8a 09 	call	0x1314	; 0x1314 <getStock()>
    381c:	18 16       	cp	r1, r24
    381e:	19 06       	cpc	r1, r25
    3820:	0c f0       	brlt	.+2      	; 0x3824 <main+0x13b8>
    3822:	4c c0       	rjmp	.+152    	; 0x38bc <main+0x1450>
/home/oggy/Documents/arduinoprojects/padright_v1.5.1/padright_v1.5.1.ino:628
    for (int count = 0; count < maxRack; count++) {
    3824:	20 91 0e 01 	lds	r18, 0x010E	; 0x80010e <maxRack>
    3828:	30 e0       	ldi	r19, 0x00	; 0
    382a:	80 91 fd 05 	lds	r24, 0x05FD	; 0x8005fd <runMotor()::i>
    382e:	90 91 fe 05 	lds	r25, 0x05FE	; 0x8005fe <runMotor()::i+0x1>
main():
    3832:	f0 e0       	ldi	r31, 0x00	; 0
    3834:	e0 e0       	ldi	r30, 0x00	; 0
runMotor():
    3836:	e2 17       	cp	r30, r18
    3838:	f3 07       	cpc	r31, r19
    383a:	cc f5       	brge	.+114    	; 0x38ae <main+0x1442>
    383c:	7c 01       	movw	r14, r24
    383e:	4f ef       	ldi	r20, 0xFF	; 255
    3840:	e4 1a       	sub	r14, r20
    3842:	f4 0a       	sbc	r15, r20
getQuantity():
/home/oggy/Documents/arduinoprojects/padright_v1.5.1/padrack.cpp:5
#include "padrack.h"

int padrack::getQuantity()
{
    return quantity;
    3844:	8c 01       	movw	r16, r24
    3846:	00 0f       	add	r16, r16
    3848:	11 1f       	adc	r17, r17
    384a:	00 0f       	add	r16, r16
    384c:	11 1f       	adc	r17, r17
    384e:	04 52       	subi	r16, 0x24	; 36
    3850:	19 4f       	sbci	r17, 0xF9	; 249
runMotor():
/home/oggy/Documents/arduinoprojects/padright_v1.5.1/padright_v1.5.1.ino:629
      if (rack[i].getQuantity() != 0) {
    3852:	d8 01       	movw	r26, r16
    3854:	4d 91       	ld	r20, X+
    3856:	5c 91       	ld	r21, X
    3858:	45 2b       	or	r20, r21
    385a:	d9 f1       	breq	.+118    	; 0x38d2 <main+0x1466>
    385c:	90 93 fe 05 	sts	0x05FE, r25	; 0x8005fe <runMotor()::i+0x1>
    3860:	80 93 fd 05 	sts	0x05FD, r24	; 0x8005fd <runMotor()::i>
/home/oggy/Documents/arduinoprojects/padright_v1.5.1/padright_v1.5.1.ino:631
        // Serial.println("motor");
        digitalWrite(motor[i], HIGH);
    3864:	85 5d       	subi	r24, 0xD5	; 213
    3866:	9e 4f       	sbci	r25, 0xFE	; 254
    3868:	fc 01       	movw	r30, r24
    386a:	c0 80       	ld	r12, Z
    386c:	61 e0       	ldi	r22, 0x01	; 1
    386e:	8c 2d       	mov	r24, r12
    3870:	0e 94 e6 00 	call	0x1cc	; 0x1cc <digitalWrite>
/home/oggy/Documents/arduinoprojects/padright_v1.5.1/padright_v1.5.1.ino:632
        delay(motorTimeVariable);
    3874:	60 91 0c 01 	lds	r22, 0x010C	; 0x80010c <motorTimeVariable>
    3878:	70 91 0d 01 	lds	r23, 0x010D	; 0x80010d <motorTimeVariable+0x1>
    387c:	07 2e       	mov	r0, r23
    387e:	00 0c       	add	r0, r0
    3880:	88 0b       	sbc	r24, r24
    3882:	99 0b       	sbc	r25, r25
    3884:	0e 94 80 01 	call	0x300	; 0x300 <delay>
/home/oggy/Documents/arduinoprojects/padright_v1.5.1/padright_v1.5.1.ino:633
        digitalWrite(motor[i], LOW);
    3888:	60 e0       	ldi	r22, 0x00	; 0
    388a:	8c 2d       	mov	r24, r12
    388c:	0e 94 e6 00 	call	0x1cc	; 0x1cc <digitalWrite>
decQuantity():
/home/oggy/Documents/arduinoprojects/padright_v1.5.1/padrack.cpp:13
{
    quantity = number;
}
void padrack::decQuantity()
{
    if (quantity != 0)
    3890:	d8 01       	movw	r26, r16
    3892:	8d 91       	ld	r24, X+
    3894:	9c 91       	ld	r25, X
    3896:	11 97       	sbiw	r26, 0x01	; 1
    3898:	00 97       	sbiw	r24, 0x00	; 0
    389a:	19 f0       	breq	.+6      	; 0x38a2 <main+0x1436>
/home/oggy/Documents/arduinoprojects/padright_v1.5.1/padrack.cpp:15
    {
        quantity--;
    389c:	01 97       	sbiw	r24, 0x01	; 1
    389e:	8d 93       	st	X+, r24
    38a0:	9c 93       	st	X, r25
runMotor():
/home/oggy/Documents/arduinoprojects/padright_v1.5.1/padright_v1.5.1.ino:636
        rack[i].decQuantity();
        // move to next rack for next call
        i = (i + 1) % maxRack;
    38a2:	60 91 0e 01 	lds	r22, 0x010E	; 0x80010e <maxRack>
    38a6:	70 e0       	ldi	r23, 0x00	; 0
    38a8:	c7 01       	movw	r24, r14
    38aa:	0e 94 d2 20 	call	0x41a4	; 0x41a4 <__divmodhi4>
    38ae:	90 93 fe 05 	sts	0x05FE, r25	; 0x8005fe <runMotor()::i+0x1>
    38b2:	80 93 fd 05 	sts	0x05FD, r24	; 0x8005fd <runMotor()::i>
/home/oggy/Documents/arduinoprojects/padright_v1.5.1/padright_v1.5.1.ino:642
        break;
      }
      // move to next rack and wrap around if needed
      i = (i + 1) % maxRack;
    }
    writeToEPPROM('r');
    38b6:	82 e7       	ldi	r24, 0x72	; 114
    38b8:	0e 94 69 0f 	call	0x1ed2	; 0x1ed2 <writeToEPPROM(char)>
manageRFID():
/home/oggy/Documents/arduinoprojects/padright_v1.5.1/rfid.ino:150
                runMotor();
                success(800);
    38bc:	80 e2       	ldi	r24, 0x20	; 32
    38be:	93 e0       	ldi	r25, 0x03	; 3
    38c0:	0e 94 77 09 	call	0x12ee	; 0x12ee <success(int)>
/home/oggy/Documents/arduinoprojects/padright_v1.5.1/rfid.ino:151
                delay(1000);
    38c4:	68 ee       	ldi	r22, 0xE8	; 232
    38c6:	73 e0       	ldi	r23, 0x03	; 3
    38c8:	80 e0       	ldi	r24, 0x00	; 0
    38ca:	90 e0       	ldi	r25, 0x00	; 0
    38cc:	0e 94 80 01 	call	0x300	; 0x300 <delay>
    38d0:	0a cc       	rjmp	.-2028   	; 0x30e6 <main+0xc7a>
runMotor():
/home/oggy/Documents/arduinoprojects/padright_v1.5.1/padright_v1.5.1.ino:628
void runMotor() {
  Serial.println("motor running");
  static int i = 0;
  /// only for pad vending machine for testing alternating motor
  if (getStock() > 0) {
    for (int count = 0; count < maxRack; count++) {
    38d2:	31 96       	adiw	r30, 0x01	; 1
/home/oggy/Documents/arduinoprojects/padright_v1.5.1/padright_v1.5.1.ino:640
        // move to next rack for next call
        i = (i + 1) % maxRack;
        break;
      }
      // move to next rack and wrap around if needed
      i = (i + 1) % maxRack;
    38d4:	c7 01       	movw	r24, r14
    38d6:	b9 01       	movw	r22, r18
    38d8:	0e 94 d2 20 	call	0x41a4	; 0x41a4 <__divmodhi4>
    38dc:	ac cf       	rjmp	.-168    	; 0x3836 <main+0x13ca>
manageRFID():
/home/oggy/Documents/arduinoprojects/padright_v1.5.1/rfid.ino:155
              }
              else // print if card scan time is fast
              {
                lcd.clear();
    38de:	0e 94 7e 03 	call	0x6fc	; 0x6fc <LiquidCrystal::clear() [clone .constprop.47]>
/home/oggy/Documents/arduinoprojects/padright_v1.5.1/rfid.ino:156
                lcd.setCursor(0, 0);
    38e2:	60 e0       	ldi	r22, 0x00	; 0
    38e4:	80 e0       	ldi	r24, 0x00	; 0
    38e6:	0e 94 27 04 	call	0x84e	; 0x84e <LiquidCrystal::setCursor(unsigned char, unsigned char) [clone .constprop.24]>
/home/oggy/Documents/arduinoprojects/padright_v1.5.1/rfid.ino:157
                lcd.print("Sorry");
    38ea:	80 ea       	ldi	r24, 0xA0	; 160
    38ec:	92 e0       	ldi	r25, 0x02	; 2
    38ee:	0e 94 be 0a 	call	0x157c	; 0x157c <Print::print(char const*) [clone .constprop.41]>
/home/oggy/Documents/arduinoprojects/padright_v1.5.1/rfid.ino:158
                lcd.setCursor(0, 1);
    38f2:	61 e0       	ldi	r22, 0x01	; 1
    38f4:	80 e0       	ldi	r24, 0x00	; 0
    38f6:	0e 94 27 04 	call	0x84e	; 0x84e <LiquidCrystal::setCursor(unsigned char, unsigned char) [clone .constprop.24]>
/home/oggy/Documents/arduinoprojects/padright_v1.5.1/rfid.ino:159
                lcd.print("Hold card for 1Sec");
    38fa:	85 ee       	ldi	r24, 0xE5	; 229
    38fc:	94 e0       	ldi	r25, 0x04	; 4
/home/oggy/Documents/arduinoprojects/padright_v1.5.1/rfid.ino:191
      {
        lcd.clear();
        lcd.setCursor(0, 0);
        lcd.print("Error Reading");
        lcd.setCursor(0, 1);
        lcd.print("Try Again");
    38fe:	0e 94 be 0a 	call	0x157c	; 0x157c <Print::print(char const*) [clone .constprop.41]>
/home/oggy/Documents/arduinoprojects/padright_v1.5.1/rfid.ino:192
        warning();
    3902:	0e 94 41 09 	call	0x1282	; 0x1282 <warning()>
    3906:	ef cb       	rjmp	.-2082   	; 0x30e6 <main+0xc7a>
/home/oggy/Documents/arduinoprojects/padright_v1.5.1/rfid.ino:166
              }
            }

            else // print if no stock remaining
            {
              lcd.clear();
    3908:	0e 94 7e 03 	call	0x6fc	; 0x6fc <LiquidCrystal::clear() [clone .constprop.47]>
/home/oggy/Documents/arduinoprojects/padright_v1.5.1/rfid.ino:167
              lcd.setCursor(0, 0);
    390c:	60 e0       	ldi	r22, 0x00	; 0
    390e:	80 e0       	ldi	r24, 0x00	; 0
    3910:	0e 94 27 04 	call	0x84e	; 0x84e <LiquidCrystal::setCursor(unsigned char, unsigned char) [clone .constprop.24]>
/home/oggy/Documents/arduinoprojects/padright_v1.5.1/rfid.ino:168
              lcd.print("Sorry");
    3914:	80 ea       	ldi	r24, 0xA0	; 160
    3916:	92 e0       	ldi	r25, 0x02	; 2
    3918:	0e 94 be 0a 	call	0x157c	; 0x157c <Print::print(char const*) [clone .constprop.41]>
/home/oggy/Documents/arduinoprojects/padright_v1.5.1/rfid.ino:169
              lcd.setCursor(0, 1);
    391c:	61 e0       	ldi	r22, 0x01	; 1
    391e:	80 e0       	ldi	r24, 0x00	; 0
    3920:	0e 94 27 04 	call	0x84e	; 0x84e <LiquidCrystal::setCursor(unsigned char, unsigned char) [clone .constprop.24]>
/home/oggy/Documents/arduinoprojects/padright_v1.5.1/rfid.ino:170
              lcd.print("No Stocks");
    3924:	86 ea       	ldi	r24, 0xA6	; 166
    3926:	92 e0       	ldi	r25, 0x02	; 2
    3928:	ea cf       	rjmp	.-44     	; 0x38fe <main+0x1492>
/home/oggy/Documents/arduinoprojects/padright_v1.5.1/rfid.ino:177
            }
          }
        }
        else
        {
          lcd.clear();
    392a:	0e 94 7e 03 	call	0x6fc	; 0x6fc <LiquidCrystal::clear() [clone .constprop.47]>
/home/oggy/Documents/arduinoprojects/padright_v1.5.1/rfid.ino:178
          lcd.setCursor(0, 0);
    392e:	60 e0       	ldi	r22, 0x00	; 0
    3930:	80 e0       	ldi	r24, 0x00	; 0
    3932:	0e 94 27 04 	call	0x84e	; 0x84e <LiquidCrystal::setCursor(unsigned char, unsigned char) [clone .constprop.24]>
/home/oggy/Documents/arduinoprojects/padright_v1.5.1/rfid.ino:179
          lcd.print("Opps!");
    3936:	88 ef       	ldi	r24, 0xF8	; 248
    3938:	94 e0       	ldi	r25, 0x04	; 4
    393a:	0e 94 be 0a 	call	0x157c	; 0x157c <Print::print(char const*) [clone .constprop.41]>
/home/oggy/Documents/arduinoprojects/padright_v1.5.1/rfid.ino:180
          lcd.setCursor(0, 1);
    393e:	61 e0       	ldi	r22, 0x01	; 1
    3940:	80 e0       	ldi	r24, 0x00	; 0
    3942:	0e 94 27 04 	call	0x84e	; 0x84e <LiquidCrystal::setCursor(unsigned char, unsigned char) [clone .constprop.24]>
/home/oggy/Documents/arduinoprojects/padright_v1.5.1/rfid.ino:181
          lcd.print("Zero Balance");
    3946:	8e ef       	ldi	r24, 0xFE	; 254
    3948:	94 e0       	ldi	r25, 0x04	; 4
    394a:	d9 cf       	rjmp	.-78     	; 0x38fe <main+0x1492>
/home/oggy/Documents/arduinoprojects/padright_v1.5.1/rfid.ino:187
          warning();
        }
      }
      else
      {
        lcd.clear();
    394c:	0e 94 7e 03 	call	0x6fc	; 0x6fc <LiquidCrystal::clear() [clone .constprop.47]>
/home/oggy/Documents/arduinoprojects/padright_v1.5.1/rfid.ino:188
        lcd.setCursor(0, 0);
    3950:	60 e0       	ldi	r22, 0x00	; 0
    3952:	80 e0       	ldi	r24, 0x00	; 0
    3954:	0e 94 27 04 	call	0x84e	; 0x84e <LiquidCrystal::setCursor(unsigned char, unsigned char) [clone .constprop.24]>
/home/oggy/Documents/arduinoprojects/padright_v1.5.1/rfid.ino:189
        lcd.print("Error Reading");
    3958:	8b e0       	ldi	r24, 0x0B	; 11
    395a:	95 e0       	ldi	r25, 0x05	; 5
    395c:	0c cf       	rjmp	.-488    	; 0x3776 <main+0x130a>
loop():
/home/oggy/Documents/arduinoprojects/padright_v1.5.1/padright_v1.5.1.ino:187

void loop() {
  menuManagement();
  if (mType == RFID_MACHINE) {
    manageRFID();  // when machine is rfid type
  } else if (mType == CASH_MACHINE) {
    395e:	81 30       	cpi	r24, 0x01	; 1
    3960:	09 f0       	breq	.+2      	; 0x3964 <main+0x14f8>
    3962:	c8 cb       	rjmp	.-2160   	; 0x30f4 <main+0xc88>
/home/oggy/Documents/arduinoprojects/padright_v1.5.1/padright_v1.5.1.ino:189
    // disable cash acceptor when stock is out
    if (getStock() > 0 && state == 0) {
    3964:	0e 94 8a 09 	call	0x1314	; 0x1314 <getStock()>
    3968:	18 16       	cp	r1, r24
    396a:	19 06       	cpc	r1, r25
    396c:	0c f0       	brlt	.+2      	; 0x3970 <main+0x1504>
    396e:	04 c1       	rjmp	.+520    	; 0x3b78 <main+0x170c>
    3970:	80 91 1d 06 	lds	r24, 0x061D	; 0x80061d <state>
    3974:	90 91 1e 06 	lds	r25, 0x061E	; 0x80061e <state+0x1>
    3978:	89 2b       	or	r24, r25
    397a:	09 f0       	breq	.+2      	; 0x397e <main+0x1512>
    397c:	fd c0       	rjmp	.+506    	; 0x3b78 <main+0x170c>
/home/oggy/Documents/arduinoprojects/padright_v1.5.1/padright_v1.5.1.ino:190
      enableCashAcceptor();
    397e:	0e 94 19 09 	call	0x1232	; 0x1232 <enableCashAcceptor()>
mangaeCash():
/home/oggy/Documents/arduinoprojects/padright_v1.5.1/cashInterrupt.ino:15
    // lcd.setCursor(0, 0);
    // lcd.print(String(cashPulseCounter));
  }
}
void mangaeCash() {
  if (isInterrupt) {
    3982:	80 91 1c 06 	lds	r24, 0x061C	; 0x80061c <isInterrupt>
    3986:	88 23       	and	r24, r24
    3988:	09 f4       	brne	.+2      	; 0x398c <main+0x1520>
    398a:	b4 cb       	rjmp	.-2200   	; 0x30f4 <main+0xc88>
/home/oggy/Documents/arduinoprojects/padright_v1.5.1/cashInterrupt.ino:16
    disableCashAcceptor();
    398c:	0e 94 1d 09 	call	0x123a	; 0x123a <disableCashAcceptor()>
/home/oggy/Documents/arduinoprojects/padright_v1.5.1/cashInterrupt.ino:17
    previous_time2 = millis();
    3990:	0e 94 b3 01 	call	0x366	; 0x366 <millis>
    3994:	60 93 18 06 	sts	0x0618, r22	; 0x800618 <previous_time2>
    3998:	70 93 19 06 	sts	0x0619, r23	; 0x800619 <previous_time2+0x1>
    399c:	80 93 1a 06 	sts	0x061A, r24	; 0x80061a <previous_time2+0x2>
    39a0:	90 93 1b 06 	sts	0x061B, r25	; 0x80061b <previous_time2+0x3>
/home/oggy/Documents/arduinoprojects/padright_v1.5.1/cashInterrupt.ino:18
    totalCash = 0;
    39a4:	10 92 17 06 	sts	0x0617, r1	; 0x800617 <totalCash+0x1>
    39a8:	10 92 16 06 	sts	0x0616, r1	; 0x800616 <totalCash>
/home/oggy/Documents/arduinoprojects/padright_v1.5.1/cashInterrupt.ino:19
    while (millis() - previous_time2 < cashWaitTime) {
    39ac:	0e 94 b3 01 	call	0x366	; 0x366 <millis>
    39b0:	00 91 18 06 	lds	r16, 0x0618	; 0x800618 <previous_time2>
    39b4:	10 91 19 06 	lds	r17, 0x0619	; 0x800619 <previous_time2+0x1>
    39b8:	20 91 1a 06 	lds	r18, 0x061A	; 0x80061a <previous_time2+0x2>
    39bc:	30 91 1b 06 	lds	r19, 0x061B	; 0x80061b <previous_time2+0x3>
    39c0:	ab 01       	movw	r20, r22
    39c2:	bc 01       	movw	r22, r24
    39c4:	40 1b       	sub	r20, r16
    39c6:	51 0b       	sbc	r21, r17
    39c8:	62 0b       	sbc	r22, r18
    39ca:	73 0b       	sbc	r23, r19
    39cc:	80 91 17 01 	lds	r24, 0x0117	; 0x800117 <cashWaitTime>
    39d0:	90 91 18 01 	lds	r25, 0x0118	; 0x800118 <cashWaitTime+0x1>
    39d4:	09 2e       	mov	r0, r25
    39d6:	00 0c       	add	r0, r0
    39d8:	aa 0b       	sbc	r26, r26
    39da:	bb 0b       	sbc	r27, r27
    39dc:	48 17       	cp	r20, r24
    39de:	59 07       	cpc	r21, r25
    39e0:	6a 07       	cpc	r22, r26
    39e2:	7b 07       	cpc	r23, r27
    39e4:	08 f0       	brcs	.+2      	; 0x39e8 <main+0x157c>
    39e6:	9e c0       	rjmp	.+316    	; 0x3b24 <main+0x16b8>
/home/oggy/Documents/arduinoprojects/padright_v1.5.1/cashInterrupt.ino:20
      if (isInterrupt) {
    39e8:	80 91 1c 06 	lds	r24, 0x061C	; 0x80061c <isInterrupt>
    39ec:	88 23       	and	r24, r24
    39ee:	f1 f2       	breq	.-68     	; 0x39ac <main+0x1540>
/home/oggy/Documents/arduinoprojects/padright_v1.5.1/cashInterrupt.ino:21
        lcd.clear();
    39f0:	0e 94 7e 03 	call	0x6fc	; 0x6fc <LiquidCrystal::clear() [clone .constprop.47]>
/home/oggy/Documents/arduinoprojects/padright_v1.5.1/cashInterrupt.ino:22
        lcd.setCursor(0, 0);
    39f4:	60 e0       	ldi	r22, 0x00	; 0
    39f6:	80 e0       	ldi	r24, 0x00	; 0
    39f8:	0e 94 27 04 	call	0x84e	; 0x84e <LiquidCrystal::setCursor(unsigned char, unsigned char) [clone .constprop.24]>
/home/oggy/Documents/arduinoprojects/padright_v1.5.1/cashInterrupt.ino:23
        lcd.print("Receiving Cash");
    39fc:	89 e1       	ldi	r24, 0x19	; 25
    39fe:	95 e0       	ldi	r25, 0x05	; 5
    3a00:	0e 94 be 0a 	call	0x157c	; 0x157c <Print::print(char const*) [clone .constprop.41]>
/home/oggy/Documents/arduinoprojects/padright_v1.5.1/cashInterrupt.ino:24
        lcd.setCursor(0, 1);
    3a04:	61 e0       	ldi	r22, 0x01	; 1
    3a06:	80 e0       	ldi	r24, 0x00	; 0
    3a08:	0e 94 27 04 	call	0x84e	; 0x84e <LiquidCrystal::setCursor(unsigned char, unsigned char) [clone .constprop.24]>
/home/oggy/Documents/arduinoprojects/padright_v1.5.1/cashInterrupt.ino:25
        lcd.print("Please wait...");
    3a0c:	88 e2       	ldi	r24, 0x28	; 40
    3a0e:	95 e0       	ldi	r25, 0x05	; 5
    3a10:	0e 94 be 0a 	call	0x157c	; 0x157c <Print::print(char const*) [clone .constprop.41]>
/home/oggy/Documents/arduinoprojects/padright_v1.5.1/cashInterrupt.ino:26
        success(200);
    3a14:	88 ec       	ldi	r24, 0xC8	; 200
    3a16:	90 e0       	ldi	r25, 0x00	; 0
    3a18:	0e 94 77 09 	call	0x12ee	; 0x12ee <success(int)>
/home/oggy/Documents/arduinoprojects/padright_v1.5.1/cashInterrupt.ino:27
        delay(500);
    3a1c:	64 ef       	ldi	r22, 0xF4	; 244
    3a1e:	71 e0       	ldi	r23, 0x01	; 1
    3a20:	80 e0       	ldi	r24, 0x00	; 0
    3a22:	90 e0       	ldi	r25, 0x00	; 0
    3a24:	0e 94 80 01 	call	0x300	; 0x300 <delay>
/home/oggy/Documents/arduinoprojects/padright_v1.5.1/cashInterrupt.ino:28
        delay(1000);
    3a28:	68 ee       	ldi	r22, 0xE8	; 232
    3a2a:	73 e0       	ldi	r23, 0x03	; 3
    3a2c:	80 e0       	ldi	r24, 0x00	; 0
    3a2e:	90 e0       	ldi	r25, 0x00	; 0
    3a30:	0e 94 80 01 	call	0x300	; 0x300 <delay>
/home/oggy/Documents/arduinoprojects/padright_v1.5.1/cashInterrupt.ino:29
        isInterrupt = false;
    3a34:	10 92 1c 06 	sts	0x061C, r1	; 0x80061c <isInterrupt>
/home/oggy/Documents/arduinoprojects/padright_v1.5.1/cashInterrupt.ino:30
        if (isInterrupt)
    3a38:	80 91 1c 06 	lds	r24, 0x061C	; 0x80061c <isInterrupt>
    3a3c:	81 11       	cpse	r24, r1
    3a3e:	b6 cf       	rjmp	.-148    	; 0x39ac <main+0x1540>
/home/oggy/Documents/arduinoprojects/padright_v1.5.1/cashInterrupt.ino:32
          continue;
        currentCash = (int)(cashPulseCounter * cashPulseFactor);
    3a40:	60 91 14 06 	lds	r22, 0x0614	; 0x800614 <cashPulseCounter>
    3a44:	70 91 15 06 	lds	r23, 0x0615	; 0x800615 <cashPulseCounter+0x1>
    3a48:	07 2e       	mov	r0, r23
    3a4a:	00 0c       	add	r0, r0
    3a4c:	88 0b       	sbc	r24, r24
    3a4e:	99 0b       	sbc	r25, r25
    3a50:	0e 94 e4 1e 	call	0x3dc8	; 0x3dc8 <__floatsisf>
    3a54:	20 91 1c 07 	lds	r18, 0x071C	; 0x80071c <cashPulseFactor>
    3a58:	30 91 1d 07 	lds	r19, 0x071D	; 0x80071d <cashPulseFactor+0x1>
    3a5c:	40 91 1e 07 	lds	r20, 0x071E	; 0x80071e <cashPulseFactor+0x2>
    3a60:	50 91 1f 07 	lds	r21, 0x071F	; 0x80071f <cashPulseFactor+0x3>
    3a64:	0e 94 1f 1f 	call	0x3e3e	; 0x3e3e <__mulsf3>
    3a68:	0e 94 9c 20 	call	0x4138	; 0x4138 <__fixsfsi>
    3a6c:	8b 01       	movw	r16, r22
    3a6e:	70 93 13 06 	sts	0x0613, r23	; 0x800613 <currentCash+0x1>
    3a72:	60 93 12 06 	sts	0x0612, r22	; 0x800612 <currentCash>
/home/oggy/Documents/arduinoprojects/padright_v1.5.1/cashInterrupt.ino:33
        totalCash += currentCash;
    3a76:	20 91 16 06 	lds	r18, 0x0616	; 0x800616 <totalCash>
    3a7a:	30 91 17 06 	lds	r19, 0x0617	; 0x800617 <totalCash+0x1>
    3a7e:	c9 01       	movw	r24, r18
    3a80:	86 0f       	add	r24, r22
    3a82:	97 1f       	adc	r25, r23
    3a84:	90 93 17 06 	sts	0x0617, r25	; 0x800617 <totalCash+0x1>
    3a88:	80 93 16 06 	sts	0x0616, r24	; 0x800616 <totalCash>
/home/oggy/Documents/arduinoprojects/padright_v1.5.1/cashInterrupt.ino:34
        previous_time2 = millis();
    3a8c:	0e 94 b3 01 	call	0x366	; 0x366 <millis>
    3a90:	60 93 18 06 	sts	0x0618, r22	; 0x800618 <previous_time2>
    3a94:	70 93 19 06 	sts	0x0619, r23	; 0x800619 <previous_time2+0x1>
    3a98:	80 93 1a 06 	sts	0x061A, r24	; 0x80061a <previous_time2+0x2>
    3a9c:	90 93 1b 06 	sts	0x061B, r25	; 0x80061b <previous_time2+0x3>
/home/oggy/Documents/arduinoprojects/padright_v1.5.1/cashInterrupt.ino:35
        switch (currentCash) {
    3aa0:	09 31       	cpi	r16, 0x19	; 25
    3aa2:	11 05       	cpc	r17, r1
    3aa4:	09 f4       	brne	.+2      	; 0x3aa8 <main+0x163c>
    3aa6:	df c0       	rjmp	.+446    	; 0x3c66 <main+0x17fa>
    3aa8:	0c f0       	brlt	.+2      	; 0x3aac <main+0x1640>
    3aaa:	7a c0       	rjmp	.+244    	; 0x3ba0 <main+0x1734>
    3aac:	0a 30       	cpi	r16, 0x0A	; 10
    3aae:	11 05       	cpc	r17, r1
    3ab0:	09 f4       	brne	.+2      	; 0x3ab4 <main+0x1648>
    3ab2:	c7 c0       	rjmp	.+398    	; 0x3c42 <main+0x17d6>
    3ab4:	0c f0       	brlt	.+2      	; 0x3ab8 <main+0x164c>
    3ab6:	63 c0       	rjmp	.+198    	; 0x3b7e <main+0x1712>
    3ab8:	05 30       	cpi	r16, 0x05	; 5
    3aba:	11 05       	cpc	r17, r1
    3abc:	09 f4       	brne	.+2      	; 0x3ac0 <main+0x1654>
    3abe:	97 c0       	rjmp	.+302    	; 0x3bee <main+0x1782>
/home/oggy/Documents/arduinoprojects/padright_v1.5.1/cashInterrupt.ino:127
            lcd.print("Total: ");
            lcd.print(String(totalCash));
            cashPulseCounter = 0;
            break;
        }
        if (totalCash >= CASH_LIMIT) {
    3ac0:	20 91 16 06 	lds	r18, 0x0616	; 0x800616 <totalCash>
    3ac4:	30 91 17 06 	lds	r19, 0x0617	; 0x800617 <totalCash+0x1>
    3ac8:	80 91 15 01 	lds	r24, 0x0115	; 0x800115 <CASH_LIMIT>
    3acc:	90 91 16 01 	lds	r25, 0x0116	; 0x800116 <CASH_LIMIT+0x1>
    3ad0:	28 17       	cp	r18, r24
    3ad2:	39 07       	cpc	r19, r25
    3ad4:	0c f4       	brge	.+2      	; 0x3ad8 <main+0x166c>
    3ad6:	eb c0       	rjmp	.+470    	; 0x3cae <main+0x1842>
/home/oggy/Documents/arduinoprojects/padright_v1.5.1/cashInterrupt.ino:128
          delay(1000);
    3ad8:	68 ee       	ldi	r22, 0xE8	; 232
    3ada:	73 e0       	ldi	r23, 0x03	; 3
    3adc:	80 e0       	ldi	r24, 0x00	; 0
    3ade:	90 e0       	ldi	r25, 0x00	; 0
    3ae0:	0e 94 80 01 	call	0x300	; 0x300 <delay>
/home/oggy/Documents/arduinoprojects/padright_v1.5.1/cashInterrupt.ino:129
          lcd.clear();
    3ae4:	0e 94 7e 03 	call	0x6fc	; 0x6fc <LiquidCrystal::clear() [clone .constprop.47]>
/home/oggy/Documents/arduinoprojects/padright_v1.5.1/cashInterrupt.ino:130
          lcd.setCursor(0, 0);
    3ae8:	60 e0       	ldi	r22, 0x00	; 0
    3aea:	80 e0       	ldi	r24, 0x00	; 0
    3aec:	0e 94 27 04 	call	0x84e	; 0x84e <LiquidCrystal::setCursor(unsigned char, unsigned char) [clone .constprop.24]>
/home/oggy/Documents/arduinoprojects/padright_v1.5.1/cashInterrupt.ino:131
          lcd.print("Cash Limit");
    3af0:	8b eb       	ldi	r24, 0xBB	; 187
    3af2:	91 e0       	ldi	r25, 0x01	; 1
    3af4:	0e 94 be 0a 	call	0x157c	; 0x157c <Print::print(char const*) [clone .constprop.41]>
/home/oggy/Documents/arduinoprojects/padright_v1.5.1/cashInterrupt.ino:132
          lcd.setCursor(0, 1);
    3af8:	61 e0       	ldi	r22, 0x01	; 1
    3afa:	80 e0       	ldi	r24, 0x00	; 0
    3afc:	0e 94 27 04 	call	0x84e	; 0x84e <LiquidCrystal::setCursor(unsigned char, unsigned char) [clone .constprop.24]>
/home/oggy/Documents/arduinoprojects/padright_v1.5.1/cashInterrupt.ino:133
          lcd.print("Reached");
    3b00:	84 ed       	ldi	r24, 0xD4	; 212
    3b02:	95 e0       	ldi	r25, 0x05	; 5
    3b04:	0e 94 be 0a 	call	0x157c	; 0x157c <Print::print(char const*) [clone .constprop.41]>
/home/oggy/Documents/arduinoprojects/padright_v1.5.1/cashInterrupt.ino:134
          delay(1000);
    3b08:	68 ee       	ldi	r22, 0xE8	; 232
    3b0a:	73 e0       	ldi	r23, 0x03	; 3
    3b0c:	80 e0       	ldi	r24, 0x00	; 0
    3b0e:	90 e0       	ldi	r25, 0x00	; 0
    3b10:	0e 94 80 01 	call	0x300	; 0x300 <delay>
/home/oggy/Documents/arduinoprojects/padright_v1.5.1/cashInterrupt.ino:135
          totalCash = CASH_LIMIT;
    3b14:	80 91 15 01 	lds	r24, 0x0115	; 0x800115 <CASH_LIMIT>
    3b18:	90 91 16 01 	lds	r25, 0x0116	; 0x800116 <CASH_LIMIT+0x1>
    3b1c:	90 93 17 06 	sts	0x0617, r25	; 0x800617 <totalCash+0x1>
    3b20:	80 93 16 06 	sts	0x0616, r24	; 0x800616 <totalCash>
/home/oggy/Documents/arduinoprojects/padright_v1.5.1/cashInterrupt.ino:142
        } else {
          enableCashAcceptor();
        }
      }
    }
    disableCashAcceptor();
    3b24:	0e 94 1d 09 	call	0x123a	; 0x123a <disableCashAcceptor()>
/home/oggy/Documents/arduinoprojects/padright_v1.5.1/cashInterrupt.ino:143
    switch (totalCash) {
    3b28:	80 91 16 06 	lds	r24, 0x0616	; 0x800616 <totalCash>
    3b2c:	90 91 17 06 	lds	r25, 0x0617	; 0x800617 <totalCash+0x1>
    3b30:	89 31       	cpi	r24, 0x19	; 25
    3b32:	91 05       	cpc	r25, r1
    3b34:	09 f4       	brne	.+2      	; 0x3b38 <main+0x16cc>
    3b36:	05 c1       	rjmp	.+522    	; 0x3d42 <main+0x18d6>
    3b38:	0c f0       	brlt	.+2      	; 0x3b3c <main+0x16d0>
    3b3a:	c6 c0       	rjmp	.+396    	; 0x3cc8 <main+0x185c>
    3b3c:	8a 30       	cpi	r24, 0x0A	; 10
    3b3e:	91 05       	cpc	r25, r1
    3b40:	09 f4       	brne	.+2      	; 0x3b44 <main+0x16d8>
    3b42:	f9 c0       	rjmp	.+498    	; 0x3d36 <main+0x18ca>
    3b44:	0c f0       	brlt	.+2      	; 0x3b48 <main+0x16dc>
    3b46:	b6 c0       	rjmp	.+364    	; 0x3cb4 <main+0x1848>
    3b48:	05 97       	sbiw	r24, 0x05	; 5
    3b4a:	09 f4       	brne	.+2      	; 0x3b4e <main+0x16e2>
    3b4c:	d4 c0       	rjmp	.+424    	; 0x3cf6 <main+0x188a>
/home/oggy/Documents/arduinoprojects/padright_v1.5.1/cashInterrupt.ino:175
        break;
      case FIFTY_RUPEES:
        dispenseProduct(10);
        break;
      default:
        lcd.clear();
    3b4e:	0e 94 7e 03 	call	0x6fc	; 0x6fc <LiquidCrystal::clear() [clone .constprop.47]>
/home/oggy/Documents/arduinoprojects/padright_v1.5.1/cashInterrupt.ino:176
        lcd.setCursor(0, 0);
    3b52:	60 e0       	ldi	r22, 0x00	; 0
    3b54:	80 e0       	ldi	r24, 0x00	; 0
    3b56:	0e 94 27 04 	call	0x84e	; 0x84e <LiquidCrystal::setCursor(unsigned char, unsigned char) [clone .constprop.24]>
/home/oggy/Documents/arduinoprojects/padright_v1.5.1/cashInterrupt.ino:177
        lcd.print("Invalid Amount");
    3b5a:	8c ed       	ldi	r24, 0xDC	; 220
    3b5c:	95 e0       	ldi	r25, 0x05	; 5
    3b5e:	0e 94 be 0a 	call	0x157c	; 0x157c <Print::print(char const*) [clone .constprop.41]>
/home/oggy/Documents/arduinoprojects/padright_v1.5.1/cashInterrupt.ino:178
        lcd.setCursor(0, 0);
    3b62:	60 e0       	ldi	r22, 0x00	; 0
    3b64:	80 e0       	ldi	r24, 0x00	; 0
    3b66:	0e 94 27 04 	call	0x84e	; 0x84e <LiquidCrystal::setCursor(unsigned char, unsigned char) [clone .constprop.24]>
/home/oggy/Documents/arduinoprojects/padright_v1.5.1/cashInterrupt.ino:179
        lcd.print("Error!!");
    3b6a:	8b ee       	ldi	r24, 0xEB	; 235
    3b6c:	95 e0       	ldi	r25, 0x05	; 5
    3b6e:	0e 94 be 0a 	call	0x157c	; 0x157c <Print::print(char const*) [clone .constprop.41]>
/home/oggy/Documents/arduinoprojects/padright_v1.5.1/cashInterrupt.ino:180
        warning();
    3b72:	0e 94 41 09 	call	0x1282	; 0x1282 <warning()>
    3b76:	c3 c0       	rjmp	.+390    	; 0x3cfe <main+0x1892>
loop():
/home/oggy/Documents/arduinoprojects/padright_v1.5.1/padright_v1.5.1.ino:192
    } else {
      disableCashAcceptor();
    3b78:	0e 94 1d 09 	call	0x123a	; 0x123a <disableCashAcceptor()>
    3b7c:	02 cf       	rjmp	.-508    	; 0x3982 <main+0x1516>
mangaeCash():
/home/oggy/Documents/arduinoprojects/padright_v1.5.1/cashInterrupt.ino:35
        if (isInterrupt)
          continue;
        currentCash = (int)(cashPulseCounter * cashPulseFactor);
        totalCash += currentCash;
        previous_time2 = millis();
        switch (currentCash) {
    3b7e:	0f 30       	cpi	r16, 0x0F	; 15
    3b80:	11 05       	cpc	r17, r1
    3b82:	09 f4       	brne	.+2      	; 0x3b86 <main+0x171a>
    3b84:	67 c0       	rjmp	.+206    	; 0x3c54 <main+0x17e8>
    3b86:	04 31       	cpi	r16, 0x14	; 20
    3b88:	11 05       	cpc	r17, r1
    3b8a:	09 f0       	breq	.+2      	; 0x3b8e <main+0x1722>
    3b8c:	99 cf       	rjmp	.-206    	; 0x3ac0 <main+0x1654>
/home/oggy/Documents/arduinoprojects/padright_v1.5.1/cashInterrupt.ino:64
            lcd.print("Total: ");
            lcd.print(String(totalCash));
            cashPulseCounter = 0;
            break;
          case TWENTY_RUPEES:
            lcd.clear();
    3b8e:	0e 94 7e 03 	call	0x6fc	; 0x6fc <LiquidCrystal::clear() [clone .constprop.47]>
/home/oggy/Documents/arduinoprojects/padright_v1.5.1/cashInterrupt.ino:65
            lcd.setCursor(0, 0);
    3b92:	60 e0       	ldi	r22, 0x00	; 0
    3b94:	80 e0       	ldi	r24, 0x00	; 0
    3b96:	0e 94 27 04 	call	0x84e	; 0x84e <LiquidCrystal::setCursor(unsigned char, unsigned char) [clone .constprop.24]>
/home/oggy/Documents/arduinoprojects/padright_v1.5.1/cashInterrupt.ino:66
            lcd.print("Received Rs.20");
    3b9a:	8b e6       	ldi	r24, 0x6B	; 107
    3b9c:	95 e0       	ldi	r25, 0x05	; 5
    3b9e:	2f c0       	rjmp	.+94     	; 0x3bfe <main+0x1792>
/home/oggy/Documents/arduinoprojects/padright_v1.5.1/cashInterrupt.ino:35
        if (isInterrupt)
          continue;
        currentCash = (int)(cashPulseCounter * cashPulseFactor);
        totalCash += currentCash;
        previous_time2 = millis();
        switch (currentCash) {
    3ba0:	08 32       	cpi	r16, 0x28	; 40
    3ba2:	11 05       	cpc	r17, r1
    3ba4:	09 f4       	brne	.+2      	; 0x3ba8 <main+0x173c>
    3ba6:	71 c0       	rjmp	.+226    	; 0x3c8a <main+0x181e>
    3ba8:	8c f4       	brge	.+34     	; 0x3bcc <main+0x1760>
    3baa:	0e 31       	cpi	r16, 0x1E	; 30
    3bac:	11 05       	cpc	r17, r1
    3bae:	09 f4       	brne	.+2      	; 0x3bb2 <main+0x1746>
    3bb0:	63 c0       	rjmp	.+198    	; 0x3c78 <main+0x180c>
    3bb2:	03 32       	cpi	r16, 0x23	; 35
    3bb4:	11 05       	cpc	r17, r1
    3bb6:	09 f0       	breq	.+2      	; 0x3bba <main+0x174e>
    3bb8:	83 cf       	rjmp	.-250    	; 0x3ac0 <main+0x1654>
/home/oggy/Documents/arduinoprojects/padright_v1.5.1/cashInterrupt.ino:91
            lcd.print("Total: ");
            lcd.print(String(totalCash));
            cashPulseCounter = 0;
            break;
          case THITY_FIVE_RUPEES:
            lcd.clear();
    3bba:	0e 94 7e 03 	call	0x6fc	; 0x6fc <LiquidCrystal::clear() [clone .constprop.47]>
/home/oggy/Documents/arduinoprojects/padright_v1.5.1/cashInterrupt.ino:92
            lcd.setCursor(0, 0);
    3bbe:	60 e0       	ldi	r22, 0x00	; 0
    3bc0:	80 e0       	ldi	r24, 0x00	; 0
    3bc2:	0e 94 27 04 	call	0x84e	; 0x84e <LiquidCrystal::setCursor(unsigned char, unsigned char) [clone .constprop.24]>
/home/oggy/Documents/arduinoprojects/padright_v1.5.1/cashInterrupt.ino:93
            lcd.print("Received Rs.35");
    3bc6:	88 e9       	ldi	r24, 0x98	; 152
    3bc8:	95 e0       	ldi	r25, 0x05	; 5
    3bca:	19 c0       	rjmp	.+50     	; 0x3bfe <main+0x1792>
/home/oggy/Documents/arduinoprojects/padright_v1.5.1/cashInterrupt.ino:35
        if (isInterrupt)
          continue;
        currentCash = (int)(cashPulseCounter * cashPulseFactor);
        totalCash += currentCash;
        previous_time2 = millis();
        switch (currentCash) {
    3bcc:	0d 32       	cpi	r16, 0x2D	; 45
    3bce:	11 05       	cpc	r17, r1
    3bd0:	09 f4       	brne	.+2      	; 0x3bd4 <main+0x1768>
    3bd2:	64 c0       	rjmp	.+200    	; 0x3c9c <main+0x1830>
    3bd4:	02 33       	cpi	r16, 0x32	; 50
    3bd6:	11 05       	cpc	r17, r1
    3bd8:	09 f0       	breq	.+2      	; 0x3bdc <main+0x1770>
    3bda:	72 cf       	rjmp	.-284    	; 0x3ac0 <main+0x1654>
/home/oggy/Documents/arduinoprojects/padright_v1.5.1/cashInterrupt.ino:118
            lcd.print("Total: ");
            lcd.print(String(totalCash));
            cashPulseCounter = 0;
            break;
          case FIFTY_RUPEES:
            lcd.clear();
    3bdc:	0e 94 7e 03 	call	0x6fc	; 0x6fc <LiquidCrystal::clear() [clone .constprop.47]>
/home/oggy/Documents/arduinoprojects/padright_v1.5.1/cashInterrupt.ino:119
            lcd.setCursor(0, 0);
    3be0:	60 e0       	ldi	r22, 0x00	; 0
    3be2:	80 e0       	ldi	r24, 0x00	; 0
    3be4:	0e 94 27 04 	call	0x84e	; 0x84e <LiquidCrystal::setCursor(unsigned char, unsigned char) [clone .constprop.24]>
/home/oggy/Documents/arduinoprojects/padright_v1.5.1/cashInterrupt.ino:120
            lcd.print("Received Rs.50");
    3be8:	85 ec       	ldi	r24, 0xC5	; 197
    3bea:	95 e0       	ldi	r25, 0x05	; 5
    3bec:	08 c0       	rjmp	.+16     	; 0x3bfe <main+0x1792>
/home/oggy/Documents/arduinoprojects/padright_v1.5.1/cashInterrupt.ino:37
        currentCash = (int)(cashPulseCounter * cashPulseFactor);
        totalCash += currentCash;
        previous_time2 = millis();
        switch (currentCash) {
          case FIVE_RUPEES:
            lcd.clear();
    3bee:	0e 94 7e 03 	call	0x6fc	; 0x6fc <LiquidCrystal::clear() [clone .constprop.47]>
/home/oggy/Documents/arduinoprojects/padright_v1.5.1/cashInterrupt.ino:38
            lcd.setCursor(0, 0);
    3bf2:	60 e0       	ldi	r22, 0x00	; 0
    3bf4:	80 e0       	ldi	r24, 0x00	; 0
    3bf6:	0e 94 27 04 	call	0x84e	; 0x84e <LiquidCrystal::setCursor(unsigned char, unsigned char) [clone .constprop.24]>
/home/oggy/Documents/arduinoprojects/padright_v1.5.1/cashInterrupt.ino:39
            lcd.print("Received Rs.5");
    3bfa:	87 e3       	ldi	r24, 0x37	; 55
    3bfc:	95 e0       	ldi	r25, 0x05	; 5
/home/oggy/Documents/arduinoprojects/padright_v1.5.1/cashInterrupt.ino:120
            cashPulseCounter = 0;
            break;
          case FIFTY_RUPEES:
            lcd.clear();
            lcd.setCursor(0, 0);
            lcd.print("Received Rs.50");
    3bfe:	0e 94 be 0a 	call	0x157c	; 0x157c <Print::print(char const*) [clone .constprop.41]>
/home/oggy/Documents/arduinoprojects/padright_v1.5.1/cashInterrupt.ino:121
            lcd.setCursor(0, 1);
    3c02:	61 e0       	ldi	r22, 0x01	; 1
    3c04:	80 e0       	ldi	r24, 0x00	; 0
    3c06:	0e 94 27 04 	call	0x84e	; 0x84e <LiquidCrystal::setCursor(unsigned char, unsigned char) [clone .constprop.24]>
/home/oggy/Documents/arduinoprojects/padright_v1.5.1/cashInterrupt.ino:122
            lcd.print("Total: ");
    3c0a:	85 e4       	ldi	r24, 0x45	; 69
    3c0c:	95 e0       	ldi	r25, 0x05	; 5
    3c0e:	0e 94 be 0a 	call	0x157c	; 0x157c <Print::print(char const*) [clone .constprop.41]>
/home/oggy/Documents/arduinoprojects/padright_v1.5.1/cashInterrupt.ino:123
            lcd.print(String(totalCash));
    3c12:	60 91 16 06 	lds	r22, 0x0616	; 0x800616 <totalCash>
    3c16:	70 91 17 06 	lds	r23, 0x0617	; 0x800617 <totalCash+0x1>
    3c1a:	ce 01       	movw	r24, r28
    3c1c:	01 96       	adiw	r24, 0x01	; 1
    3c1e:	0e 94 9b 0d 	call	0x1b36	; 0x1b36 <String::String(int, unsigned char) [clone .constprop.19]>
    3c22:	be 01       	movw	r22, r28
    3c24:	6f 5f       	subi	r22, 0xFF	; 255
    3c26:	7f 4f       	sbci	r23, 0xFF	; 255
    3c28:	84 ef       	ldi	r24, 0xF4	; 244
    3c2a:	96 e0       	ldi	r25, 0x06	; 6
    3c2c:	0e 94 c0 01 	call	0x380	; 0x380 <Print::print(String const&)>
    3c30:	ce 01       	movw	r24, r28
    3c32:	01 96       	adiw	r24, 0x01	; 1
    3c34:	0e 94 37 0e 	call	0x1c6e	; 0x1c6e <String::~String()>
/home/oggy/Documents/arduinoprojects/padright_v1.5.1/cashInterrupt.ino:124
            cashPulseCounter = 0;
    3c38:	10 92 15 06 	sts	0x0615, r1	; 0x800615 <cashPulseCounter+0x1>
    3c3c:	10 92 14 06 	sts	0x0614, r1	; 0x800614 <cashPulseCounter>
    3c40:	3f cf       	rjmp	.-386    	; 0x3ac0 <main+0x1654>
/home/oggy/Documents/arduinoprojects/padright_v1.5.1/cashInterrupt.ino:46
            lcd.print("Total: ");
            lcd.print(String(totalCash));
            cashPulseCounter = 0;
            break;
          case TEN_RUPEES:
            lcd.clear();
    3c42:	0e 94 7e 03 	call	0x6fc	; 0x6fc <LiquidCrystal::clear() [clone .constprop.47]>
/home/oggy/Documents/arduinoprojects/padright_v1.5.1/cashInterrupt.ino:47
            lcd.setCursor(0, 0);
    3c46:	60 e0       	ldi	r22, 0x00	; 0
    3c48:	80 e0       	ldi	r24, 0x00	; 0
    3c4a:	0e 94 27 04 	call	0x84e	; 0x84e <LiquidCrystal::setCursor(unsigned char, unsigned char) [clone .constprop.24]>
/home/oggy/Documents/arduinoprojects/padright_v1.5.1/cashInterrupt.ino:48
            lcd.print("Received Rs.10");
    3c4e:	8d e4       	ldi	r24, 0x4D	; 77
    3c50:	95 e0       	ldi	r25, 0x05	; 5
    3c52:	d5 cf       	rjmp	.-86     	; 0x3bfe <main+0x1792>
/home/oggy/Documents/arduinoprojects/padright_v1.5.1/cashInterrupt.ino:55
            lcd.print("Total: ");
            lcd.print(String(totalCash));
            cashPulseCounter = 0;
            break;
          case FIFTEEN_RUPEES:
            lcd.clear();
    3c54:	0e 94 7e 03 	call	0x6fc	; 0x6fc <LiquidCrystal::clear() [clone .constprop.47]>
/home/oggy/Documents/arduinoprojects/padright_v1.5.1/cashInterrupt.ino:56
            lcd.setCursor(0, 0);
    3c58:	60 e0       	ldi	r22, 0x00	; 0
    3c5a:	80 e0       	ldi	r24, 0x00	; 0
    3c5c:	0e 94 27 04 	call	0x84e	; 0x84e <LiquidCrystal::setCursor(unsigned char, unsigned char) [clone .constprop.24]>
/home/oggy/Documents/arduinoprojects/padright_v1.5.1/cashInterrupt.ino:57
            lcd.print("Received Rs.15");
    3c60:	8c e5       	ldi	r24, 0x5C	; 92
    3c62:	95 e0       	ldi	r25, 0x05	; 5
    3c64:	cc cf       	rjmp	.-104    	; 0x3bfe <main+0x1792>
/home/oggy/Documents/arduinoprojects/padright_v1.5.1/cashInterrupt.ino:73
            lcd.print("Total: ");
            lcd.print(String(totalCash));
            cashPulseCounter = 0;
            break;
          case TWENTY_FIVE_RUPEES:
            lcd.clear();
    3c66:	0e 94 7e 03 	call	0x6fc	; 0x6fc <LiquidCrystal::clear() [clone .constprop.47]>
/home/oggy/Documents/arduinoprojects/padright_v1.5.1/cashInterrupt.ino:74
            lcd.setCursor(0, 0);
    3c6a:	60 e0       	ldi	r22, 0x00	; 0
    3c6c:	80 e0       	ldi	r24, 0x00	; 0
    3c6e:	0e 94 27 04 	call	0x84e	; 0x84e <LiquidCrystal::setCursor(unsigned char, unsigned char) [clone .constprop.24]>
/home/oggy/Documents/arduinoprojects/padright_v1.5.1/cashInterrupt.ino:75
            lcd.print("Received Rs.25");
    3c72:	8a e7       	ldi	r24, 0x7A	; 122
    3c74:	95 e0       	ldi	r25, 0x05	; 5
    3c76:	c3 cf       	rjmp	.-122    	; 0x3bfe <main+0x1792>
/home/oggy/Documents/arduinoprojects/padright_v1.5.1/cashInterrupt.ino:82
            lcd.print("Total: ");
            lcd.print(String(totalCash));
            cashPulseCounter = 0;
            break;
          case THIRTY_RUPEES:
            lcd.clear();
    3c78:	0e 94 7e 03 	call	0x6fc	; 0x6fc <LiquidCrystal::clear() [clone .constprop.47]>
/home/oggy/Documents/arduinoprojects/padright_v1.5.1/cashInterrupt.ino:83
            lcd.setCursor(0, 0);
    3c7c:	60 e0       	ldi	r22, 0x00	; 0
    3c7e:	80 e0       	ldi	r24, 0x00	; 0
    3c80:	0e 94 27 04 	call	0x84e	; 0x84e <LiquidCrystal::setCursor(unsigned char, unsigned char) [clone .constprop.24]>
/home/oggy/Documents/arduinoprojects/padright_v1.5.1/cashInterrupt.ino:84
            lcd.print("Received Rs.30");
    3c84:	89 e8       	ldi	r24, 0x89	; 137
    3c86:	95 e0       	ldi	r25, 0x05	; 5
    3c88:	ba cf       	rjmp	.-140    	; 0x3bfe <main+0x1792>
/home/oggy/Documents/arduinoprojects/padright_v1.5.1/cashInterrupt.ino:100
            lcd.print("Total: ");
            lcd.print(String(totalCash));
            cashPulseCounter = 0;
            break;
          case FOURTY_RUPEES:
            lcd.clear();
    3c8a:	0e 94 7e 03 	call	0x6fc	; 0x6fc <LiquidCrystal::clear() [clone .constprop.47]>
/home/oggy/Documents/arduinoprojects/padright_v1.5.1/cashInterrupt.ino:101
            lcd.setCursor(0, 0);
    3c8e:	60 e0       	ldi	r22, 0x00	; 0
    3c90:	80 e0       	ldi	r24, 0x00	; 0
    3c92:	0e 94 27 04 	call	0x84e	; 0x84e <LiquidCrystal::setCursor(unsigned char, unsigned char) [clone .constprop.24]>
/home/oggy/Documents/arduinoprojects/padright_v1.5.1/cashInterrupt.ino:102
            lcd.print("Received Rs.40");
    3c96:	87 ea       	ldi	r24, 0xA7	; 167
    3c98:	95 e0       	ldi	r25, 0x05	; 5
    3c9a:	b1 cf       	rjmp	.-158    	; 0x3bfe <main+0x1792>
/home/oggy/Documents/arduinoprojects/padright_v1.5.1/cashInterrupt.ino:109
            lcd.print("Total: ");
            lcd.print(String(totalCash));
            cashPulseCounter = 0;
            break;
          case FOURTY_FIVE_RUPEES:
            lcd.clear();
    3c9c:	0e 94 7e 03 	call	0x6fc	; 0x6fc <LiquidCrystal::clear() [clone .constprop.47]>
/home/oggy/Documents/arduinoprojects/padright_v1.5.1/cashInterrupt.ino:110
            lcd.setCursor(0, 0);
    3ca0:	60 e0       	ldi	r22, 0x00	; 0
    3ca2:	80 e0       	ldi	r24, 0x00	; 0
    3ca4:	0e 94 27 04 	call	0x84e	; 0x84e <LiquidCrystal::setCursor(unsigned char, unsigned char) [clone .constprop.24]>
/home/oggy/Documents/arduinoprojects/padright_v1.5.1/cashInterrupt.ino:111
            lcd.print("Received Rs.45");
    3ca8:	86 eb       	ldi	r24, 0xB6	; 182
    3caa:	95 e0       	ldi	r25, 0x05	; 5
    3cac:	a8 cf       	rjmp	.-176    	; 0x3bfe <main+0x1792>
/home/oggy/Documents/arduinoprojects/padright_v1.5.1/cashInterrupt.ino:138
          lcd.print("Reached");
          delay(1000);
          totalCash = CASH_LIMIT;
          break;
        } else {
          enableCashAcceptor();
    3cae:	0e 94 19 09 	call	0x1232	; 0x1232 <enableCashAcceptor()>
    3cb2:	7c ce       	rjmp	.-776    	; 0x39ac <main+0x1540>
/home/oggy/Documents/arduinoprojects/padright_v1.5.1/cashInterrupt.ino:143
        }
      }
    }
    disableCashAcceptor();
    switch (totalCash) {
    3cb4:	8f 30       	cpi	r24, 0x0F	; 15
    3cb6:	91 05       	cpc	r25, r1
    3cb8:	09 f4       	brne	.+2      	; 0x3cbc <main+0x1850>
    3cba:	40 c0       	rjmp	.+128    	; 0x3d3c <main+0x18d0>
    3cbc:	44 97       	sbiw	r24, 0x14	; 20
    3cbe:	09 f0       	breq	.+2      	; 0x3cc2 <main+0x1856>
    3cc0:	46 cf       	rjmp	.-372    	; 0x3b4e <main+0x16e2>
/home/oggy/Documents/arduinoprojects/padright_v1.5.1/cashInterrupt.ino:154
        break;
      case FIFTEEN_RUPEES:
        dispenseProduct(3);
        break;
      case TWENTY_RUPEES:
        dispenseProduct(4);
    3cc2:	84 e0       	ldi	r24, 0x04	; 4
    3cc4:	90 e0       	ldi	r25, 0x00	; 0
    3cc6:	19 c0       	rjmp	.+50     	; 0x3cfa <main+0x188e>
/home/oggy/Documents/arduinoprojects/padright_v1.5.1/cashInterrupt.ino:143
          enableCashAcceptor();
        }
      }
    }
    disableCashAcceptor();
    switch (totalCash) {
    3cc8:	88 32       	cpi	r24, 0x28	; 40
    3cca:	91 05       	cpc	r25, r1
    3ccc:	09 f4       	brne	.+2      	; 0x3cd0 <main+0x1864>
    3cce:	3f c0       	rjmp	.+126    	; 0x3d4e <main+0x18e2>
    3cd0:	4c f4       	brge	.+18     	; 0x3ce4 <main+0x1878>
    3cd2:	8e 31       	cpi	r24, 0x1E	; 30
    3cd4:	91 05       	cpc	r25, r1
    3cd6:	c1 f1       	breq	.+112    	; 0x3d48 <main+0x18dc>
    3cd8:	83 97       	sbiw	r24, 0x23	; 35
    3cda:	09 f0       	breq	.+2      	; 0x3cde <main+0x1872>
    3cdc:	38 cf       	rjmp	.-400    	; 0x3b4e <main+0x16e2>
/home/oggy/Documents/arduinoprojects/padright_v1.5.1/cashInterrupt.ino:163
        break;
      case THIRTY_RUPEES:
        dispenseProduct(6);
        break;
      case THITY_FIVE_RUPEES:
        dispenseProduct(7);
    3cde:	87 e0       	ldi	r24, 0x07	; 7
    3ce0:	90 e0       	ldi	r25, 0x00	; 0
    3ce2:	0b c0       	rjmp	.+22     	; 0x3cfa <main+0x188e>
/home/oggy/Documents/arduinoprojects/padright_v1.5.1/cashInterrupt.ino:143
          enableCashAcceptor();
        }
      }
    }
    disableCashAcceptor();
    switch (totalCash) {
    3ce4:	8d 32       	cpi	r24, 0x2D	; 45
    3ce6:	91 05       	cpc	r25, r1
    3ce8:	a9 f1       	breq	.+106    	; 0x3d54 <main+0x18e8>
    3cea:	c2 97       	sbiw	r24, 0x32	; 50
    3cec:	09 f0       	breq	.+2      	; 0x3cf0 <main+0x1884>
    3cee:	2f cf       	rjmp	.-418    	; 0x3b4e <main+0x16e2>
/home/oggy/Documents/arduinoprojects/padright_v1.5.1/cashInterrupt.ino:172
        break;
      case FOURTY_FIVE_RUPEES:
        dispenseProduct(9);
        break;
      case FIFTY_RUPEES:
        dispenseProduct(10);
    3cf0:	8a e0       	ldi	r24, 0x0A	; 10
    3cf2:	90 e0       	ldi	r25, 0x00	; 0
    3cf4:	02 c0       	rjmp	.+4      	; 0x3cfa <main+0x188e>
/home/oggy/Documents/arduinoprojects/padright_v1.5.1/cashInterrupt.ino:145
      }
    }
    disableCashAcceptor();
    switch (totalCash) {
      case FIVE_RUPEES:
        dispenseProduct(1);
    3cf6:	81 e0       	ldi	r24, 0x01	; 1
    3cf8:	90 e0       	ldi	r25, 0x00	; 0
/home/oggy/Documents/arduinoprojects/padright_v1.5.1/cashInterrupt.ino:148
        break;
      case TEN_RUPEES:
        dispenseProduct(2);
    3cfa:	0e 94 c7 0f 	call	0x1f8e	; 0x1f8e <dispenseProduct(int)>
/home/oggy/Documents/arduinoprojects/padright_v1.5.1/cashInterrupt.ino:183
        lcd.setCursor(0, 0);
        lcd.print("Error!!");
        warning();
        break;
    }
    currentCash = 0;
    3cfe:	10 92 13 06 	sts	0x0613, r1	; 0x800613 <currentCash+0x1>
    3d02:	10 92 12 06 	sts	0x0612, r1	; 0x800612 <currentCash>
/home/oggy/Documents/arduinoprojects/padright_v1.5.1/cashInterrupt.ino:184
    totalCash = 0;
    3d06:	10 92 17 06 	sts	0x0617, r1	; 0x800617 <totalCash+0x1>
    3d0a:	10 92 16 06 	sts	0x0616, r1	; 0x800616 <totalCash>
/home/oggy/Documents/arduinoprojects/padright_v1.5.1/cashInterrupt.ino:185
    cashPulseCounter = 0;
    3d0e:	10 92 15 06 	sts	0x0615, r1	; 0x800615 <cashPulseCounter+0x1>
    3d12:	10 92 14 06 	sts	0x0614, r1	; 0x800614 <cashPulseCounter>
/home/oggy/Documents/arduinoprojects/padright_v1.5.1/cashInterrupt.ino:186
    enableCashAcceptor();
    3d16:	0e 94 19 09 	call	0x1232	; 0x1232 <enableCashAcceptor()>
/home/oggy/Documents/arduinoprojects/padright_v1.5.1/cashInterrupt.ino:187
    isInterrupt = false;
    3d1a:	10 92 1c 06 	sts	0x061C, r1	; 0x80061c <isInterrupt>
/home/oggy/Documents/arduinoprojects/padright_v1.5.1/cashInterrupt.ino:188
    state = 0;
    3d1e:	10 92 1e 06 	sts	0x061E, r1	; 0x80061e <state+0x1>
    3d22:	10 92 1d 06 	sts	0x061D, r1	; 0x80061d <state>
/home/oggy/Documents/arduinoprojects/padright_v1.5.1/cashInterrupt.ino:189
    status = 'n';
    3d26:	d0 92 14 01 	sts	0x0114, r13	; 0x800114 <status>
/home/oggy/Documents/arduinoprojects/padright_v1.5.1/cashInterrupt.ino:190
    changeDone = true;
    3d2a:	81 e0       	ldi	r24, 0x01	; 1
    3d2c:	80 93 13 01 	sts	0x0113, r24	; 0x800113 <changeDone>
/home/oggy/Documents/arduinoprojects/padright_v1.5.1/cashInterrupt.ino:191
    menu();
    3d30:	0e 94 87 0b 	call	0x170e	; 0x170e <menu()>
    3d34:	df c9       	rjmp	.-3138   	; 0x30f4 <main+0xc88>
/home/oggy/Documents/arduinoprojects/padright_v1.5.1/cashInterrupt.ino:148
    switch (totalCash) {
      case FIVE_RUPEES:
        dispenseProduct(1);
        break;
      case TEN_RUPEES:
        dispenseProduct(2);
    3d36:	82 e0       	ldi	r24, 0x02	; 2
    3d38:	90 e0       	ldi	r25, 0x00	; 0
    3d3a:	df cf       	rjmp	.-66     	; 0x3cfa <main+0x188e>
/home/oggy/Documents/arduinoprojects/padright_v1.5.1/cashInterrupt.ino:151
        break;
      case FIFTEEN_RUPEES:
        dispenseProduct(3);
    3d3c:	83 e0       	ldi	r24, 0x03	; 3
    3d3e:	90 e0       	ldi	r25, 0x00	; 0
    3d40:	dc cf       	rjmp	.-72     	; 0x3cfa <main+0x188e>
/home/oggy/Documents/arduinoprojects/padright_v1.5.1/cashInterrupt.ino:157
        break;
      case TWENTY_RUPEES:
        dispenseProduct(4);
        break;
      case TWENTY_FIVE_RUPEES:
        dispenseProduct(5);
    3d42:	85 e0       	ldi	r24, 0x05	; 5
    3d44:	90 e0       	ldi	r25, 0x00	; 0
    3d46:	d9 cf       	rjmp	.-78     	; 0x3cfa <main+0x188e>
/home/oggy/Documents/arduinoprojects/padright_v1.5.1/cashInterrupt.ino:160
        break;
      case THIRTY_RUPEES:
        dispenseProduct(6);
    3d48:	86 e0       	ldi	r24, 0x06	; 6
    3d4a:	90 e0       	ldi	r25, 0x00	; 0
    3d4c:	d6 cf       	rjmp	.-84     	; 0x3cfa <main+0x188e>
/home/oggy/Documents/arduinoprojects/padright_v1.5.1/cashInterrupt.ino:166
        break;
      case THITY_FIVE_RUPEES:
        dispenseProduct(7);
        break;
      case FOURTY_RUPEES:
        dispenseProduct(8);
    3d4e:	88 e0       	ldi	r24, 0x08	; 8
    3d50:	90 e0       	ldi	r25, 0x00	; 0
    3d52:	d3 cf       	rjmp	.-90     	; 0x3cfa <main+0x188e>
/home/oggy/Documents/arduinoprojects/padright_v1.5.1/cashInterrupt.ino:169
        break;
      case FOURTY_FIVE_RUPEES:
        dispenseProduct(9);
    3d54:	89 e0       	ldi	r24, 0x09	; 9
    3d56:	90 e0       	ldi	r25, 0x00	; 0
    3d58:	d0 cf       	rjmp	.-96     	; 0x3cfa <main+0x188e>

00003d5a <__itoa_ncheck>:
__itoa_ncheck():
    3d5a:	bb 27       	eor	r27, r27
    3d5c:	4a 30       	cpi	r20, 0x0A	; 10
    3d5e:	31 f4       	brne	.+12     	; 0x3d6c <__itoa_ncheck+0x12>
    3d60:	99 23       	and	r25, r25
    3d62:	22 f4       	brpl	.+8      	; 0x3d6c <__itoa_ncheck+0x12>
    3d64:	bd e2       	ldi	r27, 0x2D	; 45
    3d66:	90 95       	com	r25
    3d68:	81 95       	neg	r24
    3d6a:	9f 4f       	sbci	r25, 0xFF	; 255
    3d6c:	0c 94 b9 1e 	jmp	0x3d72	; 0x3d72 <__utoa_common>

00003d70 <__utoa_ncheck>:
__utoa_ncheck():
    3d70:	bb 27       	eor	r27, r27

00003d72 <__utoa_common>:
    3d72:	fb 01       	movw	r30, r22
    3d74:	55 27       	eor	r21, r21
    3d76:	aa 27       	eor	r26, r26
    3d78:	88 0f       	add	r24, r24
    3d7a:	99 1f       	adc	r25, r25
    3d7c:	aa 1f       	adc	r26, r26
    3d7e:	a4 17       	cp	r26, r20
    3d80:	10 f0       	brcs	.+4      	; 0x3d86 <__utoa_common+0x14>
    3d82:	a4 1b       	sub	r26, r20
    3d84:	83 95       	inc	r24
    3d86:	50 51       	subi	r21, 0x10	; 16
    3d88:	b9 f7       	brne	.-18     	; 0x3d78 <__utoa_common+0x6>
    3d8a:	a0 5d       	subi	r26, 0xD0	; 208
    3d8c:	aa 33       	cpi	r26, 0x3A	; 58
    3d8e:	08 f0       	brcs	.+2      	; 0x3d92 <__utoa_common+0x20>
    3d90:	a9 5d       	subi	r26, 0xD9	; 217
    3d92:	a1 93       	st	Z+, r26
    3d94:	00 97       	sbiw	r24, 0x00	; 0
    3d96:	79 f7       	brne	.-34     	; 0x3d76 <__utoa_common+0x4>
    3d98:	b1 11       	cpse	r27, r1
    3d9a:	b1 93       	st	Z+, r27
    3d9c:	11 92       	st	Z+, r1
    3d9e:	cb 01       	movw	r24, r22
    3da0:	0c 94 d2 1e 	jmp	0x3da4	; 0x3da4 <strrev>

00003da4 <strrev>:
strrev():
    3da4:	dc 01       	movw	r26, r24
    3da6:	fc 01       	movw	r30, r24
    3da8:	67 2f       	mov	r22, r23
    3daa:	71 91       	ld	r23, Z+
    3dac:	77 23       	and	r23, r23
    3dae:	e1 f7       	brne	.-8      	; 0x3da8 <strrev+0x4>
    3db0:	32 97       	sbiw	r30, 0x02	; 2
    3db2:	04 c0       	rjmp	.+8      	; 0x3dbc <strrev+0x18>
    3db4:	7c 91       	ld	r23, X
    3db6:	6d 93       	st	X+, r22
    3db8:	70 83       	st	Z, r23
    3dba:	62 91       	ld	r22, -Z
    3dbc:	ae 17       	cp	r26, r30
    3dbe:	bf 07       	cpc	r27, r31
    3dc0:	c8 f3       	brcs	.-14     	; 0x3db4 <strrev+0x10>
    3dc2:	08 95       	ret

00003dc4 <__floatunsisf>:
__floatunsisf():
    3dc4:	e8 94       	clt
    3dc6:	09 c0       	rjmp	.+18     	; 0x3dda <__floatsisf+0x12>

00003dc8 <__floatsisf>:
    3dc8:	97 fb       	bst	r25, 7
    3dca:	3e f4       	brtc	.+14     	; 0x3dda <__floatsisf+0x12>
    3dcc:	90 95       	com	r25
    3dce:	80 95       	com	r24
    3dd0:	70 95       	com	r23
    3dd2:	61 95       	neg	r22
    3dd4:	7f 4f       	sbci	r23, 0xFF	; 255
    3dd6:	8f 4f       	sbci	r24, 0xFF	; 255
    3dd8:	9f 4f       	sbci	r25, 0xFF	; 255
    3dda:	99 23       	and	r25, r25
    3ddc:	a9 f0       	breq	.+42     	; 0x3e08 <__floatsisf+0x40>
    3dde:	f9 2f       	mov	r31, r25
    3de0:	96 e9       	ldi	r25, 0x96	; 150
    3de2:	bb 27       	eor	r27, r27
    3de4:	93 95       	inc	r25
    3de6:	f6 95       	lsr	r31
    3de8:	87 95       	ror	r24
    3dea:	77 95       	ror	r23
    3dec:	67 95       	ror	r22
    3dee:	b7 95       	ror	r27
    3df0:	f1 11       	cpse	r31, r1
    3df2:	f8 cf       	rjmp	.-16     	; 0x3de4 <__floatsisf+0x1c>
    3df4:	fa f4       	brpl	.+62     	; 0x3e34 <__floatsisf+0x6c>
    3df6:	bb 0f       	add	r27, r27
    3df8:	11 f4       	brne	.+4      	; 0x3dfe <__floatsisf+0x36>
    3dfa:	60 ff       	sbrs	r22, 0
    3dfc:	1b c0       	rjmp	.+54     	; 0x3e34 <__floatsisf+0x6c>
    3dfe:	6f 5f       	subi	r22, 0xFF	; 255
    3e00:	7f 4f       	sbci	r23, 0xFF	; 255
    3e02:	8f 4f       	sbci	r24, 0xFF	; 255
    3e04:	9f 4f       	sbci	r25, 0xFF	; 255
    3e06:	16 c0       	rjmp	.+44     	; 0x3e34 <__floatsisf+0x6c>
    3e08:	88 23       	and	r24, r24
    3e0a:	11 f0       	breq	.+4      	; 0x3e10 <__floatsisf+0x48>
    3e0c:	96 e9       	ldi	r25, 0x96	; 150
    3e0e:	11 c0       	rjmp	.+34     	; 0x3e32 <__floatsisf+0x6a>
    3e10:	77 23       	and	r23, r23
    3e12:	21 f0       	breq	.+8      	; 0x3e1c <__floatsisf+0x54>
    3e14:	9e e8       	ldi	r25, 0x8E	; 142
    3e16:	87 2f       	mov	r24, r23
    3e18:	76 2f       	mov	r23, r22
    3e1a:	05 c0       	rjmp	.+10     	; 0x3e26 <__floatsisf+0x5e>
    3e1c:	66 23       	and	r22, r22
    3e1e:	71 f0       	breq	.+28     	; 0x3e3c <__floatsisf+0x74>
    3e20:	96 e8       	ldi	r25, 0x86	; 134
    3e22:	86 2f       	mov	r24, r22
    3e24:	70 e0       	ldi	r23, 0x00	; 0
    3e26:	60 e0       	ldi	r22, 0x00	; 0
    3e28:	2a f0       	brmi	.+10     	; 0x3e34 <__floatsisf+0x6c>
    3e2a:	9a 95       	dec	r25
    3e2c:	66 0f       	add	r22, r22
    3e2e:	77 1f       	adc	r23, r23
    3e30:	88 1f       	adc	r24, r24
    3e32:	da f7       	brpl	.-10     	; 0x3e2a <__floatsisf+0x62>
    3e34:	88 0f       	add	r24, r24
    3e36:	96 95       	lsr	r25
    3e38:	87 95       	ror	r24
    3e3a:	97 f9       	bld	r25, 7
    3e3c:	08 95       	ret

00003e3e <__mulsf3>:
__mulsf3():
    3e3e:	0e 94 32 1f 	call	0x3e64	; 0x3e64 <__mulsf3x>
    3e42:	0c 94 a3 1f 	jmp	0x3f46	; 0x3f46 <__fp_round>
    3e46:	0e 94 95 1f 	call	0x3f2a	; 0x3f2a <__fp_pscA>
    3e4a:	38 f0       	brcs	.+14     	; 0x3e5a <__mulsf3+0x1c>
    3e4c:	0e 94 9c 1f 	call	0x3f38	; 0x3f38 <__fp_pscB>
    3e50:	20 f0       	brcs	.+8      	; 0x3e5a <__mulsf3+0x1c>
    3e52:	95 23       	and	r25, r21
    3e54:	11 f0       	breq	.+4      	; 0x3e5a <__mulsf3+0x1c>
    3e56:	0c 94 8c 1f 	jmp	0x3f18	; 0x3f18 <__fp_inf>
    3e5a:	0c 94 92 1f 	jmp	0x3f24	; 0x3f24 <__fp_nan>
    3e5e:	11 24       	eor	r1, r1
    3e60:	0c 94 d7 1f 	jmp	0x3fae	; 0x3fae <__fp_szero>

00003e64 <__mulsf3x>:
__mulsf3x():
    3e64:	0e 94 b4 1f 	call	0x3f68	; 0x3f68 <__fp_split3>
    3e68:	70 f3       	brcs	.-36     	; 0x3e46 <__mulsf3+0x8>

00003e6a <__mulsf3_pse>:
    3e6a:	95 9f       	mul	r25, r21
    3e6c:	c1 f3       	breq	.-16     	; 0x3e5e <__mulsf3+0x20>
    3e6e:	95 0f       	add	r25, r21
    3e70:	50 e0       	ldi	r21, 0x00	; 0
    3e72:	55 1f       	adc	r21, r21
    3e74:	62 9f       	mul	r22, r18
    3e76:	f0 01       	movw	r30, r0
    3e78:	72 9f       	mul	r23, r18
    3e7a:	bb 27       	eor	r27, r27
    3e7c:	f0 0d       	add	r31, r0
    3e7e:	b1 1d       	adc	r27, r1
    3e80:	63 9f       	mul	r22, r19
    3e82:	aa 27       	eor	r26, r26
    3e84:	f0 0d       	add	r31, r0
    3e86:	b1 1d       	adc	r27, r1
    3e88:	aa 1f       	adc	r26, r26
    3e8a:	64 9f       	mul	r22, r20
    3e8c:	66 27       	eor	r22, r22
    3e8e:	b0 0d       	add	r27, r0
    3e90:	a1 1d       	adc	r26, r1
    3e92:	66 1f       	adc	r22, r22
    3e94:	82 9f       	mul	r24, r18
    3e96:	22 27       	eor	r18, r18
    3e98:	b0 0d       	add	r27, r0
    3e9a:	a1 1d       	adc	r26, r1
    3e9c:	62 1f       	adc	r22, r18
    3e9e:	73 9f       	mul	r23, r19
    3ea0:	b0 0d       	add	r27, r0
    3ea2:	a1 1d       	adc	r26, r1
    3ea4:	62 1f       	adc	r22, r18
    3ea6:	83 9f       	mul	r24, r19
    3ea8:	a0 0d       	add	r26, r0
    3eaa:	61 1d       	adc	r22, r1
    3eac:	22 1f       	adc	r18, r18
    3eae:	74 9f       	mul	r23, r20
    3eb0:	33 27       	eor	r19, r19
    3eb2:	a0 0d       	add	r26, r0
    3eb4:	61 1d       	adc	r22, r1
    3eb6:	23 1f       	adc	r18, r19
    3eb8:	84 9f       	mul	r24, r20
    3eba:	60 0d       	add	r22, r0
    3ebc:	21 1d       	adc	r18, r1
    3ebe:	82 2f       	mov	r24, r18
    3ec0:	76 2f       	mov	r23, r22
    3ec2:	6a 2f       	mov	r22, r26
    3ec4:	11 24       	eor	r1, r1
    3ec6:	9f 57       	subi	r25, 0x7F	; 127
    3ec8:	50 40       	sbci	r21, 0x00	; 0
    3eca:	9a f0       	brmi	.+38     	; 0x3ef2 <__mulsf3_pse+0x88>
    3ecc:	f1 f0       	breq	.+60     	; 0x3f0a <__mulsf3_pse+0xa0>
    3ece:	88 23       	and	r24, r24
    3ed0:	4a f0       	brmi	.+18     	; 0x3ee4 <__mulsf3_pse+0x7a>
    3ed2:	ee 0f       	add	r30, r30
    3ed4:	ff 1f       	adc	r31, r31
    3ed6:	bb 1f       	adc	r27, r27
    3ed8:	66 1f       	adc	r22, r22
    3eda:	77 1f       	adc	r23, r23
    3edc:	88 1f       	adc	r24, r24
    3ede:	91 50       	subi	r25, 0x01	; 1
    3ee0:	50 40       	sbci	r21, 0x00	; 0
    3ee2:	a9 f7       	brne	.-22     	; 0x3ece <__mulsf3_pse+0x64>
    3ee4:	9e 3f       	cpi	r25, 0xFE	; 254
    3ee6:	51 05       	cpc	r21, r1
    3ee8:	80 f0       	brcs	.+32     	; 0x3f0a <__mulsf3_pse+0xa0>
    3eea:	0c 94 8c 1f 	jmp	0x3f18	; 0x3f18 <__fp_inf>
    3eee:	0c 94 d7 1f 	jmp	0x3fae	; 0x3fae <__fp_szero>
    3ef2:	5f 3f       	cpi	r21, 0xFF	; 255
    3ef4:	e4 f3       	brlt	.-8      	; 0x3eee <__mulsf3_pse+0x84>
    3ef6:	98 3e       	cpi	r25, 0xE8	; 232
    3ef8:	d4 f3       	brlt	.-12     	; 0x3eee <__mulsf3_pse+0x84>
    3efa:	86 95       	lsr	r24
    3efc:	77 95       	ror	r23
    3efe:	67 95       	ror	r22
    3f00:	b7 95       	ror	r27
    3f02:	f7 95       	ror	r31
    3f04:	e7 95       	ror	r30
    3f06:	9f 5f       	subi	r25, 0xFF	; 255
    3f08:	c1 f7       	brne	.-16     	; 0x3efa <__mulsf3_pse+0x90>
    3f0a:	fe 2b       	or	r31, r30
    3f0c:	88 0f       	add	r24, r24
    3f0e:	91 1d       	adc	r25, r1
    3f10:	96 95       	lsr	r25
    3f12:	87 95       	ror	r24
    3f14:	97 f9       	bld	r25, 7
    3f16:	08 95       	ret

00003f18 <__fp_inf>:
    3f18:	97 f9       	bld	r25, 7
    3f1a:	9f 67       	ori	r25, 0x7F	; 127
    3f1c:	80 e8       	ldi	r24, 0x80	; 128
    3f1e:	70 e0       	ldi	r23, 0x00	; 0
    3f20:	60 e0       	ldi	r22, 0x00	; 0
    3f22:	08 95       	ret

00003f24 <__fp_nan>:
    3f24:	9f ef       	ldi	r25, 0xFF	; 255
    3f26:	80 ec       	ldi	r24, 0xC0	; 192
    3f28:	08 95       	ret

00003f2a <__fp_pscA>:
    3f2a:	00 24       	eor	r0, r0
    3f2c:	0a 94       	dec	r0
    3f2e:	16 16       	cp	r1, r22
    3f30:	17 06       	cpc	r1, r23
    3f32:	18 06       	cpc	r1, r24
    3f34:	09 06       	cpc	r0, r25
__fp_pscA():
    3f36:	08 95       	ret

00003f38 <__fp_pscB>:
__fp_pscB():
    3f38:	00 24       	eor	r0, r0
    3f3a:	0a 94       	dec	r0
    3f3c:	12 16       	cp	r1, r18
    3f3e:	13 06       	cpc	r1, r19
    3f40:	14 06       	cpc	r1, r20
    3f42:	05 06       	cpc	r0, r21
    3f44:	08 95       	ret

00003f46 <__fp_round>:
__fp_round():
    3f46:	09 2e       	mov	r0, r25
    3f48:	03 94       	inc	r0
    3f4a:	00 0c       	add	r0, r0
    3f4c:	11 f4       	brne	.+4      	; 0x3f52 <__fp_round+0xc>
    3f4e:	88 23       	and	r24, r24
    3f50:	52 f0       	brmi	.+20     	; 0x3f66 <__fp_round+0x20>
    3f52:	bb 0f       	add	r27, r27
    3f54:	40 f4       	brcc	.+16     	; 0x3f66 <__fp_round+0x20>
    3f56:	bf 2b       	or	r27, r31
    3f58:	11 f4       	brne	.+4      	; 0x3f5e <__fp_round+0x18>
    3f5a:	60 ff       	sbrs	r22, 0
    3f5c:	04 c0       	rjmp	.+8      	; 0x3f66 <__fp_round+0x20>
    3f5e:	6f 5f       	subi	r22, 0xFF	; 255
    3f60:	7f 4f       	sbci	r23, 0xFF	; 255
    3f62:	8f 4f       	sbci	r24, 0xFF	; 255
    3f64:	9f 4f       	sbci	r25, 0xFF	; 255
    3f66:	08 95       	ret

00003f68 <__fp_split3>:
__fp_split3():
    3f68:	57 fd       	sbrc	r21, 7
    3f6a:	90 58       	subi	r25, 0x80	; 128
    3f6c:	44 0f       	add	r20, r20
    3f6e:	55 1f       	adc	r21, r21
    3f70:	59 f0       	breq	.+22     	; 0x3f88 <__fp_splitA+0x10>
    3f72:	5f 3f       	cpi	r21, 0xFF	; 255
    3f74:	71 f0       	breq	.+28     	; 0x3f92 <__fp_splitA+0x1a>
    3f76:	47 95       	ror	r20

00003f78 <__fp_splitA>:
    3f78:	88 0f       	add	r24, r24
    3f7a:	97 fb       	bst	r25, 7
    3f7c:	99 1f       	adc	r25, r25
    3f7e:	61 f0       	breq	.+24     	; 0x3f98 <__fp_splitA+0x20>
    3f80:	9f 3f       	cpi	r25, 0xFF	; 255
    3f82:	79 f0       	breq	.+30     	; 0x3fa2 <__fp_splitA+0x2a>
    3f84:	87 95       	ror	r24
    3f86:	08 95       	ret
    3f88:	12 16       	cp	r1, r18
    3f8a:	13 06       	cpc	r1, r19
    3f8c:	14 06       	cpc	r1, r20
    3f8e:	55 1f       	adc	r21, r21
    3f90:	f2 cf       	rjmp	.-28     	; 0x3f76 <__fp_split3+0xe>
    3f92:	46 95       	lsr	r20
    3f94:	f1 df       	rcall	.-30     	; 0x3f78 <__fp_splitA>
    3f96:	08 c0       	rjmp	.+16     	; 0x3fa8 <__fp_splitA+0x30>
    3f98:	16 16       	cp	r1, r22
    3f9a:	17 06       	cpc	r1, r23
    3f9c:	18 06       	cpc	r1, r24
    3f9e:	99 1f       	adc	r25, r25
    3fa0:	f1 cf       	rjmp	.-30     	; 0x3f84 <__fp_splitA+0xc>
    3fa2:	86 95       	lsr	r24
    3fa4:	71 05       	cpc	r23, r1
    3fa6:	61 05       	cpc	r22, r1
    3fa8:	08 94       	sec
    3faa:	08 95       	ret

00003fac <__fp_zero>:
__fp_zero():
    3fac:	e8 94       	clt

00003fae <__fp_szero>:
    3fae:	bb 27       	eor	r27, r27
    3fb0:	66 27       	eor	r22, r22
    3fb2:	77 27       	eor	r23, r23
    3fb4:	cb 01       	movw	r24, r22
    3fb6:	97 f9       	bld	r25, 7
    3fb8:	08 95       	ret

00003fba <eeprom_read_byte>:
eeprom_read_byte():
    3fba:	f9 99       	sbic	0x1f, 1	; 31
    3fbc:	fe cf       	rjmp	.-4      	; 0x3fba <eeprom_read_byte>
    3fbe:	92 bd       	out	0x22, r25	; 34
    3fc0:	81 bd       	out	0x21, r24	; 33
    3fc2:	f8 9a       	sbi	0x1f, 0	; 31
    3fc4:	99 27       	eor	r25, r25
    3fc6:	80 b5       	in	r24, 0x20	; 32
    3fc8:	08 95       	ret

00003fca <eeprom_write_byte>:
eeprom_write_byte():
    3fca:	26 2f       	mov	r18, r22

00003fcc <eeprom_write_r18>:
    3fcc:	f9 99       	sbic	0x1f, 1	; 31
    3fce:	fe cf       	rjmp	.-4      	; 0x3fcc <eeprom_write_r18>
    3fd0:	1f ba       	out	0x1f, r1	; 31
    3fd2:	92 bd       	out	0x22, r25	; 34
    3fd4:	81 bd       	out	0x21, r24	; 33
    3fd6:	20 bd       	out	0x20, r18	; 32
    3fd8:	0f b6       	in	r0, 0x3f	; 63
    3fda:	f8 94       	cli
    3fdc:	fa 9a       	sbi	0x1f, 2	; 31
    3fde:	f9 9a       	sbi	0x1f, 1	; 31
    3fe0:	0f be       	out	0x3f, r0	; 63
    3fe2:	01 96       	adiw	r24, 0x01	; 1
    3fe4:	08 95       	ret

00003fe6 <__prologue_saves__>:
__prologue_saves__():
/home/jenkins/workspace/avr-gcc-staging/label/debian7-x86_64/gcc-build/avr/avr5/libgcc/../../../../gcc/libgcc/config/avr/lib1funcs.S:2169
    3fe6:	2f 92       	push	r2
/home/jenkins/workspace/avr-gcc-staging/label/debian7-x86_64/gcc-build/avr/avr5/libgcc/../../../../gcc/libgcc/config/avr/lib1funcs.S:2170
    3fe8:	3f 92       	push	r3
/home/jenkins/workspace/avr-gcc-staging/label/debian7-x86_64/gcc-build/avr/avr5/libgcc/../../../../gcc/libgcc/config/avr/lib1funcs.S:2171
    3fea:	4f 92       	push	r4
/home/jenkins/workspace/avr-gcc-staging/label/debian7-x86_64/gcc-build/avr/avr5/libgcc/../../../../gcc/libgcc/config/avr/lib1funcs.S:2172
    3fec:	5f 92       	push	r5
/home/jenkins/workspace/avr-gcc-staging/label/debian7-x86_64/gcc-build/avr/avr5/libgcc/../../../../gcc/libgcc/config/avr/lib1funcs.S:2173
    3fee:	6f 92       	push	r6
/home/jenkins/workspace/avr-gcc-staging/label/debian7-x86_64/gcc-build/avr/avr5/libgcc/../../../../gcc/libgcc/config/avr/lib1funcs.S:2174
    3ff0:	7f 92       	push	r7
/home/jenkins/workspace/avr-gcc-staging/label/debian7-x86_64/gcc-build/avr/avr5/libgcc/../../../../gcc/libgcc/config/avr/lib1funcs.S:2175
    3ff2:	8f 92       	push	r8
/home/jenkins/workspace/avr-gcc-staging/label/debian7-x86_64/gcc-build/avr/avr5/libgcc/../../../../gcc/libgcc/config/avr/lib1funcs.S:2176
    3ff4:	9f 92       	push	r9
/home/jenkins/workspace/avr-gcc-staging/label/debian7-x86_64/gcc-build/avr/avr5/libgcc/../../../../gcc/libgcc/config/avr/lib1funcs.S:2177
    3ff6:	af 92       	push	r10
/home/jenkins/workspace/avr-gcc-staging/label/debian7-x86_64/gcc-build/avr/avr5/libgcc/../../../../gcc/libgcc/config/avr/lib1funcs.S:2178
    3ff8:	bf 92       	push	r11
/home/jenkins/workspace/avr-gcc-staging/label/debian7-x86_64/gcc-build/avr/avr5/libgcc/../../../../gcc/libgcc/config/avr/lib1funcs.S:2179
    3ffa:	cf 92       	push	r12
/home/jenkins/workspace/avr-gcc-staging/label/debian7-x86_64/gcc-build/avr/avr5/libgcc/../../../../gcc/libgcc/config/avr/lib1funcs.S:2180
    3ffc:	df 92       	push	r13
/home/jenkins/workspace/avr-gcc-staging/label/debian7-x86_64/gcc-build/avr/avr5/libgcc/../../../../gcc/libgcc/config/avr/lib1funcs.S:2181
    3ffe:	ef 92       	push	r14
/home/jenkins/workspace/avr-gcc-staging/label/debian7-x86_64/gcc-build/avr/avr5/libgcc/../../../../gcc/libgcc/config/avr/lib1funcs.S:2182
    4000:	ff 92       	push	r15
/home/jenkins/workspace/avr-gcc-staging/label/debian7-x86_64/gcc-build/avr/avr5/libgcc/../../../../gcc/libgcc/config/avr/lib1funcs.S:2183
    4002:	0f 93       	push	r16
/home/jenkins/workspace/avr-gcc-staging/label/debian7-x86_64/gcc-build/avr/avr5/libgcc/../../../../gcc/libgcc/config/avr/lib1funcs.S:2184
    4004:	1f 93       	push	r17
/home/jenkins/workspace/avr-gcc-staging/label/debian7-x86_64/gcc-build/avr/avr5/libgcc/../../../../gcc/libgcc/config/avr/lib1funcs.S:2185
    4006:	cf 93       	push	r28
/home/jenkins/workspace/avr-gcc-staging/label/debian7-x86_64/gcc-build/avr/avr5/libgcc/../../../../gcc/libgcc/config/avr/lib1funcs.S:2186
    4008:	df 93       	push	r29
/home/jenkins/workspace/avr-gcc-staging/label/debian7-x86_64/gcc-build/avr/avr5/libgcc/../../../../gcc/libgcc/config/avr/lib1funcs.S:2200
    400a:	cd b7       	in	r28, 0x3d	; 61
/home/jenkins/workspace/avr-gcc-staging/label/debian7-x86_64/gcc-build/avr/avr5/libgcc/../../../../gcc/libgcc/config/avr/lib1funcs.S:2201
    400c:	de b7       	in	r29, 0x3e	; 62
/home/jenkins/workspace/avr-gcc-staging/label/debian7-x86_64/gcc-build/avr/avr5/libgcc/../../../../gcc/libgcc/config/avr/lib1funcs.S:2202
    400e:	ca 1b       	sub	r28, r26
/home/jenkins/workspace/avr-gcc-staging/label/debian7-x86_64/gcc-build/avr/avr5/libgcc/../../../../gcc/libgcc/config/avr/lib1funcs.S:2203
    4010:	db 0b       	sbc	r29, r27
/home/jenkins/workspace/avr-gcc-staging/label/debian7-x86_64/gcc-build/avr/avr5/libgcc/../../../../gcc/libgcc/config/avr/lib1funcs.S:2204
    4012:	0f b6       	in	r0, 0x3f	; 63
/home/jenkins/workspace/avr-gcc-staging/label/debian7-x86_64/gcc-build/avr/avr5/libgcc/../../../../gcc/libgcc/config/avr/lib1funcs.S:2205
    4014:	f8 94       	cli
/home/jenkins/workspace/avr-gcc-staging/label/debian7-x86_64/gcc-build/avr/avr5/libgcc/../../../../gcc/libgcc/config/avr/lib1funcs.S:2206
    4016:	de bf       	out	0x3e, r29	; 62
/home/jenkins/workspace/avr-gcc-staging/label/debian7-x86_64/gcc-build/avr/avr5/libgcc/../../../../gcc/libgcc/config/avr/lib1funcs.S:2207
    4018:	0f be       	out	0x3f, r0	; 63
/home/jenkins/workspace/avr-gcc-staging/label/debian7-x86_64/gcc-build/avr/avr5/libgcc/../../../../gcc/libgcc/config/avr/lib1funcs.S:2208
    401a:	cd bf       	out	0x3d, r28	; 61
/home/jenkins/workspace/avr-gcc-staging/label/debian7-x86_64/gcc-build/avr/avr5/libgcc/../../../../gcc/libgcc/config/avr/lib1funcs.S:2211
    401c:	09 94       	ijmp

0000401e <__epilogue_restores__>:
__epilogue_restores__():
/home/jenkins/workspace/avr-gcc-staging/label/debian7-x86_64/gcc-build/avr/avr5/libgcc/../../../../gcc/libgcc/config/avr/lib1funcs.S:2222
    401e:	2a 88       	ldd	r2, Y+18	; 0x12
/home/jenkins/workspace/avr-gcc-staging/label/debian7-x86_64/gcc-build/avr/avr5/libgcc/../../../../gcc/libgcc/config/avr/lib1funcs.S:2223
    4020:	39 88       	ldd	r3, Y+17	; 0x11
/home/jenkins/workspace/avr-gcc-staging/label/debian7-x86_64/gcc-build/avr/avr5/libgcc/../../../../gcc/libgcc/config/avr/lib1funcs.S:2224
    4022:	48 88       	ldd	r4, Y+16	; 0x10
/home/jenkins/workspace/avr-gcc-staging/label/debian7-x86_64/gcc-build/avr/avr5/libgcc/../../../../gcc/libgcc/config/avr/lib1funcs.S:2225
    4024:	5f 84       	ldd	r5, Y+15	; 0x0f
/home/jenkins/workspace/avr-gcc-staging/label/debian7-x86_64/gcc-build/avr/avr5/libgcc/../../../../gcc/libgcc/config/avr/lib1funcs.S:2226
    4026:	6e 84       	ldd	r6, Y+14	; 0x0e
/home/jenkins/workspace/avr-gcc-staging/label/debian7-x86_64/gcc-build/avr/avr5/libgcc/../../../../gcc/libgcc/config/avr/lib1funcs.S:2227
    4028:	7d 84       	ldd	r7, Y+13	; 0x0d
/home/jenkins/workspace/avr-gcc-staging/label/debian7-x86_64/gcc-build/avr/avr5/libgcc/../../../../gcc/libgcc/config/avr/lib1funcs.S:2228
    402a:	8c 84       	ldd	r8, Y+12	; 0x0c
/home/jenkins/workspace/avr-gcc-staging/label/debian7-x86_64/gcc-build/avr/avr5/libgcc/../../../../gcc/libgcc/config/avr/lib1funcs.S:2229
    402c:	9b 84       	ldd	r9, Y+11	; 0x0b
/home/jenkins/workspace/avr-gcc-staging/label/debian7-x86_64/gcc-build/avr/avr5/libgcc/../../../../gcc/libgcc/config/avr/lib1funcs.S:2230
    402e:	aa 84       	ldd	r10, Y+10	; 0x0a
/home/jenkins/workspace/avr-gcc-staging/label/debian7-x86_64/gcc-build/avr/avr5/libgcc/../../../../gcc/libgcc/config/avr/lib1funcs.S:2231
    4030:	b9 84       	ldd	r11, Y+9	; 0x09
/home/jenkins/workspace/avr-gcc-staging/label/debian7-x86_64/gcc-build/avr/avr5/libgcc/../../../../gcc/libgcc/config/avr/lib1funcs.S:2232
    4032:	c8 84       	ldd	r12, Y+8	; 0x08
/home/jenkins/workspace/avr-gcc-staging/label/debian7-x86_64/gcc-build/avr/avr5/libgcc/../../../../gcc/libgcc/config/avr/lib1funcs.S:2233
    4034:	df 80       	ldd	r13, Y+7	; 0x07
/home/jenkins/workspace/avr-gcc-staging/label/debian7-x86_64/gcc-build/avr/avr5/libgcc/../../../../gcc/libgcc/config/avr/lib1funcs.S:2234
    4036:	ee 80       	ldd	r14, Y+6	; 0x06
/home/jenkins/workspace/avr-gcc-staging/label/debian7-x86_64/gcc-build/avr/avr5/libgcc/../../../../gcc/libgcc/config/avr/lib1funcs.S:2235
    4038:	fd 80       	ldd	r15, Y+5	; 0x05
/home/jenkins/workspace/avr-gcc-staging/label/debian7-x86_64/gcc-build/avr/avr5/libgcc/../../../../gcc/libgcc/config/avr/lib1funcs.S:2236
    403a:	0c 81       	ldd	r16, Y+4	; 0x04
/home/jenkins/workspace/avr-gcc-staging/label/debian7-x86_64/gcc-build/avr/avr5/libgcc/../../../../gcc/libgcc/config/avr/lib1funcs.S:2237
    403c:	1b 81       	ldd	r17, Y+3	; 0x03
/home/jenkins/workspace/avr-gcc-staging/label/debian7-x86_64/gcc-build/avr/avr5/libgcc/../../../../gcc/libgcc/config/avr/lib1funcs.S:2238
    403e:	aa 81       	ldd	r26, Y+2	; 0x02
/home/jenkins/workspace/avr-gcc-staging/label/debian7-x86_64/gcc-build/avr/avr5/libgcc/../../../../gcc/libgcc/config/avr/lib1funcs.S:2252
    4040:	b9 81       	ldd	r27, Y+1	; 0x01
/home/jenkins/workspace/avr-gcc-staging/label/debian7-x86_64/gcc-build/avr/avr5/libgcc/../../../../gcc/libgcc/config/avr/lib1funcs.S:2253
    4042:	ce 0f       	add	r28, r30
/home/jenkins/workspace/avr-gcc-staging/label/debian7-x86_64/gcc-build/avr/avr5/libgcc/../../../../gcc/libgcc/config/avr/lib1funcs.S:2254
    4044:	d1 1d       	adc	r29, r1
/home/jenkins/workspace/avr-gcc-staging/label/debian7-x86_64/gcc-build/avr/avr5/libgcc/../../../../gcc/libgcc/config/avr/lib1funcs.S:2255
    4046:	0f b6       	in	r0, 0x3f	; 63
/home/jenkins/workspace/avr-gcc-staging/label/debian7-x86_64/gcc-build/avr/avr5/libgcc/../../../../gcc/libgcc/config/avr/lib1funcs.S:2256
    4048:	f8 94       	cli
/home/jenkins/workspace/avr-gcc-staging/label/debian7-x86_64/gcc-build/avr/avr5/libgcc/../../../../gcc/libgcc/config/avr/lib1funcs.S:2257
    404a:	de bf       	out	0x3e, r29	; 62
/home/jenkins/workspace/avr-gcc-staging/label/debian7-x86_64/gcc-build/avr/avr5/libgcc/../../../../gcc/libgcc/config/avr/lib1funcs.S:2258
    404c:	0f be       	out	0x3f, r0	; 63
/home/jenkins/workspace/avr-gcc-staging/label/debian7-x86_64/gcc-build/avr/avr5/libgcc/../../../../gcc/libgcc/config/avr/lib1funcs.S:2259
    404e:	cd bf       	out	0x3d, r28	; 61
/home/jenkins/workspace/avr-gcc-staging/label/debian7-x86_64/gcc-build/avr/avr5/libgcc/../../../../gcc/libgcc/config/avr/lib1funcs.S:2260
    4050:	ed 01       	movw	r28, r26
/home/jenkins/workspace/avr-gcc-staging/label/debian7-x86_64/gcc-build/avr/avr5/libgcc/../../../../gcc/libgcc/config/avr/lib1funcs.S:2263
    4052:	08 95       	ret

00004054 <__divsf3>:
__divsf3():
    4054:	0e 94 3e 20 	call	0x407c	; 0x407c <__divsf3x>
    4058:	0c 94 a3 1f 	jmp	0x3f46	; 0x3f46 <__fp_round>
    405c:	0e 94 9c 1f 	call	0x3f38	; 0x3f38 <__fp_pscB>
    4060:	58 f0       	brcs	.+22     	; 0x4078 <__divsf3+0x24>
    4062:	0e 94 95 1f 	call	0x3f2a	; 0x3f2a <__fp_pscA>
    4066:	40 f0       	brcs	.+16     	; 0x4078 <__divsf3+0x24>
    4068:	29 f4       	brne	.+10     	; 0x4074 <__divsf3+0x20>
    406a:	5f 3f       	cpi	r21, 0xFF	; 255
    406c:	29 f0       	breq	.+10     	; 0x4078 <__divsf3+0x24>
    406e:	0c 94 8c 1f 	jmp	0x3f18	; 0x3f18 <__fp_inf>
    4072:	51 11       	cpse	r21, r1
    4074:	0c 94 d7 1f 	jmp	0x3fae	; 0x3fae <__fp_szero>
    4078:	0c 94 92 1f 	jmp	0x3f24	; 0x3f24 <__fp_nan>

0000407c <__divsf3x>:
__divsf3x():
    407c:	0e 94 b4 1f 	call	0x3f68	; 0x3f68 <__fp_split3>
    4080:	68 f3       	brcs	.-38     	; 0x405c <__divsf3+0x8>

00004082 <__divsf3_pse>:
    4082:	99 23       	and	r25, r25
    4084:	b1 f3       	breq	.-20     	; 0x4072 <__divsf3+0x1e>
    4086:	55 23       	and	r21, r21
    4088:	91 f3       	breq	.-28     	; 0x406e <__divsf3+0x1a>
    408a:	95 1b       	sub	r25, r21
    408c:	55 0b       	sbc	r21, r21
    408e:	bb 27       	eor	r27, r27
    4090:	aa 27       	eor	r26, r26
    4092:	62 17       	cp	r22, r18
    4094:	73 07       	cpc	r23, r19
    4096:	84 07       	cpc	r24, r20
    4098:	38 f0       	brcs	.+14     	; 0x40a8 <__divsf3_pse+0x26>
    409a:	9f 5f       	subi	r25, 0xFF	; 255
    409c:	5f 4f       	sbci	r21, 0xFF	; 255
    409e:	22 0f       	add	r18, r18
    40a0:	33 1f       	adc	r19, r19
    40a2:	44 1f       	adc	r20, r20
    40a4:	aa 1f       	adc	r26, r26
    40a6:	a9 f3       	breq	.-22     	; 0x4092 <__divsf3_pse+0x10>
    40a8:	35 d0       	rcall	.+106    	; 0x4114 <__divsf3_pse+0x92>
    40aa:	0e 2e       	mov	r0, r30
    40ac:	3a f0       	brmi	.+14     	; 0x40bc <__divsf3_pse+0x3a>
    40ae:	e0 e8       	ldi	r30, 0x80	; 128
    40b0:	32 d0       	rcall	.+100    	; 0x4116 <__divsf3_pse+0x94>
    40b2:	91 50       	subi	r25, 0x01	; 1
    40b4:	50 40       	sbci	r21, 0x00	; 0
    40b6:	e6 95       	lsr	r30
    40b8:	00 1c       	adc	r0, r0
    40ba:	ca f7       	brpl	.-14     	; 0x40ae <__divsf3_pse+0x2c>
    40bc:	2b d0       	rcall	.+86     	; 0x4114 <__divsf3_pse+0x92>
    40be:	fe 2f       	mov	r31, r30
    40c0:	29 d0       	rcall	.+82     	; 0x4114 <__divsf3_pse+0x92>
    40c2:	66 0f       	add	r22, r22
    40c4:	77 1f       	adc	r23, r23
    40c6:	88 1f       	adc	r24, r24
    40c8:	bb 1f       	adc	r27, r27
    40ca:	26 17       	cp	r18, r22
    40cc:	37 07       	cpc	r19, r23
    40ce:	48 07       	cpc	r20, r24
    40d0:	ab 07       	cpc	r26, r27
    40d2:	b0 e8       	ldi	r27, 0x80	; 128
    40d4:	09 f0       	breq	.+2      	; 0x40d8 <__divsf3_pse+0x56>
    40d6:	bb 0b       	sbc	r27, r27
    40d8:	80 2d       	mov	r24, r0
    40da:	bf 01       	movw	r22, r30
    40dc:	ff 27       	eor	r31, r31
    40de:	93 58       	subi	r25, 0x83	; 131
    40e0:	5f 4f       	sbci	r21, 0xFF	; 255
    40e2:	3a f0       	brmi	.+14     	; 0x40f2 <__divsf3_pse+0x70>
    40e4:	9e 3f       	cpi	r25, 0xFE	; 254
    40e6:	51 05       	cpc	r21, r1
    40e8:	78 f0       	brcs	.+30     	; 0x4108 <__divsf3_pse+0x86>
    40ea:	0c 94 8c 1f 	jmp	0x3f18	; 0x3f18 <__fp_inf>
    40ee:	0c 94 d7 1f 	jmp	0x3fae	; 0x3fae <__fp_szero>
    40f2:	5f 3f       	cpi	r21, 0xFF	; 255
    40f4:	e4 f3       	brlt	.-8      	; 0x40ee <__divsf3_pse+0x6c>
    40f6:	98 3e       	cpi	r25, 0xE8	; 232
    40f8:	d4 f3       	brlt	.-12     	; 0x40ee <__divsf3_pse+0x6c>
    40fa:	86 95       	lsr	r24
    40fc:	77 95       	ror	r23
    40fe:	67 95       	ror	r22
    4100:	b7 95       	ror	r27
    4102:	f7 95       	ror	r31
    4104:	9f 5f       	subi	r25, 0xFF	; 255
    4106:	c9 f7       	brne	.-14     	; 0x40fa <__divsf3_pse+0x78>
    4108:	88 0f       	add	r24, r24
    410a:	91 1d       	adc	r25, r1
    410c:	96 95       	lsr	r25
    410e:	87 95       	ror	r24
    4110:	97 f9       	bld	r25, 7
    4112:	08 95       	ret
    4114:	e1 e0       	ldi	r30, 0x01	; 1
    4116:	66 0f       	add	r22, r22
    4118:	77 1f       	adc	r23, r23
    411a:	88 1f       	adc	r24, r24
    411c:	bb 1f       	adc	r27, r27
    411e:	62 17       	cp	r22, r18
    4120:	73 07       	cpc	r23, r19
    4122:	84 07       	cpc	r24, r20
    4124:	ba 07       	cpc	r27, r26
    4126:	20 f0       	brcs	.+8      	; 0x4130 <__divsf3_pse+0xae>
    4128:	62 1b       	sub	r22, r18
    412a:	73 0b       	sbc	r23, r19
    412c:	84 0b       	sbc	r24, r20
    412e:	ba 0b       	sbc	r27, r26
    4130:	ee 1f       	adc	r30, r30
    4132:	88 f7       	brcc	.-30     	; 0x4116 <__divsf3_pse+0x94>
    4134:	e0 95       	com	r30
    4136:	08 95       	ret

00004138 <__fixsfsi>:
    4138:	0e 94 a3 20 	call	0x4146	; 0x4146 <__fixunssfsi>
    413c:	68 94       	set
    413e:	b1 11       	cpse	r27, r1
    4140:	0c 94 d7 1f 	jmp	0x3fae	; 0x3fae <__fp_szero>
    4144:	08 95       	ret

00004146 <__fixunssfsi>:
    4146:	0e 94 bc 1f 	call	0x3f78	; 0x3f78 <__fp_splitA>
    414a:	88 f0       	brcs	.+34     	; 0x416e <__fixunssfsi+0x28>
    414c:	9f 57       	subi	r25, 0x7F	; 127
    414e:	98 f0       	brcs	.+38     	; 0x4176 <__fixunssfsi+0x30>
    4150:	b9 2f       	mov	r27, r25
    4152:	99 27       	eor	r25, r25
    4154:	b7 51       	subi	r27, 0x17	; 23
    4156:	b0 f0       	brcs	.+44     	; 0x4184 <__fixunssfsi+0x3e>
__fixunssfsi():
    4158:	e1 f0       	breq	.+56     	; 0x4192 <__fixunssfsi+0x4c>
    415a:	66 0f       	add	r22, r22
    415c:	77 1f       	adc	r23, r23
    415e:	88 1f       	adc	r24, r24
    4160:	99 1f       	adc	r25, r25
    4162:	1a f0       	brmi	.+6      	; 0x416a <__fixunssfsi+0x24>
    4164:	ba 95       	dec	r27
    4166:	c9 f7       	brne	.-14     	; 0x415a <__fixunssfsi+0x14>
    4168:	14 c0       	rjmp	.+40     	; 0x4192 <__fixunssfsi+0x4c>
    416a:	b1 30       	cpi	r27, 0x01	; 1
    416c:	91 f0       	breq	.+36     	; 0x4192 <__fixunssfsi+0x4c>
    416e:	0e 94 d6 1f 	call	0x3fac	; 0x3fac <__fp_zero>
    4172:	b1 e0       	ldi	r27, 0x01	; 1
    4174:	08 95       	ret
    4176:	0c 94 d6 1f 	jmp	0x3fac	; 0x3fac <__fp_zero>
    417a:	67 2f       	mov	r22, r23
    417c:	78 2f       	mov	r23, r24
    417e:	88 27       	eor	r24, r24
    4180:	b8 5f       	subi	r27, 0xF8	; 248
    4182:	39 f0       	breq	.+14     	; 0x4192 <__fixunssfsi+0x4c>
    4184:	b9 3f       	cpi	r27, 0xF9	; 249
    4186:	cc f3       	brlt	.-14     	; 0x417a <__fixunssfsi+0x34>
    4188:	86 95       	lsr	r24
    418a:	77 95       	ror	r23
    418c:	67 95       	ror	r22
    418e:	b3 95       	inc	r27
    4190:	d9 f7       	brne	.-10     	; 0x4188 <__fixunssfsi+0x42>
    4192:	3e f4       	brtc	.+14     	; 0x41a2 <__fixunssfsi+0x5c>
    4194:	90 95       	com	r25
    4196:	80 95       	com	r24
    4198:	70 95       	com	r23
    419a:	61 95       	neg	r22
    419c:	7f 4f       	sbci	r23, 0xFF	; 255
    419e:	8f 4f       	sbci	r24, 0xFF	; 255
    41a0:	9f 4f       	sbci	r25, 0xFF	; 255
    41a2:	08 95       	ret

000041a4 <__divmodhi4>:
__divmodhi4():
/home/jenkins/workspace/avr-gcc-staging/label/debian7-x86_64/gcc-build/avr/avr5/libgcc/../../../../gcc/libgcc/config/avr/lib1funcs.S:1440
    41a4:	97 fb       	bst	r25, 7
/home/jenkins/workspace/avr-gcc-staging/label/debian7-x86_64/gcc-build/avr/avr5/libgcc/../../../../gcc/libgcc/config/avr/lib1funcs.S:1441
    41a6:	07 2e       	mov	r0, r23
/home/jenkins/workspace/avr-gcc-staging/label/debian7-x86_64/gcc-build/avr/avr5/libgcc/../../../../gcc/libgcc/config/avr/lib1funcs.S:1442
    41a8:	16 f4       	brtc	.+4      	; 0x41ae <__divmodhi4+0xa>
/home/jenkins/workspace/avr-gcc-staging/label/debian7-x86_64/gcc-build/avr/avr5/libgcc/../../../../gcc/libgcc/config/avr/lib1funcs.S:1443
    41aa:	00 94       	com	r0
/home/jenkins/workspace/avr-gcc-staging/label/debian7-x86_64/gcc-build/avr/avr5/libgcc/../../../../gcc/libgcc/config/avr/lib1funcs.S:1444
    41ac:	07 d0       	rcall	.+14     	; 0x41bc <__divmodhi4_neg1>
/home/jenkins/workspace/avr-gcc-staging/label/debian7-x86_64/gcc-build/avr/avr5/libgcc/../../../../gcc/libgcc/config/avr/lib1funcs.S:1446
    41ae:	77 fd       	sbrc	r23, 7
/home/jenkins/workspace/avr-gcc-staging/label/debian7-x86_64/gcc-build/avr/avr5/libgcc/../../../../gcc/libgcc/config/avr/lib1funcs.S:1447
    41b0:	09 d0       	rcall	.+18     	; 0x41c4 <__divmodhi4_neg2>
/home/jenkins/workspace/avr-gcc-staging/label/debian7-x86_64/gcc-build/avr/avr5/libgcc/../../../../gcc/libgcc/config/avr/lib1funcs.S:1448
    41b2:	0e 94 0e 21 	call	0x421c	; 0x421c <__udivmodhi4>
/home/jenkins/workspace/avr-gcc-staging/label/debian7-x86_64/gcc-build/avr/avr5/libgcc/../../../../gcc/libgcc/config/avr/lib1funcs.S:1449
    41b6:	07 fc       	sbrc	r0, 7
/home/jenkins/workspace/avr-gcc-staging/label/debian7-x86_64/gcc-build/avr/avr5/libgcc/../../../../gcc/libgcc/config/avr/lib1funcs.S:1450
    41b8:	05 d0       	rcall	.+10     	; 0x41c4 <__divmodhi4_neg2>
/home/jenkins/workspace/avr-gcc-staging/label/debian7-x86_64/gcc-build/avr/avr5/libgcc/../../../../gcc/libgcc/config/avr/lib1funcs.S:1451
    41ba:	3e f4       	brtc	.+14     	; 0x41ca <__divmodhi4_exit>

000041bc <__divmodhi4_neg1>:
/home/jenkins/workspace/avr-gcc-staging/label/debian7-x86_64/gcc-build/avr/avr5/libgcc/../../../../gcc/libgcc/config/avr/lib1funcs.S:1454
    41bc:	90 95       	com	r25
/home/jenkins/workspace/avr-gcc-staging/label/debian7-x86_64/gcc-build/avr/avr5/libgcc/../../../../gcc/libgcc/config/avr/lib1funcs.S:1455
    41be:	81 95       	neg	r24
/home/jenkins/workspace/avr-gcc-staging/label/debian7-x86_64/gcc-build/avr/avr5/libgcc/../../../../gcc/libgcc/config/avr/lib1funcs.S:1456
    41c0:	9f 4f       	sbci	r25, 0xFF	; 255
/home/jenkins/workspace/avr-gcc-staging/label/debian7-x86_64/gcc-build/avr/avr5/libgcc/../../../../gcc/libgcc/config/avr/lib1funcs.S:1457
    41c2:	08 95       	ret

000041c4 <__divmodhi4_neg2>:
/home/jenkins/workspace/avr-gcc-staging/label/debian7-x86_64/gcc-build/avr/avr5/libgcc/../../../../gcc/libgcc/config/avr/lib1funcs.S:1460
    41c4:	70 95       	com	r23
/home/jenkins/workspace/avr-gcc-staging/label/debian7-x86_64/gcc-build/avr/avr5/libgcc/../../../../gcc/libgcc/config/avr/lib1funcs.S:1461
    41c6:	61 95       	neg	r22
/home/jenkins/workspace/avr-gcc-staging/label/debian7-x86_64/gcc-build/avr/avr5/libgcc/../../../../gcc/libgcc/config/avr/lib1funcs.S:1462
    41c8:	7f 4f       	sbci	r23, 0xFF	; 255

000041ca <__divmodhi4_exit>:
/home/jenkins/workspace/avr-gcc-staging/label/debian7-x86_64/gcc-build/avr/avr5/libgcc/../../../../gcc/libgcc/config/avr/lib1funcs.S:1464
    41ca:	08 95       	ret

000041cc <__udivmodsi4>:
__udivmodsi4():
/home/jenkins/workspace/avr-gcc-staging/label/debian7-x86_64/gcc-build/avr/avr5/libgcc/../../../../gcc/libgcc/config/avr/lib1funcs.S:1638
    41cc:	a1 e2       	ldi	r26, 0x21	; 33
/home/jenkins/workspace/avr-gcc-staging/label/debian7-x86_64/gcc-build/avr/avr5/libgcc/../../../../gcc/libgcc/config/avr/lib1funcs.S:1639
    41ce:	1a 2e       	mov	r1, r26
/home/jenkins/workspace/avr-gcc-staging/label/debian7-x86_64/gcc-build/avr/avr5/libgcc/../../../../gcc/libgcc/config/avr/lib1funcs.S:1640
    41d0:	aa 1b       	sub	r26, r26
/home/jenkins/workspace/avr-gcc-staging/label/debian7-x86_64/gcc-build/avr/avr5/libgcc/../../../../gcc/libgcc/config/avr/lib1funcs.S:1641
    41d2:	bb 1b       	sub	r27, r27
/home/jenkins/workspace/avr-gcc-staging/label/debian7-x86_64/gcc-build/avr/avr5/libgcc/../../../../gcc/libgcc/config/avr/lib1funcs.S:1642
    41d4:	fd 01       	movw	r30, r26
/home/jenkins/workspace/avr-gcc-staging/label/debian7-x86_64/gcc-build/avr/avr5/libgcc/../../../../gcc/libgcc/config/avr/lib1funcs.S:1644
    41d6:	0d c0       	rjmp	.+26     	; 0x41f2 <__udivmodsi4_ep>

000041d8 <__udivmodsi4_loop>:
/home/jenkins/workspace/avr-gcc-staging/label/debian7-x86_64/gcc-build/avr/avr5/libgcc/../../../../gcc/libgcc/config/avr/lib1funcs.S:1646
    41d8:	aa 1f       	adc	r26, r26
/home/jenkins/workspace/avr-gcc-staging/label/debian7-x86_64/gcc-build/avr/avr5/libgcc/../../../../gcc/libgcc/config/avr/lib1funcs.S:1647
    41da:	bb 1f       	adc	r27, r27
/home/jenkins/workspace/avr-gcc-staging/label/debian7-x86_64/gcc-build/avr/avr5/libgcc/../../../../gcc/libgcc/config/avr/lib1funcs.S:1648
    41dc:	ee 1f       	adc	r30, r30
/home/jenkins/workspace/avr-gcc-staging/label/debian7-x86_64/gcc-build/avr/avr5/libgcc/../../../../gcc/libgcc/config/avr/lib1funcs.S:1649
    41de:	ff 1f       	adc	r31, r31
/home/jenkins/workspace/avr-gcc-staging/label/debian7-x86_64/gcc-build/avr/avr5/libgcc/../../../../gcc/libgcc/config/avr/lib1funcs.S:1650
    41e0:	a2 17       	cp	r26, r18
/home/jenkins/workspace/avr-gcc-staging/label/debian7-x86_64/gcc-build/avr/avr5/libgcc/../../../../gcc/libgcc/config/avr/lib1funcs.S:1651
    41e2:	b3 07       	cpc	r27, r19
/home/jenkins/workspace/avr-gcc-staging/label/debian7-x86_64/gcc-build/avr/avr5/libgcc/../../../../gcc/libgcc/config/avr/lib1funcs.S:1652
    41e4:	e4 07       	cpc	r30, r20
/home/jenkins/workspace/avr-gcc-staging/label/debian7-x86_64/gcc-build/avr/avr5/libgcc/../../../../gcc/libgcc/config/avr/lib1funcs.S:1653
    41e6:	f5 07       	cpc	r31, r21
/home/jenkins/workspace/avr-gcc-staging/label/debian7-x86_64/gcc-build/avr/avr5/libgcc/../../../../gcc/libgcc/config/avr/lib1funcs.S:1654
    41e8:	20 f0       	brcs	.+8      	; 0x41f2 <__udivmodsi4_ep>
/home/jenkins/workspace/avr-gcc-staging/label/debian7-x86_64/gcc-build/avr/avr5/libgcc/../../../../gcc/libgcc/config/avr/lib1funcs.S:1655
    41ea:	a2 1b       	sub	r26, r18
/home/jenkins/workspace/avr-gcc-staging/label/debian7-x86_64/gcc-build/avr/avr5/libgcc/../../../../gcc/libgcc/config/avr/lib1funcs.S:1656
    41ec:	b3 0b       	sbc	r27, r19
/home/jenkins/workspace/avr-gcc-staging/label/debian7-x86_64/gcc-build/avr/avr5/libgcc/../../../../gcc/libgcc/config/avr/lib1funcs.S:1657
    41ee:	e4 0b       	sbc	r30, r20
/home/jenkins/workspace/avr-gcc-staging/label/debian7-x86_64/gcc-build/avr/avr5/libgcc/../../../../gcc/libgcc/config/avr/lib1funcs.S:1658
    41f0:	f5 0b       	sbc	r31, r21

000041f2 <__udivmodsi4_ep>:
/home/jenkins/workspace/avr-gcc-staging/label/debian7-x86_64/gcc-build/avr/avr5/libgcc/../../../../gcc/libgcc/config/avr/lib1funcs.S:1660
    41f2:	66 1f       	adc	r22, r22
/home/jenkins/workspace/avr-gcc-staging/label/debian7-x86_64/gcc-build/avr/avr5/libgcc/../../../../gcc/libgcc/config/avr/lib1funcs.S:1661
    41f4:	77 1f       	adc	r23, r23
/home/jenkins/workspace/avr-gcc-staging/label/debian7-x86_64/gcc-build/avr/avr5/libgcc/../../../../gcc/libgcc/config/avr/lib1funcs.S:1662
    41f6:	88 1f       	adc	r24, r24
/home/jenkins/workspace/avr-gcc-staging/label/debian7-x86_64/gcc-build/avr/avr5/libgcc/../../../../gcc/libgcc/config/avr/lib1funcs.S:1663
    41f8:	99 1f       	adc	r25, r25
/home/jenkins/workspace/avr-gcc-staging/label/debian7-x86_64/gcc-build/avr/avr5/libgcc/../../../../gcc/libgcc/config/avr/lib1funcs.S:1664
    41fa:	1a 94       	dec	r1
/home/jenkins/workspace/avr-gcc-staging/label/debian7-x86_64/gcc-build/avr/avr5/libgcc/../../../../gcc/libgcc/config/avr/lib1funcs.S:1665
    41fc:	69 f7       	brne	.-38     	; 0x41d8 <__udivmodsi4_loop>
/home/jenkins/workspace/avr-gcc-staging/label/debian7-x86_64/gcc-build/avr/avr5/libgcc/../../../../gcc/libgcc/config/avr/lib1funcs.S:1667
    41fe:	60 95       	com	r22
/home/jenkins/workspace/avr-gcc-staging/label/debian7-x86_64/gcc-build/avr/avr5/libgcc/../../../../gcc/libgcc/config/avr/lib1funcs.S:1668
    4200:	70 95       	com	r23
/home/jenkins/workspace/avr-gcc-staging/label/debian7-x86_64/gcc-build/avr/avr5/libgcc/../../../../gcc/libgcc/config/avr/lib1funcs.S:1669
    4202:	80 95       	com	r24
/home/jenkins/workspace/avr-gcc-staging/label/debian7-x86_64/gcc-build/avr/avr5/libgcc/../../../../gcc/libgcc/config/avr/lib1funcs.S:1670
    4204:	90 95       	com	r25
/home/jenkins/workspace/avr-gcc-staging/label/debian7-x86_64/gcc-build/avr/avr5/libgcc/../../../../gcc/libgcc/config/avr/lib1funcs.S:1672
    4206:	9b 01       	movw	r18, r22
/home/jenkins/workspace/avr-gcc-staging/label/debian7-x86_64/gcc-build/avr/avr5/libgcc/../../../../gcc/libgcc/config/avr/lib1funcs.S:1674
    4208:	ac 01       	movw	r20, r24
/home/jenkins/workspace/avr-gcc-staging/label/debian7-x86_64/gcc-build/avr/avr5/libgcc/../../../../gcc/libgcc/config/avr/lib1funcs.S:1676
    420a:	bd 01       	movw	r22, r26
/home/jenkins/workspace/avr-gcc-staging/label/debian7-x86_64/gcc-build/avr/avr5/libgcc/../../../../gcc/libgcc/config/avr/lib1funcs.S:1678
    420c:	cf 01       	movw	r24, r30
/home/jenkins/workspace/avr-gcc-staging/label/debian7-x86_64/gcc-build/avr/avr5/libgcc/../../../../gcc/libgcc/config/avr/lib1funcs.S:1680
    420e:	08 95       	ret

00004210 <__tablejump2__>:
__tablejump2__():
/home/jenkins/workspace/avr-gcc-staging/label/debian7-x86_64/gcc-build/avr/avr5/libgcc/../../../../gcc/libgcc/config/avr/lib1funcs.S:2296
    4210:	ee 0f       	add	r30, r30
/home/jenkins/workspace/avr-gcc-staging/label/debian7-x86_64/gcc-build/avr/avr5/libgcc/../../../../gcc/libgcc/config/avr/lib1funcs.S:2297
    4212:	ff 1f       	adc	r31, r31
/home/jenkins/workspace/avr-gcc-staging/label/debian7-x86_64/gcc-build/avr/avr5/libgcc/../../../../gcc/libgcc/config/avr/lib1funcs.S:2328
    4214:	05 90       	lpm	r0, Z+
/home/jenkins/workspace/avr-gcc-staging/label/debian7-x86_64/gcc-build/avr/avr5/libgcc/../../../../gcc/libgcc/config/avr/lib1funcs.S:2329
    4216:	f4 91       	lpm	r31, Z
/home/jenkins/workspace/avr-gcc-staging/label/debian7-x86_64/gcc-build/avr/avr5/libgcc/../../../../gcc/libgcc/config/avr/lib1funcs.S:2330
    4218:	e0 2d       	mov	r30, r0
/home/jenkins/workspace/avr-gcc-staging/label/debian7-x86_64/gcc-build/avr/avr5/libgcc/../../../../gcc/libgcc/config/avr/lib1funcs.S:2331
    421a:	09 94       	ijmp

0000421c <__udivmodhi4>:
__udivmodhi4():
/home/jenkins/workspace/avr-gcc-staging/label/debian7-x86_64/gcc-build/avr/avr5/libgcc/../../../../gcc/libgcc/config/avr/lib1funcs.S:1408
    421c:	aa 1b       	sub	r26, r26
/home/jenkins/workspace/avr-gcc-staging/label/debian7-x86_64/gcc-build/avr/avr5/libgcc/../../../../gcc/libgcc/config/avr/lib1funcs.S:1409
    421e:	bb 1b       	sub	r27, r27
/home/jenkins/workspace/avr-gcc-staging/label/debian7-x86_64/gcc-build/avr/avr5/libgcc/../../../../gcc/libgcc/config/avr/lib1funcs.S:1410
    4220:	51 e1       	ldi	r21, 0x11	; 17
/home/jenkins/workspace/avr-gcc-staging/label/debian7-x86_64/gcc-build/avr/avr5/libgcc/../../../../gcc/libgcc/config/avr/lib1funcs.S:1411
    4222:	07 c0       	rjmp	.+14     	; 0x4232 <__udivmodhi4_ep>

00004224 <__udivmodhi4_loop>:
/home/jenkins/workspace/avr-gcc-staging/label/debian7-x86_64/gcc-build/avr/avr5/libgcc/../../../../gcc/libgcc/config/avr/lib1funcs.S:1413
    4224:	aa 1f       	adc	r26, r26
/home/jenkins/workspace/avr-gcc-staging/label/debian7-x86_64/gcc-build/avr/avr5/libgcc/../../../../gcc/libgcc/config/avr/lib1funcs.S:1414
    4226:	bb 1f       	adc	r27, r27
/home/jenkins/workspace/avr-gcc-staging/label/debian7-x86_64/gcc-build/avr/avr5/libgcc/../../../../gcc/libgcc/config/avr/lib1funcs.S:1415
    4228:	a6 17       	cp	r26, r22
/home/jenkins/workspace/avr-gcc-staging/label/debian7-x86_64/gcc-build/avr/avr5/libgcc/../../../../gcc/libgcc/config/avr/lib1funcs.S:1416
    422a:	b7 07       	cpc	r27, r23
/home/jenkins/workspace/avr-gcc-staging/label/debian7-x86_64/gcc-build/avr/avr5/libgcc/../../../../gcc/libgcc/config/avr/lib1funcs.S:1417
    422c:	10 f0       	brcs	.+4      	; 0x4232 <__udivmodhi4_ep>
/home/jenkins/workspace/avr-gcc-staging/label/debian7-x86_64/gcc-build/avr/avr5/libgcc/../../../../gcc/libgcc/config/avr/lib1funcs.S:1418
    422e:	a6 1b       	sub	r26, r22
/home/jenkins/workspace/avr-gcc-staging/label/debian7-x86_64/gcc-build/avr/avr5/libgcc/../../../../gcc/libgcc/config/avr/lib1funcs.S:1419
    4230:	b7 0b       	sbc	r27, r23

00004232 <__udivmodhi4_ep>:
/home/jenkins/workspace/avr-gcc-staging/label/debian7-x86_64/gcc-build/avr/avr5/libgcc/../../../../gcc/libgcc/config/avr/lib1funcs.S:1421
    4232:	88 1f       	adc	r24, r24
/home/jenkins/workspace/avr-gcc-staging/label/debian7-x86_64/gcc-build/avr/avr5/libgcc/../../../../gcc/libgcc/config/avr/lib1funcs.S:1422
    4234:	99 1f       	adc	r25, r25
/home/jenkins/workspace/avr-gcc-staging/label/debian7-x86_64/gcc-build/avr/avr5/libgcc/../../../../gcc/libgcc/config/avr/lib1funcs.S:1423
    4236:	5a 95       	dec	r21
/home/jenkins/workspace/avr-gcc-staging/label/debian7-x86_64/gcc-build/avr/avr5/libgcc/../../../../gcc/libgcc/config/avr/lib1funcs.S:1424
    4238:	a9 f7       	brne	.-22     	; 0x4224 <__udivmodhi4_loop>
/home/jenkins/workspace/avr-gcc-staging/label/debian7-x86_64/gcc-build/avr/avr5/libgcc/../../../../gcc/libgcc/config/avr/lib1funcs.S:1425
    423a:	80 95       	com	r24
/home/jenkins/workspace/avr-gcc-staging/label/debian7-x86_64/gcc-build/avr/avr5/libgcc/../../../../gcc/libgcc/config/avr/lib1funcs.S:1426
    423c:	90 95       	com	r25
/home/jenkins/workspace/avr-gcc-staging/label/debian7-x86_64/gcc-build/avr/avr5/libgcc/../../../../gcc/libgcc/config/avr/lib1funcs.S:1428
    423e:	bc 01       	movw	r22, r24
/home/jenkins/workspace/avr-gcc-staging/label/debian7-x86_64/gcc-build/avr/avr5/libgcc/../../../../gcc/libgcc/config/avr/lib1funcs.S:1430
    4240:	cd 01       	movw	r24, r26
/home/jenkins/workspace/avr-gcc-staging/label/debian7-x86_64/gcc-build/avr/avr5/libgcc/../../../../gcc/libgcc/config/avr/lib1funcs.S:1432
    4242:	08 95       	ret

00004244 <malloc>:
malloc():
    4244:	0f 93       	push	r16
    4246:	1f 93       	push	r17
    4248:	cf 93       	push	r28
    424a:	df 93       	push	r29
    424c:	82 30       	cpi	r24, 0x02	; 2
    424e:	91 05       	cpc	r25, r1
    4250:	10 f4       	brcc	.+4      	; 0x4256 <malloc+0x12>
    4252:	82 e0       	ldi	r24, 0x02	; 2
    4254:	90 e0       	ldi	r25, 0x00	; 0
    4256:	e0 91 22 07 	lds	r30, 0x0722	; 0x800722 <__flp>
    425a:	f0 91 23 07 	lds	r31, 0x0723	; 0x800723 <__flp+0x1>
    425e:	30 e0       	ldi	r19, 0x00	; 0
    4260:	20 e0       	ldi	r18, 0x00	; 0
    4262:	b0 e0       	ldi	r27, 0x00	; 0
    4264:	a0 e0       	ldi	r26, 0x00	; 0
    4266:	30 97       	sbiw	r30, 0x00	; 0
    4268:	99 f4       	brne	.+38     	; 0x4290 <malloc+0x4c>
    426a:	21 15       	cp	r18, r1
    426c:	31 05       	cpc	r19, r1
    426e:	09 f4       	brne	.+2      	; 0x4272 <malloc+0x2e>
    4270:	4a c0       	rjmp	.+148    	; 0x4306 <malloc+0xc2>
    4272:	28 1b       	sub	r18, r24
    4274:	39 0b       	sbc	r19, r25
    4276:	24 30       	cpi	r18, 0x04	; 4
    4278:	31 05       	cpc	r19, r1
    427a:	d8 f5       	brcc	.+118    	; 0x42f2 <malloc+0xae>
    427c:	8a 81       	ldd	r24, Y+2	; 0x02
    427e:	9b 81       	ldd	r25, Y+3	; 0x03
    4280:	61 15       	cp	r22, r1
    4282:	71 05       	cpc	r23, r1
    4284:	89 f1       	breq	.+98     	; 0x42e8 <malloc+0xa4>
    4286:	fb 01       	movw	r30, r22
    4288:	93 83       	std	Z+3, r25	; 0x03
    428a:	82 83       	std	Z+2, r24	; 0x02
    428c:	fe 01       	movw	r30, r28
    428e:	11 c0       	rjmp	.+34     	; 0x42b2 <malloc+0x6e>
    4290:	40 81       	ld	r20, Z
    4292:	51 81       	ldd	r21, Z+1	; 0x01
    4294:	02 81       	ldd	r16, Z+2	; 0x02
    4296:	13 81       	ldd	r17, Z+3	; 0x03
    4298:	48 17       	cp	r20, r24
    429a:	59 07       	cpc	r21, r25
    429c:	e0 f0       	brcs	.+56     	; 0x42d6 <malloc+0x92>
    429e:	48 17       	cp	r20, r24
    42a0:	59 07       	cpc	r21, r25
    42a2:	99 f4       	brne	.+38     	; 0x42ca <malloc+0x86>
    42a4:	10 97       	sbiw	r26, 0x00	; 0
    42a6:	61 f0       	breq	.+24     	; 0x42c0 <malloc+0x7c>
    42a8:	12 96       	adiw	r26, 0x02	; 2
    42aa:	0c 93       	st	X, r16
    42ac:	12 97       	sbiw	r26, 0x02	; 2
    42ae:	13 96       	adiw	r26, 0x03	; 3
    42b0:	1c 93       	st	X, r17
    42b2:	32 96       	adiw	r30, 0x02	; 2
    42b4:	cf 01       	movw	r24, r30
    42b6:	df 91       	pop	r29
    42b8:	cf 91       	pop	r28
    42ba:	1f 91       	pop	r17
    42bc:	0f 91       	pop	r16
    42be:	08 95       	ret
    42c0:	00 93 22 07 	sts	0x0722, r16	; 0x800722 <__flp>
    42c4:	10 93 23 07 	sts	0x0723, r17	; 0x800723 <__flp+0x1>
    42c8:	f4 cf       	rjmp	.-24     	; 0x42b2 <malloc+0x6e>
    42ca:	21 15       	cp	r18, r1
    42cc:	31 05       	cpc	r19, r1
    42ce:	51 f0       	breq	.+20     	; 0x42e4 <malloc+0xa0>
    42d0:	42 17       	cp	r20, r18
    42d2:	53 07       	cpc	r21, r19
    42d4:	38 f0       	brcs	.+14     	; 0x42e4 <malloc+0xa0>
    42d6:	a9 01       	movw	r20, r18
    42d8:	db 01       	movw	r26, r22
    42da:	9a 01       	movw	r18, r20
    42dc:	bd 01       	movw	r22, r26
    42de:	df 01       	movw	r26, r30
    42e0:	f8 01       	movw	r30, r16
    42e2:	c1 cf       	rjmp	.-126    	; 0x4266 <malloc+0x22>
    42e4:	ef 01       	movw	r28, r30
    42e6:	f9 cf       	rjmp	.-14     	; 0x42da <malloc+0x96>
    42e8:	90 93 23 07 	sts	0x0723, r25	; 0x800723 <__flp+0x1>
    42ec:	80 93 22 07 	sts	0x0722, r24	; 0x800722 <__flp>
    42f0:	cd cf       	rjmp	.-102    	; 0x428c <malloc+0x48>
    42f2:	fe 01       	movw	r30, r28
    42f4:	e2 0f       	add	r30, r18
    42f6:	f3 1f       	adc	r31, r19
    42f8:	81 93       	st	Z+, r24
    42fa:	91 93       	st	Z+, r25
    42fc:	22 50       	subi	r18, 0x02	; 2
    42fe:	31 09       	sbc	r19, r1
    4300:	39 83       	std	Y+1, r19	; 0x01
    4302:	28 83       	st	Y, r18
    4304:	d7 cf       	rjmp	.-82     	; 0x42b4 <malloc+0x70>
    4306:	20 91 20 07 	lds	r18, 0x0720	; 0x800720 <__brkval>
    430a:	30 91 21 07 	lds	r19, 0x0721	; 0x800721 <__brkval+0x1>
    430e:	23 2b       	or	r18, r19
    4310:	41 f4       	brne	.+16     	; 0x4322 <malloc+0xde>
    4312:	20 91 1d 01 	lds	r18, 0x011D	; 0x80011d <__malloc_heap_start>
    4316:	30 91 1e 01 	lds	r19, 0x011E	; 0x80011e <__malloc_heap_start+0x1>
    431a:	30 93 21 07 	sts	0x0721, r19	; 0x800721 <__brkval+0x1>
    431e:	20 93 20 07 	sts	0x0720, r18	; 0x800720 <__brkval>
    4322:	20 91 1b 01 	lds	r18, 0x011B	; 0x80011b <__malloc_heap_end>
    4326:	30 91 1c 01 	lds	r19, 0x011C	; 0x80011c <__malloc_heap_end+0x1>
    432a:	21 15       	cp	r18, r1
    432c:	31 05       	cpc	r19, r1
    432e:	41 f4       	brne	.+16     	; 0x4340 <malloc+0xfc>
    4330:	2d b7       	in	r18, 0x3d	; 61
    4332:	3e b7       	in	r19, 0x3e	; 62
    4334:	40 91 1f 01 	lds	r20, 0x011F	; 0x80011f <__malloc_margin>
    4338:	50 91 20 01 	lds	r21, 0x0120	; 0x800120 <__malloc_margin+0x1>
    433c:	24 1b       	sub	r18, r20
    433e:	35 0b       	sbc	r19, r21
    4340:	e0 91 20 07 	lds	r30, 0x0720	; 0x800720 <__brkval>
    4344:	f0 91 21 07 	lds	r31, 0x0721	; 0x800721 <__brkval+0x1>
    4348:	e2 17       	cp	r30, r18
    434a:	f3 07       	cpc	r31, r19
    434c:	a0 f4       	brcc	.+40     	; 0x4376 <malloc+0x132>
    434e:	2e 1b       	sub	r18, r30
    4350:	3f 0b       	sbc	r19, r31
    4352:	28 17       	cp	r18, r24
    4354:	39 07       	cpc	r19, r25
    4356:	78 f0       	brcs	.+30     	; 0x4376 <malloc+0x132>
    4358:	ac 01       	movw	r20, r24
    435a:	4e 5f       	subi	r20, 0xFE	; 254
    435c:	5f 4f       	sbci	r21, 0xFF	; 255
    435e:	24 17       	cp	r18, r20
    4360:	35 07       	cpc	r19, r21
    4362:	48 f0       	brcs	.+18     	; 0x4376 <malloc+0x132>
    4364:	4e 0f       	add	r20, r30
    4366:	5f 1f       	adc	r21, r31
    4368:	50 93 21 07 	sts	0x0721, r21	; 0x800721 <__brkval+0x1>
    436c:	40 93 20 07 	sts	0x0720, r20	; 0x800720 <__brkval>
    4370:	81 93       	st	Z+, r24
    4372:	91 93       	st	Z+, r25
    4374:	9f cf       	rjmp	.-194    	; 0x42b4 <malloc+0x70>
    4376:	f0 e0       	ldi	r31, 0x00	; 0
    4378:	e0 e0       	ldi	r30, 0x00	; 0
    437a:	9c cf       	rjmp	.-200    	; 0x42b4 <malloc+0x70>

0000437c <free>:
free():
    437c:	cf 93       	push	r28
    437e:	df 93       	push	r29
    4380:	00 97       	sbiw	r24, 0x00	; 0
    4382:	e9 f0       	breq	.+58     	; 0x43be <free+0x42>
    4384:	fc 01       	movw	r30, r24
    4386:	32 97       	sbiw	r30, 0x02	; 2
    4388:	13 82       	std	Z+3, r1	; 0x03
    438a:	12 82       	std	Z+2, r1	; 0x02
    438c:	a0 91 22 07 	lds	r26, 0x0722	; 0x800722 <__flp>
    4390:	b0 91 23 07 	lds	r27, 0x0723	; 0x800723 <__flp+0x1>
    4394:	ed 01       	movw	r28, r26
    4396:	30 e0       	ldi	r19, 0x00	; 0
    4398:	20 e0       	ldi	r18, 0x00	; 0
    439a:	10 97       	sbiw	r26, 0x00	; 0
    439c:	a1 f4       	brne	.+40     	; 0x43c6 <free+0x4a>
    439e:	20 81       	ld	r18, Z
    43a0:	31 81       	ldd	r19, Z+1	; 0x01
    43a2:	82 0f       	add	r24, r18
    43a4:	93 1f       	adc	r25, r19
    43a6:	20 91 20 07 	lds	r18, 0x0720	; 0x800720 <__brkval>
    43aa:	30 91 21 07 	lds	r19, 0x0721	; 0x800721 <__brkval+0x1>
    43ae:	28 17       	cp	r18, r24
    43b0:	39 07       	cpc	r19, r25
    43b2:	09 f0       	breq	.+2      	; 0x43b6 <free+0x3a>
    43b4:	61 c0       	rjmp	.+194    	; 0x4478 <free+0xfc>
    43b6:	f0 93 21 07 	sts	0x0721, r31	; 0x800721 <__brkval+0x1>
    43ba:	e0 93 20 07 	sts	0x0720, r30	; 0x800720 <__brkval>
    43be:	df 91       	pop	r29
    43c0:	cf 91       	pop	r28
    43c2:	08 95       	ret
    43c4:	ea 01       	movw	r28, r20
    43c6:	ce 17       	cp	r28, r30
    43c8:	df 07       	cpc	r29, r31
    43ca:	e8 f5       	brcc	.+122    	; 0x4446 <free+0xca>
    43cc:	4a 81       	ldd	r20, Y+2	; 0x02
    43ce:	5b 81       	ldd	r21, Y+3	; 0x03
    43d0:	9e 01       	movw	r18, r28
    43d2:	41 15       	cp	r20, r1
    43d4:	51 05       	cpc	r21, r1
    43d6:	b1 f7       	brne	.-20     	; 0x43c4 <free+0x48>
    43d8:	e9 01       	movw	r28, r18
    43da:	fb 83       	std	Y+3, r31	; 0x03
    43dc:	ea 83       	std	Y+2, r30	; 0x02
    43de:	49 91       	ld	r20, Y+
    43e0:	59 91       	ld	r21, Y+
    43e2:	c4 0f       	add	r28, r20
    43e4:	d5 1f       	adc	r29, r21
    43e6:	ec 17       	cp	r30, r28
    43e8:	fd 07       	cpc	r31, r29
    43ea:	61 f4       	brne	.+24     	; 0x4404 <free+0x88>
    43ec:	80 81       	ld	r24, Z
    43ee:	91 81       	ldd	r25, Z+1	; 0x01
    43f0:	02 96       	adiw	r24, 0x02	; 2
    43f2:	84 0f       	add	r24, r20
    43f4:	95 1f       	adc	r25, r21
    43f6:	e9 01       	movw	r28, r18
    43f8:	99 83       	std	Y+1, r25	; 0x01
    43fa:	88 83       	st	Y, r24
    43fc:	82 81       	ldd	r24, Z+2	; 0x02
    43fe:	93 81       	ldd	r25, Z+3	; 0x03
    4400:	9b 83       	std	Y+3, r25	; 0x03
    4402:	8a 83       	std	Y+2, r24	; 0x02
    4404:	f0 e0       	ldi	r31, 0x00	; 0
    4406:	e0 e0       	ldi	r30, 0x00	; 0
    4408:	12 96       	adiw	r26, 0x02	; 2
    440a:	8d 91       	ld	r24, X+
    440c:	9c 91       	ld	r25, X
    440e:	13 97       	sbiw	r26, 0x03	; 3
    4410:	00 97       	sbiw	r24, 0x00	; 0
    4412:	b9 f5       	brne	.+110    	; 0x4482 <free+0x106>
    4414:	2d 91       	ld	r18, X+
    4416:	3c 91       	ld	r19, X
    4418:	11 97       	sbiw	r26, 0x01	; 1
    441a:	cd 01       	movw	r24, r26
    441c:	02 96       	adiw	r24, 0x02	; 2
    441e:	82 0f       	add	r24, r18
    4420:	93 1f       	adc	r25, r19
    4422:	20 91 20 07 	lds	r18, 0x0720	; 0x800720 <__brkval>
    4426:	30 91 21 07 	lds	r19, 0x0721	; 0x800721 <__brkval+0x1>
    442a:	28 17       	cp	r18, r24
    442c:	39 07       	cpc	r19, r25
    442e:	39 f6       	brne	.-114    	; 0x43be <free+0x42>
    4430:	30 97       	sbiw	r30, 0x00	; 0
    4432:	51 f5       	brne	.+84     	; 0x4488 <free+0x10c>
    4434:	10 92 23 07 	sts	0x0723, r1	; 0x800723 <__flp+0x1>
    4438:	10 92 22 07 	sts	0x0722, r1	; 0x800722 <__flp>
    443c:	b0 93 21 07 	sts	0x0721, r27	; 0x800721 <__brkval+0x1>
    4440:	a0 93 20 07 	sts	0x0720, r26	; 0x800720 <__brkval>
    4444:	bc cf       	rjmp	.-136    	; 0x43be <free+0x42>
    4446:	d3 83       	std	Z+3, r29	; 0x03
    4448:	c2 83       	std	Z+2, r28	; 0x02
    444a:	40 81       	ld	r20, Z
    444c:	51 81       	ldd	r21, Z+1	; 0x01
    444e:	84 0f       	add	r24, r20
    4450:	95 1f       	adc	r25, r21
    4452:	c8 17       	cp	r28, r24
    4454:	d9 07       	cpc	r29, r25
    4456:	61 f4       	brne	.+24     	; 0x4470 <free+0xf4>
    4458:	4e 5f       	subi	r20, 0xFE	; 254
    445a:	5f 4f       	sbci	r21, 0xFF	; 255
    445c:	88 81       	ld	r24, Y
    445e:	99 81       	ldd	r25, Y+1	; 0x01
    4460:	48 0f       	add	r20, r24
    4462:	59 1f       	adc	r21, r25
    4464:	51 83       	std	Z+1, r21	; 0x01
    4466:	40 83       	st	Z, r20
    4468:	8a 81       	ldd	r24, Y+2	; 0x02
    446a:	9b 81       	ldd	r25, Y+3	; 0x03
    446c:	93 83       	std	Z+3, r25	; 0x03
    446e:	82 83       	std	Z+2, r24	; 0x02
    4470:	21 15       	cp	r18, r1
    4472:	31 05       	cpc	r19, r1
    4474:	09 f0       	breq	.+2      	; 0x4478 <free+0xfc>
    4476:	b0 cf       	rjmp	.-160    	; 0x43d8 <free+0x5c>
    4478:	f0 93 23 07 	sts	0x0723, r31	; 0x800723 <__flp+0x1>
    447c:	e0 93 22 07 	sts	0x0722, r30	; 0x800722 <__flp>
    4480:	9e cf       	rjmp	.-196    	; 0x43be <free+0x42>
    4482:	fd 01       	movw	r30, r26
    4484:	dc 01       	movw	r26, r24
    4486:	c0 cf       	rjmp	.-128    	; 0x4408 <free+0x8c>
    4488:	13 82       	std	Z+3, r1	; 0x03
    448a:	12 82       	std	Z+2, r1	; 0x02
    448c:	d7 cf       	rjmp	.-82     	; 0x443c <free+0xc0>

0000448e <realloc>:
realloc():
    448e:	b0 e0       	ldi	r27, 0x00	; 0
    4490:	a0 e0       	ldi	r26, 0x00	; 0
    4492:	ed e4       	ldi	r30, 0x4D	; 77
    4494:	f2 e2       	ldi	r31, 0x22	; 34
    4496:	0c 94 f5 1f 	jmp	0x3fea	; 0x3fea <__prologue_saves__+0x4>
    449a:	8c 01       	movw	r16, r24
    449c:	00 97       	sbiw	r24, 0x00	; 0
    449e:	51 f4       	brne	.+20     	; 0x44b4 <realloc+0x26>
    44a0:	cb 01       	movw	r24, r22
    44a2:	0e 94 22 21 	call	0x4244	; 0x4244 <malloc>
    44a6:	8c 01       	movw	r16, r24
    44a8:	c8 01       	movw	r24, r16
    44aa:	cd b7       	in	r28, 0x3d	; 61
    44ac:	de b7       	in	r29, 0x3e	; 62
    44ae:	e0 e1       	ldi	r30, 0x10	; 16
    44b0:	0c 94 11 20 	jmp	0x4022	; 0x4022 <__epilogue_restores__+0x4>
    44b4:	fc 01       	movw	r30, r24
    44b6:	e6 0f       	add	r30, r22
    44b8:	f7 1f       	adc	r31, r23
    44ba:	9c 01       	movw	r18, r24
    44bc:	22 50       	subi	r18, 0x02	; 2
    44be:	31 09       	sbc	r19, r1
    44c0:	e2 17       	cp	r30, r18
    44c2:	f3 07       	cpc	r31, r19
    44c4:	08 f4       	brcc	.+2      	; 0x44c8 <realloc+0x3a>
    44c6:	9d c0       	rjmp	.+314    	; 0x4602 <realloc+0x174>
    44c8:	d9 01       	movw	r26, r18
    44ca:	cd 91       	ld	r28, X+
    44cc:	dc 91       	ld	r29, X
    44ce:	11 97       	sbiw	r26, 0x01	; 1
    44d0:	c6 17       	cp	r28, r22
    44d2:	d7 07       	cpc	r29, r23
    44d4:	98 f0       	brcs	.+38     	; 0x44fc <realloc+0x6e>
    44d6:	c5 30       	cpi	r28, 0x05	; 5
    44d8:	d1 05       	cpc	r29, r1
    44da:	30 f3       	brcs	.-52     	; 0x44a8 <realloc+0x1a>
    44dc:	ce 01       	movw	r24, r28
    44de:	04 97       	sbiw	r24, 0x04	; 4
    44e0:	86 17       	cp	r24, r22
    44e2:	97 07       	cpc	r25, r23
    44e4:	08 f3       	brcs	.-62     	; 0x44a8 <realloc+0x1a>
    44e6:	c6 1b       	sub	r28, r22
    44e8:	d7 0b       	sbc	r29, r23
    44ea:	22 97       	sbiw	r28, 0x02	; 2
    44ec:	c1 93       	st	Z+, r28
    44ee:	d1 93       	st	Z+, r29
    44f0:	6d 93       	st	X+, r22
    44f2:	7c 93       	st	X, r23
    44f4:	cf 01       	movw	r24, r30
    44f6:	0e 94 be 21 	call	0x437c	; 0x437c <free>
    44fa:	d6 cf       	rjmp	.-84     	; 0x44a8 <realloc+0x1a>
    44fc:	5b 01       	movw	r10, r22
    44fe:	ac 1a       	sub	r10, r28
    4500:	bd 0a       	sbc	r11, r29
    4502:	4c 01       	movw	r8, r24
    4504:	8c 0e       	add	r8, r28
    4506:	9d 1e       	adc	r9, r29
    4508:	a0 91 22 07 	lds	r26, 0x0722	; 0x800722 <__flp>
    450c:	b0 91 23 07 	lds	r27, 0x0723	; 0x800723 <__flp+0x1>
    4510:	51 2c       	mov	r5, r1
    4512:	41 2c       	mov	r4, r1
    4514:	f1 2c       	mov	r15, r1
    4516:	e1 2c       	mov	r14, r1
    4518:	10 97       	sbiw	r26, 0x00	; 0
    451a:	31 f5       	brne	.+76     	; 0x4568 <realloc+0xda>
    451c:	80 91 20 07 	lds	r24, 0x0720	; 0x800720 <__brkval>
    4520:	90 91 21 07 	lds	r25, 0x0721	; 0x800721 <__brkval+0x1>
    4524:	88 15       	cp	r24, r8
    4526:	99 05       	cpc	r25, r9
    4528:	09 f0       	breq	.+2      	; 0x452c <realloc+0x9e>
    452a:	5c c0       	rjmp	.+184    	; 0x45e4 <realloc+0x156>
    452c:	46 16       	cp	r4, r22
    452e:	57 06       	cpc	r5, r23
    4530:	08 f0       	brcs	.+2      	; 0x4534 <realloc+0xa6>
    4532:	58 c0       	rjmp	.+176    	; 0x45e4 <realloc+0x156>
    4534:	80 91 1b 01 	lds	r24, 0x011B	; 0x80011b <__malloc_heap_end>
    4538:	90 91 1c 01 	lds	r25, 0x011C	; 0x80011c <__malloc_heap_end+0x1>
    453c:	00 97       	sbiw	r24, 0x00	; 0
    453e:	41 f4       	brne	.+16     	; 0x4550 <realloc+0xc2>
    4540:	8d b7       	in	r24, 0x3d	; 61
    4542:	9e b7       	in	r25, 0x3e	; 62
    4544:	40 91 1f 01 	lds	r20, 0x011F	; 0x80011f <__malloc_margin>
    4548:	50 91 20 01 	lds	r21, 0x0120	; 0x800120 <__malloc_margin+0x1>
    454c:	84 1b       	sub	r24, r20
    454e:	95 0b       	sbc	r25, r21
    4550:	e8 17       	cp	r30, r24
    4552:	f9 07       	cpc	r31, r25
    4554:	08 f0       	brcs	.+2      	; 0x4558 <realloc+0xca>
    4556:	55 c0       	rjmp	.+170    	; 0x4602 <realloc+0x174>
    4558:	f0 93 21 07 	sts	0x0721, r31	; 0x800721 <__brkval+0x1>
    455c:	e0 93 20 07 	sts	0x0720, r30	; 0x800720 <__brkval>
    4560:	f9 01       	movw	r30, r18
    4562:	71 83       	std	Z+1, r23	; 0x01
    4564:	60 83       	st	Z, r22
    4566:	a0 cf       	rjmp	.-192    	; 0x44a8 <realloc+0x1a>
    4568:	8d 91       	ld	r24, X+
    456a:	9c 91       	ld	r25, X
    456c:	11 97       	sbiw	r26, 0x01	; 1
    456e:	12 96       	adiw	r26, 0x02	; 2
    4570:	6c 90       	ld	r6, X
    4572:	12 97       	sbiw	r26, 0x02	; 2
    4574:	13 96       	adiw	r26, 0x03	; 3
    4576:	7c 90       	ld	r7, X
    4578:	13 97       	sbiw	r26, 0x03	; 3
    457a:	a8 15       	cp	r26, r8
    457c:	b9 05       	cpc	r27, r9
    457e:	59 f5       	brne	.+86     	; 0x45d6 <realloc+0x148>
    4580:	6c 01       	movw	r12, r24
    4582:	42 e0       	ldi	r20, 0x02	; 2
    4584:	c4 0e       	add	r12, r20
    4586:	d1 1c       	adc	r13, r1
    4588:	ca 14       	cp	r12, r10
    458a:	db 04       	cpc	r13, r11
    458c:	20 f1       	brcs	.+72     	; 0x45d6 <realloc+0x148>
    458e:	ac 01       	movw	r20, r24
    4590:	4a 19       	sub	r20, r10
    4592:	5b 09       	sbc	r21, r11
    4594:	da 01       	movw	r26, r20
    4596:	12 96       	adiw	r26, 0x02	; 2
    4598:	15 97       	sbiw	r26, 0x05	; 5
    459a:	80 f0       	brcs	.+32     	; 0x45bc <realloc+0x12e>
    459c:	62 82       	std	Z+2, r6	; 0x02
    459e:	73 82       	std	Z+3, r7	; 0x03
    45a0:	51 83       	std	Z+1, r21	; 0x01
    45a2:	40 83       	st	Z, r20
    45a4:	d9 01       	movw	r26, r18
    45a6:	6d 93       	st	X+, r22
    45a8:	7c 93       	st	X, r23
    45aa:	e1 14       	cp	r14, r1
    45ac:	f1 04       	cpc	r15, r1
    45ae:	71 f0       	breq	.+28     	; 0x45cc <realloc+0x13e>
    45b0:	d7 01       	movw	r26, r14
    45b2:	13 96       	adiw	r26, 0x03	; 3
    45b4:	fc 93       	st	X, r31
    45b6:	ee 93       	st	-X, r30
    45b8:	12 97       	sbiw	r26, 0x02	; 2
    45ba:	76 cf       	rjmp	.-276    	; 0x44a8 <realloc+0x1a>
    45bc:	22 96       	adiw	r28, 0x02	; 2
    45be:	8c 0f       	add	r24, r28
    45c0:	9d 1f       	adc	r25, r29
    45c2:	f9 01       	movw	r30, r18
    45c4:	91 83       	std	Z+1, r25	; 0x01
    45c6:	80 83       	st	Z, r24
    45c8:	f3 01       	movw	r30, r6
    45ca:	ef cf       	rjmp	.-34     	; 0x45aa <realloc+0x11c>
    45cc:	f0 93 23 07 	sts	0x0723, r31	; 0x800723 <__flp+0x1>
    45d0:	e0 93 22 07 	sts	0x0722, r30	; 0x800722 <__flp>
    45d4:	69 cf       	rjmp	.-302    	; 0x44a8 <realloc+0x1a>
    45d6:	48 16       	cp	r4, r24
    45d8:	59 06       	cpc	r5, r25
    45da:	08 f4       	brcc	.+2      	; 0x45de <realloc+0x150>
    45dc:	2c 01       	movw	r4, r24
    45de:	7d 01       	movw	r14, r26
    45e0:	d3 01       	movw	r26, r6
    45e2:	9a cf       	rjmp	.-204    	; 0x4518 <realloc+0x8a>
    45e4:	cb 01       	movw	r24, r22
    45e6:	0e 94 22 21 	call	0x4244	; 0x4244 <malloc>
    45ea:	7c 01       	movw	r14, r24
    45ec:	00 97       	sbiw	r24, 0x00	; 0
    45ee:	49 f0       	breq	.+18     	; 0x4602 <realloc+0x174>
    45f0:	ae 01       	movw	r20, r28
    45f2:	b8 01       	movw	r22, r16
    45f4:	0e 94 04 23 	call	0x4608	; 0x4608 <memcpy>
    45f8:	c8 01       	movw	r24, r16
    45fa:	0e 94 be 21 	call	0x437c	; 0x437c <free>
    45fe:	87 01       	movw	r16, r14
    4600:	53 cf       	rjmp	.-346    	; 0x44a8 <realloc+0x1a>
    4602:	10 e0       	ldi	r17, 0x00	; 0
    4604:	00 e0       	ldi	r16, 0x00	; 0
    4606:	50 cf       	rjmp	.-352    	; 0x44a8 <realloc+0x1a>

00004608 <memcpy>:
memcpy():
    4608:	fb 01       	movw	r30, r22
    460a:	dc 01       	movw	r26, r24
    460c:	02 c0       	rjmp	.+4      	; 0x4612 <memcpy+0xa>
    460e:	01 90       	ld	r0, Z+
    4610:	0d 92       	st	X+, r0
    4612:	41 50       	subi	r20, 0x01	; 1
    4614:	50 40       	sbci	r21, 0x00	; 0
    4616:	d8 f7       	brcc	.-10     	; 0x460e <memcpy+0x6>
    4618:	08 95       	ret

0000461a <strcpy>:
strcpy():
    461a:	fb 01       	movw	r30, r22
    461c:	dc 01       	movw	r26, r24
    461e:	01 90       	ld	r0, Z+
    4620:	0d 92       	st	X+, r0
    4622:	00 20       	and	r0, r0
    4624:	e1 f7       	brne	.-8      	; 0x461e <strcpy+0x4>
    4626:	08 95       	ret

00004628 <_exit>:
exit():
/home/jenkins/workspace/avr-gcc-staging/label/debian7-x86_64/gcc-build/avr/avr5/libgcc/../../../../gcc/libgcc/config/avr/lib1funcs.S:2278
    4628:	f8 94       	cli

0000462a <__stop_program>:
__stop_program():
/home/jenkins/workspace/avr-gcc-staging/label/debian7-x86_64/gcc-build/avr/avr5/libgcc/../../../../gcc/libgcc/config/avr/lib1funcs.S:2280
    462a:	ff cf       	rjmp	.-2      	; 0x462a <__stop_program>
